grid_lat,grid_lon,district_id,police_station_id,prior_7d_crime_count,prior_30d_crime_count,spatial_density_ratio,peak_hour_window_id,is_future_hotspot
12.22,76.56,15,1,0,0,0.0,0,0
12.22,76.57,15,1,0,0,0.0,2,0
12.22,76.58,15,1,0,1,2.917,3,0
12.22,76.59,15,1,0,0,0.0,0,0
12.22,76.6,15,1,0,0,0.0,1,0
12.22,76.61,15,1,0,0,0.0,2,0
12.22,76.62,15,1,0,0,0.0,0,0
12.22,76.64,15,1,0,0,0.0,0,0
12.22,76.67,15,1,0,0,0.0,3,0
12.22,76.68,15,1,0,0,0.0,0,0
12.22,76.69,15,1,0,0,0.0,3,0
12.22,76.7,15,1,0,0,0.0,3,1
12.22,76.72,15,1,0,0,0.0,0,0
12.23,76.56,15,1,0,0,0.0,1,0
12.23,76.57,15,1,0,0,0.0,0,0
12.23,76.58,15,1,0,0,0.0,1,0
12.23,76.59,15,1,0,0,0.0,1,0
12.23,76.6,15,1,0,0,0.0,0,0
12.23,76.62,15,1,0,0,0.0,1,0
12.23,76.63,15,1,0,0,0.0,1,0
12.23,76.64,15,1,0,0,0.0,0,0
12.23,76.65,15,1,0,0,0.0,0,0
12.23,76.66,15,1,0,0,0.0,0,0
12.23,76.67,15,1,0,0,0.0,0,1
12.23,76.68,15,1,0,0,0.0,0,1
12.23,76.69,15,1,0,0,0.0,2,0
12.23,76.7,15,1,0,0,0.0,0,0
12.23,76.71,15,1,1,1,2.917,0,0
12.23,76.72,15,1,0,0,0.0,2,1
12.24,76.56,15,1,0,0,0.0,0,0
12.24,76.57,15,1,0,0,0.0,1,1
12.24,76.58,15,1,0,0,0.0,0,0
12.24,76.59,15,1,0,0,0.0,0,0
12.24,76.6,15,1,0,0,0.0,0,0
12.24,76.61,15,1,0,0,0.0,3,0
12.24,76.63,15,1,0,0,0.0,0,0
12.24,76.64,15,1,0,0,0.0,0,0
12.24,76.66,15,1,0,0,0.0,0,0
12.24,76.67,15,1,0,0,0.0,2,0
12.24,76.69,15,1,1,1,2.917,0,0
12.24,76.7,15,1,0,0,0.0,2,0
12.24,76.71,15,1,0,0,0.0,2,0
12.25,76.56,15,1,0,0,0.0,2,1
12.25,76.57,15,1,0,0,0.0,0,0
12.25,76.59,15,1,0,0,0.0,3,0
12.25,76.6,15,1,0,1,2.917,0,0
12.25,76.61,15,1,0,0,0.0,0,0
12.25,76.62,15,1,0,0,0.0,0,0
12.25,76.63,15,1,0,0,0.0,1,0
12.25,76.64,15,1,0,0,0.0,1,0
12.25,76.65,15,1,0,0,0.0,3,0
12.25,76.66,15,1,0,0,0.0,0,1
12.25,76.67,15,1,0,0,0.0,0,0
12.25,76.68,15,1,0,1,2.917,1,0
12.25,76.69,15,1,0,0,0.0,0,0
12.25,76.7,15,1,0,0,0.0,1,0
12.25,76.71,15,1,0,0,0.0,0,0
12.26,76.56,15,1,0,0,0.0,0,0
12.26,76.58,15,1,0,0,0.0,2,0
12.26,76.59,15,1,1,1,2.917,1,0
12.26,76.6,15,1,0,0,0.0,0,0
12.26,76.61,15,1,0,0,0.0,0,1
12.26,76.62,15,1,0,0,0.0,0,0
12.26,76.63,15,1,0,0,0.0,1,1
12.26,76.64,15,1,0,0,0.0,1,0
12.26,76.65,15,1,0,0,0.0,0,0
12.26,76.66,15,1,0,0,0.0,0,0
12.26,76.67,15,1,0,0,0.0,1,0
12.26,76.69,15,1,0,0,0.0,0,1
12.26,76.7,15,1,0,0,0.0,0,1
12.26,76.71,15,1,0,0,0.0,0,0
12.26,76.72,15,1,0,0,0.0,0,0
12.27,76.56,15,1,0,0,0.0,0,0
12.27,76.57,15,1,0,0,0.0,1,0
12.27,76.58,15,1,0,0,0.0,0,0
12.27,76.59,15,1,0,0,0.0,0,0
12.27,76.6,15,1,0,0,0.0,1,0
12.27,76.61,15,1,0,0,0.0,0,0
12.27,76.62,15,1,0,0,0.0,0,0
12.27,76.63,15,1,0,0,0.0,0,1
12.27,76.64,15,1,0,0,0.0,0,0
12.27,76.65,15,1,0,0,0.0,0,0
12.27,76.66,15,1,0,0,0.0,1,0
12.27,76.67,15,1,0,1,2.917,0,0
12.27,76.68,15,1,0,0,0.0,0,1
12.27,76.69,15,1,0,0,0.0,0,1
12.27,76.7,15,1,0,0,0.0,1,0
12.27,76.71,15,1,0,0,0.0,0,0
12.28,76.57,15,1,0,0,0.0,2,0
12.28,76.58,15,1,0,0,0.0,0,0
12.28,76.59,15,1,0,0,0.0,0,0
12.28,76.6,15,1,0,0,0.0,0,0
12.28,76.61,15,1,0,0,0.0,0,0
12.28,76.62,15,1,0,0,0.0,0,0
12.28,76.64,15,1,0,0,0.0,1,0
12.28,76.66,15,1,0,0,0.0,3,0
12.28,76.67,15,1,0,1,2.917,0,0
12.28,76.68,15,1,0,0,0.0,0,1
12.28,76.69,15,1,0,0,0.0,0,0
12.28,76.71,15,1,0,0,0.0,2,0
12.28,76.72,15,1,0,0,0.0,3,1
12.29,76.57,15,1,0,0,0.0,3,0
12.29,76.58,15,1,0,0,0.0,2,0
12.29,76.59,15,1,0,0,0.0,2,0
12.29,76.6,15,1,0,0,0.0,2,0
12.29,76.62,15,1,0,0,0.0,0,0
12.29,76.63,15,1,0,0,0.0,2,0
12.29,76.64,15,1,0,0,0.0,0,0
12.29,76.65,15,1,0,0,0.0,0,0
12.29,76.66,15,1,0,0,0.0,0,1
12.29,76.67,15,1,0,0,0.0,2,0
12.29,76.68,15,1,0,0,0.0,1,0
12.29,76.69,15,1,0,0,0.0,0,0
12.29,76.7,15,1,0,0,0.0,1,0
12.29,76.71,15,1,0,0,0.0,3,0
12.29,76.72,15,1,0,0,0.0,0,0
12.31,76.56,15,1,0,0,0.0,1,0
12.31,76.57,15,1,0,0,0.0,2,0
12.31,76.58,15,1,0,0,0.0,2,0
12.31,76.59,15,1,0,0,0.0,0,0
12.31,76.6,15,1,0,0,0.0,0,0
12.31,76.61,15,1,0,0,0.0,1,0
12.31,76.62,15,1,0,0,0.0,0,0
12.31,76.63,15,1,0,0,0.0,2,0
12.31,76.64,15,1,0,0,0.0,0,0
12.31,76.65,15,1,0,0,0.0,0,1
12.31,76.66,15,1,0,0,0.0,0,0
12.31,76.67,15,1,0,0,0.0,0,0
12.31,76.68,15,1,0,0,0.0,0,0
12.31,76.69,15,1,0,0,0.0,0,1
12.31,76.7,15,1,0,0,0.0,0,1
12.31,76.71,15,1,0,0,0.0,0,0
12.31,76.72,15,1,0,0,0.0,2,0
12.32,76.56,15,1,0,0,0.0,3,0
12.32,76.58,15,1,0,0,0.0,3,1
12.32,76.59,15,1,0,0,0.0,0,0
12.32,76.6,15,1,0,0,0.0,0,0
12.32,76.61,15,1,0,0,0.0,0,0
12.32,76.62,15,1,0,0,0.0,0,0
12.32,76.63,15,1,0,0,0.0,2,0
12.32,76.65,15,1,0,0,0.0,0,0
12.32,76.66,15,1,0,0,0.0,0,0
12.32,76.67,15,1,0,0,0.0,0,0
12.32,76.68,15,1,0,0,0.0,1,0
12.32,76.69,15,1,0,0,0.0,1,1
12.32,76.7,15,1,0,0,0.0,2,0
12.32,76.71,15,1,0,0,0.0,0,0
12.32,76.72,15,1,0,0,0.0,2,0
12.33,76.56,15,1,0,0,0.0,0,0
12.33,76.57,15,1,0,0,0.0,0,0
12.33,76.58,15,1,0,0,0.0,3,0
12.33,76.59,15,1,0,0,0.0,1,0
12.33,76.6,15,1,0,0,0.0,1,0
12.33,76.61,15,1,0,0,0.0,3,0
12.33,76.62,15,1,0,0,0.0,0,0
12.33,76.63,15,1,0,0,0.0,1,0
12.33,76.64,15,1,0,0,0.0,0,0
12.33,76.65,15,1,0,0,0.0,1,0
12.33,76.68,15,1,0,0,0.0,0,0
12.33,76.69,15,1,0,0,0.0,1,0
12.33,76.71,15,1,0,0,0.0,0,0
12.34,76.56,15,1,0,0,0.0,0,0
12.34,76.57,15,1,0,0,0.0,3,0
12.34,76.58,15,1,0,0,0.0,1,0
12.34,76.59,15,1,0,0,0.0,3,0
12.34,76.6,15,1,0,0,0.0,1,0
12.34,76.61,15,1,0,0,0.0,2,0
12.34,76.62,15,1,0,0,0.0,0,0
12.34,76.63,15,1,0,0,0.0,2,0
12.34,76.64,15,1,0,0,0.0,1,0
12.34,76.65,15,1,0,0,0.0,1,1
12.34,76.66,15,1,0,1,2.917,0,1
12.34,76.67,15,1,0,0,0.0,2,0
12.34,76.68,15,1,0,0,0.0,0,0
12.34,76.69,15,1,0,0,0.0,0,0
12.34,76.7,15,1,0,0,0.0,3,0
12.34,76.71,15,1,0,0,0.0,0,0
12.35,76.57,15,1,0,0,0.0,2,0
12.35,76.58,15,1,0,0,0.0,0,0
12.35,76.59,15,1,0,0,0.0,3,0
12.35,76.6,15,1,0,0,0.0,0,0
12.35,76.61,15,1,0,0,0.0,1,0
12.35,76.62,15,1,0,0,0.0,0,0
12.35,76.63,15,1,0,0,0.0,2,1
12.35,76.64,15,1,0,0,0.0,1,0
12.35,76.65,15,1,0,0,0.0,1,0
12.35,76.66,15,1,0,0,0.0,0,0
12.35,76.67,15,1,0,0,0.0,2,1
12.35,76.68,15,1,0,0,0.0,0,0
12.35,76.69,15,1,0,0,0.0,0,0
12.35,76.7,15,1,0,0,0.0,1,0
12.35,76.71,15,1,0,0,0.0,0,0
12.36,76.56,15,1,0,0,0.0,3,0
12.36,76.57,15,1,0,0,0.0,2,0
12.36,76.58,15,1,0,0,0.0,1,0
12.36,76.59,15,1,0,0,0.0,1,0
12.36,76.6,15,1,0,0,0.0,1,1
12.36,76.61,15,1,0,0,0.0,2,0
12.36,76.62,15,1,0,0,0.0,2,0
12.36,76.63,15,1,0,0,0.0,0,0
12.36,76.64,15,1,0,0,0.0,0,0
12.36,76.65,15,1,0,0,0.0,0,0
12.36,76.66,15,1,0,0,0.0,1,0
12.36,76.67,15,1,1,1,2.917,3,0
12.36,76.68,15,1,0,0,0.0,0,0
12.36,76.69,15,1,0,0,0.0,1,0
12.36,76.7,15,1,0,1,2.917,0,0
12.36,76.71,15,1,0,0,0.0,0,0
12.36,76.72,15,1,0,0,0.0,2,0
12.37,76.56,15,1,0,0,0.0,2,0
12.37,76.57,15,1,0,0,0.0,0,0
12.37,76.58,15,1,0,0,0.0,0,0
12.37,76.59,15,1,0,0,0.0,1,0
12.37,76.6,15,1,0,0,0.0,3,1
12.37,76.61,15,1,0,0,0.0,0,0
12.37,76.62,15,1,0,0,0.0,0,1
12.37,76.63,15,1,0,0,0.0,1,0
12.37,76.65,15,1,0,0,0.0,0,1
12.37,76.66,15,1,0,0,0.0,0,0
12.37,76.67,15,1,0,0,0.0,0,0
12.37,76.68,15,1,0,0,0.0,0,0
12.37,76.69,15,1,0,0,0.0,3,0
12.37,76.7,15,1,1,1,2.917,0,0
12.37,76.71,15,1,0,0,0.0,0,0
12.37,76.72,15,1,0,0,0.0,0,0
12.38,76.6,15,1,0,0,0.0,3,0
12.38,76.62,15,1,0,0,0.0,3,0
12.3,76.56,15,1,0,0,0.0,0,0
12.3,76.57,15,1,0,0,0.0,0,0
12.3,76.58,15,1,0,0,0.0,0,0
12.3,76.59,15,1,0,0,0.0,0,0
12.3,76.6,15,1,0,0,0.0,0,1
12.3,76.61,15,1,0,0,0.0,0,0
12.3,76.62,15,1,0,0,0.0,0,0
12.3,76.63,15,1,0,0,0.0,0,0
12.3,76.64,15,1,0,0,0.0,2,0
12.3,76.66,15,1,0,0,0.0,1,0
12.3,76.67,15,1,0,0,0.0,1,0
12.3,76.69,15,1,0,0,0.0,1,0
12.3,76.7,15,1,0,0,0.0,0,0
12.3,76.71,15,1,0,0,0.0,2,0
12.3,76.72,15,1,0,0,0.0,3,0
12.44,76.83,13,2,0,0,0.0,0,0
12.44,76.84,13,2,0,1,2.333,3,0
12.44,76.86,13,2,0,0,0.0,1,0
12.44,76.88,13,2,0,0,0.0,2,0
12.44,76.89,13,2,0,0,0.0,0,0
12.44,76.9,13,2,0,0,0.0,2,0
12.44,76.92,13,2,0,0,0.0,2,0
12.44,76.93,13,2,0,0,0.0,1,0
12.44,76.94,13,2,0,0,0.0,1,0
12.44,76.96,13,2,0,0,0.0,3,0
12.45,76.82,13,2,0,0,0.0,0,0
12.45,76.83,13,2,0,0,0.0,2,0
12.45,76.84,13,2,0,0,0.0,3,0
12.45,76.86,13,2,0,0,0.0,1,0
12.45,76.87,13,2,0,0,0.0,3,0
12.45,76.88,13,2,0,0,0.0,0,0
12.45,76.89,13,2,0,0,0.0,0,0
12.45,76.9,13,2,0,1,2.333,0,0
12.45,76.91,13,2,0,0,0.0,0,0
12.45,76.92,13,2,0,0,0.0,1,0
12.45,76.93,13,2,0,0,0.0,0,0
12.45,76.94,13,2,0,0,0.0,0,0
12.45,76.95,13,2,0,0,0.0,1,0
12.45,76.96,13,2,0,0,0.0,0,0
12.45,76.97,13,2,0,0,0.0,1,0
12.46,76.82,13,2,0,0,0.0,0,0
12.46,76.83,13,2,0,0,0.0,0,0
12.46,76.84,13,2,0,0,0.0,1,1
12.46,76.85,13,2,0,0,0.0,2,0
12.46,76.86,13,2,0,0,0.0,0,0
12.46,76.87,13,2,0,0,0.0,1,0
12.46,76.88,13,2,0,2,4.667,0,1
12.46,76.89,13,2,0,0,0.0,0,1
12.46,76.9,13,2,0,0,0.0,1,0
12.46,76.91,13,2,0,0,0.0,1,0
12.46,76.92,13,2,0,0,0.0,0,0
12.46,76.93,13,2,0,0,0.0,0,0
12.46,76.94,13,2,0,0,0.0,0,0
12.46,76.95,13,2,0,0,0.0,3,1
12.46,76.96,13,2,0,0,0.0,1,0
12.46,76.97,13,2,0,0,0.0,0,0
12.47,76.82,13,2,0,0,0.0,2,0
12.47,76.83,13,2,0,0,0.0,2,1
12.47,76.84,13,2,0,0,0.0,3,0
12.47,76.86,13,2,0,0,0.0,0,0
12.47,76.87,13,2,0,0,0.0,0,0
12.47,76.88,13,2,0,0,0.0,0,0
12.47,76.89,13,2,0,0,0.0,0,1
12.47,76.9,13,2,0,0,0.0,3,0
12.47,76.91,13,2,0,0,0.0,3,0
12.47,76.92,13,2,0,0,0.0,3,0
12.47,76.94,13,2,0,0,0.0,1,0
12.47,76.95,13,2,0,0,0.0,1,0
12.47,76.96,13,2,0,0,0.0,2,0
12.47,76.97,13,2,0,0,0.0,0,0
12.48,76.82,13,2,0,0,0.0,0,0
12.48,76.83,13,2,0,0,0.0,1,0
12.48,76.84,13,2,0,0,0.0,0,0
12.48,76.85,13,2,0,0,0.0,2,0
12.48,76.86,13,2,0,0,0.0,0,0
12.48,76.87,13,2,0,0,0.0,2,0
12.48,76.88,13,2,0,0,0.0,0,1
12.48,76.89,13,2,0,0,0.0,0,0
12.48,76.9,13,2,0,0,0.0,0,0
12.48,76.91,13,2,0,0,0.0,0,0
12.48,76.92,13,2,0,0,0.0,2,0
12.48,76.93,13,2,0,0,0.0,1,0
12.48,76.94,13,2,0,1,2.333,1,1
12.48,76.95,13,2,0,0,0.0,1,0
12.48,76.96,13,2,0,0,0.0,0,0
12.48,76.97,13,2,0,0,0.0,0,0
12.49,76.82,13,2,0,0,0.0,3,0
12.49,76.83,13,2,0,0,0.0,1,0
12.49,76.84,13,2,0,0,0.0,0,0
12.49,76.85,13,2,0,0,0.0,1,0
12.49,76.86,13,2,0,0,0.0,1,0
12.49,76.87,13,2,0,0,0.0,0,0
12.49,76.89,13,2,0,0,0.0,0,0
12.49,76.9,13,2,0,0,0.0,2,0
12.49,76.92,13,2,0,0,0.0,0,0
12.49,76.93,13,2,0,0,0.0,0,0
12.49,76.94,13,2,0,0,0.0,2,0
12.49,76.95,13,2,0,0,0.0,3,0
12.49,76.96,13,2,0,0,0.0,2,0
12.49,76.97,13,2,0,0,0.0,0,0
12.51,76.82,13,2,0,0,0.0,3,0
12.51,76.83,13,2,0,0,0.0,1,0
12.51,76.84,13,2,0,0,0.0,2,0
12.51,76.85,13,2,0,0,0.0,1,0
12.51,76.86,13,2,0,0,0.0,0,0
12.51,76.88,13,2,0,0,0.0,0,0
12.51,76.89,13,2,0,0,0.0,1,0
12.51,76.9,13,2,0,0,0.0,0,0
12.51,76.91,13,2,0,0,0.0,0,0
12.51,76.92,13,2,0,0,0.0,1,0
12.51,76.93,13,2,0,0,0.0,1,1
12.51,76.94,13,2,0,0,0.0,3,0
12.51,76.95,13,2,0,0,0.0,0,0
12.51,76.96,13,2,0,0,0.0,2,0
12.51,76.97,13,2,0,0,0.0,2,0
12.52,76.82,13,2,0,0,0.0,1,0
12.52,76.83,13,2,0,0,0.0,0,0
12.52,76.84,13,2,0,0,0.0,2,0
12.52,76.85,13,2,0,0,0.0,2,0
12.52,76.86,13,2,0,0,0.0,0,0
12.52,76.87,13,2,0,0,0.0,2,0
12.52,76.88,13,2,0,0,0.0,0,0
12.52,76.89,13,2,0,0,0.0,2,1
12.52,76.9,13,2,0,0,0.0,0,0
12.52,76.91,13,2,0,0,0.0,0,0
12.52,76.92,13,2,0,0,0.0,0,0
12.52,76.93,13,2,0,0,0.0,0,0
12.52,76.94,13,2,0,0,0.0,0,0
12.52,76.95,13,2,0,0,0.0,1,0
12.52,76.96,13,2,0,0,0.0,0,0
12.52,76.97,13,2,0,0,0.0,2,0
12.53,76.83,13,2,0,0,0.0,2,0
12.53,76.84,13,2,0,0,0.0,0,0
12.53,76.86,13,2,0,0,0.0,0,0
12.53,76.87,13,2,1,1,2.333,0,0
12.53,76.9,13,2,0,0,0.0,0,0
12.53,76.91,13,2,0,0,0.0,2,0
12.53,76.92,13,2,0,0,0.0,0,0
12.53,76.93,13,2,0,0,0.0,0,0
12.53,76.94,13,2,0,0,0.0,3,1
12.53,76.96,13,2,0,0,0.0,2,0
12.54,76.82,13,2,0,0,0.0,3,0
12.54,76.83,13,2,0,0,0.0,2,0
12.54,76.84,13,2,0,0,0.0,3,1
12.54,76.85,13,2,0,0,0.0,1,0
12.54,76.86,13,2,0,0,0.0,0,0
12.54,76.87,13,2,0,0,0.0,2,0
12.54,76.88,13,2,0,0,0.0,0,0
12.54,76.89,13,2,0,0,0.0,2,0
12.54,76.9,13,2,0,0,0.0,1,1
12.54,76.91,13,2,0,0,0.0,2,0
12.54,76.92,13,2,0,1,2.333,2,0
12.54,76.94,13,2,0,0,0.0,0,0
12.54,76.95,13,2,0,0,0.0,1,0
12.54,76.96,13,2,0,0,0.0,0,0
12.54,76.97,13,2,0,0,0.0,0,0
12.55,76.82,13,2,1,1,2.333,0,0
12.55,76.83,13,2,0,0,0.0,2,0
12.55,76.84,13,2,0,0,0.0,1,0
12.55,76.85,13,2,0,0,0.0,0,0
12.55,76.86,13,2,0,0,0.0,0,0
12.55,76.87,13,2,0,0,0.0,1,0
12.55,76.88,13,2,0,0,0.0,2,0
12.55,76.89,13,2,0,0,0.0,1,0
12.55,76.9,13,2,0,0,0.0,1,0
12.55,76.91,13,2,0,0,0.0,0,0
12.55,76.92,13,2,0,0,0.0,0,0
12.55,76.93,13,2,0,0,0.0,1,0
12.55,76.94,13,2,0,0,0.0,2,0
12.55,76.95,13,2,0,0,0.0,0,0
12.55,76.97,13,2,0,0,0.0,0,1
12.56,76.82,13,2,0,0,0.0,0,0
12.56,76.83,13,2,0,0,0.0,1,0
12.56,76.84,13,2,0,0,0.0,1,0
12.56,76.85,13,2,0,0,0.0,0,0
12.56,76.86,13,2,0,1,2.333,3,0
12.56,76.87,13,2,0,0,0.0,2,0
12.56,76.88,13,2,0,0,0.0,2,0
12.56,76.89,13,2,0,0,0.0,0,0
12.56,76.9,13,2,0,0,0.0,1,0
12.56,76.91,13,2,0,0,0.0,1,0
12.56,76.92,13,2,0,0,0.0,1,0
12.56,76.94,13,2,0,1,2.333,0,0
12.56,76.95,13,2,0,0,0.0,3,0
12.56,76.97,13,2,0,1,2.333,0,0
12.57,76.82,13,2,0,0,0.0,1,0
12.57,76.84,13,2,0,0,0.0,0,0
12.57,76.85,13,2,0,0,0.0,3,0
12.57,76.86,13,2,0,0,0.0,0,0
12.57,76.87,13,2,0,0,0.0,0,0
12.57,76.88,13,2,0,0,0.0,2,0
12.57,76.89,13,2,0,0,0.0,1,0
12.57,76.9,13,2,0,0,0.0,2,0
12.57,76.91,13,2,0,0,0.0,2,1
12.57,76.92,13,2,0,0,0.0,1,0
12.57,76.93,13,2,0,0,0.0,0,0
12.57,76.94,13,2,0,0,0.0,0,0
12.57,76.95,13,2,0,0,0.0,2,0
12.57,76.96,13,2,0,0,0.0,2,1
12.57,76.97,13,2,0,0,0.0,0,0
12.58,76.82,13,2,0,0,0.0,0,0
12.58,76.83,13,2,0,1,2.333,1,0
12.58,76.84,13,2,0,0,0.0,1,0
12.58,76.85,13,2,0,0,0.0,1,0
12.58,76.86,13,2,0,0,0.0,1,0
12.58,76.88,13,2,0,0,0.0,1,0
12.58,76.89,13,2,0,0,0.0,0,0
12.58,76.9,13,2,0,0,0.0,0,0
12.58,76.91,13,2,0,0,0.0,0,0
12.58,76.92,13,2,0,0,0.0,1,0
12.58,76.93,13,2,0,0,0.0,0,0
12.58,76.94,13,2,0,0,0.0,1,0
12.58,76.95,13,2,0,0,0.0,0,0
12.58,76.96,13,2,0,0,0.0,0,0
12.58,76.97,13,2,0,0,0.0,0,0
12.59,76.82,13,2,0,0,0.0,3,0
12.59,76.83,13,2,0,0,0.0,2,0
12.59,76.84,13,2,0,0,0.0,2,0
12.59,76.85,13,2,0,0,0.0,0,0
12.59,76.86,13,2,0,0,0.0,0,0
12.59,76.87,13,2,0,0,0.0,0,0
12.59,76.88,13,2,0,0,0.0,2,0
12.59,76.89,13,2,0,0,0.0,0,1
12.59,76.9,13,2,0,0,0.0,0,0
12.59,76.91,13,2,1,1,2.333,0,0
12.59,76.92,13,2,0,0,0.0,1,0
12.59,76.93,13,2,0,0,0.0,1,0
12.59,76.94,13,2,0,0,0.0,2,1
12.59,76.95,13,2,0,0,0.0,0,1
12.59,76.96,13,2,1,1,2.333,0,0
12.59,76.97,13,2,0,0,0.0,0,0
12.5,76.82,13,2,0,0,0.0,1,0
12.5,76.83,13,2,0,0,0.0,0,0
12.5,76.84,13,2,0,0,0.0,1,0
12.5,76.85,13,2,0,0,0.0,0,0
12.5,76.86,13,2,0,0,0.0,0,0
12.5,76.87,13,2,0,0,0.0,1,1
12.5,76.88,13,2,0,0,0.0,2,0
12.5,76.89,13,2,0,0,0.0,1,0
12.5,76.9,13,2,0,0,0.0,1,0
12.5,76.91,13,2,0,0,0.0,2,0
12.5,76.92,13,2,0,0,0.0,3,1
12.5,76.93,13,2,0,0,0.0,2,0
12.5,76.94,13,2,0,0,0.0,2,0
12.5,76.95,13,2,0,0,0.0,0,0
12.5,76.96,13,2,0,0,0.0,0,0
12.5,76.97,13,2,0,0,0.0,0,0
12.64,77.21,16,4,0,1,2.5,0,0
12.64,77.22,16,4,0,0,0.0,2,0
12.64,77.23,16,4,0,0,0.0,0,0
12.64,77.24,16,4,0,0,0.0,0,1
12.64,77.25,16,4,0,1,2.5,3,0
12.64,77.26,16,4,0,0,0.0,3,0
12.64,77.27,16,4,0,0,0.0,3,0
12.64,77.28,16,4,0,0,0.0,0,0
12.64,77.29,16,4,0,0,0.0,0,0
12.64,77.3,16,4,0,0,0.0,0,0
12.64,77.31,16,4,0,0,0.0,0,0
12.64,77.32,16,4,0,0,0.0,2,0
12.64,77.33,16,4,0,0,0.0,1,0
12.64,77.34,16,4,0,0,0.0,2,0
12.64,77.35,16,4,0,0,0.0,3,0
12.64,77.36,16,4,0,0,0.0,2,0
12.65,77.2,16,4,0,0,0.0,1,0
12.65,77.21,16,4,0,0,0.0,1,0
12.65,77.22,16,4,0,0,0.0,1,0
12.65,77.23,16,4,0,0,0.0,0,0
12.65,77.25,16,4,0,0,0.0,1,0
12.65,77.26,16,4,0,0,0.0,1,0
12.65,77.27,16,4,0,0,0.0,0,0
12.65,77.28,16,4,0,0,0.0,2,0
12.65,77.29,16,4,0,0,0.0,1,0
12.65,77.3,16,4,0,0,0.0,3,0
12.65,77.32,16,4,0,0,0.0,2,0
12.65,77.35,16,4,0,0,0.0,0,1
12.65,77.36,16,4,0,0,0.0,3,0
12.66,77.2,16,4,0,0,0.0,3,0
12.66,77.21,16,4,0,0,0.0,0,0
12.66,77.22,16,4,0,0,0.0,2,0
12.66,77.23,16,4,0,0,0.0,0,0
12.66,77.24,16,4,0,0,0.0,1,0
12.66,77.26,16,4,0,0,0.0,0,0
12.66,77.27,16,4,0,0,0.0,0,0
12.66,77.28,16,4,0,0,0.0,1,0
12.66,77.29,16,4,0,0,0.0,0,0
12.66,77.3,16,4,0,0,0.0,2,0
12.66,77.31,16,4,0,0,0.0,1,0
12.66,77.32,16,4,0,0,0.0,0,0
12.66,77.33,16,4,0,0,0.0,0,0
12.66,77.35,16,4,0,0,0.0,0,0
12.67,77.22,16,4,0,0,0.0,0,0
12.67,77.23,16,4,0,0,0.0,0,1
12.67,77.24,16,4,0,0,0.0,3,0
12.67,77.26,16,4,0,0,0.0,0,0
12.67,77.27,16,4,0,0,0.0,2,0
12.67,77.29,16,4,0,0,0.0,0,0
12.67,77.3,16,4,0,0,0.0,2,0
12.67,77.31,16,4,0,0,0.0,2,0
12.67,77.32,16,4,0,0,0.0,1,0
12.67,77.33,16,4,0,0,0.0,1,0
12.67,77.34,16,4,0,0,0.0,2,0
12.67,77.35,16,4,0,0,0.0,0,0
12.68,77.2,16,4,0,0,0.0,0,0
12.68,77.21,16,4,0,0,0.0,3,1
12.68,77.22,16,4,0,0,0.0,2,0
12.68,77.23,16,4,0,0,0.0,0,0
12.68,77.24,16,4,0,0,0.0,0,0
12.68,77.25,16,4,0,0,0.0,0,0
12.68,77.26,16,4,0,0,0.0,2,0
12.68,77.27,16,4,0,1,2.5,1,0
12.68,77.28,16,4,0,0,0.0,3,1
12.68,77.29,16,4,0,0,0.0,2,0
12.68,77.3,16,4,0,0,0.0,0,0
12.68,77.31,16,4,0,0,0.0,2,0
12.68,77.32,16,4,0,0,0.0,2,0
12.68,77.33,16,4,0,0,0.0,0,0
12.68,77.34,16,4,0,0,0.0,1,0
12.68,77.35,16,4,0,0,0.0,2,0
12.68,77.36,16,4,0,0,0.0,1,0
12.69,77.21,16,4,0,0,0.0,0,0
12.69,77.22,16,4,0,0,0.0,2,1
12.69,77.23,16,4,0,0,0.0,2,0
12.69,77.24,16,4,0,0,0.0,1,0
12.69,77.25,16,4,0,0,0.0,0,0
12.69,77.26,16,4,0,0,0.0,0,0
12.69,77.27,16,4,1,1,2.5,0,0
12.69,77.28,16,4,0,0,0.0,2,0
12.69,77.29,16,4,0,0,0.0,1,0
12.69,77.3,16,4,0,0,0.0,2,0
12.69,77.31,16,4,0,0,0.0,1,0
12.69,77.32,16,4,0,0,0.0,0,0
12.69,77.33,16,4,0,0,0.0,1,0
12.69,77.34,16,4,0,1,2.5,1,0
12.69,77.35,16,4,0,0,0.0,0,0
12.69,77.36,16,4,0,0,0.0,2,0
12.6,76.82,13,2,0,1,2.333,0,1
12.6,76.83,13,2,0,0,0.0,0,0
12.6,76.84,13,2,0,0,0.0,2,0
12.6,76.85,13,2,0,0,0.0,0,0
12.6,76.86,13,2,0,0,0.0,0,0
12.6,76.87,13,2,0,0,0.0,2,0
12.6,76.88,13,2,0,0,0.0,0,0
12.6,76.89,13,2,0,0,0.0,2,0
12.6,76.91,13,2,0,0,0.0,0,0
12.6,76.92,13,2,0,0,0.0,2,1
12.6,76.93,13,2,0,0,0.0,0,0
12.6,76.94,13,2,0,0,0.0,0,0
12.6,76.95,13,2,0,0,0.0,0,0
12.6,76.96,13,2,0,0,0.0,2,0
12.71,77.22,16,4,0,0,0.0,0,0
12.71,77.23,16,4,0,0,0.0,2,1
12.71,77.24,16,4,0,0,0.0,2,0
12.71,77.25,16,4,0,0,0.0,0,0
12.71,77.26,16,4,0,0,0.0,1,0
12.71,77.28,16,4,0,0,0.0,1,0
12.71,77.29,16,4,0,0,0.0,0,0
12.71,77.3,16,4,0,0,0.0,0,0
12.71,77.31,16,4,0,0,0.0,0,0
12.71,77.32,16,4,0,0,0.0,1,0
12.71,77.33,16,4,0,0,0.0,0,0
12.71,77.34,16,4,0,0,0.0,0,1
12.71,77.35,16,4,0,1,2.5,0,0
12.71,77.36,16,4,0,0,0.0,2,0
12.72,77.2,16,4,0,0,0.0,0,0
12.72,77.21,16,4,0,0,0.0,0,0
12.72,77.22,16,4,0,0,0.0,3,0
12.72,77.23,16,4,0,0,0.0,1,0
12.72,77.24,16,4,0,0,0.0,0,0
12.72,77.25,16,4,0,0,0.0,1,0
12.72,77.26,16,4,0,0,0.0,0,0
12.72,77.27,16,4,0,0,0.0,0,0
12.72,77.28,16,4,0,0,0.0,1,0
12.72,77.29,16,4,0,0,0.0,1,0
12.72,77.3,16,4,0,1,2.5,1,0
12.72,77.31,16,4,0,0,0.0,0,0
12.72,77.32,16,4,0,0,0.0,1,0
12.72,77.33,16,4,0,0,0.0,0,0
12.72,77.34,16,4,0,0,0.0,2,0
12.72,77.35,16,4,0,0,0.0,0,0
12.72,77.36,16,4,0,0,0.0,0,1
12.73,77.21,16,4,0,0,0.0,0,0
12.73,77.22,16,4,0,0,0.0,0,0
12.73,77.23,16,4,0,0,0.0,0,0
12.73,77.24,16,4,0,0,0.0,1,0
12.73,77.25,16,4,0,0,0.0,2,0
12.73,77.26,16,4,0,0,0.0,0,0
12.73,77.27,16,4,0,0,0.0,0,0
12.73,77.28,16,4,0,0,0.0,0,0
12.73,77.29,16,4,0,0,0.0,1,0
12.73,77.3,16,4,0,0,0.0,0,0
12.73,77.32,16,4,0,0,0.0,0,0
12.73,77.33,16,4,0,0,0.0,0,0
12.73,77.34,16,4,0,0,0.0,2,1
12.73,77.35,16,4,0,0,0.0,1,0
12.73,77.36,16,4,0,0,0.0,3,0
12.74,77.21,16,4,0,0,0.0,0,1
12.74,77.22,16,4,0,0,0.0,1,0
12.74,77.23,16,4,0,0,0.0,0,0
12.74,77.24,16,4,0,0,0.0,2,0
12.74,77.26,16,4,0,0,0.0,2,0
12.74,77.27,16,4,0,0,0.0,0,0
12.74,77.28,16,4,0,0,0.0,0,0
12.74,77.29,16,4,0,0,0.0,2,0
12.74,77.3,16,4,0,0,0.0,0,0
12.74,77.32,16,4,0,0,0.0,3,0
12.74,77.33,16,4,0,0,0.0,3,0
12.74,77.34,16,4,0,0,0.0,0,0
12.74,77.35,16,4,0,0,0.0,0,0
12.74,77.36,16,4,0,0,0.0,2,0
12.75,77.21,16,4,0,0,0.0,0,0
12.75,77.22,16,4,0,0,0.0,0,0
12.75,77.23,16,4,0,0,0.0,0,0
12.75,77.24,16,4,0,0,0.0,0,0
12.75,77.25,16,4,0,0,0.0,2,0
12.75,77.26,16,4,0,0,0.0,3,0
12.75,77.27,16,4,0,0,0.0,1,0
12.75,77.28,16,4,0,0,0.0,0,0
12.75,77.29,16,4,0,0,0.0,2,0
12.75,77.3,16,4,0,0,0.0,1,0
12.75,77.31,16,4,0,0,0.0,1,1
12.75,77.32,16,4,0,0,0.0,0,1
12.75,77.33,16,4,0,0,0.0,0,0
12.75,77.34,16,4,0,1,2.5,2,0
12.75,77.35,16,4,0,0,0.0,1,0
12.75,77.36,16,4,0,0,0.0,0,0
12.76,77.21,16,4,0,0,0.0,2,0
12.76,77.22,16,4,0,0,0.0,1,0
12.76,77.23,16,4,0,0,0.0,1,0
12.76,77.25,16,4,0,0,0.0,0,0
12.76,77.26,16,4,0,0,0.0,0,0
12.76,77.27,16,4,0,0,0.0,0,1
12.76,77.28,16,4,0,1,2.5,0,0
12.76,77.29,16,4,0,0,0.0,0,0
12.76,77.3,16,4,0,1,2.5,0,1
12.76,77.31,16,4,0,0,0.0,3,1
12.76,77.32,16,4,0,0,0.0,1,0
12.76,77.33,16,4,0,0,0.0,2,0
12.76,77.34,16,4,0,0,0.0,1,0
12.76,77.35,16,4,0,0,0.0,1,0
12.76,77.36,16,4,0,0,0.0,3,0
12.77,77.2,16,4,0,0,0.0,0,0
12.77,77.21,16,4,0,0,0.0,0,0
12.77,77.22,16,4,0,0,0.0,0,1
12.77,77.23,16,4,0,0,0.0,0,0
12.77,77.24,16,4,0,0,0.0,0,0
12.77,77.25,16,4,0,0,0.0,2,0
12.77,77.26,16,4,0,0,0.0,0,0
12.77,77.27,16,4,0,0,0.0,0,0
12.77,77.28,16,4,0,0,0.0,0,0
12.77,77.29,16,4,0,0,0.0,2,0
12.77,77.3,16,4,0,0,0.0,0,0
12.77,77.31,16,4,0,0,0.0,1,0
12.77,77.32,16,4,0,0,0.0,0,0
12.77,77.33,16,4,0,0,0.0,1,0
12.77,77.34,16,4,0,0,0.0,0,0
12.77,77.35,16,4,0,0,0.0,1,0
12.77,77.36,16,4,0,0,0.0,0,0
12.78,77.2,16,4,0,0,0.0,2,0
12.78,77.21,16,4,0,0,0.0,1,0
12.78,77.22,16,4,0,0,0.0,0,0
12.78,77.23,16,4,0,0,0.0,2,0
12.78,77.24,16,4,0,0,0.0,0,0
12.78,77.25,16,4,0,0,0.0,1,0
12.78,77.26,16,4,0,0,0.0,0,0
12.78,77.27,16,4,0,1,2.5,1,0
12.78,77.28,16,4,0,0,0.0,3,0
12.78,77.29,16,4,0,0,0.0,0,0
12.78,77.3,16,4,0,0,0.0,0,0
12.78,77.32,16,4,0,0,0.0,0,0
12.78,77.33,16,4,0,1,2.5,0,0
12.78,77.34,16,4,0,1,2.5,2,0
12.78,77.35,16,4,0,0,0.0,0,0
12.78,77.36,16,4,0,0,0.0,0,0
12.79,77.2,16,4,0,0,0.0,1,1
12.79,77.21,16,4,0,0,0.0,0,0
12.79,77.23,16,4,0,0,0.0,0,0
12.79,77.24,16,4,0,0,0.0,0,0
12.79,77.25,16,4,0,0,0.0,1,0
12.79,77.27,16,4,0,0,0.0,2,0
12.79,77.29,16,4,0,0,0.0,0,0
12.79,77.3,16,4,0,0,0.0,3,0
12.79,77.31,16,4,0,0,0.0,2,0
12.79,77.32,16,4,0,0,0.0,3,0
12.79,77.33,16,4,0,0,0.0,0,0
12.79,77.34,16,4,0,0,0.0,3,0
12.79,77.35,16,4,0,0,0.0,2,1
12.79,77.36,16,4,0,0,0.0,2,0
12.7,77.21,16,4,0,0,0.0,0,0
12.7,77.22,16,4,0,0,0.0,0,0
12.7,77.23,16,4,0,0,0.0,2,0
12.7,77.24,16,4,0,0,0.0,3,0
12.7,77.25,16,4,0,0,0.0,3,0
12.7,77.26,16,4,0,0,0.0,0,0
12.7,77.27,16,4,0,0,0.0,0,1
12.7,77.28,16,4,0,0,0.0,0,1
12.7,77.29,16,4,0,0,0.0,0,0
12.7,77.3,16,4,0,0,0.0,1,0
12.7,77.31,16,4,0,0,0.0,1,0
12.7,77.32,16,4,0,0,0.0,2,0
12.7,77.33,16,4,0,0,0.0,1,0
12.7,77.34,16,4,0,1,2.5,0,0
12.7,77.35,16,4,0,0,0.0,3,0
12.83,74.79,14,12,0,0,0.0,2,0
12.83,74.83,14,12,0,0,0.0,0,0
12.84,74.78,14,12,0,0,0.0,0,1
12.84,74.79,14,12,0,0,0.0,0,0
12.84,74.8,14,12,0,0,0.0,0,0
12.84,74.81,14,12,0,0,0.0,0,0
12.84,74.82,14,12,0,0,0.0,0,0
12.84,74.83,14,12,0,0,0.0,0,0
12.84,74.84,14,12,0,0,0.0,1,0
12.84,74.85,14,12,0,1,2.692,0,1
12.84,74.86,14,12,0,0,0.0,2,0
12.84,74.87,14,12,0,0,0.0,0,0
12.84,74.88,14,12,0,0,0.0,0,0
12.84,74.89,14,12,0,0,0.0,0,0
12.84,74.91,14,12,0,0,0.0,3,0
12.84,74.92,14,12,0,0,0.0,0,0
12.84,74.93,14,12,0,0,0.0,0,0
12.85,74.78,14,12,0,0,0.0,2,0
12.85,74.79,14,12,0,0,0.0,0,0
12.85,74.8,14,12,0,0,0.0,1,0
12.85,74.81,14,12,0,0,0.0,0,0
12.85,74.82,14,12,0,0,0.0,2,0
12.85,74.83,14,12,0,0,0.0,0,0
12.85,74.84,14,12,0,0,0.0,1,1
12.85,74.85,14,12,0,0,0.0,0,0
12.85,74.86,14,12,0,0,0.0,0,0
12.85,74.87,14,12,0,0,0.0,0,0
12.85,74.89,14,12,0,0,0.0,3,0
12.85,74.9,14,12,0,0,0.0,0,0
12.85,74.91,14,12,1,1,2.692,0,0
12.85,74.92,14,12,0,0,0.0,0,0
12.85,74.93,14,12,0,0,0.0,0,0
12.85,74.94,14,12,0,0,0.0,3,0
12.86,74.78,14,12,0,0,0.0,1,0
12.86,74.79,14,12,0,0,0.0,1,0
12.86,74.8,14,12,0,0,0.0,2,0
12.86,74.81,14,12,0,0,0.0,1,0
12.86,74.82,14,12,0,0,0.0,0,0
12.86,74.83,14,12,0,0,0.0,1,0
12.86,74.84,14,12,0,0,0.0,2,0
12.86,74.85,14,12,0,0,0.0,0,0
12.86,74.86,14,12,0,0,0.0,1,0
12.86,74.87,14,12,0,0,0.0,2,0
12.86,74.88,14,12,0,0,0.0,0,0
12.86,74.89,14,12,0,0,0.0,1,0
12.86,74.9,14,12,0,0,0.0,0,0
12.86,74.91,14,12,0,0,0.0,0,0
12.86,74.92,14,12,0,0,0.0,1,0
12.86,74.93,14,12,0,0,0.0,1,0
12.87,74.78,14,12,0,1,2.692,0,0
12.87,74.79,14,12,0,0,0.0,0,0
12.87,74.8,14,12,0,0,0.0,2,0
12.87,74.81,14,12,0,0,0.0,1,0
12.87,74.82,14,12,0,0,0.0,0,0
12.87,74.84,14,12,0,0,0.0,3,0
12.87,74.85,14,12,0,0,0.0,0,0
12.87,74.86,14,12,0,0,0.0,0,0
12.87,74.87,14,12,0,0,0.0,0,0
12.87,74.88,14,12,0,0,0.0,0,0
12.87,74.89,14,12,0,0,0.0,0,0
12.87,74.9,14,12,0,0,0.0,1,0
12.87,74.91,14,12,0,0,0.0,0,0
12.87,74.92,14,12,0,0,0.0,3,1
12.88,74.78,14,12,0,0,0.0,0,0
12.88,74.79,14,12,0,0,0.0,0,0
12.88,74.8,14,12,0,0,0.0,2,0
12.88,74.81,14,12,0,0,0.0,2,0
12.88,74.82,14,12,0,0,0.0,1,1
12.88,74.84,14,12,0,0,0.0,2,1
12.88,74.85,14,12,0,0,0.0,1,0
12.88,74.86,14,12,0,0,0.0,2,0
12.88,74.87,14,12,0,0,0.0,0,1
12.88,74.89,14,12,0,0,0.0,2,0
12.88,74.9,14,12,0,0,0.0,0,1
12.88,74.91,14,12,0,0,0.0,3,0
12.88,74.92,14,12,0,0,0.0,1,0
12.88,74.93,14,12,0,0,0.0,2,0
12.89,74.78,14,12,0,0,0.0,3,0
12.89,74.79,14,12,0,0,0.0,0,1
12.89,74.8,14,12,0,0,0.0,1,0
12.89,74.81,14,12,0,0,0.0,1,0
12.89,74.82,14,12,0,0,0.0,3,0
12.89,74.83,14,12,0,0,0.0,0,0
12.89,74.84,14,12,0,0,0.0,2,0
12.89,74.85,14,12,0,0,0.0,0,0
12.89,74.86,14,12,0,0,0.0,2,0
12.89,74.87,14,12,0,0,0.0,0,0
12.89,74.88,14,12,0,0,0.0,0,0
12.89,74.89,14,12,1,1,2.692,0,0
12.89,74.9,14,12,0,0,0.0,1,0
12.89,74.91,14,12,1,1,2.692,0,0
12.89,74.92,14,12,0,0,0.0,0,0
12.89,74.93,14,12,0,0,0.0,0,0
12.89,77.52,5,16,0,0,0.0,2,0
12.89,77.54,5,16,0,0,0.0,3,0
12.89,77.56,5,16,0,0,0.0,1,0
12.89,77.57,5,16,0,0,0.0,3,0
12.89,77.58,5,16,0,0,0.0,0,0
12.89,77.6,5,16,0,0,0.0,1,0
12.89,77.61,5,16,0,0,0.0,0,0
12.89,77.62,5,16,0,0,0.0,1,0
12.89,77.64,5,16,0,0,0.0,1,1
12.89,77.66,5,16,0,0,0.0,1,0
12.89,77.67,5,16,0,0,0.0,1,0
12.91,74.78,14,12,0,0,0.0,2,1
12.91,74.79,14,12,0,1,2.692,1,0
12.91,74.8,14,12,0,0,0.0,0,0
12.91,74.81,14,12,0,0,0.0,2,0
12.91,74.82,14,12,0,0,0.0,2,0
12.91,74.83,14,12,0,0,0.0,0,0
12.91,74.84,14,12,0,1,2.692,1,1
12.91,74.85,14,12,0,0,0.0,0,0
12.91,74.86,14,12,0,0,0.0,2,0
12.91,74.87,14,12,0,0,0.0,1,0
12.91,74.88,14,12,0,0,0.0,0,0
12.91,74.89,14,12,0,0,0.0,1,0
12.91,74.9,14,12,0,0,0.0,1,0
12.91,74.91,14,12,0,0,0.0,1,0
12.91,74.92,14,12,0,0,0.0,0,1
12.91,77.52,5,16,0,0,0.0,1,0
12.91,77.53,5,16,0,0,0.0,0,0
12.91,77.54,5,16,0,0,0.0,0,0
12.91,77.55,5,16,0,0,0.0,3,0
12.91,77.56,5,16,0,0,0.0,0,0
12.91,77.57,5,16,0,0,0.0,2,0
12.91,77.58,5,16,0,0,0.0,0,0
12.91,77.59,5,16,0,0,0.0,2,1
12.91,77.6,5,16,0,0,0.0,0,0
12.91,77.61,5,16,0,0,0.0,1,0
12.91,77.62,5,16,0,0,0.0,2,0
12.91,77.63,5,16,0,0,0.0,0,0
12.91,77.65,5,16,0,0,0.0,2,0
12.91,77.66,5,16,0,0,0.0,0,0
12.91,77.67,5,16,0,0,0.0,2,0
12.92,74.79,14,12,0,0,0.0,1,0
12.92,74.8,14,12,0,0,0.0,2,1
12.92,74.81,14,12,0,0,0.0,0,0
12.92,74.82,14,12,0,0,0.0,0,0
12.92,74.83,14,12,0,1,2.692,0,1
12.92,74.84,14,12,0,0,0.0,0,0
12.92,74.85,14,12,0,0,0.0,1,0
12.92,74.86,14,12,0,0,0.0,0,0
12.92,74.87,14,12,0,0,0.0,1,1
12.92,74.88,14,12,0,0,0.0,3,0
12.92,74.89,14,12,0,0,0.0,2,0
12.92,74.9,14,12,0,0,0.0,0,0
12.92,74.91,14,12,0,0,0.0,0,0
12.92,74.92,14,12,0,1,2.692,3,0
12.92,74.93,14,12,0,0,0.0,3,1
12.92,76.03,9,10,0,0,0.0,3,0
12.92,76.05,9,10,0,0,0.0,1,0
12.92,76.07,9,10,0,0,0.0,1,0
12.92,76.09,9,10,0,0,0.0,2,0
12.92,76.13,9,10,0,0,0.0,0,0
12.92,76.16,9,10,0,0,0.0,1,0
12.92,76.17,9,10,0,0,0.0,1,0
12.92,77.52,5,16,0,0,0.0,2,1
12.92,77.53,5,16,0,0,0.0,1,1
12.92,77.54,5,16,0,0,0.0,1,0
12.92,77.56,5,16,0,0,0.0,0,0
12.92,77.57,5,16,0,0,0.0,0,1
12.92,77.58,5,16,0,0,0.0,1,1
12.92,77.59,5,16,0,0,0.0,1,0
12.92,77.6,5,16,0,0,0.0,2,1
12.92,77.61,5,16,0,0,0.0,2,0
12.92,77.62,5,16,0,0,0.0,1,0
12.92,77.63,5,16,1,1,3.889,2,0
12.92,77.64,5,16,0,0,0.0,0,0
12.92,77.65,5,16,0,0,0.0,2,0
12.92,77.66,5,16,0,0,0.0,3,1
12.92,77.67,5,16,0,0,0.0,2,0
12.93,74.78,14,12,0,0,0.0,0,0
12.93,74.79,14,12,0,0,0.0,3,0
12.93,74.8,14,12,0,0,0.0,1,0
12.93,74.81,14,12,0,0,0.0,0,0
12.93,74.82,14,12,0,0,0.0,0,0
12.93,74.83,14,12,0,0,0.0,1,0
12.93,74.84,14,12,0,0,0.0,0,0
12.93,74.85,14,12,0,0,0.0,2,0
12.93,74.86,14,12,0,0,0.0,0,0
12.93,74.87,14,12,0,0,0.0,1,0
12.93,74.88,14,12,0,0,0.0,1,0
12.93,74.89,14,12,0,0,0.0,0,0
12.93,74.9,14,12,0,0,0.0,0,1
12.93,74.91,14,12,0,0,0.0,0,0
12.93,74.92,14,12,0,0,0.0,0,0
12.93,76.03,9,10,0,0,0.0,0,0
12.93,76.04,9,10,0,0,0.0,0,0
12.93,76.05,9,10,0,0,0.0,1,0
12.93,76.06,9,10,0,0,0.0,1,0
12.93,76.07,9,10,0,0,0.0,3,0
12.93,76.08,9,10,0,0,0.0,0,0
12.93,76.09,9,10,0,0,0.0,1,0
12.93,76.1,9,10,0,0,0.0,2,0
12.93,76.11,9,10,0,0,0.0,2,0
12.93,76.12,9,10,0,0,0.0,3,0
12.93,76.13,9,10,0,0,0.0,2,0
12.93,76.14,9,10,0,0,0.0,1,0
12.93,76.15,9,10,0,0,0.0,0,0
12.93,76.16,9,10,0,0,0.0,0,0
12.93,76.17,9,10,0,0,0.0,0,0
12.93,76.18,9,10,0,0,0.0,2,0
12.93,77.52,5,16,0,0,0.0,0,0
12.93,77.54,5,16,0,0,0.0,1,1
12.93,77.55,5,16,0,0,0.0,1,0
12.93,77.56,5,16,0,0,0.0,3,0
12.93,77.58,5,16,0,0,0.0,0,1
12.93,77.59,5,16,0,0,0.0,0,0
12.93,77.6,5,16,0,0,0.0,0,0
12.93,77.61,5,16,0,0,0.0,1,0
12.93,77.62,5,16,0,0,0.0,0,0
12.93,77.63,5,16,0,0,0.0,0,0
12.93,77.64,5,16,0,0,0.0,0,0
12.93,77.65,5,16,0,0,0.0,1,0
12.93,77.66,5,16,0,0,0.0,2,0
12.93,77.67,5,16,0,0,0.0,0,0
12.94,74.78,14,12,0,0,0.0,1,0
12.94,74.79,14,12,0,0,0.0,0,1
12.94,74.8,14,12,0,0,0.0,0,0
12.94,74.81,14,12,0,0,0.0,2,1
12.94,74.82,14,12,0,0,0.0,1,1
12.94,74.83,14,12,0,0,0.0,0,0
12.94,74.84,14,12,0,0,0.0,0,0
12.94,74.85,14,12,0,0,0.0,0,0
12.94,74.86,14,12,0,0,0.0,0,0
12.94,74.87,14,12,0,0,0.0,0,0
12.94,74.88,14,12,0,0,0.0,1,1
12.94,74.89,14,12,0,0,0.0,0,0
12.94,74.9,14,12,0,0,0.0,1,0
12.94,74.91,14,12,0,0,0.0,0,0
12.94,74.92,14,12,0,0,0.0,0,0
12.94,74.93,14,12,0,0,0.0,1,0
12.94,74.94,14,12,0,0,0.0,0,0
12.94,76.02,9,10,0,0,0.0,2,0
12.94,76.03,9,10,0,0,0.0,2,0
12.94,76.04,9,10,0,0,0.0,1,0
12.94,76.05,9,10,0,0,0.0,2,0
12.94,76.06,9,10,0,0,0.0,1,0
12.94,76.07,9,10,0,0,0.0,1,0
12.94,76.08,9,10,0,0,0.0,1,0
12.94,76.09,9,10,0,0,0.0,0,0
12.94,76.1,9,10,0,0,0.0,0,0
12.94,76.11,9,10,0,0,0.0,0,0
12.94,76.12,9,10,0,0,0.0,1,0
12.94,76.13,9,10,0,0,0.0,2,0
12.94,76.14,9,10,0,0,0.0,0,0
12.94,76.15,9,10,0,0,0.0,2,0
12.94,76.16,9,10,0,0,0.0,2,0
12.94,76.17,9,10,0,0,0.0,3,0
12.94,76.18,9,10,0,0,0.0,2,0
12.94,77.52,5,16,0,0,0.0,2,0
12.94,77.53,5,16,0,0,0.0,2,0
12.94,77.54,5,16,0,0,0.0,3,0
12.94,77.55,5,16,0,0,0.0,2,0
12.94,77.56,5,16,0,0,0.0,2,0
12.94,77.57,5,16,0,0,0.0,0,0
12.94,77.58,5,16,0,0,0.0,1,0
12.94,77.59,5,16,0,0,0.0,0,0
12.94,77.61,5,16,0,0,0.0,1,0
12.94,77.62,5,16,0,0,0.0,1,0
12.94,77.63,5,16,0,0,0.0,0,0
12.94,77.64,5,16,0,0,0.0,3,1
12.94,77.65,5,16,1,1,3.889,0,0
12.94,77.66,5,16,0,0,0.0,0,0
12.94,77.67,5,16,0,0,0.0,1,0
12.95,74.78,14,12,0,0,0.0,1,0
12.95,74.79,14,12,0,0,0.0,1,0
12.95,74.8,14,12,0,0,0.0,1,0
12.95,74.81,14,12,0,0,0.0,2,0
12.95,74.83,14,12,0,1,2.692,0,0
12.95,74.84,14,12,0,0,0.0,1,0
12.95,74.85,14,12,0,0,0.0,2,0
12.95,74.86,14,12,0,0,0.0,0,0
12.95,74.87,14,12,0,0,0.0,0,1
12.95,74.88,14,12,0,0,0.0,0,0
12.95,74.89,14,12,0,0,0.0,3,0
12.95,74.9,14,12,0,0,0.0,0,0
12.95,74.91,14,12,0,0,0.0,1,0
12.95,74.93,14,12,0,0,0.0,3,0
12.95,76.02,9,10,0,0,0.0,0,0
12.95,76.03,9,10,0,0,0.0,0,0
12.95,76.04,9,10,0,0,0.0,0,0
12.95,76.05,9,10,0,0,0.0,2,0
12.95,76.06,9,10,0,0,0.0,0,0
12.95,76.07,9,10,0,0,0.0,0,0
12.95,76.08,9,10,0,0,0.0,0,0
12.95,76.09,9,10,0,0,0.0,1,0
12.95,76.1,9,10,0,0,0.0,1,0
12.95,76.11,9,10,0,1,2.5,1,0
12.95,76.12,9,10,0,0,0.0,0,0
12.95,76.13,9,10,0,0,0.0,1,0
12.95,76.14,9,10,0,0,0.0,1,0
12.95,76.15,9,10,0,0,0.0,0,0
12.95,76.16,9,10,0,1,2.5,0,1
12.95,76.17,9,10,0,0,0.0,3,0
12.95,76.18,9,10,0,0,0.0,1,0
12.95,77.52,5,16,0,0,0.0,0,0
12.95,77.53,5,16,0,0,0.0,2,0
12.95,77.54,5,16,0,0,0.0,1,0
12.95,77.55,5,16,0,0,0.0,1,0
12.95,77.56,5,16,0,0,0.0,1,0
12.95,77.57,5,16,0,0,0.0,0,0
12.95,77.58,5,16,0,0,0.0,0,0
12.95,77.6,5,16,0,0,0.0,0,0
12.95,77.61,5,16,0,0,0.0,0,0
12.95,77.62,5,16,0,0,0.0,0,0
12.95,77.63,5,16,0,0,0.0,2,0
12.95,77.64,5,16,1,1,3.889,0,0
12.95,77.65,5,16,0,0,0.0,0,0
12.95,77.66,5,16,0,0,0.0,0,0
12.95,77.67,5,16,0,0,0.0,2,0
12.96,74.78,14,12,0,0,0.0,0,0
12.96,74.79,14,12,0,0,0.0,2,0
12.96,74.8,14,12,0,0,0.0,0,0
12.96,74.81,14,12,0,0,0.0,0,0
12.96,74.82,14,12,0,0,0.0,0,0
12.96,74.83,14,12,0,0,0.0,0,0
12.96,74.84,14,12,0,0,0.0,2,0
12.96,74.85,14,12,0,0,0.0,0,0
12.96,74.86,14,12,0,1,2.692,0,0
12.96,74.87,14,12,0,0,0.0,2,0
12.96,74.88,14,12,0,0,0.0,0,0
12.96,74.89,14,12,0,0,0.0,0,0
12.96,74.9,14,12,0,0,0.0,0,0
12.96,74.91,14,12,0,0,0.0,0,0
12.96,74.92,14,12,0,0,0.0,0,0
12.96,74.93,14,12,0,0,0.0,2,0
12.96,76.02,9,10,0,0,0.0,0,0
12.96,76.04,9,10,0,0,0.0,1,0
12.96,76.05,9,10,0,0,0.0,3,0
12.96,76.06,9,10,0,0,0.0,1,1
12.96,76.07,9,10,0,0,0.0,2,1
12.96,76.08,9,10,0,0,0.0,0,0
12.96,76.09,9,10,0,0,0.0,0,0
12.96,76.11,9,10,0,0,0.0,2,0
12.96,76.12,9,10,0,0,0.0,0,0
12.96,76.13,9,10,0,0,0.0,1,0
12.96,76.14,9,10,0,0,0.0,0,0
12.96,76.15,9,10,0,0,0.0,0,0
12.96,76.16,9,10,0,0,0.0,2,1
12.96,76.17,9,10,0,0,0.0,3,0
12.96,77.52,5,16,0,0,0.0,0,0
12.96,77.53,5,16,0,0,0.0,0,0
12.96,77.54,5,16,0,0,0.0,1,1
12.96,77.55,5,16,0,0,0.0,0,0
12.96,77.56,5,16,0,0,0.0,0,0
12.96,77.57,5,16,0,0,0.0,0,1
12.96,77.58,5,16,0,0,0.0,1,0
12.96,77.59,5,16,0,0,0.0,2,0
12.96,77.6,5,16,0,0,0.0,0,0
12.96,77.61,5,16,0,0,0.0,1,0
12.96,77.62,5,16,0,0,0.0,1,0
12.96,77.63,5,16,0,0,0.0,0,0
12.96,77.64,5,16,0,0,0.0,0,0
12.96,77.65,5,16,0,0,0.0,0,0
12.96,77.66,5,16,0,0,0.0,1,0
12.96,77.67,5,16,0,0,0.0,0,0
12.97,74.78,14,12,0,0,0.0,0,1
12.97,74.79,14,12,0,0,0.0,0,0
12.97,74.8,14,12,0,0,0.0,3,0
12.97,74.81,14,12,0,0,0.0,0,0
12.97,74.82,14,12,0,0,0.0,1,0
12.97,74.83,14,12,0,0,0.0,1,0
12.97,74.84,14,12,0,0,0.0,2,0
12.97,74.85,14,12,0,0,0.0,0,0
12.97,74.86,14,12,0,0,0.0,0,0
12.97,74.87,14,12,0,0,0.0,1,0
12.97,74.88,14,12,0,0,0.0,3,0
12.97,74.89,14,12,0,0,0.0,1,0
12.97,74.9,14,12,0,1,2.692,2,0
12.97,74.91,14,12,0,0,0.0,2,0
12.97,74.92,14,12,0,0,0.0,0,0
12.97,74.93,14,12,0,0,0.0,0,0
12.97,76.02,9,10,0,0,0.0,2,0
12.97,76.03,9,10,0,0,0.0,0,0
12.97,76.04,9,10,0,0,0.0,1,0
12.97,76.05,9,10,0,0,0.0,0,0
12.97,76.06,9,10,0,0,0.0,3,0
12.97,76.07,9,10,0,1,2.5,2,0
12.97,76.09,9,10,0,0,0.0,2,0
12.97,76.11,9,10,0,1,2.5,0,0
12.97,76.12,9,10,0,0,0.0,0,0
12.97,76.13,9,10,0,0,0.0,0,0
12.97,76.15,9,10,0,0,0.0,2,0
12.97,76.16,9,10,0,0,0.0,1,0
12.97,76.17,9,10,0,0,0.0,0,0
12.97,76.18,9,10,0,0,0.0,0,0
12.97,77.52,5,16,0,0,0.0,0,0
12.97,77.53,5,16,0,0,0.0,1,0
12.97,77.54,5,16,0,0,0.0,1,0
12.97,77.55,5,16,0,0,0.0,1,0
12.97,77.56,5,16,0,0,0.0,1,1
12.97,77.57,5,16,0,0,0.0,2,1
12.97,77.58,5,16,0,0,0.0,0,0
12.97,77.59,5,16,1,1,3.889,2,0
12.97,77.6,5,16,0,0,0.0,2,0
12.97,77.61,5,16,0,0,0.0,0,0
12.97,77.62,5,16,0,0,0.0,2,0
12.97,77.63,5,16,0,0,0.0,1,0
12.97,77.64,5,16,0,0,0.0,1,0
12.97,77.65,5,16,0,0,0.0,1,0
12.97,77.66,5,16,0,0,0.0,2,0
12.97,77.67,5,16,0,0,0.0,3,0
12.98,74.78,14,12,0,0,0.0,1,0
12.98,74.79,14,12,0,0,0.0,3,0
12.98,74.8,14,12,0,0,0.0,0,0
12.98,74.81,14,12,0,0,0.0,2,0
12.98,74.82,14,12,0,0,0.0,1,1
12.98,74.83,14,12,0,0,0.0,2,0
12.98,74.84,14,12,0,0,0.0,0,0
12.98,74.86,14,12,0,0,0.0,0,0
12.98,74.87,14,12,0,0,0.0,1,0
12.98,74.89,14,12,0,0,0.0,2,0
12.98,74.9,14,12,0,0,0.0,0,0
12.98,74.91,14,12,0,0,0.0,3,0
12.98,74.92,14,12,0,0,0.0,0,1
12.98,74.93,14,12,0,0,0.0,0,0
12.98,74.94,14,12,0,0,0.0,0,0
12.98,76.03,9,10,0,0,0.0,0,0
12.98,76.04,9,10,0,0,0.0,0,0
12.98,76.05,9,10,0,0,0.0,1,0
12.98,76.06,9,10,0,0,0.0,1,0
12.98,76.07,9,10,0,0,0.0,1,1
12.98,76.08,9,10,0,0,0.0,0,0
12.98,76.09,9,10,0,0,0.0,0,0
12.98,76.11,9,10,0,0,0.0,0,0
12.98,76.12,9,10,0,0,0.0,0,0
12.98,76.13,9,10,1,1,2.5,0,0
12.98,76.14,9,10,0,0,0.0,1,1
12.98,76.15,9,10,0,0,0.0,0,0
12.98,76.16,9,10,0,0,0.0,1,0
12.98,76.17,9,10,0,0,0.0,1,0
12.98,76.18,9,10,0,0,0.0,0,0
12.98,77.51,5,16,0,0,0.0,1,0
12.98,77.52,5,16,0,0,0.0,1,0
12.98,77.53,5,16,0,0,0.0,1,0
12.98,77.54,5,16,0,0,0.0,1,0
12.98,77.55,5,16,0,1,3.889,0,0
12.98,77.56,5,16,0,0,0.0,2,0
12.98,77.57,5,16,0,0,0.0,0,0
12.98,77.58,5,16,0,0,0.0,3,0
12.98,77.59,5,16,0,0,0.0,1,0
12.98,77.6,5,16,0,0,0.0,1,0
12.98,77.61,5,16,0,0,0.0,3,0
12.98,77.62,5,16,0,0,0.0,2,0
12.98,77.63,5,16,0,0,0.0,0,0
12.98,77.64,5,16,0,0,0.0,3,0
12.98,77.65,5,16,0,0,0.0,0,0
12.98,77.66,5,16,0,0,0.0,0,0
12.98,77.67,5,16,0,0,0.0,0,1
12.99,74.78,14,12,0,0,0.0,2,0
12.99,74.79,14,12,0,0,0.0,1,0
12.99,74.8,14,12,0,0,0.0,1,0
12.99,74.81,14,12,0,0,0.0,2,0
12.99,74.82,14,12,0,0,0.0,0,0
12.99,74.83,14,12,0,0,0.0,1,0
12.99,74.84,14,12,0,0,0.0,1,0
12.99,74.85,14,12,0,0,0.0,2,0
12.99,74.86,14,12,0,0,0.0,2,1
12.99,74.87,14,12,0,0,0.0,2,0
12.99,74.88,14,12,0,0,0.0,1,0
12.99,74.89,14,12,0,0,0.0,0,0
12.99,74.9,14,12,0,0,0.0,0,0
12.99,74.91,14,12,0,0,0.0,2,0
12.99,74.92,14,12,0,0,0.0,0,0
12.99,74.93,14,12,0,0,0.0,2,0
12.99,74.94,14,12,0,0,0.0,2,0
12.99,76.03,9,10,0,0,0.0,0,0
12.99,76.04,9,10,0,0,0.0,1,1
12.99,76.05,9,10,0,0,0.0,2,0
12.99,76.06,9,10,0,0,0.0,0,0
12.99,76.07,9,10,0,0,0.0,0,0
12.99,76.08,9,10,0,0,0.0,1,1
12.99,76.09,9,10,0,0,0.0,1,0
12.99,76.1,9,10,0,0,0.0,0,0
12.99,76.11,9,10,0,0,0.0,0,0
12.99,76.12,9,10,0,0,0.0,2,0
12.99,76.13,9,10,1,1,2.5,0,0
12.99,76.14,9,10,0,0,0.0,3,1
12.99,76.15,9,10,0,0,0.0,0,1
12.99,76.16,9,10,0,1,2.5,3,0
12.99,76.17,9,10,0,0,0.0,0,0
12.99,77.51,5,16,0,0,0.0,1,0
12.99,77.52,5,16,0,0,0.0,2,0
12.99,77.53,5,16,0,0,0.0,1,0
12.99,77.54,5,16,0,0,0.0,1,0
12.99,77.55,5,16,0,0,0.0,3,0
12.99,77.56,5,16,0,0,0.0,0,1
12.99,77.57,5,16,0,0,0.0,0,0
12.99,77.59,5,16,0,0,0.0,1,0
12.99,77.6,5,16,0,0,0.0,1,0
12.99,77.61,5,16,0,0,0.0,0,1
12.99,77.62,5,16,0,1,3.889,0,0
12.99,77.63,5,16,0,0,0.0,1,0
12.99,77.64,5,16,0,0,0.0,1,1
12.99,77.66,5,16,0,0,0.0,0,1
12.99,77.67,5,16,0,0,0.0,2,1
12.9,74.78,14,12,0,0,0.0,0,0
12.9,74.79,14,12,0,0,0.0,0,1
12.9,74.8,14,12,1,1,2.692,3,0
12.9,74.82,14,12,0,0,0.0,2,0
12.9,74.83,14,12,0,0,0.0,0,0
12.9,74.84,14,12,0,0,0.0,1,0
12.9,74.85,14,12,0,0,0.0,0,0
12.9,74.86,14,12,0,0,0.0,2,0
12.9,74.88,14,12,0,0,0.0,3,0
12.9,74.89,14,12,0,0,0.0,0,0
12.9,74.9,14,12,0,0,0.0,3,0
12.9,74.91,14,12,0,0,0.0,0,0
12.9,74.92,14,12,0,0,0.0,0,0
12.9,74.93,14,12,0,0,0.0,3,0
12.9,74.94,14,12,0,0,0.0,1,0
12.9,77.52,5,16,0,0,0.0,0,0
12.9,77.53,5,16,0,0,0.0,2,0
12.9,77.54,5,16,0,0,0.0,0,0
12.9,77.55,5,16,0,0,0.0,1,0
12.9,77.56,5,16,0,0,0.0,0,0
12.9,77.57,5,16,0,0,0.0,0,0
12.9,77.58,5,16,0,0,0.0,2,0
12.9,77.59,5,16,0,0,0.0,0,0
12.9,77.6,5,16,0,0,0.0,0,0
12.9,77.61,5,16,0,0,0.0,3,0
12.9,77.62,5,16,1,1,3.889,0,0
12.9,77.64,5,16,0,0,0.0,2,0
12.9,77.65,5,16,0,0,0.0,0,0
12.9,77.66,5,16,0,0,0.0,3,0
12.9,77.67,5,16,0,0,0.0,1,0
13.01,76.02,9,10,0,0,0.0,1,0
13.01,76.03,9,10,0,0,0.0,1,0
13.01,76.04,9,10,0,0,0.0,1,0
13.01,76.06,9,10,0,0,0.0,3,0
13.01,76.07,9,10,0,0,0.0,0,0
13.01,76.08,9,10,0,0,0.0,0,0
13.01,76.09,9,10,0,0,0.0,3,0
13.01,76.1,9,10,0,0,0.0,2,0
13.01,76.11,9,10,0,0,0.0,1,0
13.01,76.12,9,10,0,0,0.0,0,0
13.01,76.14,9,10,0,1,2.5,1,0
13.01,76.15,9,10,0,0,0.0,0,0
13.01,76.16,9,10,0,0,0.0,1,0
13.01,76.17,9,10,0,0,0.0,0,0
13.01,76.18,9,10,0,0,0.0,0,0
13.01,77.52,5,16,0,0,0.0,0,0
13.01,77.54,5,16,0,0,0.0,1,0
13.01,77.55,5,16,0,0,0.0,0,0
13.01,77.56,5,16,0,0,0.0,2,0
13.01,77.57,5,16,0,0,0.0,0,0
13.01,77.58,5,16,0,0,0.0,2,0
13.01,77.59,5,16,0,0,0.0,2,0
13.01,77.6,5,16,0,0,0.0,0,0
13.01,77.61,5,16,0,0,0.0,1,0
13.01,77.62,5,16,0,0,0.0,1,0
13.01,77.63,5,16,0,0,0.0,1,1
13.01,77.64,5,16,0,0,0.0,2,0
13.01,77.65,5,16,0,0,0.0,1,0
13.01,77.66,5,16,0,0,0.0,0,0
13.01,77.67,5,16,0,0,0.0,0,0
13.02,76.02,9,10,0,1,2.5,0,0
13.02,76.03,9,10,0,0,0.0,3,0
13.02,76.04,9,10,0,0,0.0,0,0
13.02,76.05,9,10,0,0,0.0,1,0
13.02,76.06,9,10,0,1,2.5,0,0
13.02,76.07,9,10,0,1,2.5,2,0
13.02,76.1,9,10,0,0,0.0,2,0
13.02,76.11,9,10,0,0,0.0,3,0
13.02,76.12,9,10,0,0,0.0,1,0
13.02,76.13,9,10,0,0,0.0,1,0
13.02,76.14,9,10,0,0,0.0,0,0
13.02,76.16,9,10,0,0,0.0,2,0
13.02,76.17,9,10,0,0,0.0,1,0
13.02,76.18,9,10,0,0,0.0,1,0
13.02,77.52,5,16,0,0,0.0,0,0
13.02,77.53,5,16,0,0,0.0,0,0
13.02,77.54,5,16,0,0,0.0,2,0
13.02,77.56,5,16,0,0,0.0,2,0
13.02,77.57,5,16,0,0,0.0,0,0
13.02,77.58,5,16,0,0,0.0,1,0
13.02,77.59,5,16,0,0,0.0,2,0
13.02,77.6,5,16,0,0,0.0,0,0
13.02,77.61,5,16,0,0,0.0,0,1
13.02,77.62,5,16,0,0,0.0,0,1
13.02,77.63,5,16,0,0,0.0,0,0
13.02,77.64,5,16,0,0,0.0,1,0
13.02,77.65,5,16,0,0,0.0,1,0
13.02,77.67,5,16,0,0,0.0,2,0
13.03,76.02,9,10,0,0,0.0,1,1
13.03,76.03,9,10,0,0,0.0,0,0
13.03,76.04,9,10,0,0,0.0,0,1
13.03,76.05,9,10,0,0,0.0,1,0
13.03,76.06,9,10,0,0,0.0,1,0
13.03,76.07,9,10,0,0,0.0,1,0
13.03,76.08,9,10,0,0,0.0,0,1
13.03,76.09,9,10,0,1,2.5,0,0
13.03,76.1,9,10,0,0,0.0,1,0
13.03,76.11,9,10,0,0,0.0,0,0
13.03,76.12,9,10,0,0,0.0,2,0
13.03,76.13,9,10,0,0,0.0,3,0
13.03,76.14,9,10,0,0,0.0,1,0
13.03,76.15,9,10,0,0,0.0,0,0
13.03,76.16,9,10,0,0,0.0,0,0
13.03,76.18,9,10,0,0,0.0,1,0
13.03,77.52,5,16,0,0,0.0,3,0
13.03,77.53,5,16,0,0,0.0,1,0
13.03,77.54,5,16,0,0,0.0,0,0
13.03,77.55,5,16,0,0,0.0,3,0
13.03,77.56,5,16,0,0,0.0,0,0
13.03,77.59,5,16,0,0,0.0,0,0
13.03,77.6,5,16,0,0,0.0,0,0
13.03,77.61,5,16,0,0,0.0,0,0
13.03,77.62,5,16,0,0,0.0,0,0
13.03,77.63,5,16,0,0,0.0,1,1
13.03,77.64,5,16,0,0,0.0,1,0
13.03,77.65,5,16,0,0,0.0,2,0
13.03,77.66,5,16,0,1,3.889,1,0
13.03,77.67,5,16,0,0,0.0,3,0
13.04,76.02,9,10,0,0,0.0,0,1
13.04,76.03,9,10,0,0,0.0,1,0
13.04,76.04,9,10,0,0,0.0,2,1
13.04,76.05,9,10,0,0,0.0,0,0
13.04,76.06,9,10,0,0,0.0,2,0
13.04,76.07,9,10,0,0,0.0,1,0
13.04,76.08,9,10,0,0,0.0,0,0
13.04,76.09,9,10,0,0,0.0,2,0
13.04,76.1,9,10,0,0,0.0,0,0
13.04,76.11,9,10,0,0,0.0,2,0
13.04,76.12,9,10,0,0,0.0,0,0
13.04,76.13,9,10,0,0,0.0,1,0
13.04,76.14,9,10,0,0,0.0,1,0
13.04,76.15,9,10,0,0,0.0,0,0
13.04,76.16,9,10,0,0,0.0,0,0
13.04,76.17,9,10,0,0,0.0,0,0
13.04,76.18,9,10,0,0,0.0,0,0
13.04,77.52,5,16,0,0,0.0,1,0
13.04,77.53,5,16,0,0,0.0,1,0
13.04,77.54,5,16,0,0,0.0,0,0
13.04,77.55,5,16,0,0,0.0,1,0
13.04,77.56,5,16,0,1,3.889,1,0
13.04,77.57,5,16,0,0,0.0,0,0
13.04,77.58,5,16,0,0,0.0,0,0
13.04,77.59,5,16,0,0,0.0,0,1
13.04,77.6,5,16,0,0,0.0,1,0
13.04,77.61,5,16,0,0,0.0,1,0
13.04,77.62,5,16,0,0,0.0,0,0
13.04,77.63,5,16,0,0,0.0,1,0
13.04,77.64,5,16,0,0,0.0,0,0
13.04,77.65,5,16,0,0,0.0,0,0
13.04,77.66,5,16,0,0,0.0,0,0
13.04,77.67,5,16,0,0,0.0,0,1
13.05,76.02,9,10,0,0,0.0,0,0
13.05,76.03,9,10,0,0,0.0,1,0
13.05,76.04,9,10,0,0,0.0,1,0
13.05,76.05,9,10,0,0,0.0,0,0
13.05,76.06,9,10,0,0,0.0,3,0
13.05,76.07,9,10,0,0,0.0,0,0
13.05,76.08,9,10,0,0,0.0,1,0
13.05,76.1,9,10,0,0,0.0,0,0
13.05,76.11,9,10,0,0,0.0,2,0
13.05,76.12,9,10,0,0,0.0,0,0
13.05,76.13,9,10,0,0,0.0,2,0
13.05,76.15,9,10,0,0,0.0,2,0
13.05,76.16,9,10,0,0,0.0,2,0
13.05,76.17,9,10,0,0,0.0,1,0
13.05,76.18,9,10,0,0,0.0,1,0
13.05,77.53,5,16,0,0,0.0,3,0
13.05,77.54,5,16,0,0,0.0,1,0
13.05,77.55,5,16,0,0,0.0,1,0
13.05,77.56,5,16,0,0,0.0,3,0
13.05,77.57,5,16,0,0,0.0,1,0
13.05,77.58,5,16,0,0,0.0,2,0
13.05,77.59,5,16,0,0,0.0,3,0
13.05,77.6,5,16,0,0,0.0,1,0
13.05,77.62,5,16,0,0,0.0,1,1
13.05,77.63,5,16,0,0,0.0,2,0
13.05,77.65,5,16,0,0,0.0,1,1
13.05,77.66,5,16,0,0,0.0,2,0
13.05,77.67,5,16,0,0,0.0,0,0
13.06,76.02,9,10,0,0,0.0,2,0
13.06,76.03,9,10,0,0,0.0,0,0
13.06,76.04,9,10,0,1,2.5,0,0
13.06,76.05,9,10,0,0,0.0,0,0
13.06,76.06,9,10,0,0,0.0,1,0
13.06,76.07,9,10,0,0,0.0,0,0
13.06,76.08,9,10,0,0,0.0,1,0
13.06,76.09,9,10,0,0,0.0,1,0
13.06,76.1,9,10,0,0,0.0,0,0
13.06,76.11,9,10,0,0,0.0,1,0
13.06,76.12,9,10,0,0,0.0,0,0
13.06,76.13,9,10,0,0,0.0,3,0
13.06,76.14,9,10,0,0,0.0,1,0
13.06,76.15,9,10,0,0,0.0,2,0
13.06,76.16,9,10,0,0,0.0,0,0
13.06,76.17,9,10,0,0,0.0,1,0
13.06,76.18,9,10,0,0,0.0,0,0
13.06,78.06,12,14,0,0,0.0,1,0
13.06,78.07,12,14,0,0,0.0,0,0
13.06,78.08,12,14,0,0,0.0,0,0
13.06,78.09,12,14,0,0,0.0,0,0
13.06,78.1,12,14,0,0,0.0,0,0
13.06,78.11,12,14,0,0,0.0,1,0
13.06,78.12,12,14,0,0,0.0,2,0
13.06,78.13,12,14,0,0,0.0,1,0
13.06,78.14,12,14,0,0,0.0,0,0
13.06,78.15,12,14,0,0,0.0,1,1
13.06,78.16,12,14,1,1,1.591,1,1
13.06,78.17,12,14,0,0,0.0,0,0
13.06,78.18,12,14,0,0,0.0,2,0
13.06,78.2,12,14,0,0,0.0,0,0
13.06,78.21,12,14,0,0,0.0,3,0
13.07,76.02,9,10,0,0,0.0,1,0
13.07,76.03,9,10,0,0,0.0,0,0
13.07,76.04,9,10,0,0,0.0,1,0
13.07,76.05,9,10,0,0,0.0,2,0
13.07,76.06,9,10,0,0,0.0,0,0
13.07,76.07,9,10,0,0,0.0,1,0
13.07,76.08,9,10,0,0,0.0,1,0
13.07,76.09,9,10,0,0,0.0,1,0
13.07,76.1,9,10,0,0,0.0,1,0
13.07,76.11,9,10,0,0,0.0,0,0
13.07,76.12,9,10,0,0,0.0,0,0
13.07,76.13,9,10,0,0,0.0,0,1
13.07,76.14,9,10,0,0,0.0,2,0
13.07,76.15,9,10,0,0,0.0,0,0
13.07,76.16,9,10,0,1,2.5,3,0
13.07,76.17,9,10,0,0,0.0,2,0
13.07,76.18,9,10,0,0,0.0,3,1
13.07,78.05,12,14,0,0,0.0,0,0
13.07,78.06,12,14,0,0,0.0,1,0
13.07,78.07,12,14,0,0,0.0,0,0
13.07,78.08,12,14,0,0,0.0,1,0
13.07,78.09,12,14,0,0,0.0,1,0
13.07,78.1,12,14,0,0,0.0,2,0
13.07,78.11,12,14,0,0,0.0,2,0
13.07,78.12,12,14,0,0,0.0,0,0
13.07,78.13,12,14,0,0,0.0,0,1
13.07,78.15,12,14,0,0,0.0,0,0
13.07,78.16,12,14,0,1,1.591,0,0
13.07,78.17,12,14,0,0,0.0,0,0
13.07,78.19,12,14,0,0,0.0,1,0
13.07,78.21,12,14,0,1,1.591,1,0
13.08,76.03,9,10,0,0,0.0,0,0
13.08,76.04,9,10,0,0,0.0,1,0
13.08,76.05,9,10,0,0,0.0,0,0
13.08,76.06,9,10,0,0,0.0,1,0
13.08,76.07,9,10,0,0,0.0,1,0
13.08,76.08,9,10,0,0,0.0,0,0
13.08,76.09,9,10,0,0,0.0,0,0
13.08,76.1,9,10,0,0,0.0,1,0
13.08,76.11,9,10,0,0,0.0,1,0
13.08,76.12,9,10,0,0,0.0,0,0
13.08,76.13,9,10,0,0,0.0,0,0
13.08,76.14,9,10,0,0,0.0,3,0
13.08,76.15,9,10,0,0,0.0,2,0
13.08,76.16,9,10,0,0,0.0,0,0
13.08,76.17,9,10,0,0,0.0,3,0
13.08,76.18,9,10,0,0,0.0,2,0
13.08,78.05,12,14,0,0,0.0,2,0
13.08,78.06,12,14,0,0,0.0,2,0
13.08,78.08,12,14,0,0,0.0,3,0
13.08,78.09,12,14,0,0,0.0,0,0
13.08,78.1,12,14,0,0,0.0,0,0
13.08,78.11,12,14,0,0,0.0,2,0
13.08,78.13,12,14,0,0,0.0,1,0
13.08,78.14,12,14,0,0,0.0,1,0
13.08,78.15,12,14,0,0,0.0,2,0
13.08,78.16,12,14,0,0,0.0,2,0
13.08,78.17,12,14,0,0,0.0,0,1
13.08,78.18,12,14,0,0,0.0,2,0
13.08,78.19,12,14,0,0,0.0,0,1
13.08,78.2,12,14,0,1,1.591,1,0
13.08,78.21,12,14,0,0,0.0,3,0
13.09,78.05,12,14,0,0,0.0,2,0
13.09,78.06,12,14,0,0,0.0,3,0
13.09,78.07,12,14,0,1,1.591,2,0
13.09,78.08,12,14,0,1,1.591,0,0
13.09,78.09,12,14,0,0,0.0,1,0
13.09,78.1,12,14,0,0,0.0,1,0
13.09,78.11,12,14,0,0,0.0,1,0
13.09,78.12,12,14,0,0,0.0,1,1
13.09,78.13,12,14,0,0,0.0,0,0
13.09,78.14,12,14,0,0,0.0,3,1
13.09,78.15,12,14,0,0,0.0,1,1
13.09,78.16,12,14,0,0,0.0,3,1
13.09,78.17,12,14,0,0,0.0,2,0
13.09,78.18,12,14,0,0,0.0,0,0
13.09,78.19,12,14,0,0,0.0,0,0
13.09,78.2,12,14,0,0,0.0,1,0
13.09,78.21,12,14,0,0,0.0,0,0
13.0,76.03,9,10,0,0,0.0,0,0
13.0,76.04,9,10,0,0,0.0,0,0
13.0,76.05,9,10,0,0,0.0,0,0
13.0,76.06,9,10,0,0,0.0,1,0
13.0,76.07,9,10,0,0,0.0,0,0
13.0,76.08,9,10,0,0,0.0,3,0
13.0,76.09,9,10,0,0,0.0,1,0
13.0,76.11,9,10,0,0,0.0,0,1
13.0,76.12,9,10,0,0,0.0,3,0
13.0,76.13,9,10,0,0,0.0,1,0
13.0,76.14,9,10,0,0,0.0,0,0
13.0,76.15,9,10,0,0,0.0,1,0
13.0,76.17,9,10,0,0,0.0,1,0
13.0,77.52,5,16,0,0,0.0,0,0
13.0,77.53,5,16,0,0,0.0,3,0
13.0,77.54,5,16,0,0,0.0,1,1
13.0,77.55,5,16,0,0,0.0,1,1
13.0,77.56,5,16,0,0,0.0,0,0
13.0,77.57,5,16,0,0,0.0,0,0
13.0,77.58,5,16,0,0,0.0,0,1
13.0,77.59,5,16,0,0,0.0,2,0
13.0,77.6,5,16,0,0,0.0,3,0
13.0,77.61,5,16,0,0,0.0,0,0
13.0,77.63,5,16,0,0,0.0,0,0
13.0,77.64,5,16,0,0,0.0,0,1
13.0,77.65,5,16,0,0,0.0,0,1
13.0,77.66,5,16,0,0,0.0,0,0
13.0,77.67,5,16,0,0,0.0,1,0
13.11,78.05,12,14,0,0,0.0,2,0
13.11,78.06,12,14,0,0,0.0,3,1
13.11,78.07,12,14,0,0,0.0,3,0
13.11,78.08,12,14,0,0,0.0,1,0
13.11,78.09,12,14,0,0,0.0,3,0
13.11,78.1,12,14,0,0,0.0,0,0
13.11,78.11,12,14,0,0,0.0,3,0
13.11,78.12,12,14,0,1,1.591,1,0
13.11,78.13,12,14,0,0,0.0,3,0
13.11,78.14,12,14,0,0,0.0,0,0
13.11,78.15,12,14,0,0,0.0,1,0
13.11,78.16,12,14,0,0,0.0,1,0
13.11,78.17,12,14,0,0,0.0,0,0
13.11,78.18,12,14,0,0,0.0,0,0
13.11,78.19,12,14,0,0,0.0,0,0
13.11,78.2,12,14,0,0,0.0,2,0
13.12,78.06,12,14,0,0,0.0,2,0
13.12,78.07,12,14,0,0,0.0,0,1
13.12,78.08,12,14,0,0,0.0,3,0
13.12,78.09,12,14,0,0,0.0,1,0
13.12,78.1,12,14,0,0,0.0,1,0
13.12,78.11,12,14,0,0,0.0,3,1
13.12,78.12,12,14,0,0,0.0,0,0
13.12,78.13,12,14,0,0,0.0,1,0
13.12,78.14,12,14,0,1,1.591,0,0
13.12,78.15,12,14,0,0,0.0,1,0
13.12,78.16,12,14,0,0,0.0,0,0
13.12,78.17,12,14,0,1,1.591,0,0
13.12,78.18,12,14,0,0,0.0,1,0
13.12,78.19,12,14,0,0,0.0,1,0
13.12,78.2,12,14,1,1,1.591,0,0
13.13,78.06,12,14,0,0,0.0,0,0
13.13,78.07,12,14,0,0,0.0,0,0
13.13,78.08,12,14,0,0,0.0,0,0
13.13,78.09,12,14,0,0,0.0,3,0
13.13,78.11,12,14,0,0,0.0,1,0
13.13,78.12,12,14,0,0,0.0,1,0
13.13,78.13,12,14,0,0,0.0,0,0
13.13,78.14,12,14,0,0,0.0,1,0
13.13,78.15,12,14,0,0,0.0,0,0
13.13,78.16,12,14,0,0,0.0,2,0
13.13,78.17,12,14,0,0,0.0,0,0
13.13,78.18,12,14,0,0,0.0,0,0
13.13,78.19,12,14,0,0,0.0,2,0
13.13,78.2,12,14,0,0,0.0,2,0
13.13,78.21,12,14,0,0,0.0,0,0
13.14,78.05,12,14,0,0,0.0,1,1
13.14,78.06,12,14,0,0,0.0,0,0
13.14,78.07,12,14,0,1,1.591,1,0
13.14,78.08,12,14,0,0,0.0,3,0
13.14,78.09,12,14,0,0,0.0,0,0
13.14,78.1,12,14,0,0,0.0,0,0
13.14,78.11,12,14,0,0,0.0,1,0
13.14,78.12,12,14,0,0,0.0,1,0
13.14,78.14,12,14,0,0,0.0,1,0
13.14,78.15,12,14,0,0,0.0,0,0
13.14,78.17,12,14,0,0,0.0,0,0
13.14,78.18,12,14,0,0,0.0,0,0
13.14,78.19,12,14,0,0,0.0,1,0
13.14,78.2,12,14,0,0,0.0,1,0
13.14,78.21,12,14,0,0,0.0,1,0
13.15,78.05,12,14,0,0,0.0,0,0
13.15,78.06,12,14,0,0,0.0,1,0
13.15,78.07,12,14,0,0,0.0,0,0
13.15,78.08,12,14,0,0,0.0,3,0
13.15,78.09,12,14,0,0,0.0,2,0
13.15,78.1,12,14,0,0,0.0,0,0
13.15,78.11,12,14,0,0,0.0,0,0
13.15,78.13,12,14,0,0,0.0,0,0
13.15,78.14,12,14,0,0,0.0,1,0
13.15,78.15,12,14,0,0,0.0,2,0
13.15,78.16,12,14,0,0,0.0,0,0
13.15,78.17,12,14,0,0,0.0,0,0
13.15,78.18,12,14,0,0,0.0,0,0
13.15,78.19,12,14,0,1,1.591,1,1
13.15,78.2,12,14,0,0,0.0,0,0
13.15,78.21,12,14,0,0,0.0,3,0
13.16,78.05,12,14,0,0,0.0,2,0
13.16,78.06,12,14,0,0,0.0,0,0
13.16,78.07,12,14,0,0,0.0,1,0
13.16,78.08,12,14,0,0,0.0,3,0
13.16,78.09,12,14,0,0,0.0,0,1
13.16,78.1,12,14,0,0,0.0,1,0
13.16,78.11,12,14,0,0,0.0,1,0
13.16,78.12,12,14,0,0,0.0,3,0
13.16,78.14,12,14,0,0,0.0,3,0
13.16,78.15,12,14,0,0,0.0,0,0
13.16,78.16,12,14,0,0,0.0,3,0
13.16,78.17,12,14,1,1,1.591,0,0
13.16,78.18,12,14,0,0,0.0,1,0
13.16,78.19,12,14,0,0,0.0,3,0
13.16,78.2,12,14,0,0,0.0,0,0
13.16,78.21,12,14,0,0,0.0,0,0
13.17,78.05,12,14,0,0,0.0,0,0
13.17,78.06,12,14,0,0,0.0,1,0
13.17,78.07,12,14,0,0,0.0,2,1
13.17,78.08,12,14,0,0,0.0,1,0
13.17,78.09,12,14,0,0,0.0,0,0
13.17,78.1,12,14,0,0,0.0,1,0
13.17,78.11,12,14,0,0,0.0,0,1
13.17,78.12,12,14,0,1,1.591,0,1
13.17,78.13,12,14,0,0,0.0,0,0
13.17,78.14,12,14,0,0,0.0,0,0
13.17,78.16,12,14,0,0,0.0,1,0
13.17,78.17,12,14,0,0,0.0,0,0
13.17,78.18,12,14,1,1,1.591,0,0
13.17,78.19,12,14,0,0,0.0,2,0
13.17,78.21,12,14,0,0,0.0,1,0
13.18,78.07,12,14,0,0,0.0,2,0
13.18,78.08,12,14,0,0,0.0,0,0
13.18,78.09,12,14,0,0,0.0,0,0
13.18,78.1,12,14,0,0,0.0,1,0
13.18,78.11,12,14,0,0,0.0,1,0
13.18,78.12,12,14,0,0,0.0,0,0
13.18,78.13,12,14,0,1,1.591,3,0
13.18,78.14,12,14,0,0,0.0,0,0
13.18,78.15,12,14,0,0,0.0,0,0
13.18,78.16,12,14,0,0,0.0,3,0
13.18,78.18,12,14,0,0,0.0,0,0
13.18,78.19,12,14,0,0,0.0,0,0
13.18,78.2,12,14,0,0,0.0,1,0
13.19,78.06,12,14,0,0,0.0,0,0
13.19,78.07,12,14,0,0,0.0,0,0
13.19,78.08,12,14,0,0,0.0,0,0
13.19,78.09,12,14,0,0,0.0,0,0
13.19,78.1,12,14,0,0,0.0,1,0
13.19,78.11,12,14,1,1,1.591,2,0
13.19,78.12,12,14,0,0,0.0,2,0
13.19,78.14,12,14,1,1,1.591,3,0
13.19,78.15,12,14,0,0,0.0,2,0
13.19,78.16,12,14,0,0,0.0,1,0
13.19,78.17,12,14,0,0,0.0,0,0
13.19,78.18,12,14,0,0,0.0,1,0
13.19,78.19,12,14,0,1,1.591,0,0
13.19,78.2,12,14,0,0,0.0,1,0
13.19,78.21,12,14,0,0,0.0,1,0
13.1,78.06,12,14,0,0,0.0,1,0
13.1,78.07,12,14,0,0,0.0,1,0
13.1,78.08,12,14,0,0,0.0,0,0
13.1,78.09,12,14,0,0,0.0,0,0
13.1,78.1,12,14,0,0,0.0,0,0
13.1,78.11,12,14,0,0,0.0,1,0
13.1,78.12,12,14,0,0,0.0,0,0
13.1,78.13,12,14,0,0,0.0,0,0
13.1,78.14,12,14,0,0,0.0,1,0
13.1,78.15,12,14,0,0,0.0,1,0
13.1,78.16,12,14,0,0,0.0,1,0
13.1,78.17,12,14,0,1,1.591,3,0
13.1,78.19,12,14,0,0,0.0,0,0
13.1,78.2,12,14,0,0,0.0,1,0
13.1,78.21,12,14,0,0,0.0,3,0
13.21,77.48,4,11,0,0,0.0,2,0
13.21,77.49,4,11,0,0,0.0,0,0
13.21,77.5,4,11,0,0,0.0,0,0
13.21,77.51,4,11,0,0,0.0,0,0
13.21,77.52,4,11,0,0,0.0,1,0
13.21,77.53,4,11,0,1,3.182,2,0
13.21,77.54,4,11,0,0,0.0,1,0
13.21,77.55,4,11,0,0,0.0,0,0
13.21,77.56,4,11,0,0,0.0,0,0
13.21,77.57,4,11,0,0,0.0,0,0
13.21,77.58,4,11,0,0,0.0,3,0
13.21,77.59,4,11,0,0,0.0,1,0
13.21,77.6,4,11,0,0,0.0,0,1
13.21,77.61,4,11,0,0,0.0,0,0
13.21,77.62,4,11,0,0,0.0,0,0
13.21,78.05,12,14,0,0,0.0,0,0
13.21,78.06,12,14,0,0,0.0,3,0
13.21,78.07,12,14,0,0,0.0,0,0
13.21,78.09,12,14,0,0,0.0,0,1
13.21,78.1,12,14,0,0,0.0,1,1
13.21,78.11,12,14,0,0,0.0,1,0
13.21,78.13,12,14,0,0,0.0,2,0
13.21,78.14,12,14,0,0,0.0,1,0
13.21,78.15,12,14,0,0,0.0,0,0
13.21,78.16,12,14,0,0,0.0,0,0
13.21,78.18,12,14,0,0,0.0,1,0
13.21,78.19,12,14,0,0,0.0,0,0
13.21,78.2,12,14,0,0,0.0,2,0
13.21,78.21,12,14,0,1,1.591,2,0
13.22,77.48,4,11,0,0,0.0,1,0
13.22,77.5,4,11,0,0,0.0,0,1
13.22,77.51,4,11,0,0,0.0,0,0
13.22,77.52,4,11,0,0,0.0,3,0
13.22,77.53,4,11,0,0,0.0,0,0
13.22,77.55,4,11,0,1,3.182,1,0
13.22,77.57,4,11,0,0,0.0,0,1
13.22,77.58,4,11,0,0,0.0,0,0
13.22,77.6,4,11,0,0,0.0,0,1
13.22,77.61,4,11,0,1,3.182,0,0
13.22,77.62,4,11,0,0,0.0,0,0
13.22,77.63,4,11,0,0,0.0,0,0
13.22,78.09,12,14,0,0,0.0,0,0
13.22,78.15,12,14,0,0,0.0,1,0
13.22,78.16,12,14,0,0,0.0,0,0
13.22,78.17,12,14,0,0,0.0,2,0
13.23,77.48,4,11,0,0,0.0,0,0
13.23,77.49,4,11,0,0,0.0,1,0
13.23,77.5,4,11,0,0,0.0,0,0
13.23,77.51,4,11,0,0,0.0,1,0
13.23,77.52,4,11,0,0,0.0,0,0
13.23,77.53,4,11,0,0,0.0,2,1
13.23,77.54,4,11,0,0,0.0,0,0
13.23,77.55,4,11,0,0,0.0,3,0
13.23,77.56,4,11,0,0,0.0,2,0
13.23,77.57,4,11,0,0,0.0,1,0
13.23,77.58,4,11,0,0,0.0,0,0
13.23,77.6,4,11,0,0,0.0,3,0
13.23,77.61,4,11,0,1,3.182,0,0
13.23,77.62,4,11,0,0,0.0,2,0
13.23,77.63,4,11,0,0,0.0,1,0
13.24,75.69,7,20,0,0,0.0,0,0
13.24,75.7,7,20,0,0,0.0,2,0
13.24,75.71,7,20,0,0,0.0,2,0
13.24,75.72,7,20,0,0,0.0,1,0
13.24,75.73,7,20,0,0,0.0,0,0
13.24,75.74,7,20,0,0,0.0,1,1
13.24,75.75,7,20,0,0,0.0,0,0
13.24,75.76,7,20,0,0,0.0,2,0
13.24,75.77,7,20,0,0,0.0,0,0
13.24,75.78,7,20,0,0,0.0,0,0
13.24,75.79,7,20,0,0,0.0,1,0
13.24,75.8,7,20,0,0,0.0,1,1
13.24,75.81,7,20,0,0,0.0,2,1
13.24,75.83,7,20,0,0,0.0,2,0
13.24,75.84,7,20,0,0,0.0,1,0
13.24,75.85,7,20,0,0,0.0,3,0
13.24,77.48,4,11,0,0,0.0,2,0
13.24,77.49,4,11,0,0,0.0,1,0
13.24,77.5,4,11,0,0,0.0,1,0
13.24,77.51,4,11,0,0,0.0,2,0
13.24,77.52,4,11,0,0,0.0,3,0
13.24,77.53,4,11,0,0,0.0,2,0
13.24,77.54,4,11,0,0,0.0,0,0
13.24,77.56,4,11,0,0,0.0,3,0
13.24,77.57,4,11,0,0,0.0,1,0
13.24,77.58,4,11,0,0,0.0,0,0
13.24,77.59,4,11,0,0,0.0,0,0
13.24,77.6,4,11,0,0,0.0,0,0
13.24,77.61,4,11,0,0,0.0,1,0
13.24,77.62,4,11,0,0,0.0,0,0
13.25,75.7,7,20,0,0,0.0,0,0
13.25,75.71,7,20,0,0,0.0,2,0
13.25,75.72,7,20,0,0,0.0,0,0
13.25,75.74,7,20,0,0,0.0,1,0
13.25,75.75,7,20,0,0,0.0,0,0
13.25,75.76,7,20,0,0,0.0,3,0
13.25,75.77,7,20,0,0,0.0,0,0
13.25,75.78,7,20,0,1,3.889,1,0
13.25,75.79,7,20,0,0,0.0,2,0
13.25,75.81,7,20,0,0,0.0,0,0
13.25,75.82,7,20,0,0,0.0,0,0
13.25,75.83,7,20,0,0,0.0,0,0
13.25,75.84,7,20,0,0,0.0,0,1
13.25,75.85,7,20,0,0,0.0,0,0
13.25,77.49,4,11,0,0,0.0,0,1
13.25,77.5,4,11,0,0,0.0,0,0
13.25,77.52,4,11,0,0,0.0,1,0
13.25,77.53,4,11,0,0,0.0,0,0
13.25,77.54,4,11,0,0,0.0,0,0
13.25,77.55,4,11,0,0,0.0,0,0
13.25,77.56,4,11,0,0,0.0,0,0
13.25,77.57,4,11,0,0,0.0,1,0
13.25,77.58,4,11,0,0,0.0,0,0
13.25,77.59,4,11,0,0,0.0,1,0
13.25,77.6,4,11,0,0,0.0,0,0
13.25,77.61,4,11,0,0,0.0,1,0
13.25,77.62,4,11,0,0,0.0,0,1
13.25,77.63,4,11,0,0,0.0,0,0
13.26,74.67,19,7,0,0,0.0,0,0
13.26,74.69,19,7,0,0,0.0,1,0
13.26,74.7,19,7,0,0,0.0,3,0
13.26,74.73,19,7,0,0,0.0,2,0
13.26,74.74,19,7,0,0,0.0,0,0
13.26,74.75,19,7,0,0,0.0,2,0
13.26,74.76,19,7,0,0,0.0,1,0
13.26,74.8,19,7,0,0,0.0,0,0
13.26,74.81,19,7,0,0,0.0,2,0
13.26,74.82,19,7,0,0,0.0,1,0
13.26,75.7,7,20,0,0,0.0,0,0
13.26,75.71,7,20,0,0,0.0,0,0
13.26,75.72,7,20,0,0,0.0,1,0
13.26,75.73,7,20,0,0,0.0,1,0
13.26,75.74,7,20,0,0,0.0,1,0
13.26,75.75,7,20,0,0,0.0,1,0
13.26,75.76,7,20,0,0,0.0,0,0
13.26,75.77,7,20,1,1,3.889,1,0
13.26,75.78,7,20,0,0,0.0,0,1
13.26,75.79,7,20,0,0,0.0,0,0
13.26,75.8,7,20,0,0,0.0,3,0
13.26,75.81,7,20,1,1,3.889,1,0
13.26,75.82,7,20,0,0,0.0,3,0
13.26,75.83,7,20,0,0,0.0,1,0
13.26,75.84,7,20,0,0,0.0,3,0
13.26,75.85,7,20,0,0,0.0,0,0
13.26,77.02,18,13,0,0,0.0,0,0
13.26,77.03,18,13,0,0,0.0,0,0
13.26,77.05,18,13,0,0,0.0,0,0
13.26,77.06,18,13,0,0,0.0,1,0
13.26,77.08,18,13,0,0,0.0,1,0
13.26,77.09,18,13,0,0,0.0,3,0
13.26,77.11,18,13,0,0,0.0,2,0
13.26,77.12,18,13,0,0,0.0,0,0
13.26,77.13,18,13,0,0,0.0,1,0
13.26,77.15,18,13,0,0,0.0,0,0
13.26,77.16,18,13,0,0,0.0,0,0
13.26,77.48,4,11,0,0,0.0,1,0
13.26,77.49,4,11,0,0,0.0,0,1
13.26,77.5,4,11,0,0,0.0,1,0
13.26,77.51,4,11,0,0,0.0,0,0
13.26,77.52,4,11,0,0,0.0,2,0
13.26,77.53,4,11,0,0,0.0,2,0
13.26,77.55,4,11,0,0,0.0,1,0
13.26,77.56,4,11,0,0,0.0,2,0
13.26,77.57,4,11,0,0,0.0,3,0
13.26,77.58,4,11,0,0,0.0,1,0
13.26,77.59,4,11,0,0,0.0,0,1
13.26,77.6,4,11,0,0,0.0,1,1
13.26,77.61,4,11,0,0,0.0,0,1
13.26,77.62,4,11,0,0,0.0,3,1
13.26,77.63,4,11,0,0,0.0,0,1
13.27,74.67,19,7,0,1,1.944,2,0
13.27,74.68,19,7,0,0,0.0,0,0
13.27,74.69,19,7,0,0,0.0,0,0
13.27,74.7,19,7,0,0,0.0,0,0
13.27,74.71,19,7,0,0,0.0,1,0
13.27,74.72,19,7,0,0,0.0,1,1
13.27,74.73,19,7,0,1,1.944,2,1
13.27,74.74,19,7,0,0,0.0,0,0
13.27,74.75,19,7,0,0,0.0,2,1
13.27,74.76,19,7,0,0,0.0,3,1
13.27,74.77,19,7,0,0,0.0,1,1
13.27,74.78,19,7,0,0,0.0,0,0
13.27,74.79,19,7,0,0,0.0,3,0
13.27,74.8,19,7,0,0,0.0,1,0
13.27,74.81,19,7,0,0,0.0,2,0
13.27,74.82,19,7,0,0,0.0,2,1
13.27,75.69,7,20,0,0,0.0,0,0
13.27,75.7,7,20,0,0,0.0,0,0
13.27,75.71,7,20,0,0,0.0,0,0
13.27,75.72,7,20,0,0,0.0,1,0
13.27,75.73,7,20,0,0,0.0,2,0
13.27,75.74,7,20,0,0,0.0,0,1
13.27,75.75,7,20,0,0,0.0,0,0
13.27,75.76,7,20,0,0,0.0,1,0
13.27,75.77,7,20,0,0,0.0,2,0
13.27,75.78,7,20,0,0,0.0,0,1
13.27,75.79,7,20,0,0,0.0,1,0
13.27,75.8,7,20,0,0,0.0,0,0
13.27,75.81,7,20,0,0,0.0,0,0
13.27,75.82,7,20,0,0,0.0,0,0
13.27,75.83,7,20,0,0,0.0,1,0
13.27,75.84,7,20,0,0,0.0,0,0
13.27,75.85,7,20,0,0,0.0,0,0
13.27,77.03,18,13,0,0,0.0,1,0
13.27,77.04,18,13,0,0,0.0,2,0
13.27,77.05,18,13,0,0,0.0,0,0
13.27,77.06,18,13,0,0,0.0,2,0
13.27,77.07,18,13,0,0,0.0,0,0
13.27,77.09,18,13,1,1,1.591,1,0
13.27,77.1,18,13,0,0,0.0,1,1
13.27,77.11,18,13,0,0,0.0,1,0
13.27,77.12,18,13,0,0,0.0,0,1
13.27,77.13,18,13,0,0,0.0,1,0
13.27,77.14,18,13,0,0,0.0,0,0
13.27,77.15,18,13,0,1,1.591,2,0
13.27,77.16,18,13,0,0,0.0,0,0
13.27,77.17,18,13,0,0,0.0,0,0
13.27,77.18,18,13,0,0,0.0,1,0
13.27,77.47,4,11,0,0,0.0,3,0
13.27,77.48,4,11,0,0,0.0,0,0
13.27,77.49,4,11,0,0,0.0,0,0
13.27,77.5,4,11,0,0,0.0,3,0
13.27,77.51,4,11,0,0,0.0,0,0
13.27,77.52,4,11,0,0,0.0,0,1
13.27,77.53,4,11,0,0,0.0,0,0
13.27,77.54,4,11,0,0,0.0,0,0
13.27,77.55,4,11,0,0,0.0,0,0
13.27,77.56,4,11,0,0,0.0,1,0
13.27,77.57,4,11,0,0,0.0,1,0
13.27,77.58,4,11,0,0,0.0,0,0
13.27,77.59,4,11,0,0,0.0,0,0
13.27,77.6,4,11,0,0,0.0,0,0
13.27,77.61,4,11,0,0,0.0,0,0
13.27,77.62,4,11,0,0,0.0,1,0
13.27,77.63,4,11,0,0,0.0,2,0
13.28,74.66,19,7,0,0,0.0,3,0
13.28,74.67,19,7,0,0,0.0,0,0
13.28,74.68,19,7,0,0,0.0,0,0
13.28,74.69,19,7,0,0,0.0,0,0
13.28,74.7,19,7,0,0,0.0,0,0
13.28,74.71,19,7,0,0,0.0,0,0
13.28,74.72,19,7,0,0,0.0,0,0
13.28,74.73,19,7,0,0,0.0,0,0
13.28,74.75,19,7,0,0,0.0,0,0
13.28,74.76,19,7,0,0,0.0,0,0
13.28,74.77,19,7,0,0,0.0,1,0
13.28,74.78,19,7,0,0,0.0,0,0
13.28,74.79,19,7,0,1,1.944,0,0
13.28,74.8,19,7,0,0,0.0,0,0
13.28,74.81,19,7,0,0,0.0,0,0
13.28,74.82,19,7,0,0,0.0,2,0
13.28,75.7,7,20,0,0,0.0,3,1
13.28,75.71,7,20,0,0,0.0,3,0
13.28,75.72,7,20,0,0,0.0,2,0
13.28,75.73,7,20,0,0,0.0,0,0
13.28,75.74,7,20,0,0,0.0,1,0
13.28,75.75,7,20,0,0,0.0,3,0
13.28,75.76,7,20,0,0,0.0,3,0
13.28,75.77,7,20,0,0,0.0,1,0
13.28,75.8,7,20,0,0,0.0,2,0
13.28,75.81,7,20,0,0,0.0,1,0
13.28,75.82,7,20,0,0,0.0,1,0
13.28,75.84,7,20,0,0,0.0,1,0
13.28,75.85,7,20,0,0,0.0,3,0
13.28,77.03,18,13,0,0,0.0,0,0
13.28,77.04,18,13,0,0,0.0,0,1
13.28,77.05,18,13,0,0,0.0,0,0
13.28,77.06,18,13,0,0,0.0,0,0
13.28,77.07,18,13,0,0,0.0,1,1
13.28,77.08,18,13,0,0,0.0,0,0
13.28,77.09,18,13,0,0,0.0,0,0
13.28,77.1,18,13,0,0,0.0,0,0
13.28,77.11,18,13,0,1,1.591,0,0
13.28,77.12,18,13,0,0,0.0,0,0
13.28,77.13,18,13,0,0,0.0,0,0
13.28,77.14,18,13,0,0,0.0,1,1
13.28,77.15,18,13,0,0,0.0,0,0
13.28,77.16,18,13,0,0,0.0,2,0
13.28,77.17,18,13,0,0,0.0,0,0
13.28,77.18,18,13,0,1,1.591,0,0
13.28,77.48,4,11,0,0,0.0,0,0
13.28,77.49,4,11,0,0,0.0,2,0
13.28,77.5,4,11,0,0,0.0,1,0
13.28,77.51,4,11,0,0,0.0,0,0
13.28,77.52,4,11,0,0,0.0,0,0
13.28,77.53,4,11,0,0,0.0,3,0
13.28,77.54,4,11,0,0,0.0,3,0
13.28,77.55,4,11,0,0,0.0,0,0
13.28,77.56,4,11,0,0,0.0,0,0
13.28,77.57,4,11,0,0,0.0,2,0
13.28,77.58,4,11,0,0,0.0,1,1
13.28,77.59,4,11,0,0,0.0,1,0
13.28,77.6,4,11,0,0,0.0,0,0
13.28,77.61,4,11,0,0,0.0,1,0
13.28,77.62,4,11,0,0,0.0,0,0
13.28,77.63,4,11,0,0,0.0,1,0
13.29,74.67,19,7,0,0,0.0,1,0
13.29,74.68,19,7,0,1,1.944,0,0
13.29,74.69,19,7,0,0,0.0,0,0
13.29,74.7,19,7,0,0,0.0,0,0
13.29,74.71,19,7,0,0,0.0,1,0
13.29,74.72,19,7,0,0,0.0,0,0
13.29,74.73,19,7,0,0,0.0,0,0
13.29,74.74,19,7,0,0,0.0,2,0
13.29,74.75,19,7,1,1,1.944,3,0
13.29,74.76,19,7,0,0,0.0,1,0
13.29,74.77,19,7,0,0,0.0,1,1
13.29,74.78,19,7,0,0,0.0,1,0
13.29,74.79,19,7,0,0,0.0,0,0
13.29,74.8,19,7,0,0,0.0,1,0
13.29,74.81,19,7,0,0,0.0,1,1
13.29,74.82,19,7,0,0,0.0,2,0
13.29,75.7,7,20,0,0,0.0,3,1
13.29,75.71,7,20,0,1,3.889,0,0
13.29,75.72,7,20,0,0,0.0,1,0
13.29,75.73,7,20,0,0,0.0,0,0
13.29,75.75,7,20,0,0,0.0,2,0
13.29,75.76,7,20,0,0,0.0,0,0
13.29,75.77,7,20,0,0,0.0,0,0
13.29,75.78,7,20,0,0,0.0,1,0
13.29,75.79,7,20,0,0,0.0,2,0
13.29,75.8,7,20,0,0,0.0,1,0
13.29,75.81,7,20,0,0,0.0,0,0
13.29,75.82,7,20,0,0,0.0,2,0
13.29,75.83,7,20,0,0,0.0,1,0
13.29,75.84,7,20,0,0,0.0,0,0
13.29,75.85,7,20,0,0,0.0,0,0
13.29,77.02,18,13,0,0,0.0,2,0
13.29,77.03,18,13,0,0,0.0,0,0
13.29,77.04,18,13,0,0,0.0,3,0
13.29,77.05,18,13,0,0,0.0,0,0
13.29,77.06,18,13,0,0,0.0,1,0
13.29,77.07,18,13,0,1,1.591,0,0
13.29,77.08,18,13,0,1,1.591,0,0
13.29,77.09,18,13,0,0,0.0,2,0
13.29,77.1,18,13,0,0,0.0,0,0
13.29,77.11,18,13,0,0,0.0,1,0
13.29,77.12,18,13,0,0,0.0,3,0
13.29,77.13,18,13,0,0,0.0,0,1
13.29,77.16,18,13,0,0,0.0,1,1
13.29,77.17,18,13,0,0,0.0,0,0
13.29,77.18,18,13,0,0,0.0,1,0
13.29,77.47,4,11,0,0,0.0,2,0
13.29,77.49,4,11,0,0,0.0,3,0
13.29,77.5,4,11,0,0,0.0,3,0
13.29,77.51,4,11,0,0,0.0,0,1
13.29,77.52,4,11,0,0,0.0,0,0
13.29,77.53,4,11,0,0,0.0,1,0
13.29,77.54,4,11,0,0,0.0,0,0
13.29,77.56,4,11,0,1,3.182,1,1
13.29,77.57,4,11,0,0,0.0,0,0
13.29,77.58,4,11,0,0,0.0,0,0
13.29,77.59,4,11,0,0,0.0,1,0
13.29,77.6,4,11,0,0,0.0,0,0
13.29,77.61,4,11,0,0,0.0,3,0
13.29,77.62,4,11,0,0,0.0,3,1
13.29,77.63,4,11,0,0,0.0,0,0
13.2,77.52,4,11,0,0,0.0,1,0
13.2,77.54,4,11,0,0,0.0,1,0
13.2,77.55,4,11,0,0,0.0,0,0
13.2,78.05,12,14,0,0,0.0,1,0
13.2,78.06,12,14,0,0,0.0,1,0
13.2,78.07,12,14,0,0,0.0,0,0
13.2,78.08,12,14,0,0,0.0,2,0
13.2,78.09,12,14,0,1,1.591,0,0
13.2,78.1,12,14,0,0,0.0,0,0
13.2,78.11,12,14,0,0,0.0,1,1
13.2,78.12,12,14,0,0,0.0,1,0
13.2,78.13,12,14,0,0,0.0,2,0
13.2,78.14,12,14,0,0,0.0,1,0
13.2,78.15,12,14,0,0,0.0,2,0
13.2,78.16,12,14,0,0,0.0,0,1
13.2,78.17,12,14,0,0,0.0,0,0
13.2,78.18,12,14,0,0,0.0,1,0
13.2,78.19,12,14,0,0,0.0,0,0
13.2,78.2,12,14,0,0,0.0,0,0
13.2,78.21,12,14,0,0,0.0,2,0
13.31,74.68,19,7,0,0,0.0,2,0
13.31,74.69,19,7,0,0,0.0,0,1
13.31,74.7,19,7,0,0,0.0,2,0
13.31,74.71,19,7,0,0,0.0,0,0
13.31,74.72,19,7,0,0,0.0,0,1
13.31,74.73,19,7,0,0,0.0,0,1
13.31,74.75,19,7,0,0,0.0,0,0
13.31,74.76,19,7,1,1,1.944,1,0
13.31,74.77,19,7,0,1,1.944,0,1
13.31,74.78,19,7,0,0,0.0,3,0
13.31,74.79,19,7,0,0,0.0,1,0
13.31,74.8,19,7,0,0,0.0,0,0
13.31,74.81,19,7,0,0,0.0,1,0
13.31,74.82,19,7,0,0,0.0,1,0
13.31,75.69,7,20,0,0,0.0,1,0
13.31,75.7,7,20,0,0,0.0,1,0
13.31,75.71,7,20,0,0,0.0,0,0
13.31,75.73,7,20,0,0,0.0,0,0
13.31,75.74,7,20,0,0,0.0,0,0
13.31,75.75,7,20,0,0,0.0,1,1
13.31,75.76,7,20,0,0,0.0,0,0
13.31,75.77,7,20,0,0,0.0,0,0
13.31,75.78,7,20,0,0,0.0,1,0
13.31,75.79,7,20,0,0,0.0,3,0
13.31,75.8,7,20,0,0,0.0,0,0
13.31,75.81,7,20,0,0,0.0,2,0
13.31,75.82,7,20,0,0,0.0,1,0
13.31,75.83,7,20,0,1,3.889,1,0
13.31,75.85,7,20,0,0,0.0,2,0
13.31,77.03,18,13,1,1,1.591,3,0
13.31,77.04,18,13,0,0,0.0,1,0
13.31,77.05,18,13,1,1,1.591,0,0
13.31,77.06,18,13,0,0,0.0,0,0
13.31,77.07,18,13,0,0,0.0,3,0
13.31,77.08,18,13,0,0,0.0,1,0
13.31,77.09,18,13,0,0,0.0,2,0
13.31,77.1,18,13,0,0,0.0,1,0
13.31,77.11,18,13,0,0,0.0,2,0
13.31,77.12,18,13,0,0,0.0,0,1
13.31,77.13,18,13,0,0,0.0,2,0
13.31,77.14,18,13,0,0,0.0,0,0
13.31,77.15,18,13,0,0,0.0,1,0
13.31,77.16,18,13,0,0,0.0,1,0
13.31,77.17,18,13,0,0,0.0,1,0
13.31,77.48,4,11,0,0,0.0,2,0
13.31,77.5,4,11,0,0,0.0,0,0
13.31,77.51,4,11,0,0,0.0,0,0
13.31,77.52,4,11,0,0,0.0,0,1
13.31,77.53,4,11,0,0,0.0,2,0
13.31,77.54,4,11,0,0,0.0,0,0
13.31,77.56,4,11,0,0,0.0,0,0
13.31,77.57,4,11,0,0,0.0,1,0
13.31,77.58,4,11,0,0,0.0,0,0
13.31,77.59,4,11,0,0,0.0,0,0
13.31,77.6,4,11,0,0,0.0,0,1
13.31,77.61,4,11,0,0,0.0,0,0
13.31,77.62,4,11,0,0,0.0,0,0
13.31,77.63,4,11,0,0,0.0,2,0
13.32,74.67,19,7,0,0,0.0,2,0
13.32,74.68,19,7,0,0,0.0,2,0
13.32,74.69,19,7,0,0,0.0,3,0
13.32,74.7,19,7,0,0,0.0,2,0
13.32,74.71,19,7,0,0,0.0,0,0
13.32,74.72,19,7,0,0,0.0,3,0
13.32,74.73,19,7,0,0,0.0,1,0
13.32,74.74,19,7,0,0,0.0,0,0
13.32,74.75,19,7,0,0,0.0,2,0
13.32,74.76,19,7,0,0,0.0,0,0
13.32,74.77,19,7,0,0,0.0,0,0
13.32,74.78,19,7,0,0,0.0,1,0
13.32,74.79,19,7,0,0,0.0,0,0
13.32,74.8,19,7,0,0,0.0,0,0
13.32,74.81,19,7,0,0,0.0,1,0
13.32,74.82,19,7,0,0,0.0,2,0
13.32,75.7,7,20,0,0,0.0,0,0
13.32,75.71,7,20,0,1,3.889,0,0
13.32,75.72,7,20,0,0,0.0,2,0
13.32,75.73,7,20,0,0,0.0,0,0
13.32,75.74,7,20,0,0,0.0,1,1
13.32,75.75,7,20,0,0,0.0,2,0
13.32,75.76,7,20,0,0,0.0,1,1
13.32,75.77,7,20,0,0,0.0,2,1
13.32,75.78,7,20,0,0,0.0,0,0
13.32,75.79,7,20,0,1,3.889,1,0
13.32,75.8,7,20,0,0,0.0,1,0
13.32,75.82,7,20,0,0,0.0,0,0
13.32,75.83,7,20,0,0,0.0,2,1
13.32,75.84,7,20,0,0,0.0,0,0
13.32,75.85,7,20,0,0,0.0,0,0
13.32,77.02,18,13,0,0,0.0,0,0
13.32,77.04,18,13,0,0,0.0,0,1
13.32,77.05,18,13,0,0,0.0,2,1
13.32,77.06,18,13,0,0,0.0,1,1
13.32,77.08,18,13,0,0,0.0,0,0
13.32,77.09,18,13,0,0,0.0,0,1
13.32,77.1,18,13,0,0,0.0,0,0
13.32,77.11,18,13,0,0,0.0,1,0
13.32,77.12,18,13,0,0,0.0,0,0
13.32,77.13,18,13,0,0,0.0,0,0
13.32,77.14,18,13,0,0,0.0,1,0
13.32,77.15,18,13,0,0,0.0,3,0
13.32,77.16,18,13,0,1,1.591,0,0
13.32,77.18,18,13,0,0,0.0,0,0
13.32,77.47,4,11,0,0,0.0,3,0
13.32,77.48,4,11,0,0,0.0,1,0
13.32,77.49,4,11,0,0,0.0,1,0
13.32,77.51,4,11,0,0,0.0,1,1
13.32,77.53,4,11,1,1,3.182,0,0
13.32,77.54,4,11,0,0,0.0,1,0
13.32,77.56,4,11,0,0,0.0,0,0
13.32,77.57,4,11,0,0,0.0,1,0
13.32,77.58,4,11,0,0,0.0,0,0
13.32,77.59,4,11,0,0,0.0,0,0
13.32,77.6,4,11,0,0,0.0,0,0
13.32,77.62,4,11,0,0,0.0,0,0
13.32,77.63,4,11,0,0,0.0,2,0
13.33,74.66,19,7,0,0,0.0,1,0
13.33,74.67,19,7,0,0,0.0,0,0
13.33,74.68,19,7,0,0,0.0,2,0
13.33,74.69,19,7,0,0,0.0,2,0
13.33,74.7,19,7,0,0,0.0,0,0
13.33,74.71,19,7,0,0,0.0,1,0
13.33,74.72,19,7,0,0,0.0,1,0
13.33,74.73,19,7,0,0,0.0,0,0
13.33,74.74,19,7,0,0,0.0,0,0
13.33,74.75,19,7,0,0,0.0,2,0
13.33,74.76,19,7,0,0,0.0,0,0
13.33,74.77,19,7,0,1,1.944,0,0
13.33,74.78,19,7,0,0,0.0,0,0
13.33,74.79,19,7,0,0,0.0,0,0
13.33,74.81,19,7,0,0,0.0,1,0
13.33,74.82,19,7,0,0,0.0,1,0
13.33,75.7,7,20,0,0,0.0,2,0
13.33,75.71,7,20,0,0,0.0,2,0
13.33,75.72,7,20,0,0,0.0,3,1
13.33,75.74,7,20,0,0,0.0,3,0
13.33,75.75,7,20,0,0,0.0,0,0
13.33,75.76,7,20,0,0,0.0,1,0
13.33,75.78,7,20,0,0,0.0,3,0
13.33,75.79,7,20,0,0,0.0,0,0
13.33,75.8,7,20,0,0,0.0,0,0
13.33,75.81,7,20,0,0,0.0,0,0
13.33,75.82,7,20,0,0,0.0,2,0
13.33,75.83,7,20,0,0,0.0,0,0
13.33,75.84,7,20,0,0,0.0,2,0
13.33,77.02,18,13,0,0,0.0,1,0
13.33,77.03,18,13,0,0,0.0,3,0
13.33,77.05,18,13,0,0,0.0,2,0
13.33,77.06,18,13,0,0,0.0,0,0
13.33,77.07,18,13,0,0,0.0,2,0
13.33,77.08,18,13,0,0,0.0,2,0
13.33,77.09,18,13,0,0,0.0,0,0
13.33,77.1,18,13,0,0,0.0,1,1
13.33,77.11,18,13,0,0,0.0,0,0
13.33,77.12,18,13,0,1,1.591,0,1
13.33,77.13,18,13,0,0,0.0,2,0
13.33,77.14,18,13,0,0,0.0,1,0
13.33,77.16,18,13,0,0,0.0,2,0
13.33,77.17,18,13,0,0,0.0,2,1
13.33,77.18,18,13,0,1,1.591,1,0
13.33,77.48,4,11,0,0,0.0,1,0
13.33,77.49,4,11,0,0,0.0,2,0
13.33,77.5,4,11,0,0,0.0,2,0
13.33,77.51,4,11,0,0,0.0,1,0
13.33,77.52,4,11,0,0,0.0,0,0
13.33,77.53,4,11,0,0,0.0,1,0
13.33,77.54,4,11,0,0,0.0,1,1
13.33,77.55,4,11,0,0,0.0,3,0
13.33,77.56,4,11,0,0,0.0,1,0
13.33,77.57,4,11,0,0,0.0,1,0
13.33,77.58,4,11,0,0,0.0,2,0
13.33,77.59,4,11,0,0,0.0,1,0
13.33,77.6,4,11,0,1,3.182,1,0
13.33,77.61,4,11,0,0,0.0,0,0
13.33,77.62,4,11,0,0,0.0,0,0
13.34,74.66,19,7,0,0,0.0,0,0
13.34,74.67,19,7,0,0,0.0,2,0
13.34,74.68,19,7,0,0,0.0,1,0
13.34,74.69,19,7,0,0,0.0,0,0
13.34,74.7,19,7,0,0,0.0,0,0
13.34,74.71,19,7,0,0,0.0,0,0
13.34,74.72,19,7,0,0,0.0,1,0
13.34,74.73,19,7,0,0,0.0,1,1
13.34,74.74,19,7,0,1,1.944,2,0
13.34,74.75,19,7,0,0,0.0,1,0
13.34,74.76,19,7,0,0,0.0,1,1
13.34,74.77,19,7,0,0,0.0,3,0
13.34,74.78,19,7,0,0,0.0,3,1
13.34,74.79,19,7,0,0,0.0,0,0
13.34,74.8,19,7,0,0,0.0,0,0
13.34,74.81,19,7,0,0,0.0,0,1
13.34,74.82,19,7,0,0,0.0,1,0
13.34,75.7,7,20,0,0,0.0,0,0
13.34,75.71,7,20,0,0,0.0,1,0
13.34,75.72,7,20,0,0,0.0,0,0
13.34,75.73,7,20,0,0,0.0,1,0
13.34,75.74,7,20,0,0,0.0,1,0
13.34,75.76,7,20,0,0,0.0,2,0
13.34,75.77,7,20,0,0,0.0,0,0
13.34,75.78,7,20,0,0,0.0,0,0
13.34,75.79,7,20,0,0,0.0,2,1
13.34,75.8,7,20,0,0,0.0,0,1
13.34,75.81,7,20,0,0,0.0,1,0
13.34,75.82,7,20,0,0,0.0,0,0
13.34,75.83,7,20,1,1,3.889,0,0
13.34,75.84,7,20,0,0,0.0,1,0
13.34,77.02,18,13,0,0,0.0,0,0
13.34,77.03,18,13,0,0,0.0,0,1
13.34,77.04,18,13,0,1,1.591,0,0
13.34,77.05,18,13,0,0,0.0,3,0
13.34,77.06,18,13,0,0,0.0,2,0
13.34,77.07,18,13,0,0,0.0,0,1
13.34,77.08,18,13,0,0,0.0,3,0
13.34,77.09,18,13,0,0,0.0,1,0
13.34,77.1,18,13,0,0,0.0,0,0
13.34,77.11,18,13,0,0,0.0,0,1
13.34,77.13,18,13,0,0,0.0,0,1
13.34,77.14,18,13,0,0,0.0,0,0
13.34,77.15,18,13,0,0,0.0,1,0
13.34,77.16,18,13,0,0,0.0,0,0
13.34,77.17,18,13,0,0,0.0,0,1
13.34,77.18,18,13,0,0,0.0,1,0
13.34,77.47,4,11,0,0,0.0,2,0
13.34,77.48,4,11,0,0,0.0,1,0
13.34,77.49,4,11,0,0,0.0,2,1
13.34,77.5,4,11,0,0,0.0,0,0
13.34,77.51,4,11,0,0,0.0,0,0
13.34,77.52,4,11,0,0,0.0,3,0
13.34,77.53,4,11,0,0,0.0,0,0
13.34,77.54,4,11,0,0,0.0,1,0
13.34,77.55,4,11,0,0,0.0,0,0
13.34,77.56,4,11,0,0,0.0,0,0
13.34,77.57,4,11,0,0,0.0,0,1
13.34,77.58,4,11,0,0,0.0,2,0
13.34,77.59,4,11,0,0,0.0,1,1
13.34,77.6,4,11,0,0,0.0,2,0
13.34,77.61,4,11,0,0,0.0,1,0
13.34,77.62,4,11,0,0,0.0,0,0
13.34,77.63,4,11,0,0,0.0,0,0
13.35,74.66,19,7,0,0,0.0,1,0
13.35,74.67,19,7,0,0,0.0,2,0
13.35,74.68,19,7,0,1,1.944,2,0
13.35,74.69,19,7,0,0,0.0,3,1
13.35,74.7,19,7,0,0,0.0,1,0
13.35,74.71,19,7,0,0,0.0,1,0
13.35,74.72,19,7,0,0,0.0,0,0
13.35,74.73,19,7,0,0,0.0,1,0
13.35,74.74,19,7,0,0,0.0,1,0
13.35,74.76,19,7,0,0,0.0,0,1
13.35,74.77,19,7,0,0,0.0,0,0
13.35,74.78,19,7,0,0,0.0,3,0
13.35,74.79,19,7,0,0,0.0,1,0
13.35,74.8,19,7,0,0,0.0,2,0
13.35,75.69,7,20,0,0,0.0,2,0
13.35,75.7,7,20,0,0,0.0,1,0
13.35,75.71,7,20,0,0,0.0,0,0
13.35,75.72,7,20,0,0,0.0,3,0
13.35,75.73,7,20,0,0,0.0,2,0
13.35,75.74,7,20,0,0,0.0,3,1
13.35,75.75,7,20,0,0,0.0,2,0
13.35,75.76,7,20,0,0,0.0,3,0
13.35,75.77,7,20,0,0,0.0,0,0
13.35,75.78,7,20,0,0,0.0,1,0
13.35,75.79,7,20,0,0,0.0,1,0
13.35,75.8,7,20,0,0,0.0,0,0
13.35,75.81,7,20,0,0,0.0,1,0
13.35,75.82,7,20,0,0,0.0,0,0
13.35,75.83,7,20,0,0,0.0,0,0
13.35,75.84,7,20,0,0,0.0,0,0
13.35,75.85,7,20,0,0,0.0,1,0
13.35,77.02,18,13,0,0,0.0,0,0
13.35,77.03,18,13,0,0,0.0,0,0
13.35,77.04,18,13,0,0,0.0,0,0
13.35,77.05,18,13,0,0,0.0,0,0
13.35,77.06,18,13,0,0,0.0,0,0
13.35,77.07,18,13,0,0,0.0,3,0
13.35,77.08,18,13,0,0,0.0,2,0
13.35,77.09,18,13,0,0,0.0,2,0
13.35,77.1,18,13,0,0,0.0,1,0
13.35,77.11,18,13,0,0,0.0,0,0
13.35,77.12,18,13,0,0,0.0,2,0
13.35,77.14,18,13,0,0,0.0,1,0
13.35,77.15,18,13,0,0,0.0,2,0
13.35,77.16,18,13,0,0,0.0,2,0
13.35,77.18,18,13,0,1,1.591,0,0
13.35,77.48,4,11,0,0,0.0,1,0
13.35,77.49,4,11,0,0,0.0,1,0
13.35,77.5,4,11,0,0,0.0,0,0
13.35,77.51,4,11,0,0,0.0,2,0
13.35,77.52,4,11,0,0,0.0,0,0
13.35,77.53,4,11,0,0,0.0,1,0
13.35,77.54,4,11,0,0,0.0,0,0
13.35,77.55,4,11,0,0,0.0,0,0
13.35,77.56,4,11,0,0,0.0,2,1
13.35,77.57,4,11,0,0,0.0,0,0
13.35,77.58,4,11,0,0,0.0,1,0
13.35,77.59,4,11,0,0,0.0,3,1
13.35,77.6,4,11,0,0,0.0,0,0
13.35,77.61,4,11,0,0,0.0,0,0
13.35,77.63,4,11,0,0,0.0,0,1
13.36,74.66,19,7,0,0,0.0,3,0
13.36,74.67,19,7,0,0,0.0,2,1
13.36,74.69,19,7,0,1,1.944,0,0
13.36,74.7,19,7,0,0,0.0,0,0
13.36,74.72,19,7,0,0,0.0,3,0
13.36,74.73,19,7,0,0,0.0,0,0
13.36,74.74,19,7,0,0,0.0,3,0
13.36,74.75,19,7,0,1,1.944,0,0
13.36,74.76,19,7,0,0,0.0,2,0
13.36,74.77,19,7,0,0,0.0,1,0
13.36,74.78,19,7,0,0,0.0,0,0
13.36,74.79,19,7,0,0,0.0,0,0
13.36,74.81,19,7,0,0,0.0,1,0
13.36,74.82,19,7,0,0,0.0,0,0
13.36,75.69,7,20,0,0,0.0,0,0
13.36,75.7,7,20,0,0,0.0,2,0
13.36,75.71,7,20,0,0,0.0,2,0
13.36,75.72,7,20,0,0,0.0,0,0
13.36,75.73,7,20,0,0,0.0,1,0
13.36,75.74,7,20,0,0,0.0,2,0
13.36,75.75,7,20,0,0,0.0,0,0
13.36,75.76,7,20,0,0,0.0,0,1
13.36,75.77,7,20,0,0,0.0,0,0
13.36,75.78,7,20,0,0,0.0,3,1
13.36,75.79,7,20,0,0,0.0,0,0
13.36,75.8,7,20,0,0,0.0,2,0
13.36,75.81,7,20,0,0,0.0,2,1
13.36,75.82,7,20,0,0,0.0,1,0
13.36,75.84,7,20,0,0,0.0,0,1
13.36,75.85,7,20,0,0,0.0,0,0
13.36,77.02,18,13,0,0,0.0,1,0
13.36,77.03,18,13,0,0,0.0,2,0
13.36,77.04,18,13,0,0,0.0,1,0
13.36,77.05,18,13,0,0,0.0,1,0
13.36,77.06,18,13,0,0,0.0,0,0
13.36,77.07,18,13,0,0,0.0,1,0
13.36,77.08,18,13,0,0,0.0,1,0
13.36,77.09,18,13,0,0,0.0,0,0
13.36,77.1,18,13,0,0,0.0,0,0
13.36,77.11,18,13,0,0,0.0,2,0
13.36,77.12,18,13,0,0,0.0,0,0
13.36,77.13,18,13,0,0,0.0,0,0
13.36,77.14,18,13,0,0,0.0,1,0
13.36,77.15,18,13,0,0,0.0,2,0
13.36,77.16,18,13,0,1,1.591,0,0
13.36,77.17,18,13,0,0,0.0,2,0
13.36,77.18,18,13,0,0,0.0,0,0
13.36,77.47,4,11,0,0,0.0,2,0
13.36,77.48,4,11,0,0,0.0,0,0
13.36,77.5,4,11,0,0,0.0,0,0
13.36,77.51,4,11,0,0,0.0,2,0
13.36,77.52,4,11,1,1,3.182,1,0
13.36,77.53,4,11,0,1,3.182,1,0
13.36,77.54,4,11,0,0,0.0,1,0
13.36,77.55,4,11,0,0,0.0,2,0
13.36,77.56,4,11,0,0,0.0,2,0
13.36,77.57,4,11,0,0,0.0,2,0
13.36,77.58,4,11,0,0,0.0,0,0
13.36,77.59,4,11,0,0,0.0,1,0
13.36,77.6,4,11,0,0,0.0,1,1
13.36,77.61,4,11,0,0,0.0,0,0
13.36,77.62,4,11,0,0,0.0,0,0
13.36,77.63,4,11,0,0,0.0,0,1
13.37,74.66,19,7,0,0,0.0,1,0
13.37,74.67,19,7,0,0,0.0,2,0
13.37,74.68,19,7,0,0,0.0,1,0
13.37,74.7,19,7,0,1,1.944,0,0
13.37,74.72,19,7,0,0,0.0,0,0
13.37,74.73,19,7,1,1,1.944,0,0
13.37,74.74,19,7,0,0,0.0,2,0
13.37,74.75,19,7,0,0,0.0,0,0
13.37,74.76,19,7,0,0,0.0,0,1
13.37,74.77,19,7,0,0,0.0,0,0
13.37,74.78,19,7,0,0,0.0,0,0
13.37,74.79,19,7,0,0,0.0,2,0
13.37,74.8,19,7,0,0,0.0,1,0
13.37,74.81,19,7,0,0,0.0,0,0
13.37,74.82,19,7,0,0,0.0,3,0
13.37,75.7,7,20,0,0,0.0,1,0
13.37,75.71,7,20,0,0,0.0,0,0
13.37,75.72,7,20,0,0,0.0,1,1
13.37,75.73,7,20,0,1,3.889,0,0
13.37,75.74,7,20,0,0,0.0,0,0
13.37,75.75,7,20,0,0,0.0,0,0
13.37,75.76,7,20,0,0,0.0,2,0
13.37,75.77,7,20,0,0,0.0,0,0
13.37,75.78,7,20,0,0,0.0,1,0
13.37,75.79,7,20,0,0,0.0,0,0
13.37,75.81,7,20,0,0,0.0,0,1
13.37,75.82,7,20,0,0,0.0,3,0
13.37,75.83,7,20,0,0,0.0,0,0
13.37,75.84,7,20,0,0,0.0,0,0
13.37,75.85,7,20,0,0,0.0,0,0
13.37,77.02,18,13,0,0,0.0,1,0
13.37,77.03,18,13,0,0,0.0,0,0
13.37,77.04,18,13,0,0,0.0,0,0
13.37,77.05,18,13,0,0,0.0,0,0
13.37,77.06,18,13,0,0,0.0,2,0
13.37,77.07,18,13,0,0,0.0,0,0
13.37,77.08,18,13,0,1,1.591,1,1
13.37,77.09,18,13,0,0,0.0,3,0
13.37,77.1,18,13,0,0,0.0,3,1
13.37,77.11,18,13,0,0,0.0,0,0
13.37,77.12,18,13,0,0,0.0,0,0
13.37,77.13,18,13,0,0,0.0,2,0
13.37,77.14,18,13,0,0,0.0,0,0
13.37,77.15,18,13,0,0,0.0,0,0
13.37,77.16,18,13,0,0,0.0,1,0
13.37,77.17,18,13,0,0,0.0,0,0
13.38,74.66,19,7,0,0,0.0,2,1
13.38,74.67,19,7,0,0,0.0,2,0
13.38,74.68,19,7,0,0,0.0,2,0
13.38,74.69,19,7,0,0,0.0,0,0
13.38,74.7,19,7,0,0,0.0,2,0
13.38,74.71,19,7,0,0,0.0,0,0
13.38,74.72,19,7,0,0,0.0,2,0
13.38,74.73,19,7,0,0,0.0,0,1
13.38,74.74,19,7,0,0,0.0,0,0
13.38,74.75,19,7,0,0,0.0,2,0
13.38,74.76,19,7,0,0,0.0,1,0
13.38,74.77,19,7,0,0,0.0,1,0
13.38,74.78,19,7,0,0,0.0,2,0
13.38,74.79,19,7,0,0,0.0,0,0
13.38,74.8,19,7,0,1,1.944,1,0
13.38,74.81,19,7,0,0,0.0,0,0
13.38,74.82,19,7,0,0,0.0,2,0
13.38,75.7,7,20,0,0,0.0,0,0
13.38,75.71,7,20,0,0,0.0,0,0
13.38,75.73,7,20,0,0,0.0,0,0
13.38,75.74,7,20,0,0,0.0,0,0
13.38,75.75,7,20,0,0,0.0,0,1
13.38,75.76,7,20,0,0,0.0,2,0
13.38,75.77,7,20,0,0,0.0,0,0
13.38,75.78,7,20,0,0,0.0,0,1
13.38,75.79,7,20,0,0,0.0,2,0
13.38,75.8,7,20,0,0,0.0,1,1
13.38,75.81,7,20,0,0,0.0,0,0
13.38,75.82,7,20,0,0,0.0,1,0
13.38,75.83,7,20,0,0,0.0,2,0
13.38,75.84,7,20,0,0,0.0,0,0
13.38,75.85,7,20,0,0,0.0,0,0
13.38,77.03,18,13,0,0,0.0,0,0
13.38,77.05,18,13,0,0,0.0,2,0
13.38,77.06,18,13,0,0,0.0,0,0
13.38,77.07,18,13,0,0,0.0,0,0
13.38,77.08,18,13,0,0,0.0,0,0
13.38,77.09,18,13,0,0,0.0,0,0
13.38,77.1,18,13,0,0,0.0,1,0
13.38,77.12,18,13,0,0,0.0,2,0
13.38,77.13,18,13,0,0,0.0,0,0
13.38,77.14,18,13,0,0,0.0,1,0
13.38,77.15,18,13,0,0,0.0,2,0
13.38,77.16,18,13,0,1,1.591,1,1
13.38,77.17,18,13,0,0,0.0,0,0
13.38,77.18,18,13,0,0,0.0,2,0
13.39,74.66,19,7,0,0,0.0,1,0
13.39,74.67,19,7,0,0,0.0,2,0
13.39,74.68,19,7,0,0,0.0,2,0
13.39,74.69,19,7,0,0,0.0,0,0
13.39,74.7,19,7,0,0,0.0,1,0
13.39,74.71,19,7,0,0,0.0,1,0
13.39,74.72,19,7,0,0,0.0,0,0
13.39,74.73,19,7,0,0,0.0,1,0
13.39,74.74,19,7,0,1,1.944,0,0
13.39,74.75,19,7,0,0,0.0,0,0
13.39,74.76,19,7,0,0,0.0,0,0
13.39,74.77,19,7,0,0,0.0,0,0
13.39,74.78,19,7,0,0,0.0,0,1
13.39,74.79,19,7,0,0,0.0,0,0
13.39,74.8,19,7,0,0,0.0,1,0
13.39,74.81,19,7,0,0,0.0,1,0
13.39,74.82,19,7,0,0,0.0,0,0
13.39,75.69,7,20,0,0,0.0,0,0
13.39,75.7,7,20,0,0,0.0,2,0
13.39,75.71,7,20,0,0,0.0,1,0
13.39,75.72,7,20,0,0,0.0,3,0
13.39,75.74,7,20,0,0,0.0,1,0
13.39,75.76,7,20,0,0,0.0,2,0
13.39,75.79,7,20,0,0,0.0,2,0
13.39,75.8,7,20,0,0,0.0,0,0
13.39,75.81,7,20,0,0,0.0,1,0
13.39,75.82,7,20,0,0,0.0,0,0
13.39,75.83,7,20,0,0,0.0,0,0
13.39,75.84,7,20,0,0,0.0,0,0
13.39,77.02,18,13,0,0,0.0,0,0
13.39,77.03,18,13,0,0,0.0,0,0
13.39,77.04,18,13,0,0,0.0,3,0
13.39,77.05,18,13,0,0,0.0,0,0
13.39,77.06,18,13,0,0,0.0,0,0
13.39,77.07,18,13,0,0,0.0,2,0
13.39,77.08,18,13,0,0,0.0,0,0
13.39,77.09,18,13,0,0,0.0,2,0
13.39,77.1,18,13,0,0,0.0,1,0
13.39,77.11,18,13,0,0,0.0,1,0
13.39,77.12,18,13,0,0,0.0,0,0
13.39,77.13,18,13,0,0,0.0,0,0
13.39,77.14,18,13,0,0,0.0,0,0
13.39,77.15,18,13,0,0,0.0,3,0
13.39,77.16,18,13,0,0,0.0,0,0
13.39,77.17,18,13,0,0,0.0,1,0
13.39,77.18,18,13,0,0,0.0,1,0
13.3,74.67,19,7,0,0,0.0,3,0
13.3,74.68,19,7,0,0,0.0,0,0
13.3,74.69,19,7,0,0,0.0,1,0
13.3,74.7,19,7,0,0,0.0,2,1
13.3,74.71,19,7,0,0,0.0,1,0
13.3,74.72,19,7,0,0,0.0,0,0
13.3,74.73,19,7,0,0,0.0,1,1
13.3,74.74,19,7,0,0,0.0,1,0
13.3,74.75,19,7,0,0,0.0,2,0
13.3,74.76,19,7,0,0,0.0,0,0
13.3,74.77,19,7,0,0,0.0,0,0
13.3,74.78,19,7,0,0,0.0,0,0
13.3,74.79,19,7,0,0,0.0,0,0
13.3,74.81,19,7,0,0,0.0,0,0
13.3,74.82,19,7,0,0,0.0,3,0
13.3,75.71,7,20,0,0,0.0,0,0
13.3,75.72,7,20,0,0,0.0,3,0
13.3,75.73,7,20,0,0,0.0,1,0
13.3,75.74,7,20,0,0,0.0,2,0
13.3,75.75,7,20,0,0,0.0,0,0
13.3,75.76,7,20,0,0,0.0,3,0
13.3,75.77,7,20,0,0,0.0,1,0
13.3,75.78,7,20,0,0,0.0,0,0
13.3,75.79,7,20,0,0,0.0,0,0
13.3,75.8,7,20,0,0,0.0,0,0
13.3,75.81,7,20,0,0,0.0,1,0
13.3,75.82,7,20,0,0,0.0,0,0
13.3,75.83,7,20,0,0,0.0,1,0
13.3,75.84,7,20,0,0,0.0,1,1
13.3,75.85,7,20,0,0,0.0,1,0
13.3,77.03,18,13,0,0,0.0,2,0
13.3,77.04,18,13,0,0,0.0,0,0
13.3,77.05,18,13,0,0,0.0,0,0
13.3,77.06,18,13,0,0,0.0,2,0
13.3,77.08,18,13,0,0,0.0,0,0
13.3,77.09,18,13,0,0,0.0,1,0
13.3,77.1,18,13,0,0,0.0,1,0
13.3,77.11,18,13,0,0,0.0,0,0
13.3,77.12,18,13,0,0,0.0,1,0
13.3,77.13,18,13,0,0,0.0,0,0
13.3,77.14,18,13,0,0,0.0,0,0
13.3,77.15,18,13,0,1,1.591,0,0
13.3,77.16,18,13,0,1,1.591,1,0
13.3,77.17,18,13,0,0,0.0,3,0
13.3,77.18,18,13,0,0,0.0,0,0
13.3,77.47,4,11,0,0,0.0,0,0
13.3,77.48,4,11,0,0,0.0,0,0
13.3,77.49,4,11,0,0,0.0,1,0
13.3,77.5,4,11,1,1,3.182,1,0
13.3,77.51,4,11,0,0,0.0,0,0
13.3,77.52,4,11,0,0,0.0,2,0
13.3,77.53,4,11,0,0,0.0,0,1
13.3,77.54,4,11,0,1,3.182,0,1
13.3,77.55,4,11,0,0,0.0,1,1
13.3,77.56,4,11,0,0,0.0,0,0
13.3,77.57,4,11,0,0,0.0,0,0
13.3,77.58,4,11,0,0,0.0,1,1
13.3,77.59,4,11,0,0,0.0,0,0
13.3,77.6,4,11,0,0,0.0,0,0
13.3,77.61,4,11,0,0,0.0,2,0
13.3,77.62,4,11,0,0,0.0,0,0
13.41,74.67,19,7,0,0,0.0,0,0
13.41,74.68,19,7,0,0,0.0,2,1
13.41,74.69,19,7,0,1,1.944,0,0
13.41,74.7,19,7,0,0,0.0,2,0
13.41,74.71,19,7,0,0,0.0,1,1
13.41,74.72,19,7,0,0,0.0,2,0
13.41,74.73,19,7,0,0,0.0,1,1
13.41,74.74,19,7,0,0,0.0,3,0
13.41,74.75,19,7,0,0,0.0,1,0
13.41,74.76,19,7,0,0,0.0,0,0
13.41,74.77,19,7,0,0,0.0,1,0
13.41,74.78,19,7,0,0,0.0,0,0
13.41,74.79,19,7,0,0,0.0,1,0
13.41,74.8,19,7,0,1,1.944,1,0
13.41,74.81,19,7,0,0,0.0,2,0
13.41,74.82,19,7,0,0,0.0,3,0
13.41,77.03,18,13,0,0,0.0,2,0
13.41,77.04,18,13,0,0,0.0,3,0
13.41,77.05,18,13,0,0,0.0,0,0
13.41,77.06,18,13,0,0,0.0,0,0
13.41,77.07,18,13,0,0,0.0,0,0
13.41,77.08,18,13,0,0,0.0,0,0
13.41,77.09,18,13,0,0,0.0,1,0
13.41,77.1,18,13,0,0,0.0,0,0
13.41,77.11,18,13,0,0,0.0,1,0
13.41,77.12,18,13,0,0,0.0,0,0
13.41,77.13,18,13,0,0,0.0,2,1
13.41,77.14,18,13,0,0,0.0,0,0
13.41,77.15,18,13,0,0,0.0,1,0
13.41,77.16,18,13,0,0,0.0,0,0
13.41,77.17,18,13,0,1,1.591,0,0
13.41,77.18,18,13,0,0,0.0,2,0
13.42,74.67,19,7,0,0,0.0,0,0
13.42,74.68,19,7,0,0,0.0,0,1
13.42,74.7,19,7,0,0,0.0,0,0
13.42,74.71,19,7,0,0,0.0,0,0
13.42,74.72,19,7,0,0,0.0,2,0
13.42,74.73,19,7,0,0,0.0,1,0
13.42,74.75,19,7,0,0,0.0,0,0
13.42,74.78,19,7,0,0,0.0,0,0
13.42,74.79,19,7,0,0,0.0,1,0
13.42,74.8,19,7,0,0,0.0,0,0
13.42,74.81,19,7,0,0,0.0,2,1
13.42,74.82,19,7,0,0,0.0,1,0
13.42,77.03,18,13,0,1,1.591,1,0
13.42,77.04,18,13,0,0,0.0,0,0
13.42,77.06,18,13,0,0,0.0,0,0
13.42,77.07,18,13,0,0,0.0,1,0
13.42,77.08,18,13,0,0,0.0,0,0
13.42,77.09,18,13,0,0,0.0,0,0
13.42,77.11,18,13,0,0,0.0,1,0
13.42,77.12,18,13,0,0,0.0,3,0
13.42,77.13,18,13,0,0,0.0,0,0
13.42,77.17,18,13,0,0,0.0,1,0
13.4,74.66,19,7,0,0,0.0,3,0
13.4,74.67,19,7,0,0,0.0,3,0
13.4,74.68,19,7,0,0,0.0,0,0
13.4,74.69,19,7,0,0,0.0,0,0
13.4,74.7,19,7,0,0,0.0,1,0
13.4,74.71,19,7,0,0,0.0,0,0
13.4,74.72,19,7,0,0,0.0,2,0
13.4,74.73,19,7,0,0,0.0,0,1
13.4,74.74,19,7,0,0,0.0,2,0
13.4,74.75,19,7,0,0,0.0,1,0
13.4,74.76,19,7,0,0,0.0,0,1
13.4,74.77,19,7,0,0,0.0,2,1
13.4,74.78,19,7,0,0,0.0,0,0
13.4,74.79,19,7,0,0,0.0,3,1
13.4,74.81,19,7,0,0,0.0,1,0
13.4,74.82,19,7,0,0,0.0,1,0
13.4,75.73,7,20,0,0,0.0,0,0
13.4,75.81,7,20,0,0,0.0,1,0
13.4,75.84,7,20,0,0,0.0,0,0
13.4,77.02,18,13,0,0,0.0,0,0
13.4,77.03,18,13,0,0,0.0,3,0
13.4,77.04,18,13,0,0,0.0,1,1
13.4,77.05,18,13,0,0,0.0,1,0
13.4,77.06,18,13,0,0,0.0,1,0
13.4,77.07,18,13,0,0,0.0,1,0
13.4,77.08,18,13,0,0,0.0,0,0
13.4,77.09,18,13,0,0,0.0,0,0
13.4,77.1,18,13,0,0,0.0,0,0
13.4,77.11,18,13,0,0,0.0,2,0
13.4,77.12,18,13,0,1,1.591,2,0
13.4,77.13,18,13,0,0,0.0,2,0
13.4,77.14,18,13,0,0,0.0,0,0
13.4,77.15,18,13,0,0,0.0,0,0
13.4,77.16,18,13,0,0,0.0,1,0
13.4,77.17,18,13,0,1,1.591,0,0
13.4,77.18,18,13,0,0,0.0,0,0
13.85,75.49,17,6,0,0,0.0,1,0
13.85,75.5,17,6,0,0,0.0,0,0
13.85,75.52,17,6,0,0,0.0,0,0
13.85,75.54,17,6,0,0,0.0,0,0
13.85,75.56,17,6,0,0,0.0,2,0
13.85,75.57,17,6,0,0,0.0,0,0
13.85,75.58,17,6,0,0,0.0,0,0
13.85,75.59,17,6,0,0,0.0,2,1
13.85,75.62,17,6,0,0,0.0,0,0
13.85,75.63,17,6,0,0,0.0,0,0
13.85,75.64,17,6,0,0,0.0,0,0
13.86,75.49,17,6,0,0,0.0,0,1
13.86,75.5,17,6,0,1,2.917,2,0
13.86,75.51,17,6,0,0,0.0,1,1
13.86,75.52,17,6,0,0,0.0,0,0
13.86,75.53,17,6,0,1,2.917,0,0
13.86,75.55,17,6,0,0,0.0,0,0
13.86,75.56,17,6,0,0,0.0,3,0
13.86,75.57,17,6,0,0,0.0,0,0
13.86,75.58,17,6,0,0,0.0,0,0
13.86,75.59,17,6,0,0,0.0,0,0
13.86,75.6,17,6,0,0,0.0,2,0
13.86,75.61,17,6,0,0,0.0,0,0
13.86,75.62,17,6,0,0,0.0,2,0
13.86,75.63,17,6,0,0,0.0,1,1
13.87,75.49,17,6,0,1,2.917,2,0
13.87,75.5,17,6,0,0,0.0,0,1
13.87,75.51,17,6,0,0,0.0,0,0
13.87,75.52,17,6,0,0,0.0,3,0
13.87,75.53,17,6,0,0,0.0,2,0
13.87,75.54,17,6,0,0,0.0,1,0
13.87,75.55,17,6,0,0,0.0,0,0
13.87,75.56,17,6,0,0,0.0,3,0
13.87,75.57,17,6,0,0,0.0,0,0
13.87,75.58,17,6,0,0,0.0,1,0
13.87,75.59,17,6,0,0,0.0,1,1
13.87,75.6,17,6,0,0,0.0,1,0
13.87,75.61,17,6,0,1,2.917,0,0
13.87,75.62,17,6,0,0,0.0,0,0
13.87,75.63,17,6,0,0,0.0,1,0
13.87,75.64,17,6,0,0,0.0,0,0
13.87,75.65,17,6,0,0,0.0,0,0
13.88,75.49,17,6,0,0,0.0,1,0
13.88,75.5,17,6,0,0,0.0,0,0
13.88,75.51,17,6,0,0,0.0,0,0
13.88,75.52,17,6,0,0,0.0,1,0
13.88,75.53,17,6,0,0,0.0,1,0
13.88,75.54,17,6,0,0,0.0,0,0
13.88,75.55,17,6,0,0,0.0,1,0
13.88,75.56,17,6,0,0,0.0,0,0
13.88,75.57,17,6,0,1,2.917,2,0
13.88,75.58,17,6,0,0,0.0,0,0
13.88,75.59,17,6,0,0,0.0,0,0
13.88,75.6,17,6,0,0,0.0,0,0
13.88,75.61,17,6,0,0,0.0,0,0
13.88,75.62,17,6,0,1,2.917,2,1
13.88,75.63,17,6,0,0,0.0,0,0
13.88,75.64,17,6,0,0,0.0,0,1
13.89,75.5,17,6,0,0,0.0,2,0
13.89,75.51,17,6,0,0,0.0,1,0
13.89,75.52,17,6,0,0,0.0,0,0
13.89,75.53,17,6,0,1,2.917,1,0
13.89,75.54,17,6,0,0,0.0,1,0
13.89,75.55,17,6,0,0,0.0,2,0
13.89,75.56,17,6,0,0,0.0,0,0
13.89,75.57,17,6,0,0,0.0,2,0
13.89,75.58,17,6,0,0,0.0,1,0
13.89,75.59,17,6,0,0,0.0,2,0
13.89,75.6,17,6,0,0,0.0,1,0
13.89,75.61,17,6,0,0,0.0,0,0
13.89,75.62,17,6,0,0,0.0,2,0
13.89,75.64,17,6,0,0,0.0,1,0
13.89,75.65,17,6,0,0,0.0,1,0
13.91,75.49,17,6,0,0,0.0,0,0
13.91,75.5,17,6,0,0,0.0,0,0
13.91,75.51,17,6,0,0,0.0,1,0
13.91,75.52,17,6,0,0,0.0,0,0
13.91,75.53,17,6,0,0,0.0,0,0
13.91,75.54,17,6,0,0,0.0,2,0
13.91,75.55,17,6,0,0,0.0,0,0
13.91,75.57,17,6,0,0,0.0,0,1
13.91,75.58,17,6,0,0,0.0,0,0
13.91,75.59,17,6,0,0,0.0,1,0
13.91,75.6,17,6,0,0,0.0,0,0
13.91,75.61,17,6,0,0,0.0,0,0
13.91,75.62,17,6,0,0,0.0,1,0
13.91,75.63,17,6,0,0,0.0,2,0
13.92,75.49,17,6,0,0,0.0,0,0
13.92,75.5,17,6,0,0,0.0,2,1
13.92,75.51,17,6,0,0,0.0,0,0
13.92,75.52,17,6,0,0,0.0,0,0
13.92,75.53,17,6,0,0,0.0,2,0
13.92,75.54,17,6,0,0,0.0,0,0
13.92,75.55,17,6,0,0,0.0,0,0
13.92,75.56,17,6,0,0,0.0,1,1
13.92,75.57,17,6,0,0,0.0,0,0
13.92,75.58,17,6,0,0,0.0,2,0
13.92,75.59,17,6,0,0,0.0,0,1
13.92,75.6,17,6,0,0,0.0,0,0
13.92,75.61,17,6,0,0,0.0,2,0
13.92,75.63,17,6,0,0,0.0,1,0
13.92,75.64,17,6,0,0,0.0,2,0
13.92,75.65,17,6,0,0,0.0,3,0
13.93,75.49,17,6,0,0,0.0,0,0
13.93,75.5,17,6,0,0,0.0,3,0
13.93,75.51,17,6,0,0,0.0,2,0
13.93,75.52,17,6,0,0,0.0,2,0
13.93,75.53,17,6,0,0,0.0,0,0
13.93,75.54,17,6,0,1,2.917,2,0
13.93,75.55,17,6,0,0,0.0,1,0
13.93,75.56,17,6,0,0,0.0,1,0
13.93,75.57,17,6,0,0,0.0,2,0
13.93,75.58,17,6,0,0,0.0,3,1
13.93,75.59,17,6,0,0,0.0,0,0
13.93,75.6,17,6,0,0,0.0,0,0
13.93,75.61,17,6,0,0,0.0,0,0
13.93,75.62,17,6,0,0,0.0,0,1
13.93,75.63,17,6,0,0,0.0,0,0
13.93,75.64,17,6,0,0,0.0,0,0
13.93,75.65,17,6,0,0,0.0,1,0
13.94,75.49,17,6,0,0,0.0,1,1
13.94,75.5,17,6,0,0,0.0,2,0
13.94,75.51,17,6,0,0,0.0,0,0
13.94,75.53,17,6,0,0,0.0,3,0
13.94,75.54,17,6,0,0,0.0,2,0
13.94,75.55,17,6,0,0,0.0,0,1
13.94,75.56,17,6,0,0,0.0,3,0
13.94,75.57,17,6,0,0,0.0,0,0
13.94,75.58,17,6,0,0,0.0,3,1
13.94,75.61,17,6,0,0,0.0,0,1
13.94,75.62,17,6,0,0,0.0,2,0
13.94,75.63,17,6,0,0,0.0,0,0
13.94,75.64,17,6,0,0,0.0,0,0
13.94,75.65,17,6,0,0,0.0,0,0
13.95,75.49,17,6,0,0,0.0,0,0
13.95,75.5,17,6,0,0,0.0,0,0
13.95,75.51,17,6,0,0,0.0,0,0
13.95,75.52,17,6,0,0,0.0,0,0
13.95,75.53,17,6,0,0,0.0,2,0
13.95,75.54,17,6,0,0,0.0,0,0
13.95,75.55,17,6,0,0,0.0,1,0
13.95,75.56,17,6,0,0,0.0,0,0
13.95,75.58,17,6,0,0,0.0,0,1
13.95,75.6,17,6,0,0,0.0,2,0
13.95,75.62,17,6,0,0,0.0,0,0
13.95,75.63,17,6,0,0,0.0,2,0
13.95,75.64,17,6,0,0,0.0,0,0
13.95,75.65,17,6,0,0,0.0,1,0
13.96,75.49,17,6,0,0,0.0,1,0
13.96,75.5,17,6,0,0,0.0,2,0
13.96,75.51,17,6,0,0,0.0,2,0
13.96,75.52,17,6,0,0,0.0,0,0
13.96,75.53,17,6,0,0,0.0,2,0
13.96,75.55,17,6,0,0,0.0,0,0
13.96,75.56,17,6,0,0,0.0,0,0
13.96,75.57,17,6,0,0,0.0,1,0
13.96,75.58,17,6,0,0,0.0,0,0
13.96,75.59,17,6,0,1,2.917,1,1
13.96,75.6,17,6,0,0,0.0,1,0
13.96,75.61,17,6,0,0,0.0,0,0
13.96,75.62,17,6,0,0,0.0,3,0
13.96,75.64,17,6,0,0,0.0,0,0
13.97,75.5,17,6,0,0,0.0,2,0
13.97,75.52,17,6,0,0,0.0,3,0
13.97,75.53,17,6,0,0,0.0,2,0
13.97,75.54,17,6,0,0,0.0,0,0
13.97,75.55,17,6,0,0,0.0,0,0
13.97,75.56,17,6,0,0,0.0,0,0
13.97,75.57,17,6,0,0,0.0,0,0
13.97,75.58,17,6,0,0,0.0,2,0
13.97,75.59,17,6,0,0,0.0,0,0
13.97,75.6,17,6,0,0,0.0,0,0
13.97,75.61,17,6,0,0,0.0,1,1
13.97,75.62,17,6,0,0,0.0,1,0
13.97,75.63,17,6,0,0,0.0,1,0
13.97,75.64,17,6,0,0,0.0,0,0
13.98,75.5,17,6,0,0,0.0,0,1
13.98,75.51,17,6,0,0,0.0,1,0
13.98,75.52,17,6,0,0,0.0,0,0
13.98,75.53,17,6,0,0,0.0,0,0
13.98,75.54,17,6,0,0,0.0,0,0
13.98,75.55,17,6,0,0,0.0,0,0
13.98,75.56,17,6,0,0,0.0,0,0
13.98,75.57,17,6,0,0,0.0,1,0
13.98,75.58,17,6,0,0,0.0,3,0
13.98,75.59,17,6,0,0,0.0,2,1
13.98,75.6,17,6,0,0,0.0,1,0
13.98,75.61,17,6,0,0,0.0,2,0
13.98,75.62,17,6,0,0,0.0,0,0
13.98,75.63,17,6,0,0,0.0,0,0
13.98,75.64,17,6,0,0,0.0,0,0
13.98,75.65,17,6,0,0,0.0,0,0
13.99,75.49,17,6,0,0,0.0,0,0
13.99,75.5,17,6,0,0,0.0,0,0
13.99,75.51,17,6,0,0,0.0,0,0
13.99,75.52,17,6,0,0,0.0,0,0
13.99,75.53,17,6,0,0,0.0,0,0
13.99,75.54,17,6,0,0,0.0,0,0
13.99,75.55,17,6,0,0,0.0,1,0
13.99,75.56,17,6,0,0,0.0,0,0
13.99,75.57,17,6,0,0,0.0,2,0
13.99,75.58,17,6,0,0,0.0,1,1
13.99,75.59,17,6,0,0,0.0,0,0
13.99,75.6,17,6,0,0,0.0,0,0
13.99,75.61,17,6,0,0,0.0,0,0
13.99,75.62,17,6,0,0,0.0,0,0
13.99,75.63,17,6,0,0,0.0,3,0
13.99,75.64,17,6,0,0,0.0,1,0
13.99,75.65,17,6,0,0,0.0,2,0
13.9,75.5,17,6,0,0,0.0,0,0
13.9,75.51,17,6,0,0,0.0,0,0
13.9,75.52,17,6,0,0,0.0,1,0
13.9,75.53,17,6,0,0,0.0,0,0
13.9,75.54,17,6,0,0,0.0,2,0
13.9,75.55,17,6,0,0,0.0,2,0
13.9,75.57,17,6,0,0,0.0,0,0
13.9,75.58,17,6,0,0,0.0,0,0
13.9,75.59,17,6,0,0,0.0,2,0
13.9,75.6,17,6,0,0,0.0,0,0
13.9,75.61,17,6,0,0,0.0,0,0
13.9,75.63,17,6,0,0,0.0,0,1
13.9,75.64,17,6,0,0,0.0,1,0
13.9,75.65,17,6,0,0,0.0,0,0
14.01,75.49,17,6,0,1,2.917,0,0
14.01,75.51,17,6,0,1,2.917,3,0
14.01,75.52,17,6,0,0,0.0,1,0
14.01,75.54,17,6,0,0,0.0,2,0
14.01,75.55,17,6,0,0,0.0,0,0
14.01,75.57,17,6,0,0,0.0,1,1
14.01,75.58,17,6,0,0,0.0,2,0
14.01,75.6,17,6,0,0,0.0,2,0
14.01,75.61,17,6,0,0,0.0,0,0
14.01,75.62,17,6,0,0,0.0,0,0
14.01,75.63,17,6,0,0,0.0,2,0
14.0,75.49,17,6,0,0,0.0,1,0
14.0,75.5,17,6,0,0,0.0,3,0
14.0,75.52,17,6,0,0,0.0,1,1
14.0,75.53,17,6,0,0,0.0,1,0
14.0,75.54,17,6,0,0,0.0,2,0
14.0,75.55,17,6,0,1,2.917,1,0
14.0,75.56,17,6,0,0,0.0,0,0
14.0,75.57,17,6,0,0,0.0,0,0
14.0,75.58,17,6,0,0,0.0,0,0
14.0,75.59,17,6,0,0,0.0,0,1
14.0,75.6,17,6,0,0,0.0,1,1
14.0,75.62,17,6,0,0,0.0,0,0
14.0,75.63,17,6,0,0,0.0,0,0
14.0,75.64,17,6,0,0,0.0,0,1
14.0,75.65,17,6,0,0,0.0,0,0
14.38,75.9,8,3,0,0,0.0,0,0
14.38,75.92,8,3,0,0,0.0,2,0
14.38,75.94,8,3,0,0,0.0,2,0
14.38,75.97,8,3,0,0,0.0,1,0
14.38,75.98,8,3,0,0,0.0,3,0
14.38,75.99,8,3,0,0,0.0,0,0
14.39,75.85,8,3,0,0,0.0,0,0
14.39,75.86,8,3,0,0,0.0,1,0
14.39,75.87,8,3,0,0,0.0,0,0
14.39,75.88,8,3,0,0,0.0,0,0
14.39,75.89,8,3,0,0,0.0,2,0
14.39,75.9,8,3,0,0,0.0,2,0
14.39,75.91,8,3,0,0,0.0,1,1
14.39,75.92,8,3,0,0,0.0,0,0
14.39,75.93,8,3,0,0,0.0,2,0
14.39,75.94,8,3,0,0,0.0,1,0
14.39,75.95,8,3,0,0,0.0,3,0
14.39,75.96,8,3,0,0,0.0,0,0
14.39,75.97,8,3,0,0,0.0,1,0
14.39,75.98,8,3,0,0,0.0,3,0
14.39,75.99,8,3,0,0,0.0,2,1
14.39,76.0,8,3,0,0,0.0,3,0
14.41,75.84,8,3,0,0,0.0,2,0
14.41,75.85,8,3,0,0,0.0,0,0
14.41,75.86,8,3,0,0,0.0,2,0
14.41,75.87,8,3,0,0,0.0,0,0
14.41,75.89,8,3,0,0,0.0,0,0
14.41,75.9,8,3,0,0,0.0,0,0
14.41,75.92,8,3,0,0,0.0,0,0
14.41,75.93,8,3,0,0,0.0,0,0
14.41,75.94,8,3,0,0,0.0,1,0
14.41,75.95,8,3,0,0,0.0,0,0
14.41,75.96,8,3,0,0,0.0,0,1
14.41,75.97,8,3,0,0,0.0,2,1
14.41,75.98,8,3,0,0,0.0,0,0
14.41,75.99,8,3,0,0,0.0,1,0
14.41,76.0,8,3,0,0,0.0,1,0
14.42,75.84,8,3,0,0,0.0,0,0
14.42,75.85,8,3,0,0,0.0,1,0
14.42,75.86,8,3,0,0,0.0,1,1
14.42,75.87,8,3,0,0,0.0,1,0
14.42,75.88,8,3,0,0,0.0,0,0
14.42,75.89,8,3,0,0,0.0,1,0
14.42,75.9,8,3,0,0,0.0,3,1
14.42,75.91,8,3,0,0,0.0,2,0
14.42,75.92,8,3,0,0,0.0,1,1
14.42,75.93,8,3,0,0,0.0,2,1
14.42,75.94,8,3,0,0,0.0,1,0
14.42,75.96,8,3,0,0,0.0,3,0
14.42,75.97,8,3,0,0,0.0,0,0
14.42,75.98,8,3,0,0,0.0,1,0
14.42,75.99,8,3,0,0,0.0,0,0
14.42,76.0,8,3,0,0,0.0,2,0
14.43,75.84,8,3,0,0,0.0,1,0
14.43,75.85,8,3,0,0,0.0,0,0
14.43,75.87,8,3,0,0,0.0,1,0
14.43,75.88,8,3,0,0,0.0,0,0
14.43,75.89,8,3,0,0,0.0,0,0
14.43,75.9,8,3,0,0,0.0,2,0
14.43,75.91,8,3,0,0,0.0,3,0
14.43,75.92,8,3,0,0,0.0,2,0
14.43,75.93,8,3,0,0,0.0,2,0
14.43,75.94,8,3,0,0,0.0,0,0
14.43,75.95,8,3,0,0,0.0,0,0
14.43,75.96,8,3,0,0,0.0,0,0
14.43,75.97,8,3,0,0,0.0,0,0
14.43,75.98,8,3,0,0,0.0,2,0
14.43,75.99,8,3,0,0,0.0,1,1
14.43,76.0,8,3,0,0,0.0,1,1
14.44,75.87,8,3,0,0,0.0,0,0
14.44,75.88,8,3,0,0,0.0,0,0
14.44,75.89,8,3,0,0,0.0,0,0
14.44,75.9,8,3,0,0,0.0,2,0
14.44,75.91,8,3,0,0,0.0,0,0
14.44,75.93,8,3,0,0,0.0,0,0
14.44,75.94,8,3,0,0,0.0,1,1
14.44,75.95,8,3,0,0,0.0,0,0
14.44,75.96,8,3,0,0,0.0,0,0
14.44,75.97,8,3,0,0,0.0,0,0
14.44,75.98,8,3,0,0,0.0,0,0
14.44,75.99,8,3,0,0,0.0,0,0
14.44,76.0,8,3,0,0,0.0,0,1
14.45,75.84,8,3,0,0,0.0,1,0
14.45,75.85,8,3,0,0,0.0,0,0
14.45,75.86,8,3,0,0,0.0,1,0
14.45,75.87,8,3,0,0,0.0,0,1
14.45,75.88,8,3,0,0,0.0,2,0
14.45,75.89,8,3,0,0,0.0,0,0
14.45,75.9,8,3,0,0,0.0,0,0
14.45,75.91,8,3,0,0,0.0,3,0
14.45,75.92,8,3,0,0,0.0,0,0
14.45,75.93,8,3,0,0,0.0,1,0
14.45,75.94,8,3,0,0,0.0,0,0
14.45,75.95,8,3,0,0,0.0,3,1
14.45,75.96,8,3,0,1,4.375,1,0
14.45,75.97,8,3,0,0,0.0,0,0
14.45,75.98,8,3,0,0,0.0,0,0
14.45,76.0,8,3,0,0,0.0,3,0
14.46,75.84,8,3,0,0,0.0,2,0
14.46,75.85,8,3,0,0,0.0,0,0
14.46,75.86,8,3,0,0,0.0,0,0
14.46,75.87,8,3,0,0,0.0,3,0
14.46,75.88,8,3,0,0,0.0,2,0
14.46,75.89,8,3,0,0,0.0,2,0
14.46,75.9,8,3,0,0,0.0,0,0
14.46,75.91,8,3,0,0,0.0,2,0
14.46,75.92,8,3,0,0,0.0,0,0
14.46,75.93,8,3,0,0,0.0,0,0
14.46,75.94,8,3,0,0,0.0,0,0
14.46,75.95,8,3,0,0,0.0,0,0
14.46,75.96,8,3,0,0,0.0,0,0
14.46,75.97,8,3,0,0,0.0,1,0
14.46,75.99,8,3,0,0,0.0,1,0
14.46,76.0,8,3,0,0,0.0,0,0
14.47,75.84,8,3,0,0,0.0,0,0
14.47,75.85,8,3,0,0,0.0,3,0
14.47,75.86,8,3,0,0,0.0,0,0
14.47,75.87,8,3,0,0,0.0,0,0
14.47,75.88,8,3,0,0,0.0,0,0
14.47,75.9,8,3,0,0,0.0,0,1
14.47,75.91,8,3,1,1,4.375,0,0
14.47,75.92,8,3,0,0,0.0,1,0
14.47,75.94,8,3,0,0,0.0,1,0
14.47,75.95,8,3,0,0,0.0,0,0
14.47,75.96,8,3,0,0,0.0,2,0
14.47,75.97,8,3,0,0,0.0,1,0
14.47,75.98,8,3,0,0,0.0,1,0
14.47,76.0,8,3,0,0,0.0,1,0
14.48,75.85,8,3,0,0,0.0,3,0
14.48,75.86,8,3,0,0,0.0,1,0
14.48,75.87,8,3,0,0,0.0,2,0
14.48,75.88,8,3,0,0,0.0,2,0
14.48,75.89,8,3,0,0,0.0,1,0
14.48,75.9,8,3,0,0,0.0,1,0
14.48,75.91,8,3,0,0,0.0,0,0
14.48,75.92,8,3,0,0,0.0,2,0
14.48,75.93,8,3,0,0,0.0,0,1
14.48,75.94,8,3,0,0,0.0,1,0
14.48,75.95,8,3,0,0,0.0,0,0
14.48,75.96,8,3,0,0,0.0,1,0
14.48,75.97,8,3,0,0,0.0,1,0
14.48,75.98,8,3,0,0,0.0,0,0
14.48,75.99,8,3,0,0,0.0,0,0
14.48,76.0,8,3,0,0,0.0,3,0
14.49,75.85,8,3,0,0,0.0,1,1
14.49,75.86,8,3,0,0,0.0,3,0
14.49,75.88,8,3,0,0,0.0,3,0
14.49,75.89,8,3,0,0,0.0,0,0
14.49,75.9,8,3,0,0,0.0,0,0
14.49,75.91,8,3,0,0,0.0,1,0
14.49,75.92,8,3,0,0,0.0,0,0
14.49,75.93,8,3,0,0,0.0,0,0
14.49,75.94,8,3,0,0,0.0,2,0
14.49,75.96,8,3,0,0,0.0,0,0
14.49,75.97,8,3,0,1,4.375,0,0
14.49,75.98,8,3,0,0,0.0,3,0
14.49,75.99,8,3,0,0,0.0,1,0
14.49,76.0,8,3,0,0,0.0,0,0
14.4,75.84,8,3,0,0,0.0,0,0
14.4,75.85,8,3,0,0,0.0,0,0
14.4,75.86,8,3,0,0,0.0,1,0
14.4,75.87,8,3,0,0,0.0,0,0
14.4,75.88,8,3,0,0,0.0,1,1
14.4,75.91,8,3,0,0,0.0,1,0
14.4,75.92,8,3,0,0,0.0,0,0
14.4,75.93,8,3,0,0,0.0,3,0
14.4,75.94,8,3,0,0,0.0,3,0
14.4,75.95,8,3,0,0,0.0,3,1
14.4,75.96,8,3,0,0,0.0,0,0
14.4,75.97,8,3,0,0,0.0,3,0
14.4,75.98,8,3,0,0,0.0,0,0
14.4,75.99,8,3,0,0,0.0,2,0
14.4,76.0,8,3,0,0,0.0,0,0
14.51,75.84,8,3,0,0,0.0,0,0
14.51,75.85,8,3,0,0,0.0,1,0
14.51,75.87,8,3,0,0,0.0,0,0
14.51,75.88,8,3,0,0,0.0,0,0
14.51,75.89,8,3,0,0,0.0,0,0
14.51,75.9,8,3,0,0,0.0,0,0
14.51,75.91,8,3,0,0,0.0,2,0
14.51,75.92,8,3,0,0,0.0,0,0
14.51,75.93,8,3,0,0,0.0,2,0
14.51,75.94,8,3,0,0,0.0,0,0
14.51,75.95,8,3,0,0,0.0,0,0
14.51,75.96,8,3,0,0,0.0,0,0
14.51,75.97,8,3,0,0,0.0,0,0
14.51,75.98,8,3,0,1,4.375,1,0
14.51,75.99,8,3,0,0,0.0,1,0
14.52,75.85,8,3,0,0,0.0,1,0
14.52,75.86,8,3,0,0,0.0,2,0
14.52,75.87,8,3,0,0,0.0,0,0
14.52,75.88,8,3,0,0,0.0,0,0
14.52,75.89,8,3,1,1,4.375,2,0
14.52,75.9,8,3,0,0,0.0,1,0
14.52,75.91,8,3,0,0,0.0,1,0
14.52,75.92,8,3,0,0,0.0,2,0
14.52,75.93,8,3,0,0,0.0,2,0
14.52,75.94,8,3,0,0,0.0,1,0
14.52,75.95,8,3,0,0,0.0,0,0
14.52,75.97,8,3,0,0,0.0,0,0
14.52,75.98,8,3,0,0,0.0,0,0
14.52,75.99,8,3,0,0,0.0,0,0
14.52,76.0,8,3,0,0,0.0,0,0
14.53,75.84,8,3,0,0,0.0,2,0
14.53,75.85,8,3,0,0,0.0,0,0
14.53,75.86,8,3,0,0,0.0,0,0
14.53,75.87,8,3,0,0,0.0,1,0
14.53,75.88,8,3,0,0,0.0,1,0
14.53,75.89,8,3,0,0,0.0,2,0
14.53,75.9,8,3,0,0,0.0,3,0
14.53,75.91,8,3,0,0,0.0,1,1
14.53,75.92,8,3,0,0,0.0,1,0
14.53,75.93,8,3,0,0,0.0,0,0
14.53,75.94,8,3,0,0,0.0,1,0
14.53,75.96,8,3,0,0,0.0,1,0
14.53,75.97,8,3,0,0,0.0,3,0
14.53,75.98,8,3,0,0,0.0,0,0
14.53,75.99,8,3,0,0,0.0,0,0
14.53,76.0,8,3,0,0,0.0,0,0
14.54,75.84,8,3,0,0,0.0,2,0
14.54,75.85,8,3,0,0,0.0,2,0
14.54,75.86,8,3,0,0,0.0,0,0
14.54,75.87,8,3,0,0,0.0,3,0
14.54,75.88,8,3,0,0,0.0,2,0
14.54,75.89,8,3,0,0,0.0,0,0
14.54,75.9,8,3,0,0,0.0,0,0
14.54,75.91,8,3,0,0,0.0,0,0
14.54,75.92,8,3,0,0,0.0,0,0
14.54,75.93,8,3,0,0,0.0,0,0
14.54,75.94,8,3,0,0,0.0,1,0
14.54,75.95,8,3,0,0,0.0,0,0
14.54,75.96,8,3,0,0,0.0,0,1
14.54,75.97,8,3,1,1,4.375,0,0
14.54,75.98,8,3,0,0,0.0,2,0
14.54,75.99,8,3,0,1,4.375,1,0
14.54,76.0,8,3,0,0,0.0,0,0
14.5,75.84,8,3,0,0,0.0,1,0
14.5,75.85,8,3,0,0,0.0,0,0
14.5,75.86,8,3,0,0,0.0,2,0
14.5,75.87,8,3,0,0,0.0,2,0
14.5,75.88,8,3,0,0,0.0,0,0
14.5,75.9,8,3,0,0,0.0,1,0
14.5,75.91,8,3,0,0,0.0,1,0
14.5,75.94,8,3,0,1,4.375,1,0
14.5,75.95,8,3,0,0,0.0,2,0
14.5,75.96,8,3,0,0,0.0,1,0
14.5,75.97,8,3,0,0,0.0,0,0
14.5,75.98,8,3,0,0,0.0,0,0
14.5,75.99,8,3,0,0,0.0,3,0
14.5,76.0,8,3,0,0,0.0,0,0
15.06,76.84,2,5,0,0,0.0,3,0
15.06,76.85,2,5,0,0,0.0,1,0
15.06,76.86,2,5,0,0,0.0,0,0
15.06,76.87,2,5,0,0,0.0,2,0
15.06,76.88,2,5,0,0,0.0,0,0
15.06,76.89,2,5,0,0,0.0,2,0
15.06,76.9,2,5,0,0,0.0,2,0
15.06,76.92,2,5,0,0,0.0,0,0
15.06,76.94,2,5,0,0,0.0,2,0
15.06,76.95,2,5,0,0,0.0,0,0
15.06,76.96,2,5,0,0,0.0,0,0
15.06,76.97,2,5,0,0,0.0,0,0
15.06,76.98,2,5,0,0,0.0,3,0
15.06,76.99,2,5,0,0,0.0,0,0
15.07,76.84,2,5,0,0,0.0,3,1
15.07,76.85,2,5,0,0,0.0,1,0
15.07,76.86,2,5,0,0,0.0,0,0
15.07,76.87,2,5,0,0,0.0,0,0
15.07,76.88,2,5,0,0,0.0,0,0
15.07,76.89,2,5,0,0,0.0,3,0
15.07,76.9,2,5,0,0,0.0,1,0
15.07,76.91,2,5,0,0,0.0,0,0
15.07,76.92,2,5,0,0,0.0,3,0
15.07,76.93,2,5,0,0,0.0,0,0
15.07,76.94,2,5,0,0,0.0,0,0
15.07,76.95,2,5,0,0,0.0,0,0
15.07,76.96,2,5,0,0,0.0,0,0
15.07,76.97,2,5,0,0,0.0,0,0
15.07,76.98,2,5,0,0,0.0,1,0
15.08,76.84,2,5,0,0,0.0,1,0
15.08,76.85,2,5,0,0,0.0,2,0
15.08,76.86,2,5,0,0,0.0,0,1
15.08,76.87,2,5,0,0,0.0,0,0
15.08,76.88,2,5,0,0,0.0,3,0
15.08,76.89,2,5,0,0,0.0,0,0
15.08,76.9,2,5,0,0,0.0,0,0
15.08,76.91,2,5,0,0,0.0,1,0
15.08,76.92,2,5,0,0,0.0,0,0
15.08,76.93,2,5,0,0,0.0,1,0
15.08,76.94,2,5,0,0,0.0,2,0
15.08,76.95,2,5,0,0,0.0,0,0
15.08,76.96,2,5,0,0,0.0,0,0
15.08,76.97,2,5,0,0,0.0,1,0
15.08,76.98,2,5,0,0,0.0,0,0
15.08,76.99,2,5,0,0,0.0,1,0
15.08,77.0,2,5,0,0,0.0,1,0
15.09,76.85,2,5,0,0,0.0,0,0
15.09,76.86,2,5,0,0,0.0,0,0
15.09,76.87,2,5,0,0,0.0,0,0
15.09,76.88,2,5,0,0,0.0,0,0
15.09,76.89,2,5,0,0,0.0,0,0
15.09,76.9,2,5,0,0,0.0,0,0
15.09,76.91,2,5,0,0,0.0,3,1
15.09,76.92,2,5,0,0,0.0,0,0
15.09,76.93,2,5,0,0,0.0,0,0
15.09,76.94,2,5,0,0,0.0,1,0
15.09,76.95,2,5,0,0,0.0,0,0
15.09,76.96,2,5,0,0,0.0,3,0
15.09,76.97,2,5,0,0,0.0,0,0
15.09,76.98,2,5,0,0,0.0,2,0
15.09,76.99,2,5,0,0,0.0,0,0
15.09,77.0,2,5,0,0,0.0,1,0
15.11,76.85,2,5,0,0,0.0,2,0
15.11,76.86,2,5,0,0,0.0,1,0
15.11,76.87,2,5,0,0,0.0,0,0
15.11,76.88,2,5,0,0,0.0,0,0
15.11,76.9,2,5,0,1,4.375,0,0
15.11,76.91,2,5,0,0,0.0,0,0
15.11,76.92,2,5,0,0,0.0,1,0
15.11,76.93,2,5,0,0,0.0,2,0
15.11,76.94,2,5,0,0,0.0,0,0
15.11,76.96,2,5,0,0,0.0,1,0
15.11,76.97,2,5,0,0,0.0,0,0
15.11,76.98,2,5,0,0,0.0,2,0
15.11,76.99,2,5,0,0,0.0,0,0
15.11,77.0,2,5,0,0,0.0,3,0
15.12,76.84,2,5,0,0,0.0,0,0
15.12,76.85,2,5,0,0,0.0,2,0
15.12,76.86,2,5,0,0,0.0,2,0
15.12,76.87,2,5,0,0,0.0,0,0
15.12,76.88,2,5,0,0,0.0,2,1
15.12,76.89,2,5,0,0,0.0,2,0
15.12,76.9,2,5,0,0,0.0,0,0
15.12,76.91,2,5,0,0,0.0,0,0
15.12,76.92,2,5,0,0,0.0,3,0
15.12,76.93,2,5,0,0,0.0,0,0
15.12,76.94,2,5,0,0,0.0,0,0
15.12,76.95,2,5,0,0,0.0,2,0
15.12,76.96,2,5,0,0,0.0,1,0
15.12,76.97,2,5,0,0,0.0,1,0
15.12,76.98,2,5,0,0,0.0,1,0
15.12,76.99,2,5,0,0,0.0,1,0
15.12,77.0,2,5,0,0,0.0,0,0
15.13,76.85,2,5,0,0,0.0,0,0
15.13,76.86,2,5,0,0,0.0,2,0
15.13,76.88,2,5,0,0,0.0,1,0
15.13,76.89,2,5,0,0,0.0,0,0
15.13,76.9,2,5,0,0,0.0,0,0
15.13,76.91,2,5,0,0,0.0,0,0
15.13,76.92,2,5,0,0,0.0,1,0
15.13,76.93,2,5,0,0,0.0,0,0
15.13,76.94,2,5,0,0,0.0,2,0
15.13,76.95,2,5,0,0,0.0,1,0
15.13,76.96,2,5,0,0,0.0,0,1
15.13,76.98,2,5,0,0,0.0,1,0
15.13,76.99,2,5,0,0,0.0,0,0
15.14,76.84,2,5,0,0,0.0,2,0
15.14,76.85,2,5,0,0,0.0,0,0
15.14,76.86,2,5,0,0,0.0,2,0
15.14,76.88,2,5,0,0,0.0,2,0
15.14,76.89,2,5,0,0,0.0,0,0
15.14,76.9,2,5,0,0,0.0,0,0
15.14,76.91,2,5,0,0,0.0,1,0
15.14,76.92,2,5,0,0,0.0,2,0
15.14,76.93,2,5,0,0,0.0,0,0
15.14,76.94,2,5,0,0,0.0,2,0
15.14,76.95,2,5,0,0,0.0,2,0
15.14,76.96,2,5,0,0,0.0,1,0
15.14,76.97,2,5,0,0,0.0,2,1
15.14,76.98,2,5,0,0,0.0,2,0
15.14,76.99,2,5,0,0,0.0,0,0
15.14,77.0,2,5,0,0,0.0,0,0
15.15,76.84,2,5,0,0,0.0,2,0
15.15,76.85,2,5,0,1,4.375,1,0
15.15,76.86,2,5,0,0,0.0,2,0
15.15,76.87,2,5,0,0,0.0,1,0
15.15,76.88,2,5,0,0,0.0,0,0
15.15,76.89,2,5,0,0,0.0,2,0
15.15,76.9,2,5,0,0,0.0,1,0
15.15,76.91,2,5,0,1,4.375,0,0
15.15,76.92,2,5,0,0,0.0,2,0
15.15,76.93,2,5,0,0,0.0,0,0
15.15,76.94,2,5,0,0,0.0,0,0
15.15,76.95,2,5,0,0,0.0,0,0
15.15,76.96,2,5,0,0,0.0,0,0
15.15,76.97,2,5,0,0,0.0,0,1
15.15,76.98,2,5,0,0,0.0,0,0
15.15,76.99,2,5,0,0,0.0,3,0
15.15,77.0,2,5,0,0,0.0,0,0
15.16,76.84,2,5,0,0,0.0,2,0
15.16,76.85,2,5,0,0,0.0,0,1
15.16,76.86,2,5,0,0,0.0,0,0
15.16,76.87,2,5,0,0,0.0,0,0
15.16,76.88,2,5,0,0,0.0,1,0
15.16,76.89,2,5,0,0,0.0,0,0
15.16,76.9,2,5,0,0,0.0,1,1
15.16,76.91,2,5,0,0,0.0,1,0
15.16,76.92,2,5,0,0,0.0,1,0
15.16,76.93,2,5,0,0,0.0,1,0
15.16,76.94,2,5,0,0,0.0,0,0
15.16,76.95,2,5,0,0,0.0,1,0
15.16,76.96,2,5,0,0,0.0,1,0
15.16,76.97,2,5,0,0,0.0,2,0
15.16,76.98,2,5,0,0,0.0,0,1
15.16,76.99,2,5,0,0,0.0,3,1
15.16,77.0,2,5,0,0,0.0,3,1
15.17,76.84,2,5,0,0,0.0,2,0
15.17,76.85,2,5,0,0,0.0,0,0
15.17,76.86,2,5,0,0,0.0,0,1
15.17,76.87,2,5,0,0,0.0,0,0
15.17,76.88,2,5,0,0,0.0,0,0
15.17,76.89,2,5,0,0,0.0,2,0
15.17,76.9,2,5,0,0,0.0,1,0
15.17,76.91,2,5,0,0,0.0,3,0
15.17,76.92,2,5,0,0,0.0,1,0
15.17,76.93,2,5,0,0,0.0,1,0
15.17,76.94,2,5,0,0,0.0,0,0
15.17,76.95,2,5,0,0,0.0,0,1
15.17,76.96,2,5,0,0,0.0,1,0
15.17,76.97,2,5,0,0,0.0,1,0
15.17,76.98,2,5,0,0,0.0,2,0
15.17,76.99,2,5,1,1,4.375,0,0
15.17,77.0,2,5,0,0,0.0,0,1
15.18,76.85,2,5,0,0,0.0,1,0
15.18,76.86,2,5,0,0,0.0,0,0
15.18,76.87,2,5,0,0,0.0,0,1
15.18,76.88,2,5,0,0,0.0,0,0
15.18,76.89,2,5,0,0,0.0,0,0
15.18,76.9,2,5,0,0,0.0,3,0
15.18,76.91,2,5,0,0,0.0,0,0
15.18,76.92,2,5,0,0,0.0,0,0
15.18,76.93,2,5,0,0,0.0,1,0
15.18,76.94,2,5,0,0,0.0,2,0
15.18,76.95,2,5,0,0,0.0,1,0
15.18,76.96,2,5,0,0,0.0,2,0
15.18,76.97,2,5,0,0,0.0,2,0
15.18,76.98,2,5,0,0,0.0,1,0
15.18,76.99,2,5,0,0,0.0,0,0
15.19,76.86,2,5,0,0,0.0,1,0
15.19,76.87,2,5,0,1,4.375,0,0
15.19,76.89,2,5,0,0,0.0,0,0
15.19,76.9,2,5,0,0,0.0,2,0
15.19,76.91,2,5,0,0,0.0,1,0
15.19,76.93,2,5,0,0,0.0,0,1
15.19,76.94,2,5,0,0,0.0,3,0
15.19,76.95,2,5,0,0,0.0,0,1
15.19,76.96,2,5,0,0,0.0,0,0
15.19,76.97,2,5,0,0,0.0,1,0
15.19,76.98,2,5,0,0,0.0,1,0
15.19,76.99,2,5,0,0,0.0,2,0
15.19,77.0,2,5,0,0,0.0,1,0
15.1,76.85,2,5,0,0,0.0,3,1
15.1,76.86,2,5,0,0,0.0,1,0
15.1,76.87,2,5,0,0,0.0,1,0
15.1,76.88,2,5,0,0,0.0,1,1
15.1,76.89,2,5,0,0,0.0,3,0
15.1,76.9,2,5,0,1,4.375,1,0
15.1,76.91,2,5,0,0,0.0,1,1
15.1,76.92,2,5,0,0,0.0,0,0
15.1,76.93,2,5,0,0,0.0,1,0
15.1,76.94,2,5,0,0,0.0,0,1
15.1,76.95,2,5,0,0,0.0,0,0
15.1,76.96,2,5,0,0,0.0,0,0
15.1,76.97,2,5,0,0,0.0,2,0
15.1,76.99,2,5,0,0,0.0,0,0
15.1,77.0,2,5,0,0,0.0,0,0
15.21,76.84,2,5,0,0,0.0,0,0
15.21,76.85,2,5,0,0,0.0,0,0
15.21,76.86,2,5,0,0,0.0,2,0
15.21,76.87,2,5,0,0,0.0,1,0
15.21,76.88,2,5,0,0,0.0,1,0
15.21,76.89,2,5,0,0,0.0,3,0
15.21,76.9,2,5,0,0,0.0,0,0
15.21,76.91,2,5,0,0,0.0,3,0
15.21,76.92,2,5,0,0,0.0,0,0
15.21,76.93,2,5,0,0,0.0,0,0
15.21,76.94,2,5,0,0,0.0,0,0
15.21,76.95,2,5,0,0,0.0,0,0
15.21,76.96,2,5,0,0,0.0,2,1
15.21,76.97,2,5,0,0,0.0,0,0
15.21,76.98,2,5,0,0,0.0,0,0
15.21,76.99,2,5,0,0,0.0,1,1
15.21,77.0,2,5,0,0,0.0,0,0
15.22,76.86,2,5,0,0,0.0,0,0
15.22,76.89,2,5,0,0,0.0,0,0
15.22,76.9,2,5,0,0,0.0,0,0
15.22,76.91,2,5,0,0,0.0,2,0
15.22,76.92,2,5,0,0,0.0,3,0
15.22,76.93,2,5,0,1,4.375,0,0
15.22,76.95,2,5,0,0,0.0,0,0
15.22,76.96,2,5,0,0,0.0,0,0
15.22,76.97,2,5,0,0,0.0,1,0
15.22,76.99,2,5,0,0,0.0,0,0
15.28,75.06,10,15,0,0,0.0,2,0
15.29,75.04,10,15,0,0,0.0,0,0
15.29,75.06,10,15,0,0,0.0,2,0
15.29,75.07,10,15,0,0,0.0,1,0
15.29,75.08,10,15,0,0,0.0,1,0
15.29,75.09,10,15,0,0,0.0,0,0
15.29,75.1,10,15,0,0,0.0,1,0
15.29,75.11,10,15,0,0,0.0,0,1
15.29,75.13,10,15,0,0,0.0,0,0
15.29,75.14,10,15,0,0,0.0,1,0
15.29,75.15,10,15,0,0,0.0,1,0
15.29,75.16,10,15,0,0,0.0,3,0
15.29,75.17,10,15,0,0,0.0,1,0
15.29,75.18,10,15,0,0,0.0,0,0
15.29,75.19,10,15,0,0,0.0,2,0
15.29,75.2,10,15,0,0,0.0,0,0
15.2,76.85,2,5,0,0,0.0,0,1
15.2,76.86,2,5,0,0,0.0,2,0
15.2,76.87,2,5,0,0,0.0,3,0
15.2,76.88,2,5,0,0,0.0,0,0
15.2,76.89,2,5,0,0,0.0,2,0
15.2,76.9,2,5,0,0,0.0,0,0
15.2,76.91,2,5,0,0,0.0,0,0
15.2,76.92,2,5,0,0,0.0,0,0
15.2,76.93,2,5,0,0,0.0,0,0
15.2,76.94,2,5,0,0,0.0,1,0
15.2,76.95,2,5,0,0,0.0,1,0
15.2,76.96,2,5,0,0,0.0,3,0
15.2,76.97,2,5,0,0,0.0,2,1
15.2,76.98,2,5,0,1,4.375,2,0
15.2,76.99,2,5,0,0,0.0,0,1
15.2,77.0,2,5,0,0,0.0,1,0
15.31,75.05,10,15,0,0,0.0,3,0
15.31,75.06,10,15,0,0,0.0,0,0
15.31,75.07,10,15,0,0,0.0,3,0
15.31,75.08,10,15,0,0,0.0,2,0
15.31,75.09,10,15,0,0,0.0,1,0
15.31,75.1,10,15,0,1,2.333,1,0
15.31,75.11,10,15,0,0,0.0,0,0
15.31,75.12,10,15,0,0,0.0,1,0
15.31,75.13,10,15,0,0,0.0,0,0
15.31,75.14,10,15,0,0,0.0,2,0
15.31,75.15,10,15,0,0,0.0,2,0
15.31,75.18,10,15,0,0,0.0,3,0
15.31,75.19,10,15,0,0,0.0,0,0
15.31,75.2,10,15,0,0,0.0,0,0
15.32,75.06,10,15,0,0,0.0,2,0
15.32,75.07,10,15,0,0,0.0,1,0
15.32,75.08,10,15,0,0,0.0,0,0
15.32,75.09,10,15,0,0,0.0,0,0
15.32,75.1,10,15,0,0,0.0,0,0
15.32,75.11,10,15,0,0,0.0,0,0
15.32,75.12,10,15,0,0,0.0,3,0
15.32,75.13,10,15,0,0,0.0,0,0
15.32,75.14,10,15,0,0,0.0,2,0
15.32,75.15,10,15,0,0,0.0,0,0
15.32,75.16,10,15,0,0,0.0,0,0
15.32,75.17,10,15,0,0,0.0,3,0
15.32,75.18,10,15,0,0,0.0,2,0
15.32,75.19,10,15,0,0,0.0,0,0
15.32,75.2,10,15,0,0,0.0,0,1
15.33,75.06,10,15,0,0,0.0,2,0
15.33,75.07,10,15,1,1,2.333,0,0
15.33,75.08,10,15,0,0,0.0,1,0
15.33,75.09,10,15,0,0,0.0,0,0
15.33,75.1,10,15,0,0,0.0,1,1
15.33,75.11,10,15,0,1,2.333,0,0
15.33,75.12,10,15,0,0,0.0,0,0
15.33,75.13,10,15,0,0,0.0,0,0
15.33,75.14,10,15,0,0,0.0,0,0
15.33,75.15,10,15,0,0,0.0,3,0
15.33,75.16,10,15,0,0,0.0,1,0
15.33,75.17,10,15,0,0,0.0,2,0
15.33,75.18,10,15,0,0,0.0,3,0
15.33,75.19,10,15,0,0,0.0,1,0
15.33,75.2,10,15,0,0,0.0,0,0
15.34,75.04,10,15,0,0,0.0,1,0
15.34,75.05,10,15,0,0,0.0,2,0
15.34,75.06,10,15,0,0,0.0,0,0
15.34,75.07,10,15,0,0,0.0,1,0
15.34,75.08,10,15,0,0,0.0,1,1
15.34,75.09,10,15,0,0,0.0,0,0
15.34,75.1,10,15,0,0,0.0,3,0
15.34,75.11,10,15,0,0,0.0,0,0
15.34,75.12,10,15,0,0,0.0,0,0
15.34,75.13,10,15,0,0,0.0,0,0
15.34,75.14,10,15,0,0,0.0,1,0
15.34,75.15,10,15,0,0,0.0,0,1
15.34,75.16,10,15,0,0,0.0,0,1
15.34,75.17,10,15,0,0,0.0,1,0
15.34,75.19,10,15,0,0,0.0,2,0
15.34,75.2,10,15,0,0,0.0,2,0
15.35,75.04,10,15,0,0,0.0,1,0
15.35,75.05,10,15,0,0,0.0,2,0
15.35,75.07,10,15,0,0,0.0,0,0
15.35,75.08,10,15,0,1,2.333,1,0
15.35,75.09,10,15,0,0,0.0,2,0
15.35,75.1,10,15,0,0,0.0,0,0
15.35,75.11,10,15,0,0,0.0,3,1
15.35,75.12,10,15,0,0,0.0,2,0
15.35,75.13,10,15,0,0,0.0,0,0
15.35,75.14,10,15,0,0,0.0,2,0
15.35,75.15,10,15,0,0,0.0,1,0
15.35,75.16,10,15,0,0,0.0,0,0
15.35,75.17,10,15,0,1,2.333,1,0
15.35,75.18,10,15,0,1,2.333,1,0
15.35,75.19,10,15,0,0,0.0,2,0
15.35,75.2,10,15,0,0,0.0,1,0
15.36,75.05,10,15,0,0,0.0,1,0
15.36,75.07,10,15,0,0,0.0,2,0
15.36,75.08,10,15,0,0,0.0,1,0
15.36,75.09,10,15,0,0,0.0,1,0
15.36,75.1,10,15,0,0,0.0,0,0
15.36,75.11,10,15,0,0,0.0,0,0
15.36,75.12,10,15,0,0,0.0,0,1
15.36,75.13,10,15,0,0,0.0,0,0
15.36,75.14,10,15,0,0,0.0,2,0
15.36,75.15,10,15,0,0,0.0,0,0
15.36,75.16,10,15,1,1,2.333,1,0
15.36,75.17,10,15,0,0,0.0,0,0
15.36,75.18,10,15,0,0,0.0,0,0
15.36,75.19,10,15,0,0,0.0,0,0
15.36,75.2,10,15,0,0,0.0,0,0
15.37,75.05,10,15,0,0,0.0,0,1
15.37,75.06,10,15,0,0,0.0,0,0
15.37,75.07,10,15,0,0,0.0,1,1
15.37,75.08,10,15,0,0,0.0,1,0
15.37,75.09,10,15,0,0,0.0,0,0
15.37,75.1,10,15,0,0,0.0,3,0
15.37,75.11,10,15,0,0,0.0,1,1
15.37,75.12,10,15,0,0,0.0,1,0
15.37,75.13,10,15,1,1,2.333,1,0
15.37,75.14,10,15,0,0,0.0,0,0
15.37,75.15,10,15,0,0,0.0,0,0
15.37,75.16,10,15,0,0,0.0,1,0
15.37,75.17,10,15,0,0,0.0,1,0
15.37,75.18,10,15,0,0,0.0,2,0
15.37,75.19,10,15,0,0,0.0,0,0
15.37,75.2,10,15,0,0,0.0,0,0
15.38,75.05,10,15,0,0,0.0,0,0
15.38,75.06,10,15,0,1,2.333,3,0
15.38,75.07,10,15,0,0,0.0,0,0
15.38,75.1,10,15,0,1,2.333,0,0
15.38,75.11,10,15,0,0,0.0,0,0
15.38,75.12,10,15,0,0,0.0,3,1
15.38,75.13,10,15,0,0,0.0,2,0
15.38,75.14,10,15,0,0,0.0,0,0
15.38,75.15,10,15,0,0,0.0,0,0
15.38,75.16,10,15,0,0,0.0,1,0
15.38,75.17,10,15,0,0,0.0,0,1
15.38,75.18,10,15,0,1,2.333,2,0
15.38,75.19,10,15,0,0,0.0,0,0
15.39,75.05,10,15,1,1,2.333,0,0
15.39,75.06,10,15,0,0,0.0,0,0
15.39,75.07,10,15,0,0,0.0,0,0
15.39,75.08,10,15,0,0,0.0,1,0
15.39,75.09,10,15,0,0,0.0,1,0
15.39,75.1,10,15,0,0,0.0,0,0
15.39,75.11,10,15,0,0,0.0,0,0
15.39,75.12,10,15,0,0,0.0,1,0
15.39,75.13,10,15,0,0,0.0,0,0
15.39,75.15,10,15,0,0,0.0,0,0
15.39,75.16,10,15,0,0,0.0,2,0
15.39,75.17,10,15,0,0,0.0,1,0
15.39,75.18,10,15,0,0,0.0,0,0
15.39,75.19,10,15,0,0,0.0,2,0
15.39,75.2,10,15,0,0,0.0,2,0
15.3,75.05,10,15,0,0,0.0,0,0
15.3,75.06,10,15,0,0,0.0,2,0
15.3,75.07,10,15,0,0,0.0,1,0
15.3,75.08,10,15,0,0,0.0,0,0
15.3,75.09,10,15,0,0,0.0,0,0
15.3,75.11,10,15,0,0,0.0,1,0
15.3,75.12,10,15,0,0,0.0,1,0
15.3,75.13,10,15,0,0,0.0,2,0
15.3,75.14,10,15,0,0,0.0,0,0
15.3,75.15,10,15,0,0,0.0,0,0
15.3,75.16,10,15,0,0,0.0,0,1
15.3,75.17,10,15,0,0,0.0,0,0
15.3,75.18,10,15,0,0,0.0,0,0
15.3,75.19,10,15,0,0,0.0,0,0
15.3,75.2,10,15,0,0,0.0,3,0
15.41,75.05,10,15,0,0,0.0,0,0
15.41,75.07,10,15,0,0,0.0,0,0
15.41,75.08,10,15,0,0,0.0,0,0
15.41,75.09,10,15,0,0,0.0,1,0
15.41,75.1,10,15,0,0,0.0,2,1
15.41,75.11,10,15,0,0,0.0,2,0
15.41,75.13,10,15,0,0,0.0,3,1
15.41,75.14,10,15,0,0,0.0,1,1
15.41,75.15,10,15,0,0,0.0,0,1
15.41,75.16,10,15,0,0,0.0,2,0
15.41,75.17,10,15,0,0,0.0,0,0
15.41,75.18,10,15,0,1,2.333,2,0
15.41,75.19,10,15,0,0,0.0,1,0
15.41,75.2,10,15,0,0,0.0,3,0
15.42,75.05,10,15,0,0,0.0,0,0
15.42,75.06,10,15,0,0,0.0,1,0
15.42,75.07,10,15,0,0,0.0,0,0
15.42,75.08,10,15,0,0,0.0,2,0
15.42,75.09,10,15,0,0,0.0,0,0
15.42,75.1,10,15,0,0,0.0,1,1
15.42,75.11,10,15,0,0,0.0,1,0
15.42,75.12,10,15,0,0,0.0,1,0
15.42,75.13,10,15,0,0,0.0,0,0
15.42,75.14,10,15,0,0,0.0,0,0
15.42,75.15,10,15,0,0,0.0,1,0
15.42,75.16,10,15,0,0,0.0,0,0
15.42,75.17,10,15,0,0,0.0,1,0
15.42,75.18,10,15,0,0,0.0,2,0
15.42,75.19,10,15,0,0,0.0,1,0
15.42,75.2,10,15,0,0,0.0,1,0
15.43,75.05,10,15,0,0,0.0,0,0
15.43,75.08,10,15,0,0,0.0,0,0
15.43,75.09,10,15,0,0,0.0,0,1
15.43,75.1,10,15,0,0,0.0,3,0
15.43,75.12,10,15,0,0,0.0,0,0
15.43,75.13,10,15,0,0,0.0,0,0
15.43,75.14,10,15,0,0,0.0,1,0
15.43,75.15,10,15,0,0,0.0,1,0
15.43,75.17,10,15,0,0,0.0,0,1
15.43,75.18,10,15,0,0,0.0,2,0
15.43,75.19,10,15,0,0,0.0,0,0
15.43,75.2,10,15,0,0,0.0,2,0
15.44,75.05,10,15,0,0,0.0,0,0
15.44,75.06,10,15,0,0,0.0,0,0
15.44,75.07,10,15,0,0,0.0,2,0
15.44,75.08,10,15,0,0,0.0,2,0
15.44,75.09,10,15,0,0,0.0,1,0
15.44,75.1,10,15,0,0,0.0,0,0
15.44,75.11,10,15,0,0,0.0,3,0
15.44,75.12,10,15,0,0,0.0,0,0
15.44,75.13,10,15,0,0,0.0,1,0
15.44,75.14,10,15,0,0,0.0,1,1
15.44,75.15,10,15,0,0,0.0,1,0
15.44,75.16,10,15,0,0,0.0,0,0
15.44,75.18,10,15,0,0,0.0,0,0
15.44,75.19,10,15,0,0,0.0,1,0
15.44,75.2,10,15,0,0,0.0,1,0
15.4,75.04,10,15,0,0,0.0,1,0
15.4,75.05,10,15,0,1,2.333,0,0
15.4,75.06,10,15,0,0,0.0,1,0
15.4,75.07,10,15,0,0,0.0,0,0
15.4,75.08,10,15,0,0,0.0,1,0
15.4,75.09,10,15,0,0,0.0,1,1
15.4,75.1,10,15,0,0,0.0,0,0
15.4,75.11,10,15,0,0,0.0,1,1
15.4,75.12,10,15,0,0,0.0,1,0
15.4,75.13,10,15,0,0,0.0,0,0
15.4,75.14,10,15,0,0,0.0,0,0
15.4,75.15,10,15,0,0,0.0,2,0
15.4,75.16,10,15,0,0,0.0,0,0
15.4,75.17,10,15,0,0,0.0,0,0
15.4,75.18,10,15,0,0,0.0,2,0
15.4,75.19,10,15,0,1,2.333,0,0
15.4,75.2,10,15,0,0,0.0,0,1
15.77,74.42,3,8,0,0,0.0,0,0
15.77,74.44,3,8,0,0,0.0,0,0
15.77,74.45,3,8,0,0,0.0,2,0
15.77,74.46,3,8,1,1,2.5,2,0
15.77,74.47,3,8,0,0,0.0,1,0
15.77,74.5,3,8,0,0,0.0,3,0
15.77,74.51,3,8,0,0,0.0,0,0
15.77,74.52,3,8,0,0,0.0,2,0
15.77,74.54,3,8,0,0,0.0,1,0
15.77,74.55,3,8,0,0,0.0,0,0
15.77,74.56,3,8,0,0,0.0,1,0
15.77,74.57,3,8,0,0,0.0,0,0
15.77,74.58,3,8,0,0,0.0,2,0
15.78,74.42,3,8,0,0,0.0,3,0
15.78,74.43,3,8,0,0,0.0,0,0
15.78,74.44,3,8,0,0,0.0,2,0
15.78,74.46,3,8,0,0,0.0,0,0
15.78,74.47,3,8,0,0,0.0,0,0
15.78,74.48,3,8,0,0,0.0,0,1
15.78,74.49,3,8,0,0,0.0,0,0
15.78,74.5,3,8,0,0,0.0,0,0
15.78,74.51,3,8,0,0,0.0,0,0
15.78,74.52,3,8,0,0,0.0,1,0
15.78,74.53,3,8,0,0,0.0,1,1
15.78,74.54,3,8,0,1,2.5,0,0
15.78,74.55,3,8,0,0,0.0,3,0
15.78,74.56,3,8,0,0,0.0,1,1
15.78,74.57,3,8,0,0,0.0,0,1
15.79,74.42,3,8,0,0,0.0,3,0
15.79,74.43,3,8,0,0,0.0,2,0
15.79,74.44,3,8,0,0,0.0,0,0
15.79,74.45,3,8,0,0,0.0,0,0
15.79,74.46,3,8,0,0,0.0,0,0
15.79,74.47,3,8,0,0,0.0,0,1
15.79,74.48,3,8,0,0,0.0,0,1
15.79,74.49,3,8,0,1,2.5,0,1
15.79,74.5,3,8,0,0,0.0,0,1
15.79,74.51,3,8,0,0,0.0,1,0
15.79,74.52,3,8,0,0,0.0,0,0
15.79,74.53,3,8,0,0,0.0,0,0
15.79,74.54,3,8,0,1,2.5,0,0
15.79,74.55,3,8,0,0,0.0,1,0
15.79,74.56,3,8,0,0,0.0,0,0
15.79,74.57,3,8,0,0,0.0,0,0
15.81,74.42,3,8,0,0,0.0,2,1
15.81,74.43,3,8,0,0,0.0,1,0
15.81,74.44,3,8,0,0,0.0,1,1
15.81,74.45,3,8,0,0,0.0,2,0
15.81,74.46,3,8,0,0,0.0,1,0
15.81,74.47,3,8,0,0,0.0,2,0
15.81,74.48,3,8,0,0,0.0,1,0
15.81,74.49,3,8,0,0,0.0,0,0
15.81,74.5,3,8,0,1,2.5,0,0
15.81,74.52,3,8,0,0,0.0,2,0
15.81,74.53,3,8,0,0,0.0,2,0
15.81,74.54,3,8,0,0,0.0,0,1
15.81,74.55,3,8,0,0,0.0,0,0
15.81,74.56,3,8,0,0,0.0,0,0
15.81,74.57,3,8,0,0,0.0,0,0
15.81,74.58,3,8,0,0,0.0,0,0
15.82,74.42,3,8,0,0,0.0,0,0
15.82,74.43,3,8,0,0,0.0,0,0
15.82,74.44,3,8,0,0,0.0,0,0
15.82,74.46,3,8,0,0,0.0,1,0
15.82,74.47,3,8,0,0,0.0,0,0
15.82,74.48,3,8,0,0,0.0,2,0
15.82,74.5,3,8,0,0,0.0,1,0
15.82,74.51,3,8,0,0,0.0,2,0
15.82,74.53,3,8,0,1,2.5,2,0
15.82,74.55,3,8,0,0,0.0,2,1
15.82,74.56,3,8,0,0,0.0,3,0
15.82,74.57,3,8,0,0,0.0,3,0
15.83,74.42,3,8,0,0,0.0,0,0
15.83,74.43,3,8,0,0,0.0,0,0
15.83,74.44,3,8,0,0,0.0,0,1
15.83,74.45,3,8,0,0,0.0,2,0
15.83,74.46,3,8,0,0,0.0,2,0
15.83,74.47,3,8,0,0,0.0,0,0
15.83,74.48,3,8,0,0,0.0,0,0
15.83,74.49,3,8,0,0,0.0,0,0
15.83,74.5,3,8,0,0,0.0,0,0
15.83,74.52,3,8,0,0,0.0,1,0
15.83,74.53,3,8,0,0,0.0,3,0
15.83,74.54,3,8,0,0,0.0,0,0
15.83,74.55,3,8,0,0,0.0,0,0
15.83,74.56,3,8,0,0,0.0,0,1
15.83,74.58,3,8,0,0,0.0,0,0
15.84,74.42,3,8,0,0,0.0,1,0
15.84,74.43,3,8,0,0,0.0,0,0
15.84,74.44,3,8,0,0,0.0,2,0
15.84,74.45,3,8,0,0,0.0,0,0
15.84,74.46,3,8,0,0,0.0,0,0
15.84,74.47,3,8,0,0,0.0,2,0
15.84,74.48,3,8,0,1,2.5,1,0
15.84,74.49,3,8,0,0,0.0,0,1
15.84,74.51,3,8,0,0,0.0,1,0
15.84,74.52,3,8,0,0,0.0,0,0
15.84,74.53,3,8,0,0,0.0,0,0
15.84,74.54,3,8,0,0,0.0,0,0
15.84,74.55,3,8,0,0,0.0,1,0
15.84,74.56,3,8,0,0,0.0,1,1
15.84,74.57,3,8,0,0,0.0,2,0
15.84,74.58,3,8,0,0,0.0,0,0
15.85,74.42,3,8,0,0,0.0,1,0
15.85,74.43,3,8,0,0,0.0,1,1
15.85,74.44,3,8,0,0,0.0,1,0
15.85,74.45,3,8,0,0,0.0,0,0
15.85,74.46,3,8,0,0,0.0,0,0
15.85,74.47,3,8,0,0,0.0,3,0
15.85,74.48,3,8,0,0,0.0,1,1
15.85,74.49,3,8,0,1,2.5,1,0
15.85,74.5,3,8,0,0,0.0,1,0
15.85,74.51,3,8,0,0,0.0,0,0
15.85,74.52,3,8,0,0,0.0,0,0
15.85,74.53,3,8,0,0,0.0,0,0
15.85,74.54,3,8,0,0,0.0,0,1
15.85,74.55,3,8,0,0,0.0,2,0
15.85,74.56,3,8,0,0,0.0,0,0
15.85,74.57,3,8,0,0,0.0,3,0
15.86,74.42,3,8,0,0,0.0,1,0
15.86,74.43,3,8,0,1,2.5,1,0
15.86,74.44,3,8,0,0,0.0,0,1
15.86,74.45,3,8,0,0,0.0,1,0
15.86,74.46,3,8,0,0,0.0,2,1
15.86,74.48,3,8,0,0,0.0,1,0
15.86,74.49,3,8,0,0,0.0,2,0
15.86,74.5,3,8,0,0,0.0,1,0
15.86,74.51,3,8,0,0,0.0,1,0
15.86,74.52,3,8,0,0,0.0,0,0
15.86,74.53,3,8,0,0,0.0,1,0
15.86,74.54,3,8,0,0,0.0,0,0
15.86,74.55,3,8,0,0,0.0,0,0
15.86,74.56,3,8,0,0,0.0,0,0
15.86,74.57,3,8,0,0,0.0,0,0
15.87,74.42,3,8,0,0,0.0,2,0
15.87,74.43,3,8,0,0,0.0,3,1
15.87,74.44,3,8,0,0,0.0,0,0
15.87,74.45,3,8,1,1,2.5,0,0
15.87,74.47,3,8,0,0,0.0,3,0
15.87,74.48,3,8,0,0,0.0,1,1
15.87,74.49,3,8,0,0,0.0,2,0
15.87,74.5,3,8,0,0,0.0,0,0
15.87,74.51,3,8,0,0,0.0,2,0
15.87,74.52,3,8,0,0,0.0,0,0
15.87,74.53,3,8,0,0,0.0,2,0
15.87,74.54,3,8,0,0,0.0,2,0
15.87,74.55,3,8,0,0,0.0,0,1
15.87,74.56,3,8,0,0,0.0,0,1
15.87,74.57,3,8,0,1,2.5,0,0
15.88,74.42,3,8,0,0,0.0,2,0
15.88,74.43,3,8,0,1,2.5,1,0
15.88,74.45,3,8,0,0,0.0,0,0
15.88,74.46,3,8,0,0,0.0,2,0
15.88,74.47,3,8,0,0,0.0,0,0
15.88,74.48,3,8,0,0,0.0,0,0
15.88,74.49,3,8,0,0,0.0,2,0
15.88,74.5,3,8,0,0,0.0,1,0
15.88,74.51,3,8,0,0,0.0,0,0
15.88,74.52,3,8,0,0,0.0,0,0
15.88,74.53,3,8,0,0,0.0,3,0
15.88,74.54,3,8,0,0,0.0,0,0
15.88,74.55,3,8,0,0,0.0,2,0
15.88,74.56,3,8,0,0,0.0,0,0
15.88,74.57,3,8,0,0,0.0,1,0
15.89,74.42,3,8,0,0,0.0,2,0
15.89,74.43,3,8,0,0,0.0,0,0
15.89,74.45,3,8,0,0,0.0,0,0
15.89,74.47,3,8,0,0,0.0,1,0
15.89,74.48,3,8,0,0,0.0,0,0
15.89,74.49,3,8,0,0,0.0,1,0
15.89,74.51,3,8,0,0,0.0,2,0
15.89,74.52,3,8,0,0,0.0,1,0
15.89,74.53,3,8,0,0,0.0,1,0
15.89,74.54,3,8,0,0,0.0,0,0
15.89,74.55,3,8,0,0,0.0,0,0
15.89,74.56,3,8,0,0,0.0,0,0
15.89,74.57,3,8,0,0,0.0,0,1
15.8,74.42,3,8,0,0,0.0,3,0
15.8,74.44,3,8,0,0,0.0,0,0
15.8,74.45,3,8,0,0,0.0,1,0
15.8,74.46,3,8,0,0,0.0,0,0
15.8,74.47,3,8,0,0,0.0,0,0
15.8,74.48,3,8,0,0,0.0,0,0
15.8,74.49,3,8,0,0,0.0,0,0
15.8,74.5,3,8,0,0,0.0,2,0
15.8,74.51,3,8,0,0,0.0,0,0
15.8,74.52,3,8,0,0,0.0,0,0
15.8,74.53,3,8,0,0,0.0,0,0
15.8,74.54,3,8,0,0,0.0,0,0
15.8,74.55,3,8,0,0,0.0,3,0
15.8,74.56,3,8,0,0,0.0,2,0
15.91,74.42,3,8,0,0,0.0,3,0
15.91,74.44,3,8,0,0,0.0,1,0
15.91,74.45,3,8,0,0,0.0,0,1
15.91,74.46,3,8,0,0,0.0,0,0
15.91,74.47,3,8,0,1,2.5,3,1
15.91,74.49,3,8,0,0,0.0,3,0
15.91,74.5,3,8,0,0,0.0,1,0
15.91,74.51,3,8,0,0,0.0,2,0
15.91,74.53,3,8,0,0,0.0,2,0
15.91,74.54,3,8,0,0,0.0,3,0
15.91,74.55,3,8,0,0,0.0,2,0
15.91,74.56,3,8,0,0,0.0,0,1
15.91,74.58,3,8,0,0,0.0,2,0
15.92,74.42,3,8,0,0,0.0,1,0
15.92,74.43,3,8,0,0,0.0,1,1
15.92,74.44,3,8,0,0,0.0,0,0
15.92,74.45,3,8,0,0,0.0,1,0
15.92,74.46,3,8,0,0,0.0,0,0
15.92,74.47,3,8,0,0,0.0,2,0
15.92,74.48,3,8,0,0,0.0,0,0
15.92,74.5,3,8,0,0,0.0,2,0
15.92,74.51,3,8,0,0,0.0,0,0
15.92,74.52,3,8,0,0,0.0,1,1
15.92,74.53,3,8,0,0,0.0,0,0
15.92,74.55,3,8,0,0,0.0,1,0
15.92,74.56,3,8,0,0,0.0,1,0
15.92,74.57,3,8,0,0,0.0,1,0
15.92,74.58,3,8,0,1,2.5,3,0
15.93,74.42,3,8,0,0,0.0,1,0
15.93,74.43,3,8,0,0,0.0,0,0
15.93,74.44,3,8,0,0,0.0,1,0
15.93,74.45,3,8,0,0,0.0,1,0
15.93,74.46,3,8,0,0,0.0,0,0
15.93,74.49,3,8,0,0,0.0,2,0
15.93,74.5,3,8,0,0,0.0,0,0
15.93,74.52,3,8,0,0,0.0,1,0
15.93,74.53,3,8,0,0,0.0,1,0
15.93,74.54,3,8,0,0,0.0,0,0
15.93,74.55,3,8,0,0,0.0,0,0
15.93,74.56,3,8,0,0,0.0,1,0
15.93,74.57,3,8,0,0,0.0,1,0
15.9,74.42,3,8,0,0,0.0,0,0
15.9,74.43,3,8,0,0,0.0,0,0
15.9,74.44,3,8,0,0,0.0,2,0
15.9,74.45,3,8,0,0,0.0,0,0
15.9,74.46,3,8,0,0,0.0,0,0
15.9,74.47,3,8,0,0,0.0,1,0
15.9,74.48,3,8,0,0,0.0,2,0
15.9,74.49,3,8,0,0,0.0,2,0
15.9,74.5,3,8,0,0,0.0,3,1
15.9,74.51,3,8,0,0,0.0,0,1
15.9,74.53,3,8,0,0,0.0,0,0
15.9,74.54,3,8,0,0,0.0,0,0
15.9,74.55,3,8,0,0,0.0,2,0
15.9,74.57,3,8,0,0,0.0,0,1
16.11,75.62,1,19,0,0,0.0,0,0
16.11,75.63,1,19,0,1,2.692,0,0
16.11,75.64,1,19,0,0,0.0,2,0
16.11,75.65,1,19,0,0,0.0,2,0
16.11,75.66,1,19,0,0,0.0,0,0
16.11,75.67,1,19,0,0,0.0,0,0
16.11,75.69,1,19,0,0,0.0,0,0
16.11,75.7,1,19,0,0,0.0,1,0
16.11,75.71,1,19,0,0,0.0,1,0
16.11,75.72,1,19,0,0,0.0,1,0
16.11,75.73,1,19,0,0,0.0,0,0
16.11,75.74,1,19,0,0,0.0,1,0
16.11,75.75,1,19,0,0,0.0,1,0
16.11,75.76,1,19,0,0,0.0,0,0
16.11,75.77,1,19,0,0,0.0,0,0
16.12,75.62,1,19,0,0,0.0,0,0
16.12,75.63,1,19,0,0,0.0,0,0
16.12,75.64,1,19,0,0,0.0,2,0
16.12,75.65,1,19,0,0,0.0,1,0
16.12,75.66,1,19,0,0,0.0,1,0
16.12,75.67,1,19,0,0,0.0,1,1
16.12,75.68,1,19,0,0,0.0,2,0
16.12,75.69,1,19,0,0,0.0,1,0
16.12,75.7,1,19,0,0,0.0,1,1
16.12,75.71,1,19,0,0,0.0,3,0
16.12,75.72,1,19,0,0,0.0,0,0
16.12,75.73,1,19,0,0,0.0,1,0
16.12,75.74,1,19,0,0,0.0,1,0
16.12,75.75,1,19,0,0,0.0,1,0
16.12,75.77,1,19,0,0,0.0,2,0
16.12,75.78,1,19,0,0,0.0,2,0
16.13,75.63,1,19,0,1,2.692,0,1
16.13,75.64,1,19,0,0,0.0,2,0
16.13,75.65,1,19,0,0,0.0,1,0
16.13,75.66,1,19,0,0,0.0,0,0
16.13,75.67,1,19,0,0,0.0,0,0
16.13,75.68,1,19,0,0,0.0,2,0
16.13,75.69,1,19,0,0,0.0,0,0
16.13,75.7,1,19,0,0,0.0,0,0
16.13,75.71,1,19,0,0,0.0,1,0
16.13,75.72,1,19,0,0,0.0,0,0
16.13,75.73,1,19,0,0,0.0,1,0
16.13,75.74,1,19,0,0,0.0,2,0
16.13,75.75,1,19,0,1,2.692,0,0
16.13,75.77,1,19,0,0,0.0,0,0
16.14,75.62,1,19,0,0,0.0,0,1
16.14,75.63,1,19,0,0,0.0,2,0
16.14,75.64,1,19,0,0,0.0,1,0
16.14,75.65,1,19,1,1,2.692,0,0
16.14,75.67,1,19,0,0,0.0,2,0
16.14,75.68,1,19,0,0,0.0,0,0
16.14,75.69,1,19,0,1,2.692,3,0
16.14,75.7,1,19,0,0,0.0,0,1
16.14,75.71,1,19,0,0,0.0,3,0
16.14,75.72,1,19,0,0,0.0,1,0
16.14,75.73,1,19,0,0,0.0,0,0
16.14,75.74,1,19,0,0,0.0,1,0
16.14,75.75,1,19,0,0,0.0,2,0
16.14,75.76,1,19,0,0,0.0,0,0
16.14,75.77,1,19,0,1,2.692,0,0
16.14,75.78,1,19,0,0,0.0,0,0
16.15,75.62,1,19,0,0,0.0,0,0
16.15,75.63,1,19,0,0,0.0,0,0
16.15,75.64,1,19,0,0,0.0,0,0
16.15,75.65,1,19,0,0,0.0,2,1
16.15,75.66,1,19,0,0,0.0,0,0
16.15,75.67,1,19,0,0,0.0,0,0
16.15,75.68,1,19,0,0,0.0,2,1
16.15,75.69,1,19,0,0,0.0,2,0
16.15,75.7,1,19,0,0,0.0,0,0
16.15,75.71,1,19,0,0,0.0,2,0
16.15,75.72,1,19,0,0,0.0,1,0
16.15,75.73,1,19,0,0,0.0,1,0
16.15,75.74,1,19,0,0,0.0,0,0
16.15,75.75,1,19,0,0,0.0,1,0
16.15,75.76,1,19,0,0,0.0,0,0
16.15,75.77,1,19,0,0,0.0,0,1
16.15,75.78,1,19,0,0,0.0,1,0
16.16,75.62,1,19,0,0,0.0,1,0
16.16,75.63,1,19,0,0,0.0,1,0
16.16,75.64,1,19,0,0,0.0,0,1
16.16,75.67,1,19,0,0,0.0,1,0
16.16,75.69,1,19,0,0,0.0,3,0
16.16,75.7,1,19,0,0,0.0,3,0
16.16,75.71,1,19,0,0,0.0,2,0
16.16,75.72,1,19,0,0,0.0,0,0
16.16,75.73,1,19,0,0,0.0,0,0
16.16,75.74,1,19,0,0,0.0,2,0
16.16,75.75,1,19,0,1,2.692,0,0
16.16,75.76,1,19,0,0,0.0,1,1
16.16,75.77,1,19,0,0,0.0,0,0
16.17,75.62,1,19,0,0,0.0,0,1
16.17,75.63,1,19,0,0,0.0,1,0
16.17,75.64,1,19,0,0,0.0,0,0
16.17,75.65,1,19,0,0,0.0,0,1
16.17,75.66,1,19,0,0,0.0,2,0
16.17,75.67,1,19,0,0,0.0,0,0
16.17,75.68,1,19,0,0,0.0,1,0
16.17,75.69,1,19,0,0,0.0,2,0
16.17,75.7,1,19,0,0,0.0,0,0
16.17,75.71,1,19,0,0,0.0,0,1
16.17,75.72,1,19,0,0,0.0,2,0
16.17,75.73,1,19,0,0,0.0,0,0
16.17,75.74,1,19,0,0,0.0,0,0
16.17,75.75,1,19,1,1,2.692,2,0
16.17,75.76,1,19,0,0,0.0,0,0
16.17,75.77,1,19,0,0,0.0,1,1
16.18,75.62,1,19,0,0,0.0,0,0
16.18,75.63,1,19,0,0,0.0,1,0
16.18,75.64,1,19,0,0,0.0,1,0
16.18,75.65,1,19,0,0,0.0,1,0
16.18,75.66,1,19,0,0,0.0,0,0
16.18,75.67,1,19,0,0,0.0,0,0
16.18,75.68,1,19,0,0,0.0,3,1
16.18,75.7,1,19,0,0,0.0,2,1
16.18,75.71,1,19,0,0,0.0,2,0
16.18,75.72,1,19,0,0,0.0,0,0
16.18,75.73,1,19,0,0,0.0,0,0
16.18,75.74,1,19,0,0,0.0,0,0
16.18,75.75,1,19,0,0,0.0,2,1
16.18,75.77,1,19,0,0,0.0,0,0
16.19,75.62,1,19,0,0,0.0,0,0
16.19,75.63,1,19,0,0,0.0,2,0
16.19,75.64,1,19,0,0,0.0,2,0
16.19,75.65,1,19,0,0,0.0,0,0
16.19,75.66,1,19,0,0,0.0,0,0
16.19,75.67,1,19,0,0,0.0,3,0
16.19,75.68,1,19,0,1,2.692,1,0
16.19,75.69,1,19,0,0,0.0,2,0
16.19,75.7,1,19,0,0,0.0,0,0
16.19,75.71,1,19,0,0,0.0,0,0
16.19,75.72,1,19,0,0,0.0,0,0
16.19,75.73,1,19,0,0,0.0,0,0
16.19,75.75,1,19,0,0,0.0,1,0
16.19,75.76,1,19,0,0,0.0,0,0
16.19,75.77,1,19,0,0,0.0,3,0
16.21,75.62,1,19,0,0,0.0,1,0
16.21,75.63,1,19,0,0,0.0,0,0
16.21,75.64,1,19,0,0,0.0,1,0
16.21,75.65,1,19,0,0,0.0,3,0
16.21,75.66,1,19,0,0,0.0,3,0
16.21,75.67,1,19,0,1,2.692,0,0
16.21,75.68,1,19,0,0,0.0,1,0
16.21,75.69,1,19,0,0,0.0,1,1
16.21,75.7,1,19,0,0,0.0,0,0
16.21,75.71,1,19,0,0,0.0,1,1
16.21,75.72,1,19,0,0,0.0,1,0
16.21,75.73,1,19,0,0,0.0,1,0
16.21,75.75,1,19,0,0,0.0,0,0
16.21,75.76,1,19,0,0,0.0,0,0
16.21,75.77,1,19,0,0,0.0,0,0
16.21,75.78,1,19,0,0,0.0,2,0
16.22,75.62,1,19,0,0,0.0,3,0
16.22,75.63,1,19,0,0,0.0,0,0
16.22,75.64,1,19,0,0,0.0,0,0
16.22,75.65,1,19,0,0,0.0,0,0
16.22,75.66,1,19,0,0,0.0,2,1
16.22,75.67,1,19,0,1,2.692,3,0
16.22,75.69,1,19,0,0,0.0,2,0
16.22,75.7,1,19,0,0,0.0,1,0
16.22,75.71,1,19,0,0,0.0,0,0
16.22,75.74,1,19,0,0,0.0,2,1
16.22,75.75,1,19,0,0,0.0,0,0
16.22,75.76,1,19,0,0,0.0,0,0
16.22,75.77,1,19,0,0,0.0,0,0
16.23,75.62,1,19,0,0,0.0,0,0
16.23,75.63,1,19,0,0,0.0,3,0
16.23,75.64,1,19,0,0,0.0,3,0
16.23,75.65,1,19,0,0,0.0,0,0
16.23,75.66,1,19,0,0,0.0,1,0
16.23,75.67,1,19,0,0,0.0,0,0
16.23,75.68,1,19,0,0,0.0,2,0
16.23,75.69,1,19,0,0,0.0,0,0
16.23,75.7,1,19,0,0,0.0,1,0
16.23,75.71,1,19,0,0,0.0,3,0
16.23,75.72,1,19,0,0,0.0,0,0
16.23,75.73,1,19,0,0,0.0,0,0
16.23,75.74,1,19,0,0,0.0,3,0
16.23,75.75,1,19,0,0,0.0,0,0
16.23,75.76,1,19,0,0,0.0,3,0
16.23,75.77,1,19,0,0,0.0,0,0
16.23,75.78,1,19,0,0,0.0,1,0
16.24,75.62,1,19,0,0,0.0,0,0
16.24,75.63,1,19,0,0,0.0,3,0
16.24,75.64,1,19,0,0,0.0,0,0
16.24,75.65,1,19,0,0,0.0,0,0
16.24,75.66,1,19,0,0,0.0,0,0
16.24,75.67,1,19,0,0,0.0,0,0
16.24,75.68,1,19,0,0,0.0,0,0
16.24,75.69,1,19,0,0,0.0,2,0
16.24,75.7,1,19,0,0,0.0,1,0
16.24,75.71,1,19,0,0,0.0,0,0
16.24,75.73,1,19,0,0,0.0,1,0
16.24,75.74,1,19,0,0,0.0,1,0
16.24,75.75,1,19,0,1,2.692,0,0
16.24,75.76,1,19,0,0,0.0,1,0
16.24,75.77,1,19,0,0,0.0,0,0
16.25,75.62,1,19,0,0,0.0,0,1
16.25,75.63,1,19,0,0,0.0,1,0
16.25,75.64,1,19,0,0,0.0,0,0
16.25,75.66,1,19,0,0,0.0,0,0
16.25,75.68,1,19,0,0,0.0,0,0
16.25,75.69,1,19,0,0,0.0,1,0
16.25,75.7,1,19,0,0,0.0,2,0
16.25,75.71,1,19,0,0,0.0,1,0
16.25,75.72,1,19,0,0,0.0,0,0
16.25,75.73,1,19,0,0,0.0,0,0
16.25,75.74,1,19,0,0,0.0,0,0
16.25,75.75,1,19,0,0,0.0,0,1
16.25,75.76,1,19,0,0,0.0,0,0
16.25,75.77,1,19,0,0,0.0,0,0
16.26,75.62,1,19,0,0,0.0,0,0
16.26,75.63,1,19,0,0,0.0,1,0
16.26,75.64,1,19,0,0,0.0,2,0
16.26,75.65,1,19,0,0,0.0,0,0
16.26,75.66,1,19,0,0,0.0,3,0
16.26,75.68,1,19,0,0,0.0,0,0
16.26,75.69,1,19,0,0,0.0,0,0
16.26,75.71,1,19,0,0,0.0,1,0
16.26,75.72,1,19,0,0,0.0,1,0
16.26,75.73,1,19,0,0,0.0,0,0
16.26,75.74,1,19,0,0,0.0,0,0
16.26,75.75,1,19,0,0,0.0,0,0
16.26,75.76,1,19,0,0,0.0,1,1
16.26,75.77,1,19,0,0,0.0,2,1
16.2,75.63,1,19,0,0,0.0,0,0
16.2,75.64,1,19,0,0,0.0,0,1
16.2,75.65,1,19,0,0,0.0,0,0
16.2,75.66,1,19,0,0,0.0,0,0
16.2,75.67,1,19,0,0,0.0,0,0
16.2,75.68,1,19,0,1,2.692,0,0
16.2,75.69,1,19,0,0,0.0,0,0
16.2,75.7,1,19,0,0,0.0,1,0
16.2,75.71,1,19,0,0,0.0,1,0
16.2,75.72,1,19,0,0,0.0,1,0
16.2,75.73,1,19,0,0,0.0,1,0
16.2,75.74,1,19,0,0,0.0,0,0
16.2,75.75,1,19,0,0,0.0,0,0
16.2,75.76,1,19,0,0,0.0,2,0
16.2,75.77,1,19,0,0,0.0,1,0
16.2,75.78,1,19,0,0,0.0,2,0
16.75,75.65,20,9,0,0,0.0,3,0
16.75,75.66,20,9,0,0,0.0,1,0
16.75,75.67,20,9,0,0,0.0,0,0
16.75,75.68,20,9,0,0,0.0,2,0
16.75,75.69,20,9,0,0,0.0,0,0
16.75,75.7,20,9,0,0,0.0,1,0
16.75,75.72,20,9,0,0,0.0,2,0
16.75,75.75,20,9,0,0,0.0,1,0
16.75,75.76,20,9,0,0,0.0,0,0
16.75,75.78,20,9,0,0,0.0,0,0
16.75,75.79,20,9,0,0,0.0,2,0
16.76,75.63,20,9,0,0,0.0,1,1
16.76,75.64,20,9,0,0,0.0,2,0
16.76,75.65,20,9,0,0,0.0,1,0
16.76,75.66,20,9,0,0,0.0,1,0
16.76,75.67,20,9,0,0,0.0,0,0
16.76,75.68,20,9,0,0,0.0,0,0
16.76,75.69,20,9,0,0,0.0,0,0
16.76,75.7,20,9,0,0,0.0,2,0
16.76,75.71,20,9,0,0,0.0,3,0
16.76,75.72,20,9,0,0,0.0,3,0
16.76,75.73,20,9,0,0,0.0,0,0
16.76,75.74,20,9,0,0,0.0,1,1
16.76,75.75,20,9,0,0,0.0,1,0
16.76,75.76,20,9,0,0,0.0,0,0
16.76,75.77,20,9,0,0,0.0,0,0
16.76,75.78,20,9,0,0,0.0,0,0
16.76,75.79,20,9,0,0,0.0,2,0
16.77,75.63,20,9,0,0,0.0,2,0
16.77,75.65,20,9,0,0,0.0,1,0
16.77,75.66,20,9,0,0,0.0,1,0
16.77,75.67,20,9,0,0,0.0,0,0
16.77,75.68,20,9,0,0,0.0,0,1
16.77,75.7,20,9,0,0,0.0,0,0
16.77,75.71,20,9,0,0,0.0,0,0
16.77,75.72,20,9,0,0,0.0,3,1
16.77,75.73,20,9,0,1,2.059,0,1
16.77,75.74,20,9,0,0,0.0,1,0
16.77,75.75,20,9,0,0,0.0,0,0
16.77,75.76,20,9,0,0,0.0,0,0
16.77,75.77,20,9,0,0,0.0,0,0
16.77,75.78,20,9,0,0,0.0,2,0
16.78,75.63,20,9,0,0,0.0,2,0
16.78,75.64,20,9,0,0,0.0,0,0
16.78,75.65,20,9,0,0,0.0,0,0
16.78,75.66,20,9,0,0,0.0,0,0
16.78,75.67,20,9,0,0,0.0,3,0
16.78,75.68,20,9,0,0,0.0,0,0
16.78,75.7,20,9,0,0,0.0,3,0
16.78,75.71,20,9,0,0,0.0,2,0
16.78,75.72,20,9,0,0,0.0,1,0
16.78,75.73,20,9,0,0,0.0,0,0
16.78,75.74,20,9,0,0,0.0,2,0
16.78,75.75,20,9,0,0,0.0,0,0
16.78,75.76,20,9,0,0,0.0,0,0
16.78,75.77,20,9,0,0,0.0,0,1
16.78,75.78,20,9,0,0,0.0,0,0
16.79,75.63,20,9,0,0,0.0,1,0
16.79,75.64,20,9,0,0,0.0,1,0
16.79,75.65,20,9,0,0,0.0,0,0
16.79,75.66,20,9,0,0,0.0,0,0
16.79,75.67,20,9,0,0,0.0,0,0
16.79,75.68,20,9,0,0,0.0,1,0
16.79,75.7,20,9,0,0,0.0,1,0
16.79,75.71,20,9,0,0,0.0,0,0
16.79,75.72,20,9,0,0,0.0,3,0
16.79,75.73,20,9,0,0,0.0,0,0
16.79,75.74,20,9,0,0,0.0,3,1
16.79,75.75,20,9,0,0,0.0,0,0
16.79,75.78,20,9,0,0,0.0,1,0
16.81,75.63,20,9,0,1,2.059,0,0
16.81,75.64,20,9,0,1,2.059,1,0
16.81,75.65,20,9,0,0,0.0,0,0
16.81,75.66,20,9,0,0,0.0,0,1
16.81,75.67,20,9,1,1,2.059,1,0
16.81,75.68,20,9,0,0,0.0,2,0
16.81,75.69,20,9,0,0,0.0,0,0
16.81,75.71,20,9,0,0,0.0,2,0
16.81,75.72,20,9,0,0,0.0,2,1
16.81,75.73,20,9,0,0,0.0,0,0
16.81,75.74,20,9,0,0,0.0,2,0
16.81,75.75,20,9,0,0,0.0,2,0
16.81,75.76,20,9,0,0,0.0,1,0
16.81,75.77,20,9,0,0,0.0,0,0
16.81,75.78,20,9,0,0,0.0,2,0
16.81,75.79,20,9,0,1,2.059,0,0
16.82,75.63,20,9,0,0,0.0,0,0
16.82,75.64,20,9,0,0,0.0,0,0
16.82,75.65,20,9,0,0,0.0,0,0
16.82,75.66,20,9,0,0,0.0,0,0
16.82,75.67,20,9,0,0,0.0,1,0
16.82,75.68,20,9,0,0,0.0,0,0
16.82,75.69,20,9,0,1,2.059,1,0
16.82,75.71,20,9,0,0,0.0,1,0
16.82,75.73,20,9,0,1,2.059,0,0
16.82,75.74,20,9,0,0,0.0,0,0
16.82,75.75,20,9,0,0,0.0,3,0
16.82,75.77,20,9,0,0,0.0,0,0
16.82,75.78,20,9,0,0,0.0,0,0
16.82,75.79,20,9,0,0,0.0,0,0
16.83,75.64,20,9,0,1,2.059,0,0
16.83,75.65,20,9,0,0,0.0,0,0
16.83,75.66,20,9,0,0,0.0,0,0
16.83,75.67,20,9,0,0,0.0,0,0
16.83,75.68,20,9,0,0,0.0,0,0
16.83,75.69,20,9,0,0,0.0,0,0
16.83,75.7,20,9,0,0,0.0,2,0
16.83,75.71,20,9,0,0,0.0,0,0
16.83,75.72,20,9,0,0,0.0,1,0
16.83,75.73,20,9,0,0,0.0,0,0
16.83,75.74,20,9,0,0,0.0,0,0
16.83,75.75,20,9,0,0,0.0,0,0
16.83,75.76,20,9,0,0,0.0,1,0
16.83,75.77,20,9,0,0,0.0,3,0
16.83,75.79,20,9,0,0,0.0,1,0
16.84,75.63,20,9,0,0,0.0,0,0
16.84,75.64,20,9,0,0,0.0,3,0
16.84,75.65,20,9,0,0,0.0,0,0
16.84,75.67,20,9,0,0,0.0,1,0
16.84,75.68,20,9,0,0,0.0,0,0
16.84,75.69,20,9,0,0,0.0,1,0
16.84,75.7,20,9,0,0,0.0,1,0
16.84,75.71,20,9,1,1,2.059,1,0
16.84,75.72,20,9,0,0,0.0,0,0
16.84,75.73,20,9,0,0,0.0,1,0
16.84,75.74,20,9,0,0,0.0,0,0
16.84,75.75,20,9,0,0,0.0,1,0
16.84,75.76,20,9,0,0,0.0,1,0
16.84,75.78,20,9,0,0,0.0,0,0
16.85,75.63,20,9,0,0,0.0,2,0
16.85,75.64,20,9,0,0,0.0,1,0
16.85,75.65,20,9,0,0,0.0,0,0
16.85,75.66,20,9,0,0,0.0,0,0
16.85,75.67,20,9,0,0,0.0,1,0
16.85,75.68,20,9,0,0,0.0,0,0
16.85,75.69,20,9,0,0,0.0,0,0
16.85,75.7,20,9,0,0,0.0,0,0
16.85,75.71,20,9,0,0,0.0,1,0
16.85,75.72,20,9,0,0,0.0,0,0
16.85,75.73,20,9,0,0,0.0,1,0
16.85,75.74,20,9,0,0,0.0,2,0
16.85,75.75,20,9,0,0,0.0,2,0
16.85,75.77,20,9,0,0,0.0,0,0
16.85,75.78,20,9,0,0,0.0,1,0
16.86,75.63,20,9,0,0,0.0,1,0
16.86,75.64,20,9,0,0,0.0,1,0
16.86,75.65,20,9,0,0,0.0,2,0
16.86,75.66,20,9,0,0,0.0,0,0
16.86,75.67,20,9,0,0,0.0,1,0
16.86,75.68,20,9,0,0,0.0,2,1
16.86,75.69,20,9,0,0,0.0,1,0
16.86,75.7,20,9,0,0,0.0,0,0
16.86,75.71,20,9,0,0,0.0,1,0
16.86,75.72,20,9,0,0,0.0,0,0
16.86,75.73,20,9,0,0,0.0,1,0
16.86,75.74,20,9,0,0,0.0,1,1
16.86,75.75,20,9,0,0,0.0,0,0
16.86,75.76,20,9,0,0,0.0,3,0
16.86,75.77,20,9,0,0,0.0,1,1
16.86,75.78,20,9,0,0,0.0,1,0
16.86,75.79,20,9,0,0,0.0,2,0
16.87,75.63,20,9,0,0,0.0,0,0
16.87,75.65,20,9,0,0,0.0,0,0
16.87,75.66,20,9,0,0,0.0,2,0
16.87,75.67,20,9,0,0,0.0,1,0
16.87,75.68,20,9,0,0,0.0,0,0
16.87,75.69,20,9,0,0,0.0,0,0
16.87,75.7,20,9,0,0,0.0,3,0
16.87,75.71,20,9,0,0,0.0,0,0
16.87,75.72,20,9,0,0,0.0,0,0
16.87,75.73,20,9,0,0,0.0,3,0
16.87,75.74,20,9,0,0,0.0,2,0
16.87,75.75,20,9,0,0,0.0,0,0
16.87,75.77,20,9,0,0,0.0,0,0
16.87,75.78,20,9,0,0,0.0,0,0
16.87,75.79,20,9,0,0,0.0,1,0
16.88,75.63,20,9,0,0,0.0,0,0
16.88,75.64,20,9,0,0,0.0,0,0
16.88,75.65,20,9,0,0,0.0,0,0
16.88,75.66,20,9,0,0,0.0,2,0
16.88,75.67,20,9,0,0,0.0,1,0
16.88,75.68,20,9,0,0,0.0,2,0
16.88,75.69,20,9,0,0,0.0,1,1
16.88,75.7,20,9,1,1,2.059,0,0
16.88,75.71,20,9,0,0,0.0,1,0
16.88,75.72,20,9,0,0,0.0,2,1
16.88,75.73,20,9,0,0,0.0,2,1
16.88,75.74,20,9,0,0,0.0,0,0
16.88,75.75,20,9,0,0,0.0,0,0
16.88,75.76,20,9,0,0,0.0,3,0
16.88,75.77,20,9,0,0,0.0,1,0
16.89,75.63,20,9,0,1,2.059,2,0
16.89,75.64,20,9,0,0,0.0,0,0
16.89,75.66,20,9,0,0,0.0,0,1
16.89,75.67,20,9,0,0,0.0,0,0
16.89,75.68,20,9,0,0,0.0,1,0
16.89,75.69,20,9,0,0,0.0,1,0
16.89,75.7,20,9,0,0,0.0,0,0
16.89,75.72,20,9,0,0,0.0,3,0
16.89,75.73,20,9,0,0,0.0,1,0
16.89,75.74,20,9,0,1,2.059,0,0
16.89,75.75,20,9,0,0,0.0,0,0
16.89,75.76,20,9,0,0,0.0,0,0
16.89,75.77,20,9,0,0,0.0,0,0
16.89,75.78,20,9,0,0,0.0,2,0
16.89,75.79,20,9,0,0,0.0,0,0
16.8,75.63,20,9,0,0,0.0,3,0
16.8,75.64,20,9,0,0,0.0,0,0
16.8,75.65,20,9,0,0,0.0,1,0
16.8,75.66,20,9,0,1,2.059,0,1
16.8,75.67,20,9,0,0,0.0,3,0
16.8,75.68,20,9,0,1,2.059,1,0
16.8,75.69,20,9,0,0,0.0,0,0
16.8,75.7,20,9,0,0,0.0,0,0
16.8,75.71,20,9,0,0,0.0,0,0
16.8,75.72,20,9,0,0,0.0,0,0
16.8,75.73,20,9,0,0,0.0,0,0
16.8,75.74,20,9,0,0,0.0,0,0
16.8,75.75,20,9,0,0,0.0,0,0
16.8,75.77,20,9,0,0,0.0,1,0
16.8,75.78,20,9,0,0,0.0,0,0
16.8,75.79,20,9,0,0,0.0,0,0
16.91,75.64,20,9,0,0,0.0,0,0
16.91,75.65,20,9,0,0,0.0,2,0
16.91,75.66,20,9,0,0,0.0,2,0
16.91,75.67,20,9,0,0,0.0,0,0
16.91,75.68,20,9,0,0,0.0,0,0
16.91,75.7,20,9,0,0,0.0,2,0
16.91,75.71,20,9,1,1,2.059,2,0
16.91,75.72,20,9,0,0,0.0,0,0
16.91,75.73,20,9,0,0,0.0,3,0
16.91,75.75,20,9,0,0,0.0,0,0
16.91,75.78,20,9,0,0,0.0,2,0
16.9,75.63,20,9,0,0,0.0,1,0
16.9,75.64,20,9,0,0,0.0,1,0
16.9,75.65,20,9,0,0,0.0,1,0
16.9,75.66,20,9,0,0,0.0,2,0
16.9,75.67,20,9,0,0,0.0,3,0
16.9,75.68,20,9,0,0,0.0,0,0
16.9,75.69,20,9,0,0,0.0,2,0
16.9,75.7,20,9,0,0,0.0,1,0
16.9,75.71,20,9,0,0,0.0,0,0
16.9,75.72,20,9,0,0,0.0,3,1
16.9,75.73,20,9,0,0,0.0,0,0
16.9,75.74,20,9,0,0,0.0,0,0
16.9,75.75,20,9,0,0,0.0,0,0
16.9,75.76,20,9,0,0,0.0,0,1
16.9,75.77,20,9,0,0,0.0,1,0
16.9,75.78,20,9,0,2,4.118,2,0
16.9,75.79,20,9,0,0,0.0,0,0
17.25,76.76,11,17,0,0,0.0,0,0
17.25,76.77,11,17,0,0,0.0,1,0
17.25,76.79,11,17,0,0,0.0,0,0
17.25,76.8,11,17,0,0,0.0,3,0
17.25,76.81,11,17,0,0,0.0,1,0
17.25,76.82,11,17,0,0,0.0,0,0
17.25,76.84,11,17,0,0,0.0,0,0
17.25,76.85,11,17,0,0,0.0,0,0
17.25,76.86,11,17,0,0,0.0,1,0
17.25,76.88,11,17,0,0,0.0,2,0
17.25,76.89,11,17,0,1,1.842,0,0
17.25,76.9,11,17,0,0,0.0,0,0
17.25,76.91,11,17,0,0,0.0,1,0
17.26,76.76,11,17,0,0,0.0,3,0
17.26,76.77,11,17,0,0,0.0,2,0
17.26,76.78,11,17,0,0,0.0,0,0
17.26,76.79,11,17,0,0,0.0,0,0
17.26,76.8,11,17,0,0,0.0,0,0
17.26,76.81,11,17,0,0,0.0,1,1
17.26,76.82,11,17,0,0,0.0,0,0
17.26,76.83,11,17,0,0,0.0,0,1
17.26,76.84,11,17,1,1,1.842,0,1
17.26,76.85,11,17,0,0,0.0,0,0
17.26,76.86,11,17,0,0,0.0,3,0
17.26,76.87,11,17,0,0,0.0,1,0
17.26,76.88,11,17,0,0,0.0,2,0
17.26,76.89,11,17,0,0,0.0,1,0
17.26,76.9,11,17,0,1,1.842,0,0
17.26,76.91,11,17,0,0,0.0,0,0
17.27,76.75,11,17,0,0,0.0,0,0
17.27,76.76,11,17,0,0,0.0,3,0
17.27,76.78,11,17,0,1,1.842,0,1
17.27,76.79,11,17,0,0,0.0,0,0
17.27,76.8,11,17,0,0,0.0,2,0
17.27,76.81,11,17,0,0,0.0,1,0
17.27,76.82,11,17,0,0,0.0,0,1
17.27,76.83,11,17,0,0,0.0,0,0
17.27,76.84,11,17,0,0,0.0,0,1
17.27,76.85,11,17,0,0,0.0,1,0
17.27,76.86,11,17,0,0,0.0,2,0
17.27,76.89,11,17,0,0,0.0,3,0
17.27,76.9,11,17,0,0,0.0,2,1
17.28,76.76,11,17,0,0,0.0,0,0
17.28,76.77,11,17,0,0,0.0,1,0
17.28,76.78,11,17,0,0,0.0,0,0
17.28,76.8,11,17,0,0,0.0,0,0
17.28,76.81,11,17,0,0,0.0,0,0
17.28,76.82,11,17,0,0,0.0,1,0
17.28,76.83,11,17,0,0,0.0,2,0
17.28,76.84,11,17,0,0,0.0,0,0
17.28,76.85,11,17,0,0,0.0,1,0
17.28,76.86,11,17,0,0,0.0,1,0
17.28,76.9,11,17,0,0,0.0,1,0
17.28,76.91,11,17,0,0,0.0,0,0
17.29,76.76,11,17,0,0,0.0,0,1
17.29,76.78,11,17,0,0,0.0,0,0
17.29,76.79,11,17,0,0,0.0,3,0
17.29,76.8,11,17,0,0,0.0,2,1
17.29,76.81,11,17,0,0,0.0,0,0
17.29,76.82,11,17,0,0,0.0,0,0
17.29,76.83,11,17,0,0,0.0,1,0
17.29,76.84,11,17,0,0,0.0,0,0
17.29,76.85,11,17,0,0,0.0,0,0
17.29,76.87,11,17,0,0,0.0,1,0
17.29,76.88,11,17,0,0,0.0,2,0
17.29,76.89,11,17,0,0,0.0,0,0
17.29,76.9,11,17,0,0,0.0,0,0
17.29,76.91,11,17,0,0,0.0,0,0
17.31,76.76,11,17,0,0,0.0,1,0
17.31,76.77,11,17,0,0,0.0,3,0
17.31,76.78,11,17,0,0,0.0,2,0
17.31,76.79,11,17,0,0,0.0,0,0
17.31,76.8,11,17,0,0,0.0,3,0
17.31,76.81,11,17,0,0,0.0,1,0
17.31,76.82,11,17,0,0,0.0,0,1
17.31,76.83,11,17,0,0,0.0,2,0
17.31,76.84,11,17,0,0,0.0,2,0
17.31,76.85,11,17,0,0,0.0,0,0
17.31,76.86,11,17,0,0,0.0,0,0
17.31,76.87,11,17,0,0,0.0,0,0
17.31,76.88,11,17,0,0,0.0,3,0
17.31,76.89,11,17,0,0,0.0,1,0
17.31,76.9,11,17,0,0,0.0,3,0
17.31,76.91,11,17,0,0,0.0,0,0
17.32,76.75,11,17,0,0,0.0,0,0
17.32,76.76,11,17,0,0,0.0,3,0
17.32,76.77,11,17,0,0,0.0,1,0
17.32,76.78,11,17,0,1,1.842,2,1
17.32,76.79,11,17,0,0,0.0,1,0
17.32,76.8,11,17,0,0,0.0,0,0
17.32,76.81,11,17,0,0,0.0,0,0
17.32,76.82,11,17,0,0,0.0,1,0
17.32,76.83,11,17,0,0,0.0,3,0
17.32,76.85,11,17,0,0,0.0,0,0
17.32,76.86,11,17,0,0,0.0,1,1
17.32,76.87,11,17,0,0,0.0,0,1
17.32,76.89,11,17,1,1,1.842,2,0
17.32,76.9,11,17,0,0,0.0,0,0
17.33,76.76,11,17,0,0,0.0,0,1
17.33,76.77,11,17,0,0,0.0,0,0
17.33,76.78,11,17,0,1,1.842,0,0
17.33,76.8,11,17,0,0,0.0,0,0
17.33,76.81,11,17,0,0,0.0,0,0
17.33,76.82,11,17,0,0,0.0,0,0
17.33,76.83,11,17,0,0,0.0,2,0
17.33,76.85,11,17,0,0,0.0,0,0
17.33,76.86,11,17,0,0,0.0,0,0
17.33,76.87,11,17,0,0,0.0,2,0
17.33,76.88,11,17,0,0,0.0,2,0
17.33,76.89,11,17,0,0,0.0,0,1
17.33,76.9,11,17,0,0,0.0,2,0
17.33,76.91,11,17,0,0,0.0,0,0
17.34,76.75,11,17,0,0,0.0,2,0
17.34,76.76,11,17,0,0,0.0,2,0
17.34,76.77,11,17,0,1,1.842,3,0
17.34,76.78,11,17,0,0,0.0,2,0
17.34,76.8,11,17,0,0,0.0,0,0
17.34,76.81,11,17,0,0,0.0,1,0
17.34,76.82,11,17,0,0,0.0,0,0
17.34,76.83,11,17,0,0,0.0,0,0
17.34,76.84,11,17,0,0,0.0,0,0
17.34,76.86,11,17,0,1,1.842,0,0
17.34,76.87,11,17,0,0,0.0,1,0
17.34,76.88,11,17,0,0,0.0,1,0
17.34,76.89,11,17,0,0,0.0,1,1
17.34,76.9,11,17,0,0,0.0,0,0
17.34,76.91,11,17,0,0,0.0,0,0
17.35,76.76,11,17,0,0,0.0,2,0
17.35,76.77,11,17,0,0,0.0,0,0
17.35,76.78,11,17,0,1,1.842,1,0
17.35,76.79,11,17,0,0,0.0,1,0
17.35,76.8,11,17,0,0,0.0,3,0
17.35,76.82,11,17,0,0,0.0,2,0
17.35,76.83,11,17,0,0,0.0,1,0
17.35,76.84,11,17,0,0,0.0,0,0
17.35,76.85,11,17,0,0,0.0,2,0
17.35,76.86,11,17,0,0,0.0,0,0
17.35,76.87,11,17,0,0,0.0,1,0
17.35,76.88,11,17,0,1,1.842,1,0
17.35,76.89,11,17,0,0,0.0,0,0
17.35,76.9,11,17,0,0,0.0,0,0
17.35,76.91,11,17,0,0,0.0,0,0
17.36,76.76,11,17,0,0,0.0,0,0
17.36,76.77,11,17,0,0,0.0,1,1
17.36,76.78,11,17,0,0,0.0,0,1
17.36,76.79,11,17,0,0,0.0,0,0
17.36,76.8,11,17,0,0,0.0,1,0
17.36,76.81,11,17,0,0,0.0,0,0
17.36,76.82,11,17,0,0,0.0,2,0
17.36,76.83,11,17,0,0,0.0,0,0
17.36,76.84,11,17,0,0,0.0,2,0
17.36,76.85,11,17,0,0,0.0,0,0
17.36,76.86,11,17,0,0,0.0,0,0
17.36,76.87,11,17,0,0,0.0,0,1
17.36,76.88,11,17,0,0,0.0,0,0
17.36,76.89,11,17,0,0,0.0,1,0
17.36,76.9,11,17,0,0,0.0,1,1
17.36,76.91,11,17,0,0,0.0,0,0
17.37,76.76,11,17,0,0,0.0,2,1
17.37,76.77,11,17,0,0,0.0,0,0
17.37,76.78,11,17,0,0,0.0,1,0
17.37,76.79,11,17,0,0,0.0,0,0
17.37,76.8,11,17,0,0,0.0,1,0
17.37,76.81,11,17,0,0,0.0,0,1
17.37,76.82,11,17,0,0,0.0,0,1
17.37,76.83,11,17,0,0,0.0,1,0
17.37,76.85,11,17,0,0,0.0,1,0
17.37,76.86,11,17,0,0,0.0,2,0
17.37,76.87,11,17,0,0,0.0,1,0
17.37,76.88,11,17,0,0,0.0,3,0
17.37,76.89,11,17,0,0,0.0,0,1
17.37,76.9,11,17,0,0,0.0,1,1
17.38,76.76,11,17,0,0,0.0,1,0
17.38,76.77,11,17,0,0,0.0,0,0
17.38,76.78,11,17,0,0,0.0,2,0
17.38,76.79,11,17,0,0,0.0,1,0
17.38,76.8,11,17,0,0,0.0,0,0
17.38,76.81,11,17,0,0,0.0,1,0
17.38,76.82,11,17,0,0,0.0,0,0
17.38,76.83,11,17,0,0,0.0,2,0
17.38,76.84,11,17,0,0,0.0,2,0
17.38,76.85,11,17,0,0,0.0,2,0
17.38,76.86,11,17,0,0,0.0,1,0
17.38,76.87,11,17,0,1,1.842,0,0
17.38,76.88,11,17,0,0,0.0,0,1
17.38,76.89,11,17,0,0,0.0,0,0
17.38,76.9,11,17,0,1,1.842,0,0
17.38,76.91,11,17,0,0,0.0,0,0
17.39,76.76,11,17,0,0,0.0,0,0
17.39,76.78,11,17,0,0,0.0,0,0
17.39,76.79,11,17,0,0,0.0,1,0
17.39,76.8,11,17,0,0,0.0,0,0
17.39,76.81,11,17,0,0,0.0,2,0
17.39,76.82,11,17,0,1,1.842,0,1
17.39,76.83,11,17,0,0,0.0,0,0
17.39,76.84,11,17,0,0,0.0,0,0
17.39,76.85,11,17,0,0,0.0,2,0
17.39,76.86,11,17,0,0,0.0,1,0
17.39,76.87,11,17,0,0,0.0,2,0
17.39,76.88,11,17,0,0,0.0,1,0
17.39,76.9,11,17,0,0,0.0,2,0
17.39,76.91,11,17,0,0,0.0,0,0
17.3,76.76,11,17,0,0,0.0,0,0
17.3,76.77,11,17,0,0,0.0,0,0
17.3,76.78,11,17,0,0,0.0,1,0
17.3,76.79,11,17,0,0,0.0,0,0
17.3,76.8,11,17,0,0,0.0,3,1
17.3,76.81,11,17,0,0,0.0,2,0
17.3,76.82,11,17,0,0,0.0,3,0
17.3,76.83,11,17,0,0,0.0,2,0
17.3,76.85,11,17,0,0,0.0,1,0
17.3,76.86,11,17,1,1,1.842,1,0
17.3,76.87,11,17,0,0,0.0,0,0
17.3,76.88,11,17,0,0,0.0,1,0
17.3,76.89,11,17,0,0,0.0,2,0
17.3,76.9,11,17,0,0,0.0,3,0
17.3,76.91,11,17,0,0,0.0,3,0
17.41,76.77,11,17,0,0,0.0,0,0
17.41,76.78,11,17,0,0,0.0,1,0
17.41,76.79,11,17,0,0,0.0,0,0
17.41,76.8,11,17,0,0,0.0,2,0
17.41,76.81,11,17,0,0,0.0,2,0
17.41,76.82,11,17,0,0,0.0,0,0
17.41,76.83,11,17,0,0,0.0,0,0
17.41,76.88,11,17,0,0,0.0,1,0
17.41,76.89,11,17,0,0,0.0,1,0
17.41,76.91,11,17,0,0,0.0,2,0
17.4,76.76,11,17,0,0,0.0,0,0
17.4,76.77,11,17,0,1,1.842,0,0
17.4,76.78,11,17,0,0,0.0,0,0
17.4,76.79,11,17,0,0,0.0,0,0
17.4,76.8,11,17,0,1,1.842,0,0
17.4,76.81,11,17,0,0,0.0,0,0
17.4,76.82,11,17,0,1,1.842,0,0
17.4,76.83,11,17,0,0,0.0,0,1
17.4,76.84,11,17,0,0,0.0,0,0
17.4,76.85,11,17,0,0,0.0,1,1
17.4,76.87,11,17,0,1,1.842,2,0
17.4,76.88,11,17,0,0,0.0,1,1
17.4,76.89,11,17,0,0,0.0,0,0
17.4,76.9,11,17,0,0,0.0,0,1
17.4,76.91,11,17,0,0,0.0,0,0
17.83,77.44,6,18,0,0,0.0,0,0
17.83,77.45,6,18,0,0,0.0,1,0
17.83,77.48,6,18,0,0,0.0,0,0
17.83,77.49,6,18,0,0,0.0,0,0
17.83,77.5,6,18,0,0,0.0,2,0
17.83,77.52,6,18,0,0,0.0,0,0
17.83,77.53,6,18,0,0,0.0,3,0
17.83,77.55,6,18,0,0,0.0,3,0
17.83,77.57,6,18,0,0,0.0,3,0
17.83,77.59,6,18,0,0,0.0,0,0
17.84,77.44,6,18,0,0,0.0,0,0
17.84,77.45,6,18,0,0,0.0,2,0
17.84,77.46,6,18,0,0,0.0,2,0
17.84,77.47,6,18,0,0,0.0,2,0
17.84,77.48,6,18,0,0,0.0,0,0
17.84,77.49,6,18,0,0,0.0,2,0
17.84,77.5,6,18,0,0,0.0,0,0
17.84,77.51,6,18,0,0,0.0,0,0
17.84,77.52,6,18,0,0,0.0,0,0
17.84,77.53,6,18,0,0,0.0,3,0
17.84,77.54,6,18,0,0,0.0,1,0
17.84,77.56,6,18,0,0,0.0,0,0
17.84,77.57,6,18,0,0,0.0,0,0
17.84,77.58,6,18,0,0,0.0,0,0
17.84,77.59,6,18,0,1,1.522,0,0
17.84,77.6,6,18,0,0,0.0,0,0
17.85,77.44,6,18,0,0,0.0,0,0
17.85,77.45,6,18,0,0,0.0,1,0
17.85,77.46,6,18,0,0,0.0,0,0
17.85,77.47,6,18,0,0,0.0,0,0
17.85,77.48,6,18,0,0,0.0,0,0
17.85,77.49,6,18,0,0,0.0,1,0
17.85,77.5,6,18,0,0,0.0,3,0
17.85,77.51,6,18,0,0,0.0,0,0
17.85,77.52,6,18,0,0,0.0,0,0
17.85,77.53,6,18,0,0,0.0,0,0
17.85,77.54,6,18,0,0,0.0,0,0
17.85,77.55,6,18,0,0,0.0,0,0
17.85,77.56,6,18,0,0,0.0,0,0
17.85,77.57,6,18,0,0,0.0,2,0
17.85,77.58,6,18,0,0,0.0,0,0
17.85,77.6,6,18,0,0,0.0,0,0
17.86,77.44,6,18,0,0,0.0,0,0
17.86,77.45,6,18,0,0,0.0,0,1
17.86,77.46,6,18,0,0,0.0,0,0
17.86,77.47,6,18,0,0,0.0,0,1
17.86,77.48,6,18,0,0,0.0,0,0
17.86,77.49,6,18,0,0,0.0,1,0
17.86,77.5,6,18,0,0,0.0,1,0
17.86,77.51,6,18,0,1,1.522,0,0
17.86,77.52,6,18,0,0,0.0,0,0
17.86,77.53,6,18,0,0,0.0,1,0
17.86,77.54,6,18,0,0,0.0,0,0
17.86,77.55,6,18,0,0,0.0,0,1
17.86,77.56,6,18,0,0,0.0,1,0
17.86,77.57,6,18,0,0,0.0,0,0
17.86,77.58,6,18,0,0,0.0,1,0
17.86,77.59,6,18,0,0,0.0,2,0
17.87,77.45,6,18,0,0,0.0,3,1
17.87,77.46,6,18,0,0,0.0,0,0
17.87,77.47,6,18,0,0,0.0,1,0
17.87,77.48,6,18,0,0,0.0,1,0
17.87,77.49,6,18,0,0,0.0,0,0
17.87,77.5,6,18,0,0,0.0,2,0
17.87,77.51,6,18,0,0,0.0,0,0
17.87,77.52,6,18,0,0,0.0,2,0
17.87,77.53,6,18,0,0,0.0,1,0
17.87,77.54,6,18,0,0,0.0,0,1
17.87,77.55,6,18,0,0,0.0,1,0
17.87,77.56,6,18,1,2,3.043,2,0
17.87,77.57,6,18,0,0,0.0,0,0
17.87,77.58,6,18,0,0,0.0,2,0
17.87,77.59,6,18,0,1,1.522,0,0
17.88,77.44,6,18,0,0,0.0,3,0
17.88,77.45,6,18,0,0,0.0,1,0
17.88,77.46,6,18,0,0,0.0,0,0
17.88,77.47,6,18,0,1,1.522,0,0
17.88,77.48,6,18,0,0,0.0,1,0
17.88,77.49,6,18,0,0,0.0,2,0
17.88,77.5,6,18,0,0,0.0,2,1
17.88,77.51,6,18,0,1,1.522,2,0
17.88,77.52,6,18,0,0,0.0,2,0
17.88,77.53,6,18,0,0,0.0,2,0
17.88,77.54,6,18,1,1,1.522,1,0
17.88,77.55,6,18,0,0,0.0,1,0
17.88,77.56,6,18,0,0,0.0,0,0
17.88,77.57,6,18,0,0,0.0,0,0
17.88,77.58,6,18,0,0,0.0,0,0
17.88,77.59,6,18,0,0,0.0,0,1
17.88,77.6,6,18,0,1,1.522,2,0
17.89,77.45,6,18,0,0,0.0,0,0
17.89,77.46,6,18,0,0,0.0,0,0
17.89,77.47,6,18,0,0,0.0,0,0
17.89,77.48,6,18,0,0,0.0,3,0
17.89,77.49,6,18,0,0,0.0,1,0
17.89,77.51,6,18,0,0,0.0,1,1
17.89,77.52,6,18,0,0,0.0,0,0
17.89,77.53,6,18,0,0,0.0,1,0
17.89,77.54,6,18,0,0,0.0,0,1
17.89,77.56,6,18,0,0,0.0,0,0
17.89,77.57,6,18,0,1,1.522,2,0
17.89,77.58,6,18,0,0,0.0,0,0
17.89,77.6,6,18,0,0,0.0,0,0
17.91,77.44,6,18,0,0,0.0,1,0
17.91,77.45,6,18,0,0,0.0,0,1
17.91,77.46,6,18,1,1,1.522,2,1
17.91,77.47,6,18,0,0,0.0,0,0
17.91,77.48,6,18,0,0,0.0,3,0
17.91,77.5,6,18,0,0,0.0,1,0
17.91,77.51,6,18,0,0,0.0,1,0
17.91,77.52,6,18,0,0,0.0,1,0
17.91,77.53,6,18,0,0,0.0,0,0
17.91,77.54,6,18,0,0,0.0,0,1
17.91,77.55,6,18,0,0,0.0,3,0
17.91,77.56,6,18,0,0,0.0,0,0
17.91,77.57,6,18,0,0,0.0,3,0
17.91,77.58,6,18,0,0,0.0,0,0
17.91,77.59,6,18,0,0,0.0,1,0
17.91,77.6,6,18,0,0,0.0,1,0
17.92,77.44,6,18,0,0,0.0,1,0
17.92,77.46,6,18,0,0,0.0,1,0
17.92,77.47,6,18,0,0,0.0,0,0
17.92,77.48,6,18,0,0,0.0,3,0
17.92,77.49,6,18,0,0,0.0,0,0
17.92,77.5,6,18,0,0,0.0,0,0
17.92,77.51,6,18,0,0,0.0,0,0
17.92,77.52,6,18,0,0,0.0,3,0
17.92,77.53,6,18,0,0,0.0,0,0
17.92,77.54,6,18,0,0,0.0,0,0
17.92,77.55,6,18,0,0,0.0,0,0
17.92,77.56,6,18,0,0,0.0,2,0
17.92,77.57,6,18,0,1,1.522,2,0
17.92,77.58,6,18,0,0,0.0,0,1
17.92,77.59,6,18,0,0,0.0,0,0
17.92,77.6,6,18,0,0,0.0,0,0
17.93,77.44,6,18,0,0,0.0,1,0
17.93,77.45,6,18,0,0,0.0,0,0
17.93,77.46,6,18,0,0,0.0,2,0
17.93,77.49,6,18,0,1,1.522,0,0
17.93,77.5,6,18,0,0,0.0,0,0
17.93,77.51,6,18,0,0,0.0,0,0
17.93,77.52,6,18,0,0,0.0,0,0
17.93,77.53,6,18,0,0,0.0,1,0
17.93,77.54,6,18,0,0,0.0,3,1
17.93,77.56,6,18,0,0,0.0,1,0
17.93,77.57,6,18,0,0,0.0,0,0
17.93,77.58,6,18,0,0,0.0,3,0
17.93,77.59,6,18,0,0,0.0,0,0
17.93,77.6,6,18,0,0,0.0,1,0
17.94,77.45,6,18,0,0,0.0,0,0
17.94,77.46,6,18,0,0,0.0,2,0
17.94,77.47,6,18,0,0,0.0,0,0
17.94,77.48,6,18,0,0,0.0,0,0
17.94,77.49,6,18,0,0,0.0,2,0
17.94,77.5,6,18,0,1,1.522,2,0
17.94,77.51,6,18,0,0,0.0,2,0
17.94,77.52,6,18,0,0,0.0,1,0
17.94,77.53,6,18,0,0,0.0,2,0
17.94,77.54,6,18,0,0,0.0,2,0
17.94,77.55,6,18,0,0,0.0,1,0
17.94,77.58,6,18,0,0,0.0,0,0
17.94,77.59,6,18,0,0,0.0,0,0
17.94,77.6,6,18,0,0,0.0,0,0
17.95,77.44,6,18,0,0,0.0,1,0
17.95,77.45,6,18,0,0,0.0,0,0
17.95,77.46,6,18,0,0,0.0,2,1
17.95,77.47,6,18,0,0,0.0,0,0
17.95,77.48,6,18,0,0,0.0,0,0
17.95,77.49,6,18,0,0,0.0,0,0
17.95,77.5,6,18,0,0,0.0,1,0
17.95,77.51,6,18,0,0,0.0,0,0
17.95,77.52,6,18,0,0,0.0,1,0
17.95,77.53,6,18,0,0,0.0,1,0
17.95,77.54,6,18,0,0,0.0,0,1
17.95,77.55,6,18,0,0,0.0,0,0
17.95,77.56,6,18,0,0,0.0,0,0
17.95,77.57,6,18,0,0,0.0,0,0
17.95,77.58,6,18,0,0,0.0,0,0
17.95,77.59,6,18,0,0,0.0,1,0
17.95,77.6,6,18,0,0,0.0,0,0
17.96,77.44,6,18,0,0,0.0,0,0
17.96,77.45,6,18,0,0,0.0,2,0
17.96,77.46,6,18,0,0,0.0,0,1
17.96,77.47,6,18,0,0,0.0,3,0
17.96,77.48,6,18,0,0,0.0,0,0
17.96,77.49,6,18,0,0,0.0,0,0
17.96,77.5,6,18,0,0,0.0,0,0
17.96,77.51,6,18,0,0,0.0,0,1
17.96,77.52,6,18,0,0,0.0,0,0
17.96,77.53,6,18,0,0,0.0,2,0
17.96,77.54,6,18,0,0,0.0,1,1
17.96,77.55,6,18,0,0,0.0,3,0
17.96,77.56,6,18,0,1,1.522,1,0
17.96,77.58,6,18,0,0,0.0,2,0
17.96,77.59,6,18,0,0,0.0,0,0
17.96,77.6,6,18,1,1,1.522,0,0
17.97,77.44,6,18,0,0,0.0,2,0
17.97,77.46,6,18,0,0,0.0,1,1
17.97,77.47,6,18,0,0,0.0,1,0
17.97,77.48,6,18,0,0,0.0,1,0
17.97,77.49,6,18,0,0,0.0,1,0
17.97,77.5,6,18,0,0,0.0,2,0
17.97,77.51,6,18,0,2,3.043,0,0
17.97,77.52,6,18,0,0,0.0,3,0
17.97,77.53,6,18,0,0,0.0,1,0
17.97,77.54,6,18,0,0,0.0,0,0
17.97,77.55,6,18,0,1,1.522,1,0
17.97,77.56,6,18,0,0,0.0,2,0
17.97,77.57,6,18,0,0,0.0,0,0
17.97,77.58,6,18,0,0,0.0,0,0
17.97,77.59,6,18,0,0,0.0,0,1
17.98,77.44,6,18,0,0,0.0,0,0
17.98,77.45,6,18,0,1,1.522,1,0
17.98,77.46,6,18,0,1,1.522,1,0
17.98,77.47,6,18,0,0,0.0,2,0
17.98,77.48,6,18,0,0,0.0,2,0
17.98,77.49,6,18,0,0,0.0,2,0
17.98,77.5,6,18,0,0,0.0,3,0
17.98,77.51,6,18,0,0,0.0,1,0
17.98,77.52,6,18,0,0,0.0,0,0
17.98,77.53,6,18,0,0,0.0,0,0
17.98,77.54,6,18,0,0,0.0,0,0
17.98,77.55,6,18,0,0,0.0,0,0
17.98,77.56,6,18,0,0,0.0,2,0
17.98,77.57,6,18,0,0,0.0,1,0
17.98,77.58,6,18,0,1,1.522,2,0
17.98,77.6,6,18,0,0,0.0,3,0
17.99,77.46,6,18,0,0,0.0,0,0
17.99,77.48,6,18,0,0,0.0,0,1
17.99,77.5,6,18,0,0,0.0,2,0
17.99,77.51,6,18,0,0,0.0,1,0
17.99,77.52,6,18,0,0,0.0,0,1
17.99,77.53,6,18,0,0,0.0,1,0
17.99,77.54,6,18,0,0,0.0,0,0
17.99,77.57,6,18,0,0,0.0,0,0
17.99,77.58,6,18,0,0,0.0,1,0
17.99,77.59,6,18,0,0,0.0,0,0
17.99,77.6,6,18,0,0,0.0,1,0
17.9,77.44,6,18,0,0,0.0,0,0
17.9,77.45,6,18,0,0,0.0,2,0
17.9,77.46,6,18,0,0,0.0,0,0
17.9,77.47,6,18,0,0,0.0,0,0
17.9,77.48,6,18,0,0,0.0,0,0
17.9,77.49,6,18,0,0,0.0,0,0
17.9,77.5,6,18,0,0,0.0,2,0
17.9,77.51,6,18,0,0,0.0,0,0
17.9,77.52,6,18,0,0,0.0,0,0
17.9,77.54,6,18,0,0,0.0,3,0
17.9,77.56,6,18,0,0,0.0,0,0
17.9,77.57,6,18,0,0,0.0,0,0
17.9,77.58,6,18,0,1,1.522,0,1
17.9,77.59,6,18,0,0,0.0,0,1
