age_years,gender_id,district_id,police_station_id,initial_gravity_offence_id,initial_crime_major_head_id,initial_crime_minor_head_id,initial_hour_of_day,initial_day_of_week,initial_month,initial_is_weekend,initial_is_night_time,initial_co_offender_count,recidivism_flag
23,1,6,18,1,2,3,11,5,4,1,0,1,0
30,1,13,2,1,2,2,23,0,7,0,1,2,1
32,1,15,1,2,5,9,23,2,11,0,1,1,0
62,1,5,16,1,2,2,7,2,12,0,0,3,0
73,1,3,8,2,3,4,10,3,1,0,0,1,1
18,2,13,2,1,3,8,12,3,6,0,0,1,0
20,2,20,9,1,1,5,12,0,7,0,0,2,0
21,2,1,19,1,5,11,0,6,1,1,1,3,0
30,2,19,7,1,2,3,16,0,7,0,0,1,1
40,2,10,15,2,5,11,18,5,1,1,0,1,0
47,2,13,2,2,1,5,21,2,4,0,0,1,0
18,3,15,1,1,5,1,9,2,12,0,0,2,0
22,3,19,7,1,4,10,8,1,4,0,0,1,0
26,3,14,12,1,1,7,6,5,9,1,0,2,0
27,3,15,1,2,1,6,3,4,6,0,1,2,0
30,3,8,3,1,1,7,15,4,5,0,0,1,1
51,3,18,13,2,1,7,16,0,8,0,0,2,0
53,3,1,19,1,1,7,8,6,11,1,0,1,0
18,1,5,16,1,2,2,11,2,10,0,0,1,0
30,1,17,6,1,1,6,15,0,3,0,0,1,1
33,1,8,3,2,1,6,5,3,4,0,1,1,0
42,1,8,3,2,1,5,21,2,10,0,0,3,0
45,1,8,3,1,3,8,0,4,11,0,1,1,0
56,1,9,10,2,2,2,13,4,10,0,0,1,0
63,1,4,11,2,3,4,19,4,5,0,0,1,0
23,2,7,20,2,3,8,13,5,5,1,0,1,0
24,2,1,19,2,5,1,10,6,8,1,0,1,0
30,2,9,10,1,5,11,20,6,2,1,0,1,1
37,2,14,12,2,4,10,14,1,1,0,0,1,0
50,2,13,2,2,5,11,15,4,10,0,0,1,0
67,2,8,3,2,1,7,12,2,4,0,0,1,0
18,3,16,4,2,5,1,23,6,2,1,1,1,0
24,3,6,18,1,1,7,0,3,2,0,1,1,0
30,3,19,7,2,5,11,20,4,1,0,0,1,1
36,3,6,18,1,2,3,4,0,11,0,1,2,0
53,3,6,18,2,1,6,3,4,1,0,1,2,0
69,3,2,5,1,1,5,2,2,2,0,1,2,0
20,1,16,4,2,2,3,22,6,9,1,1,1,0
27,1,10,15,2,5,11,8,4,9,0,0,1,0
30,1,2,5,2,3,8,15,0,12,0,0,3,1
40,1,5,16,1,1,6,10,4,4,0,0,1,0
44,1,6,18,2,3,4,10,1,9,0,0,2,0
52,1,2,5,1,3,4,9,1,6,0,0,1,0
56,1,6,18,2,5,9,22,6,11,1,1,2,0
67,1,9,10,2,1,7,16,3,10,0,0,2,0
24,2,4,11,2,5,11,22,4,3,0,1,2,0
26,2,12,14,1,1,5,13,5,10,1,0,1,0
30,2,11,17,1,3,4,5,3,9,0,1,2,1
31,2,3,8,1,1,5,12,3,2,0,0,3,0
71,2,20,9,1,2,12,2,6,12,1,1,1,0
19,3,20,9,1,3,4,5,5,9,1,1,2,0
30,3,17,6,2,1,5,22,0,9,0,1,1,1
52,3,1,19,2,3,4,16,5,4,1,0,2,0
30,1,15,1,2,1,7,13,5,7,1,0,3,1
45,1,1,19,2,3,8,20,2,3,0,0,1,0
63,1,2,5,2,2,12,11,0,3,0,0,3,1
68,1,1,19,2,5,9,12,6,8,1,0,2,0
69,1,14,12,1,1,6,15,3,1,0,0,2,0
30,2,9,10,2,1,7,20,0,8,0,0,1,1
32,2,19,7,1,2,12,8,4,12,0,0,2,0
40,2,7,20,2,5,11,23,3,10,0,1,1,0
47,2,3,8,2,5,11,8,4,3,0,0,2,0
65,2,17,6,2,2,12,1,1,7,0,1,2,0
19,3,8,3,1,3,4,14,3,9,0,0,2,0
23,3,4,11,2,3,4,2,4,3,0,1,2,1
24,3,13,2,2,5,9,20,0,2,0,0,3,0
30,3,10,15,2,3,8,18,0,3,0,0,2,1
32,3,10,15,2,2,12,7,2,8,0,0,3,0
34,3,14,12,2,2,3,2,3,3,0,1,2,0
18,1,3,8,1,5,9,10,1,8,0,0,1,0
25,1,14,12,1,5,1,11,4,10,0,0,1,0
29,1,18,13,1,1,7,20,0,9,0,0,1,0
30,1,14,12,2,5,9,22,1,1,0,1,3,1
33,1,18,13,1,1,5,18,2,5,0,0,2,0
60,1,8,3,1,5,1,5,3,5,0,1,3,0
64,1,13,2,1,1,7,6,6,9,1,0,3,0
25,2,5,16,2,4,10,9,3,11,0,0,2,0
30,2,1,19,1,2,12,23,1,9,0,1,2,1
47,2,6,18,2,3,4,0,5,5,1,1,3,0
54,2,7,20,1,3,8,14,4,9,0,0,2,0
56,2,1,19,2,3,4,6,3,5,0,0,2,0
57,2,10,15,1,5,11,17,0,9,0,0,1,0
61,2,10,15,2,5,9,20,2,4,0,0,3,0
63,2,14,12,2,2,3,10,5,10,1,0,1,0
69,2,14,12,1,2,2,6,1,1,0,0,2,0
72,2,19,7,1,1,6,10,5,2,1,0,3,0
30,3,17,6,2,3,4,10,3,5,0,0,2,1
34,3,2,5,1,2,2,10,4,11,0,0,3,0
40,3,4,11,2,5,1,1,1,2,0,1,1,0
44,3,7,20,2,2,12,7,6,7,1,0,2,0
55,3,6,18,1,2,12,13,1,4,0,0,1,0
75,3,15,1,1,1,5,23,0,7,0,1,1,0
19,1,16,4,1,3,8,1,2,4,0,1,2,0
30,1,3,8,1,3,4,10,6,4,1,0,3,1
34,1,8,3,1,1,6,15,2,8,0,0,2,0
59,1,5,16,2,3,8,20,4,12,0,0,1,0
64,1,8,3,2,4,10,5,0,7,0,1,3,0
65,1,7,20,1,1,6,5,1,9,0,1,3,0
75,1,8,3,1,2,3,9,5,5,1,0,1,0
30,2,12,14,1,5,1,14,0,2,0,0,1,1
35,2,20,9,1,3,4,2,0,9,0,1,2,0
37,2,11,17,2,5,9,3,0,10,0,1,1,0
53,2,4,11,1,5,11,21,3,11,0,0,2,0
59,2,4,11,2,2,3,19,4,7,0,0,3,0
71,2,4,11,2,5,9,12,1,12,0,0,1,0
18,3,1,19,1,1,7,2,6,9,1,1,2,0
30,3,13,2,1,1,6,18,6,2,1,0,2,1
35,3,18,13,2,4,10,22,3,9,0,1,3,1
52,3,11,17,2,2,12,16,3,1,0,0,2,0
68,3,2,5,1,5,9,14,5,11,1,0,3,0
25,1,10,15,1,5,9,15,6,6,1,0,2,0
30,1,5,16,1,1,5,4,3,1,0,1,2,1
38,1,5,16,1,1,7,23,4,12,0,1,1,0
41,1,5,16,1,4,10,20,2,2,0,0,2,0
44,1,13,2,2,1,7,23,4,7,0,1,1,0
61,1,17,6,1,3,8,19,4,12,0,0,3,0
67,1,17,6,1,2,3,23,4,3,0,1,1,0
18,2,20,9,1,4,10,12,6,10,1,0,1,0
30,2,19,7,2,2,12,17,2,5,0,0,2,1
34,2,4,11,1,3,4,20,1,11,0,0,1,0
36,2,6,18,2,5,11,0,0,11,0,1,2,0
39,2,13,2,1,3,8,20,3,9,0,0,3,0
43,2,6,18,2,5,11,8,6,6,1,0,2,0
45,2,15,1,2,5,11,0,3,10,0,1,3,0
56,2,2,5,2,1,5,13,6,5,1,0,2,1
57,2,12,14,1,1,6,16,4,2,0,0,1,0
18,3,9,10,1,1,7,10,0,11,0,0,2,0
19,3,19,7,1,5,11,1,5,12,1,1,2,0
20,3,6,18,1,1,5,12,0,10,0,0,2,0
30,3,9,10,2,3,4,18,3,10,0,0,1,1
27,1,20,9,1,2,12,19,1,5,0,0,2,0
30,1,15,1,2,1,5,10,2,4,0,0,1,1
48,1,2,5,2,4,10,1,3,7,0,1,1,0
63,1,6,18,2,1,6,7,5,5,1,0,1,0
25,2,4,11,2,1,7,16,2,1,0,0,2,0
27,2,7,20,1,2,12,1,6,8,1,1,2,0
30,2,16,4,2,3,8,15,3,1,0,0,2,1
38,2,13,2,2,4,10,1,2,7,0,1,1,0
39,2,16,4,2,4,10,6,3,9,0,0,3,0
44,2,18,13,2,2,12,21,0,6,0,0,2,0
60,2,20,9,2,5,9,14,6,7,1,0,1,0
25,3,10,15,2,2,12,22,5,9,1,1,1,0
30,3,10,15,2,3,8,18,0,3,0,0,2,1
47,3,5,16,1,3,8,6,5,11,1,0,2,0
53,3,1,19,2,5,11,5,5,1,1,1,3,0
59,3,5,16,2,2,12,10,4,10,0,0,2,0
73,3,1,19,1,3,4,23,0,6,0,1,1,0
22,1,9,10,2,3,4,16,5,12,1,0,1,0
25,1,4,11,1,5,11,10,0,1,0,0,2,0
26,1,11,17,1,1,5,12,6,10,1,0,2,0
30,1,12,14,1,4,10,20,3,3,0,0,1,1
37,1,5,16,1,5,9,12,2,7,0,0,1,0
44,1,10,15,2,5,9,2,1,8,0,1,3,0
55,1,3,8,2,1,7,11,5,3,1,0,2,0
57,1,16,4,1,5,11,19,0,9,0,0,1,0
60,1,18,13,1,3,4,16,1,8,0,0,1,0
22,2,20,9,2,3,4,9,0,10,0,0,2,0
29,2,10,15,1,5,1,14,4,5,0,0,1,0
30,2,18,13,2,3,8,14,4,12,0,0,1,0
67,2,3,8,2,2,12,4,1,4,0,1,2,0
30,3,11,17,2,1,5,21,1,11,0,0,2,1
37,3,12,14,2,3,8,21,2,1,0,0,2,0
41,3,16,4,2,3,8,15,0,10,0,0,2,0
46,3,6,18,1,5,1,2,0,10,0,1,2,0
55,3,2,5,2,2,12,23,4,1,0,1,1,0
64,3,11,17,1,1,6,6,1,6,0,0,1,0
67,3,11,17,1,2,3,2,4,5,0,1,2,0
68,3,6,18,2,3,4,13,0,5,0,0,2,1
73,3,12,14,2,2,3,8,4,4,0,0,2,0
75,3,19,7,1,4,10,19,4,8,0,0,2,0
22,1,17,6,2,2,3,11,2,2,0,0,2,0
30,1,6,18,1,1,7,23,4,5,0,1,3,1
36,1,6,18,1,3,8,6,1,7,0,0,1,0
40,1,4,11,1,5,9,1,4,9,0,1,2,0
41,1,14,12,1,4,10,15,4,1,0,0,2,0
48,1,3,8,1,1,7,19,4,1,0,0,1,0
67,1,17,6,1,2,12,11,4,5,0,0,1,0
19,2,9,10,1,4,10,16,6,12,1,0,2,1
30,2,13,2,2,1,5,15,2,5,0,0,2,1
42,2,7,20,2,5,11,23,2,1,0,1,1,0
43,2,6,18,1,3,8,22,0,5,0,1,2,0
44,2,4,11,2,5,11,11,2,4,0,0,3,0
48,2,3,8,1,5,11,14,3,5,0,0,1,0
49,2,5,16,1,2,2,14,5,5,1,0,3,0
69,2,5,16,1,5,11,10,4,12,0,0,2,0
70,2,12,14,1,5,1,7,0,9,0,0,3,0
75,2,13,2,1,1,6,17,1,4,0,0,2,0
21,3,16,4,1,1,7,11,0,7,0,0,1,0
23,3,8,3,1,5,1,16,6,2,1,0,1,0
28,3,14,12,1,4,10,17,2,2,0,0,2,0
30,3,18,13,2,5,11,6,6,3,1,0,3,1
31,3,14,12,1,5,11,14,6,4,1,0,2,0
39,3,13,2,1,5,11,2,6,2,1,1,1,0
49,3,9,10,2,5,11,13,0,4,0,0,1,0
54,3,7,20,1,1,7,15,6,6,1,0,1,0
62,3,20,9,1,2,12,19,4,5,0,0,2,1
71,3,5,16,1,3,4,15,4,3,0,0,3,0
30,1,12,14,1,2,12,1,0,10,0,1,2,1
42,1,2,5,1,5,9,16,6,12,1,0,3,0
51,1,18,13,1,4,10,6,2,2,0,0,2,0
52,1,5,16,2,3,4,16,6,9,1,0,2,0
59,1,18,13,1,3,8,13,5,7,1,0,3,0
70,1,13,2,2,2,2,22,6,9,1,1,2,0
72,1,15,1,2,5,1,22,3,9,0,1,3,0
75,1,17,6,2,5,9,13,6,2,1,0,2,0
30,2,17,6,2,1,6,8,5,2,1,0,2,1
32,2,18,13,1,3,8,7,3,7,0,0,2,0
34,2,11,17,2,5,1,4,0,1,0,1,1,0
36,2,7,20,1,3,4,20,1,11,0,0,1,0
62,2,7,20,1,5,11,4,0,11,0,1,2,0
63,2,12,14,1,5,9,17,0,8,0,0,2,0
67,2,6,18,1,3,8,11,0,9,0,0,3,0
75,2,9,10,2,5,9,11,3,10,0,0,1,0
22,3,16,4,2,5,9,18,3,3,0,0,1,0
25,3,19,7,1,3,4,20,4,2,0,0,3,0
30,3,17,6,2,4,10,5,5,11,1,1,1,1
48,3,2,5,1,2,2,8,3,4,0,0,3,0
52,3,19,7,1,5,9,12,5,5,1,0,2,0
56,3,3,8,1,5,9,0,6,5,1,1,1,0
21,1,6,18,2,1,7,4,3,12,0,1,2,0
25,1,10,15,2,1,6,10,4,1,0,0,1,0
26,1,5,16,2,1,5,10,4,5,0,0,2,0
30,1,3,8,1,1,7,11,2,7,0,0,2,1
48,1,5,16,1,2,3,22,5,10,1,1,2,0
63,1,16,4,1,3,4,7,4,2,0,0,3,0
65,1,12,14,1,5,9,1,6,1,1,1,1,0
30,2,5,16,1,2,12,7,5,7,1,0,3,1
40,2,15,1,1,2,2,14,3,6,0,0,1,0
45,2,3,8,1,5,11,7,2,8,0,0,1,0
58,2,7,20,2,5,9,12,1,1,0,0,3,0
71,2,17,6,1,4,10,19,1,4,0,0,3,0
18,3,16,4,2,3,8,4,6,9,1,1,3,0
20,3,5,16,2,2,3,8,2,11,0,0,2,0
27,3,5,16,1,5,1,18,4,12,0,0,2,0
28,3,20,9,1,5,11,17,0,6,0,0,1,0
30,3,17,6,2,5,9,16,5,2,1,0,2,1
34,3,7,20,2,1,5,3,0,8,0,1,2,0
36,3,7,20,1,2,12,21,2,8,0,0,1,0
37,3,1,19,1,3,8,9,5,1,1,0,2,0
51,3,12,14,2,1,6,9,6,2,1,0,2,0
62,3,19,7,1,2,3,16,1,5,0,0,2,0
64,3,4,11,2,1,5,11,3,1,0,0,1,0
22,1,5,16,2,1,7,15,0,1,0,0,1,0
28,1,20,9,1,4,10,3,2,8,0,1,1,0
29,1,12,14,2,1,6,16,4,3,0,0,2,0
30,1,6,18,1,5,1,20,0,6,0,0,1,1
35,1,6,18,2,5,9,12,0,4,0,0,1,0
45,1,9,10,2,1,6,11,6,11,1,0,2,0
69,1,3,8,2,2,3,3,1,3,0,1,1,0
74,1,12,14,2,5,1,10,5,2,1,0,2,0
20,2,8,3,2,3,8,18,6,12,1,0,1,0
27,2,16,4,2,2,3,18,6,4,1,0,2,0
29,2,11,17,2,2,3,18,0,3,0,0,3,1
30,2,15,1,1,5,11,11,2,12,0,0,3,1
33,2,12,14,2,2,12,7,6,9,1,0,2,0
35,2,13,2,1,2,3,23,3,1,0,1,2,1
51,2,6,18,2,5,11,15,6,1,1,0,2,0
53,2,19,7,1,2,12,9,4,9,0,0,3,0
65,2,16,4,2,2,3,11,2,1,0,0,2,0
69,2,16,4,1,5,11,7,1,2,0,0,1,0
20,3,5,16,1,3,8,9,3,10,0,0,2,0
27,3,5,16,2,3,4,0,0,9,0,1,2,0
30,3,9,10,1,1,7,21,4,3,0,0,2,1
45,3,6,18,1,1,5,17,2,5,0,0,1,0
53,3,12,14,2,5,1,22,1,1,0,1,1,0
56,3,4,11,1,5,9,1,4,9,0,1,2,0
62,3,19,7,2,1,5,8,5,1,1,0,2,0
68,3,6,18,2,3,8,3,1,5,0,1,2,0
73,3,7,20,2,4,10,11,1,9,0,0,3,0
74,3,2,5,2,2,2,5,3,12,0,1,3,0
29,1,18,13,2,2,3,9,0,3,0,0,2,0
30,1,6,18,2,1,7,18,1,5,0,0,1,1
39,1,10,15,1,1,7,12,6,12,1,0,3,0
51,1,8,3,1,1,6,13,2,1,0,0,1,1
60,1,11,17,2,2,3,12,4,7,0,0,1,0
66,1,6,18,2,5,1,15,1,4,0,0,2,0
18,2,8,3,1,2,12,20,2,5,0,0,1,0
21,2,17,6,2,5,9,12,3,2,0,0,1,0
30,2,1,19,2,5,9,15,1,5,0,0,3,1
32,2,1,19,2,2,2,1,4,8,0,1,2,0
35,2,1,19,2,2,3,22,6,6,1,1,1,0
37,2,18,13,1,1,5,19,0,2,0,0,1,0
73,2,5,16,1,2,3,2,5,1,1,1,2,0
18,3,6,18,2,5,9,1,2,5,0,1,2,1
30,3,8,3,2,1,6,20,0,1,0,0,2,1
38,3,11,17,2,4,10,10,2,8,0,0,3,0
41,3,17,6,2,1,7,21,0,6,0,0,1,0
46,3,10,15,2,5,1,14,4,3,0,0,1,0
58,3,19,7,2,3,4,10,6,10,1,0,2,0
67,3,4,11,2,5,11,18,2,7,0,0,3,0
69,3,17,6,2,5,1,3,6,7,1,1,2,0
75,3,20,9,1,2,12,4,5,7,1,1,1,0
19,1,1,19,1,2,12,3,0,10,0,1,2,0
30,1,20,9,1,3,4,9,4,1,0,0,1,1
34,1,14,12,2,4,10,21,6,2,1,0,1,0
47,1,7,20,1,1,6,6,3,6,0,0,1,0
30,2,7,20,2,2,2,14,6,4,1,0,2,1
50,2,4,11,2,1,6,5,2,5,0,1,1,0
55,2,1,19,1,5,9,10,6,10,1,0,2,0
66,2,2,5,2,3,8,7,3,9,0,0,2,0
71,2,16,4,2,5,11,22,6,12,1,1,1,0
20,3,10,15,1,2,3,19,3,7,0,0,3,0
23,3,4,11,1,5,9,17,1,2,0,0,2,1
29,3,13,2,2,5,1,15,5,10,1,0,1,0
30,3,5,16,1,2,12,18,6,2,1,0,2,1
46,3,4,11,2,2,3,20,1,6,0,0,1,0
67,3,19,7,2,1,5,5,1,3,0,1,1,0
27,1,12,14,2,5,1,4,6,4,1,1,2,0
30,1,3,8,1,1,6,0,5,2,1,1,2,1
31,1,19,7,1,1,6,21,0,3,0,0,2,0
46,1,16,4,2,4,10,7,4,10,0,0,2,0
68,1,2,5,1,3,4,4,5,2,1,1,1,0
71,1,14,12,2,1,6,22,0,6,0,1,1,0
73,1,9,10,2,3,4,12,4,6,0,0,3,0
18,2,6,18,1,2,2,17,6,11,1,0,2,0
22,2,18,13,1,5,1,23,5,7,1,1,1,0
25,2,18,13,2,2,12,10,4,12,0,0,1,0
30,2,13,2,1,5,1,18,5,5,1,0,3,1
42,2,16,4,1,5,11,9,6,8,1,0,1,0
53,2,8,3,2,4,10,22,1,1,0,1,3,0
70,2,18,13,2,5,11,6,6,3,1,0,3,0
75,2,11,17,1,3,8,9,1,9,0,0,3,0
18,3,12,14,2,5,9,19,0,11,0,0,3,0
30,3,13,2,2,5,11,1,4,6,0,1,2,1
33,3,20,9,1,3,4,12,3,4,0,0,1,0
57,3,17,6,1,3,4,16,0,10,0,0,2,0
61,3,8,3,2,5,1,10,1,6,0,0,3,0
69,3,20,9,1,2,12,15,5,9,1,0,2,0
71,3,2,5,2,2,12,14,6,3,1,0,2,0
22,1,6,18,2,5,11,16,1,2,0,0,1,1
26,1,5,16,1,5,1,20,0,1,0,0,2,1
30,1,9,10,2,4,10,10,6,7,1,0,2,1
36,1,15,1,2,1,6,4,2,6,0,1,1,0
37,1,13,2,1,5,9,20,5,4,1,0,1,0
39,1,14,12,2,5,11,19,3,10,0,0,1,0
52,1,13,2,1,2,3,23,0,7,0,1,3,0
57,1,3,8,1,1,6,5,3,2,0,1,1,0
60,1,1,19,1,3,4,19,2,9,0,0,1,0
66,1,8,3,2,3,8,13,2,2,0,0,1,0
19,2,4,11,1,5,9,14,1,5,0,0,1,0
22,2,9,10,2,3,8,4,5,8,1,1,1,0
30,2,18,13,2,5,9,10,3,3,0,0,3,1
35,2,15,1,2,1,5,5,1,12,0,1,2,0
37,2,3,8,1,5,11,10,3,7,0,0,1,1
45,2,16,4,2,4,10,5,0,5,0,1,1,0
57,2,4,11,2,2,12,6,0,9,0,0,1,0
58,2,10,15,1,1,5,17,0,5,0,0,3,0
65,2,2,5,1,1,7,2,3,5,0,1,2,0
68,2,6,18,1,1,5,10,3,10,0,0,1,0
75,2,8,3,2,1,5,21,2,10,0,0,3,0
30,3,10,15,1,1,6,21,2,1,0,0,3,1
39,3,13,2,1,1,6,3,2,8,0,1,1,0
41,3,12,14,2,4,10,8,0,2,0,0,2,0
55,3,5,16,2,2,2,12,0,1,0,0,1,0
60,3,19,7,1,5,9,1,2,3,0,1,1,0
62,3,14,12,2,2,12,17,4,9,0,0,1,0
63,3,7,20,1,1,6,3,6,12,1,1,3,0
21,1,10,15,2,3,8,4,6,2,1,1,3,0
28,1,7,20,1,2,12,14,6,9,1,0,3,0
30,1,18,13,1,1,7,16,4,3,0,0,2,1
36,1,13,2,2,4,10,12,0,7,0,0,3,0
42,1,2,5,1,3,4,2,4,2,0,1,1,0
43,1,5,16,2,2,3,3,3,2,0,1,3,1
57,1,11,17,2,2,3,18,3,12,0,0,3,1
65,1,20,9,1,2,2,4,5,6,1,1,1,0
30,2,5,16,1,2,12,13,2,4,0,0,1,1
71,2,14,12,1,3,8,15,4,2,0,0,1,0
20,3,12,14,1,1,5,13,2,4,0,0,2,0
30,3,15,1,2,3,4,23,2,1,0,1,1,1
33,3,20,9,1,3,4,13,0,4,0,0,2,0
37,3,17,6,1,5,9,2,3,9,0,1,1,0
44,3,12,14,1,3,4,18,6,10,1,0,1,0
55,3,12,14,1,1,7,15,3,12,0,0,2,0
60,3,2,5,2,2,3,21,0,1,0,0,2,0
67,3,14,12,2,1,5,4,2,3,0,1,2,0
69,3,16,4,1,5,11,18,3,11,0,0,1,0
72,3,5,16,1,2,2,6,4,2,0,0,1,0
22,1,18,13,2,3,4,13,3,3,0,0,3,0
30,1,19,7,1,2,2,0,0,4,0,1,1,1
37,1,11,17,1,4,10,15,6,7,1,0,2,0
26,2,19,7,2,2,2,11,3,3,0,0,2,0
27,2,20,9,1,2,12,23,0,8,0,1,2,0
30,2,9,10,2,5,1,9,4,4,0,0,3,1
48,2,9,10,1,1,7,15,2,10,0,0,3,0
68,2,4,11,2,1,6,6,0,11,0,0,2,0
75,2,3,8,1,2,3,13,2,11,0,0,3,0
30,3,13,2,1,5,9,13,1,9,0,0,3,1
34,3,3,8,2,1,7,18,4,7,0,0,3,0
38,3,4,11,2,3,8,8,5,7,1,0,1,0
57,3,13,2,2,2,3,16,6,7,1,0,3,0
68,3,15,1,2,2,12,23,2,3,0,1,3,0
73,3,13,2,2,4,10,9,5,8,1,0,1,0
30,1,13,2,1,5,1,18,5,5,1,0,3,1
46,1,20,9,1,1,5,9,4,2,0,0,3,0
55,1,4,11,2,1,7,23,0,1,0,1,1,0
56,1,19,7,2,1,5,2,5,11,1,1,2,0
60,1,15,1,2,2,2,19,3,9,0,0,3,0
67,1,18,13,2,2,3,2,1,7,0,1,2,0
26,2,9,10,1,1,5,14,1,4,0,0,2,0
30,2,3,8,1,3,4,13,5,4,1,0,3,1
46,2,16,4,1,5,1,5,1,11,0,1,1,0
60,2,18,13,1,5,11,23,6,4,1,1,1,0
65,2,8,3,2,3,8,18,4,3,0,0,1,0
71,2,8,3,2,2,12,20,0,1,0,0,3,0
75,2,17,6,1,1,5,5,5,5,1,1,2,0
18,3,13,2,1,2,2,4,1,3,0,1,1,0
19,3,12,14,1,5,9,17,2,8,0,0,1,0
20,3,4,11,1,5,11,1,3,8,0,1,1,0
29,3,3,8,1,5,1,9,0,7,0,0,2,0
30,3,10,15,1,4,10,6,1,5,0,0,1,1
32,3,5,16,1,2,12,18,6,2,1,0,2,0
36,3,11,17,1,5,9,3,1,6,0,1,3,0
48,3,13,2,2,2,2,18,6,6,1,0,1,0
67,3,14,12,2,3,8,3,4,6,0,1,1,0
30,1,8,3,1,2,2,9,5,12,1,0,2,1
34,1,13,2,1,2,12,15,3,10,0,0,1,0
41,1,7,20,1,1,5,9,6,4,1,0,2,0
47,1,13,2,2,2,2,17,0,9,0,0,3,0
50,1,5,16,2,1,5,17,0,2,0,0,1,0
61,1,9,10,2,5,11,3,6,11,1,1,1,0
30,2,12,14,2,2,12,18,6,6,1,0,1,1
35,2,20,9,2,4,10,11,1,8,0,0,3,0
67,2,18,13,1,2,3,0,3,6,0,1,2,0
75,2,18,13,2,1,5,19,3,3,0,0,2,0
23,3,13,2,1,2,2,13,0,11,0,0,1,0
30,3,12,14,1,2,2,8,5,5,1,0,2,1
33,3,11,17,2,3,8,19,6,1,1,0,2,0
44,3,4,11,2,5,11,22,4,3,0,1,2,0
51,3,5,16,1,5,1,17,3,1,0,0,1,0
61,3,5,16,1,3,4,23,3,10,0,1,2,0
64,3,1,19,1,1,6,12,0,2,0,0,1,0
73,3,11,17,2,5,11,3,4,2,0,1,1,0
19,1,13,2,2,2,3,6,4,5,0,0,2,0
21,1,18,13,2,1,5,3,3,5,0,1,3,0
27,1,19,7,1,1,7,6,5,10,1,0,1,0
30,1,18,13,2,5,11,8,4,1,0,0,1,1
33,1,7,20,2,2,3,12,0,4,0,0,2,0
35,1,16,4,1,2,3,5,1,12,0,1,1,0
38,1,7,20,2,1,5,16,5,7,1,0,3,0
39,1,8,3,2,5,1,2,2,3,0,1,2,0
42,1,9,10,2,2,12,15,0,11,0,0,3,0
63,1,2,5,2,3,8,18,6,5,1,0,3,0
68,1,1,19,2,3,4,6,0,10,0,0,3,0
24,2,4,11,2,3,8,12,4,3,0,0,1,0
27,2,2,5,2,4,10,17,0,6,0,0,1,0
30,2,20,9,1,1,6,1,2,3,0,1,3,1
32,2,10,15,1,2,3,2,1,12,0,1,1,0
44,2,16,4,1,4,10,11,3,3,0,0,2,0
58,2,14,12,1,1,6,8,1,5,0,0,1,0
64,2,5,16,2,1,6,13,0,7,0,0,1,0
66,2,11,17,1,2,2,5,6,6,1,1,1,0
67,2,6,18,1,1,7,15,4,9,0,0,2,0
70,2,19,7,2,1,7,11,6,8,1,0,1,0
73,2,17,6,1,2,2,12,3,7,0,0,2,0
22,3,6,18,2,3,4,2,5,8,1,1,1,1
28,3,6,18,2,3,8,5,4,2,0,1,3,0
30,3,3,8,2,2,2,10,3,9,0,0,1,1
58,3,17,6,1,5,1,19,5,1,1,0,1,0
62,3,7,20,1,1,7,21,0,2,0,0,2,0
26,1,6,18,2,5,9,0,6,10,1,1,1,0
30,1,9,10,2,3,4,16,2,12,0,0,1,1
31,1,11,17,1,2,12,9,4,10,0,0,2,0
48,1,8,3,1,1,6,20,4,1,0,0,2,1
53,1,1,19,2,3,8,16,5,6,1,0,2,0
67,1,19,7,1,3,8,17,3,4,0,0,2,0
25,2,2,5,2,1,6,5,5,4,1,1,2,0
30,2,4,11,2,2,3,14,0,4,0,0,2,1
37,2,12,14,1,5,9,7,3,10,0,0,1,0
46,2,3,8,2,5,11,4,2,3,0,1,1,0
54,2,16,4,1,1,5,18,3,1,0,0,1,0
71,2,12,14,2,5,9,8,1,4,0,0,2,0
30,3,3,8,1,3,4,15,2,8,0,0,2,1
39,3,20,9,1,5,9,21,0,7,0,0,1,0
45,3,9,10,2,2,12,4,3,9,0,1,3,0
49,3,6,18,1,5,1,3,4,1,0,1,2,1
53,3,6,18,2,1,6,14,1,9,0,0,1,0
55,3,17,6,2,4,10,10,1,8,0,0,1,0
64,3,1,19,2,3,8,2,5,2,1,1,2,0
70,3,12,14,1,2,2,17,3,12,0,0,3,0
30,1,1,19,1,2,12,9,2,1,0,0,2,1
34,1,11,17,2,1,6,7,1,5,0,0,3,0
40,1,9,10,1,4,10,18,5,5,1,0,1,0
54,1,9,10,2,1,6,4,4,10,0,1,1,0
18,2,15,1,1,5,1,18,4,9,0,0,2,0
30,2,10,15,1,3,4,10,0,7,0,0,2,1
35,2,17,6,1,5,9,3,4,8,0,1,2,0
53,2,17,6,1,3,4,17,3,1,0,0,1,0
60,2,8,3,1,3,4,11,2,1,0,0,2,0
69,2,13,2,2,4,10,9,2,10,0,0,1,0
20,3,3,8,2,2,3,13,2,9,0,0,3,0
21,3,9,10,2,5,9,22,5,4,1,1,1,0
26,3,18,13,1,1,6,8,1,4,0,0,2,0
28,3,9,10,2,4,10,17,1,2,0,0,1,0
30,3,11,17,2,3,4,6,3,12,0,0,1,1
34,3,19,7,2,3,4,11,0,6,0,0,1,0
56,3,3,8,2,1,5,9,2,8,0,0,1,0
57,3,19,7,1,4,10,23,5,7,1,1,1,0
61,3,19,7,2,3,4,15,2,7,0,0,3,0
18,1,4,11,1,5,11,9,6,2,1,0,1,0
26,1,1,19,2,5,11,20,6,6,1,0,1,0
30,1,5,16,2,1,5,0,1,5,0,1,2,1
38,1,13,2,2,4,10,12,4,4,0,0,2,0
53,1,16,4,2,5,1,8,4,7,0,0,3,1
30,2,13,2,1,1,7,3,3,10,0,1,1,1
32,2,14,12,1,5,9,5,5,8,1,1,1,0
39,2,8,3,1,1,7,10,4,2,0,0,2,0
46,2,5,16,2,1,7,16,4,5,0,0,1,0
58,2,18,13,2,1,5,23,6,12,1,1,2,0
21,3,7,20,1,1,6,3,1,1,0,1,3,0
30,3,18,13,1,3,8,0,5,4,1,1,3,1
41,3,19,7,2,4,10,8,4,2,0,0,2,0
42,3,8,3,1,4,10,12,1,3,0,0,1,0
46,3,11,17,2,5,11,18,0,2,0,0,2,0
61,3,7,20,1,2,3,0,5,3,1,1,2,0
25,1,5,16,2,2,3,3,3,2,0,1,3,0
29,1,17,6,1,2,12,12,2,9,0,0,2,0
30,1,1,19,2,5,1,6,2,11,0,0,2,1
37,1,16,4,2,5,1,21,5,1,1,0,1,0
38,1,4,11,2,3,8,18,2,2,0,0,2,0
43,1,12,14,2,5,11,17,3,6,0,0,1,0
48,1,12,14,2,2,3,20,0,1,0,0,1,0
74,1,7,20,1,1,5,9,6,4,1,0,2,0
23,2,12,14,2,5,1,20,6,8,1,0,3,0
30,2,3,8,2,1,6,17,0,2,0,0,1,1
63,2,8,3,2,5,11,10,6,2,1,0,3,0
18,3,19,7,2,1,5,20,4,9,0,0,1,0
26,3,11,17,1,1,7,17,6,4,1,0,1,0
29,3,20,9,2,1,7,7,0,10,0,0,3,0
30,3,5,16,1,5,1,18,4,12,0,0,2,1
31,3,1,19,1,3,8,10,2,7,0,0,3,0
34,3,20,9,2,1,5,2,6,5,1,1,1,0
39,3,3,8,2,5,11,23,6,9,1,1,1,0
46,3,14,12,1,3,4,7,3,3,0,0,1,0
59,3,10,15,1,5,9,17,5,4,1,0,3,0
62,3,13,2,2,5,11,7,4,3,0,0,3,0
65,3,15,1,2,5,9,21,4,4,0,0,1,0
69,3,1,19,2,5,11,21,0,1,0,0,1,0
73,3,4,11,2,1,6,2,3,11,0,1,1,0
30,1,3,8,2,5,1,20,6,6,1,0,2,1
52,1,1,19,2,5,11,11,4,5,0,0,1,0
53,1,16,4,1,5,11,1,2,1,0,1,2,0
18,2,2,5,2,3,8,4,3,8,0,1,3,0
23,2,11,17,1,1,5,21,4,7,0,0,2,0
30,2,8,3,1,2,2,9,0,10,0,0,2,1
43,2,4,11,1,2,12,16,3,11,0,0,3,0
45,2,9,10,2,5,9,3,5,10,1,1,1,0
57,2,2,5,1,1,6,2,1,1,0,1,2,0
65,2,5,16,2,5,11,8,2,6,0,0,1,0
69,2,3,8,1,3,8,7,4,7,0,0,1,0
30,3,1,19,2,1,5,11,5,7,1,0,2,1
34,3,14,12,2,4,10,13,2,5,0,0,1,0
61,3,2,5,1,2,2,0,1,10,0,1,2,0
68,3,2,5,2,3,8,22,5,8,1,1,1,0
71,3,18,13,2,3,8,14,0,8,0,0,2,0
30,1,14,12,1,2,12,6,6,1,1,0,2,1
33,1,13,2,2,5,11,12,6,9,1,0,1,0
41,1,16,4,2,3,8,3,0,1,0,1,1,0
55,1,3,8,2,1,7,18,2,10,0,0,1,0
58,1,4,11,1,2,3,7,4,10,0,0,3,0
26,2,13,2,1,5,1,14,2,2,0,0,2,0
30,2,3,8,1,1,6,17,2,3,0,0,3,1
46,2,17,6,2,5,11,20,5,7,1,0,1,0
60,2,4,11,2,1,5,20,6,4,1,0,1,0
67,2,15,1,1,2,12,22,3,7,0,1,1,0
75,2,20,9,1,4,10,9,6,7,1,0,1,0
30,3,11,17,2,5,9,23,3,5,0,1,2,1
39,3,15,1,1,2,12,9,0,6,0,0,3,0
49,3,4,11,1,1,6,17,1,8,0,0,3,0
50,3,11,17,2,1,6,14,5,7,1,0,1,1
69,3,15,1,2,5,9,17,2,8,0,0,1,0
24,1,10,15,2,3,8,14,6,5,1,0,1,0
30,1,13,2,2,5,9,1,1,9,0,1,1,1
66,1,12,14,1,5,9,18,6,3,1,0,1,0
70,1,8,3,1,4,10,5,5,7,1,1,1,0
29,2,19,7,2,1,6,6,2,3,0,0,2,0
30,2,17,6,2,3,4,11,4,1,0,0,1,1
33,2,3,8,2,5,11,20,1,6,0,0,1,0
38,2,4,11,2,3,8,18,0,5,0,0,3,1
52,2,8,3,2,3,4,15,5,10,1,0,1,0
57,2,1,19,2,3,4,19,0,9,0,0,2,0
61,2,3,8,2,1,7,9,4,10,0,0,1,0
63,2,18,13,2,3,4,13,0,5,0,0,1,0
19,3,12,14,2,2,3,4,4,2,0,1,2,0
30,3,18,13,2,5,11,23,5,4,1,1,1,1
32,3,20,9,2,3,4,12,3,3,0,0,2,0
35,3,2,5,1,5,1,15,5,5,1,0,2,0
47,3,12,14,2,2,3,10,2,5,0,0,1,0
60,3,8,3,1,2,12,7,5,6,1,0,2,0
66,3,7,20,2,1,7,14,1,3,0,0,3,0
30,1,2,5,1,3,4,19,3,2,0,0,2,1
63,1,12,14,1,2,2,10,0,10,0,0,2,0
74,1,4,11,1,2,12,5,4,12,0,1,1,0
20,2,11,17,2,2,12,7,0,7,0,0,2,0
23,2,7,20,2,2,12,13,0,10,0,0,3,0
30,2,19,7,2,2,3,6,5,7,1,0,3,1
39,2,8,3,1,1,5,0,6,10,1,1,1,1
47,2,15,1,2,2,12,20,5,10,1,0,3,0
48,2,14,12,1,5,1,17,1,6,0,0,1,0
69,2,3,8,2,3,4,8,0,10,0,0,3,0
71,2,7,20,2,5,1,0,5,2,1,1,1,0
72,2,2,5,1,5,1,16,1,11,0,0,2,0
25,3,5,16,2,5,11,9,4,12,0,0,1,0
30,3,20,9,2,4,10,5,5,5,1,1,1,1
38,3,17,6,2,5,9,8,5,3,1,0,1,0
42,3,8,3,2,2,2,5,4,1,0,1,2,0
57,3,19,7,1,2,2,9,4,2,0,0,3,0
66,3,10,15,2,5,11,19,5,1,1,0,3,0
67,3,2,5,1,5,9,16,6,12,1,0,3,0
69,3,18,13,2,1,5,19,0,10,0,0,3,0
73,3,15,1,2,2,3,15,2,6,0,0,3,0
30,1,14,12,2,3,4,4,3,3,0,1,3,1
33,1,14,12,1,5,9,9,5,11,1,0,2,0
39,1,10,15,2,2,3,17,4,12,0,0,3,0
50,1,6,18,1,2,3,22,6,11,1,1,1,0
53,1,10,15,2,3,4,3,6,9,1,1,1,0
56,1,5,16,2,1,7,8,5,2,1,0,1,0
58,1,6,18,1,1,7,18,2,8,0,0,2,0
69,1,20,9,1,2,12,2,6,1,1,1,2,0
71,1,3,8,1,2,2,11,6,12,1,0,3,0
18,2,12,14,1,5,9,19,6,4,1,0,1,0
30,2,11,17,2,5,11,18,0,2,0,0,2,1
35,2,7,20,2,2,2,8,0,3,0,0,1,0
20,3,8,3,2,2,3,11,3,4,0,0,2,0
30,3,19,7,1,3,8,20,6,6,1,0,1,1
36,3,12,14,1,5,9,14,0,8,0,0,2,0
44,3,8,3,1,5,11,12,5,1,1,0,2,0
48,3,12,14,2,1,5,16,2,12,0,0,2,0
51,3,2,5,1,5,9,16,6,12,1,0,3,0
57,3,1,19,2,5,11,16,0,2,0,0,1,0
70,3,19,7,1,3,8,0,2,7,0,1,3,0
75,3,4,11,2,5,11,15,4,4,0,0,2,0
30,1,4,11,2,2,3,13,2,5,0,0,2,1
31,1,5,16,2,2,2,20,1,5,0,0,2,0
35,1,20,9,1,3,8,20,5,4,1,0,2,0
45,1,1,19,1,5,11,0,6,1,1,1,3,0
49,1,5,16,2,1,7,4,4,7,0,1,1,1
58,1,13,2,2,3,4,16,2,5,0,0,1,0
61,1,8,3,1,5,1,6,5,8,1,0,1,0
26,2,20,9,1,5,9,20,0,10,0,0,2,0
27,2,12,14,2,3,4,19,6,6,1,0,1,0
29,2,7,20,2,1,7,23,5,4,1,1,1,0
30,2,6,18,2,3,4,2,0,6,0,1,3,1
34,2,2,5,2,3,8,14,5,10,1,0,1,0
36,2,10,15,2,1,6,6,4,7,0,0,2,0
52,2,19,7,1,1,6,3,1,4,0,1,2,0
56,2,12,14,1,2,2,20,1,3,0,0,1,0
65,2,3,8,2,2,12,0,4,2,0,1,1,0
24,3,3,8,2,3,4,10,0,4,0,0,1,0
26,3,11,17,1,3,4,5,3,9,0,1,2,0
30,3,2,5,2,5,9,23,4,7,0,1,1,1
35,3,1,19,1,1,7,0,1,4,0,1,1,0
39,3,4,11,2,1,6,6,3,8,0,0,1,0
43,3,19,7,2,4,10,20,6,6,1,0,3,1
44,3,18,13,2,1,5,13,6,5,1,0,1,0
75,3,17,6,2,2,2,8,2,10,0,0,2,0
21,1,17,6,1,3,4,4,2,1,0,1,1,0
22,1,17,6,1,5,9,1,3,4,0,1,3,0
28,1,2,5,1,2,12,11,0,7,0,0,2,1
30,1,12,14,2,3,4,22,4,12,0,1,3,1
33,1,7,20,1,5,9,7,5,8,1,0,1,0
44,1,14,12,1,2,12,0,1,10,0,1,3,0
59,1,3,8,1,3,4,23,4,8,0,1,2,0
66,1,14,12,2,1,6,15,0,10,0,0,3,0
20,2,7,20,1,5,11,15,5,2,1,0,1,0
28,2,13,2,1,2,2,8,1,3,0,0,1,0
30,2,18,13,2,5,11,6,6,3,1,0,3,1
47,2,9,10,2,3,8,23,4,4,0,1,2,0
49,2,9,10,2,2,12,11,5,4,1,0,3,0
51,2,9,10,2,2,2,12,1,4,0,0,3,0
72,2,17,6,1,5,9,16,2,9,0,0,1,0
21,3,1,19,2,5,1,0,0,7,0,1,2,0
25,3,20,9,2,3,8,4,0,12,0,1,3,0
30,3,15,1,1,2,3,8,6,5,1,0,3,1
32,3,9,10,1,1,6,13,1,9,0,0,3,0
34,3,20,9,2,2,12,9,6,5,1,0,1,0
47,3,6,18,1,5,1,11,1,8,0,0,1,0
49,3,6,18,1,3,4,18,3,1,0,0,3,0
55,3,18,13,2,2,3,12,4,2,0,0,2,0
57,3,15,1,2,3,8,8,4,4,0,0,1,0
73,3,16,4,1,4,10,22,1,8,0,1,1,0
30,1,4,11,1,5,1,2,1,3,0,1,1,1
44,1,19,7,1,2,2,10,3,2,0,0,3,0
30,2,9,10,1,1,6,21,4,2,0,0,2,1
58,2,7,20,1,5,1,2,2,5,0,1,3,1
66,2,18,13,2,5,1,4,4,8,0,1,2,1
69,2,3,8,2,3,4,5,2,1,0,1,2,0
30,3,19,7,1,5,9,22,5,8,1,1,1,1
51,3,15,1,1,1,6,16,3,3,0,0,1,0
58,3,4,11,2,4,10,7,4,1,0,0,3,0
71,3,4,11,2,2,2,2,0,10,0,1,3,0
21,1,11,17,2,1,7,3,6,4,1,1,1,0
26,1,4,11,1,5,1,23,5,9,1,1,3,0
30,1,17,6,1,5,11,19,1,2,0,0,2,1
34,1,3,8,2,2,2,6,5,5,1,0,1,0
51,1,11,17,1,3,4,3,6,7,1,1,1,0
30,2,1,19,2,1,7,19,5,1,1,0,1,1
44,2,9,10,2,2,12,16,0,5,0,0,3,0
57,2,14,12,2,4,10,8,6,11,1,0,1,0
25,3,20,9,1,5,1,19,1,4,0,0,2,0
30,3,7,20,2,3,4,10,1,2,0,0,1,1
35,3,14,12,2,2,2,14,0,4,0,0,1,0
41,3,2,5,1,2,12,17,6,1,1,0,1,0
44,3,19,7,1,2,3,23,2,3,0,1,3,0
67,3,5,16,2,5,1,6,0,5,0,0,3,0
74,3,8,3,1,5,1,5,5,8,1,1,3,0
19,1,9,10,2,1,7,10,2,6,0,0,2,0
30,1,9,10,2,2,3,8,2,10,0,0,3,1
54,1,6,18,2,1,5,0,5,4,1,1,2,0
67,1,14,12,1,2,12,6,3,2,0,0,3,0
69,1,14,12,1,2,3,6,1,5,0,0,3,0
30,2,14,12,1,3,8,22,2,6,0,1,1,1
49,2,13,2,1,1,6,1,0,6,0,1,1,0
65,2,9,10,1,2,2,15,4,5,0,0,1,0
66,2,16,4,2,2,3,22,0,1,0,1,3,0
30,3,6,18,2,5,1,5,1,7,0,1,2,1
32,3,5,16,1,5,1,20,5,5,1,0,2,0
56,3,17,6,2,2,3,23,6,1,1,1,3,0
67,3,5,16,1,2,12,2,5,9,1,1,3,0
23,1,2,5,1,2,2,13,1,3,0,0,1,0
30,1,9,10,1,1,6,0,0,4,0,1,2,1
50,1,13,2,2,5,9,18,4,10,0,0,2,0
56,1,3,8,2,5,1,15,2,8,0,0,2,0
62,1,17,6,2,1,6,18,2,4,0,0,2,0
73,1,18,13,1,3,4,6,2,7,0,0,1,0
25,2,10,15,1,4,10,21,6,2,1,0,1,0
29,2,5,16,2,2,3,8,0,10,0,0,2,0
30,2,11,17,2,3,4,10,4,8,0,0,1,1
36,2,7,20,1,3,4,7,4,11,0,0,1,0
38,2,3,8,1,2,3,11,1,9,0,0,2,0
44,2,2,5,1,1,5,11,1,7,0,0,1,0
46,2,18,13,2,1,6,2,0,7,0,1,1,0
47,2,1,19,1,4,10,22,4,3,0,1,1,0
52,2,1,19,2,1,5,16,1,5,0,0,3,0
55,2,5,16,1,3,8,4,1,4,0,1,2,0
59,2,16,4,2,2,3,10,2,8,0,0,3,0
64,2,11,17,2,5,9,10,5,5,1,0,2,0
72,2,19,7,2,1,6,2,0,9,0,1,1,0
30,3,11,17,1,1,5,3,6,3,1,1,1,1
33,3,8,3,1,3,4,7,0,9,0,0,1,0
34,3,5,16,2,5,11,13,0,11,0,0,1,0
38,3,8,3,1,2,12,8,4,9,0,0,1,0
50,3,13,2,1,1,5,2,6,7,1,1,3,1
58,3,16,4,2,1,5,9,0,12,0,0,2,0
67,3,3,8,2,5,1,5,6,11,1,1,2,1
75,3,2,5,2,5,11,20,4,8,0,0,3,0
30,1,18,13,1,1,6,0,5,10,1,1,1,1
61,1,1,19,2,5,11,7,4,4,0,0,3,0
26,2,17,6,2,2,3,15,3,8,0,0,1,0
30,2,1,19,2,2,2,23,1,5,0,1,1,1
58,2,12,14,1,2,3,3,3,4,0,1,1,0
21,3,5,16,1,3,8,9,2,9,0,0,2,0
30,3,1,19,2,2,3,10,1,7,0,0,2,1
32,3,20,9,2,1,6,4,3,1,0,1,2,0
42,3,12,14,1,5,9,0,5,1,1,1,2,0
46,3,17,6,2,2,12,4,4,11,0,1,1,0
65,3,2,5,1,3,8,8,6,3,1,0,1,0
71,3,17,6,1,5,9,9,4,4,0,0,2,0
30,1,12,14,2,2,3,7,2,5,0,0,1,1
33,1,4,11,1,5,9,20,4,9,0,0,2,0
51,1,17,6,2,2,12,19,2,6,0,0,1,0
30,2,4,11,2,5,9,16,0,9,0,0,1,1
35,2,9,10,1,1,7,10,5,5,1,0,2,0
53,2,13,2,2,1,6,10,3,8,0,0,1,0
62,2,10,15,2,5,9,2,5,11,1,1,2,0
70,2,10,15,1,4,10,10,2,1,0,0,1,0
25,3,19,7,1,2,3,3,0,5,0,1,1,0
30,3,16,4,1,5,11,15,6,7,1,0,1,1
40,3,5,16,2,2,3,2,6,5,1,1,1,0
44,3,1,19,2,3,8,17,2,1,0,0,1,0
48,3,1,19,2,3,4,5,2,3,0,1,1,0
51,3,13,2,1,3,4,6,5,12,1,0,1,0
53,3,12,14,1,1,5,16,2,9,0,0,1,0
20,1,12,14,2,1,6,17,6,2,1,0,3,0
30,1,13,2,1,5,1,16,6,4,1,0,1,1
43,1,3,8,2,1,6,10,1,8,0,0,1,0
55,1,1,19,2,1,6,12,6,7,1,0,3,0
58,1,7,20,1,5,11,23,0,9,0,1,1,0
66,1,1,19,2,5,11,2,3,3,0,1,2,0
73,1,17,6,2,5,9,3,0,7,0,1,3,0
75,1,1,19,2,5,9,1,3,7,0,1,2,1
30,2,1,19,2,1,7,15,5,1,1,0,2,1
43,2,19,7,1,4,10,14,3,12,0,0,2,1
63,2,10,15,1,3,4,22,4,7,0,1,1,0
22,3,3,8,1,5,11,16,4,8,0,0,1,1
30,3,14,12,2,1,6,22,6,5,1,1,1,1
38,3,12,14,2,3,8,8,1,10,0,0,2,0
53,3,2,5,1,1,7,12,1,8,0,0,1,0
74,3,9,10,1,2,2,17,6,6,1,0,1,0
22,1,15,1,2,3,8,18,5,2,1,0,1,0
30,1,7,20,2,5,11,11,2,1,0,0,2,1
31,1,11,17,1,5,9,17,3,10,0,0,3,0
46,1,7,20,1,2,2,14,5,9,1,0,1,0
64,1,20,9,2,2,12,18,1,8,0,0,1,0
69,1,3,8,2,2,12,5,0,8,0,1,3,0
29,2,19,7,2,5,1,16,4,4,0,0,1,0
30,2,3,8,1,2,2,21,6,10,1,0,2,1
41,2,16,4,2,1,6,23,6,7,1,1,2,0
46,2,19,7,1,1,5,10,4,4,0,0,1,0
52,2,10,15,1,5,9,14,0,1,0,0,3,0
66,2,5,16,2,4,10,15,3,5,0,0,3,0
25,3,6,18,2,2,12,11,4,4,0,0,1,0
27,3,14,12,2,2,12,0,4,3,0,1,2,0
30,3,20,9,2,5,9,16,3,5,0,0,1,1
38,3,1,19,1,4,10,20,2,10,0,0,1,0
73,3,15,1,2,2,12,17,1,5,0,0,3,0
30,1,4,11,2,2,2,11,4,6,0,0,3,1
32,1,9,10,2,5,1,4,6,9,1,1,1,0
40,1,12,14,2,5,9,6,1,12,0,0,3,0
41,1,13,2,1,2,12,6,1,1,0,0,3,0
46,1,18,13,1,1,5,10,5,1,1,0,3,0
51,1,19,7,1,1,7,0,5,9,1,1,3,0
63,1,19,7,1,1,6,19,4,5,0,0,1,0
70,1,1,19,2,5,9,23,4,4,0,1,1,0
72,1,4,11,1,1,6,1,1,11,0,1,2,0
18,2,1,19,2,2,3,16,4,10,0,0,2,0
29,2,9,10,2,2,3,16,6,1,1,0,1,0
30,2,10,15,1,4,10,12,6,2,1,0,2,1
36,2,12,14,2,3,8,1,0,9,0,1,3,0
70,2,11,17,2,2,3,16,1,6,0,0,2,0
18,3,10,15,2,3,4,22,2,3,0,1,1,0
30,3,19,7,1,2,2,17,6,11,1,0,1,1
36,3,20,9,1,4,10,18,6,6,1,0,1,0
68,3,5,16,2,4,10,9,3,8,0,0,3,0
20,1,3,8,1,2,2,16,0,12,0,0,2,0
24,1,6,18,1,1,7,8,0,7,0,0,2,0
27,1,4,11,1,2,2,3,1,7,0,1,1,0
28,1,5,16,2,1,6,14,2,12,0,0,2,0
30,1,7,20,2,1,7,12,6,4,1,0,1,1
34,1,9,10,2,3,8,4,4,10,0,1,2,0
43,1,12,14,1,3,8,21,5,7,1,0,1,0
49,1,15,1,2,5,1,9,1,5,0,0,1,0
58,1,6,18,1,2,3,10,0,4,0,0,3,0
69,1,5,16,2,3,4,9,1,4,0,0,1,0
30,2,20,9,2,5,9,22,6,6,1,1,2,1
36,2,12,14,2,3,8,7,2,10,0,0,2,0
20,3,6,18,2,5,11,18,4,6,0,0,1,0
30,3,4,11,1,4,10,20,2,2,0,0,1,1
46,3,13,2,1,3,8,2,3,1,0,1,3,0
58,3,9,10,2,4,10,11,5,2,1,0,2,0
70,3,8,3,2,5,9,12,3,6,0,0,1,0
75,3,1,19,1,1,6,14,6,12,1,0,3,0
21,1,13,2,2,3,8,9,6,4,1,0,1,0
30,1,17,6,2,2,2,18,5,8,1,0,2,1
33,1,8,3,2,2,3,15,6,2,1,0,2,0
43,1,1,19,2,5,1,11,5,5,1,0,2,0
45,1,7,20,2,5,11,21,4,5,0,0,2,0
70,1,10,15,1,2,3,19,3,7,0,0,1,0
30,2,16,4,2,3,4,9,5,6,1,0,1,1
56,2,7,20,2,1,7,2,6,6,1,1,2,0
61,2,14,12,1,1,5,23,3,2,0,1,3,0
66,2,3,8,2,1,5,18,1,1,0,0,3,0
68,2,16,4,2,4,10,2,4,6,0,1,2,0
71,2,3,8,2,5,9,5,1,7,0,1,2,0
18,3,11,17,2,4,10,6,2,3,0,0,2,0
30,3,17,6,2,5,11,18,3,3,0,0,1,1
37,3,10,15,2,3,8,0,3,7,0,1,2,0
42,3,16,4,2,3,8,3,2,10,0,1,2,0
44,3,3,8,2,2,2,9,2,3,0,0,1,0
56,3,8,3,1,1,7,12,6,3,1,0,3,0
64,3,3,8,1,1,5,20,4,5,0,0,3,1
75,3,11,17,1,4,10,6,6,5,1,0,2,1
28,1,20,9,1,2,2,0,1,4,0,1,1,0
30,1,9,10,2,1,6,6,6,12,1,0,1,1
46,1,5,16,2,5,1,11,4,7,0,0,1,0
47,1,10,15,2,3,8,8,5,7,1,0,2,0
58,1,14,12,2,1,6,17,5,8,1,0,1,0
60,1,10,15,1,2,2,3,2,12,0,1,1,0
30,2,6,18,1,1,6,1,3,9,0,1,1,1
32,2,9,10,1,3,8,4,5,9,1,1,1,0
42,2,8,3,2,5,9,3,4,5,0,1,1,0
43,2,15,1,1,5,11,16,4,8,0,0,1,0
48,2,6,18,1,5,1,3,1,3,0,1,1,0
74,2,15,1,1,5,1,12,2,1,0,0,1,0
23,3,10,15,1,2,2,15,1,3,0,0,1,0
30,3,6,18,1,5,1,17,6,12,1,0,2,1
34,3,3,8,2,1,5,12,3,2,0,0,3,0
52,3,5,16,1,1,6,6,2,4,0,0,3,0
64,3,6,18,1,3,8,4,6,7,1,1,1,0
66,3,14,12,2,5,11,20,0,6,0,0,1,0
67,3,14,12,1,3,8,21,0,7,0,0,2,0
72,3,4,11,1,2,2,22,1,10,0,1,2,0
19,1,6,18,1,3,8,21,1,4,0,0,2,0
30,1,10,15,2,2,3,23,5,2,1,1,3,1
32,1,1,19,2,1,7,20,0,6,0,0,1,0
39,1,6,18,1,3,8,23,4,5,0,1,1,0
41,1,18,13,1,1,6,7,6,2,1,0,1,0
46,1,4,11,2,1,7,21,0,1,0,0,1,0
61,1,6,18,2,4,10,13,5,8,1,0,1,0
25,2,16,4,1,1,5,13,6,9,1,0,1,0
30,2,5,16,2,5,1,0,3,10,0,1,2,1
35,2,17,6,2,2,2,3,4,6,0,1,1,0
41,2,7,20,2,5,1,1,1,8,0,1,2,0
42,2,13,2,1,3,8,7,6,12,1,0,2,1
45,2,10,15,1,1,7,19,6,5,1,0,1,0
46,2,2,5,2,3,4,13,2,3,0,0,2,0
50,2,5,16,2,5,9,22,1,7,0,1,2,0
67,2,19,7,1,5,9,2,3,10,0,1,2,0
72,2,2,5,1,1,7,12,5,11,1,0,1,0
30,3,10,15,2,2,2,18,6,5,1,0,2,1
50,3,5,16,2,5,1,15,2,5,0,0,2,0
69,3,8,3,1,2,2,18,5,10,1,0,2,0
72,3,15,1,2,5,9,20,5,5,1,0,3,0
30,1,10,15,2,3,4,20,2,10,0,0,3,1
40,1,20,9,2,3,8,14,5,10,1,0,2,0
67,1,9,10,1,1,7,4,3,10,0,1,1,0
23,2,11,17,2,3,4,0,4,5,0,1,2,0
25,2,5,16,2,2,2,20,2,12,0,0,2,0
30,2,18,13,1,2,3,22,2,2,0,1,3,1
38,2,10,15,1,5,9,15,6,6,1,0,2,0
41,2,3,8,1,1,6,6,6,6,1,0,2,0
43,2,9,10,1,1,5,12,0,1,0,0,1,0
44,2,15,1,1,3,8,22,3,8,0,1,2,0
47,2,18,13,2,1,7,6,2,7,0,0,3,0
61,2,13,2,2,2,3,18,1,4,0,0,2,0
74,2,20,9,2,2,2,14,4,7,0,0,1,0
21,3,13,2,1,1,5,15,4,9,0,0,2,1
23,3,12,14,2,5,11,9,0,1,0,0,1,0
29,3,11,17,1,2,12,8,0,8,0,0,1,0
30,3,15,1,1,3,8,9,4,10,0,0,1,1
33,3,9,10,1,1,7,17,1,12,0,0,1,0
71,3,14,12,1,3,4,13,4,10,0,0,2,0
30,1,17,6,1,4,10,18,3,6,0,0,2,1
37,1,3,8,1,5,1,15,3,3,0,0,1,0
41,1,4,11,2,3,4,2,4,3,0,1,2,0
47,1,18,13,1,3,8,17,4,10,0,0,1,0
52,1,19,7,2,5,1,22,1,7,0,1,2,0
53,1,14,12,2,2,3,2,0,11,0,1,3,0
63,1,19,7,1,2,12,21,5,7,1,0,1,0
67,1,15,1,2,3,4,19,2,7,0,0,1,0
70,1,4,11,2,2,3,22,5,8,1,1,2,0
23,2,14,12,1,2,12,14,2,9,0,0,2,0
26,2,14,12,1,1,7,22,5,1,1,1,3,0
29,2,11,17,1,3,8,4,0,3,0,1,2,0
30,2,6,18,2,5,11,3,3,2,0,1,2,1
58,2,5,16,1,2,12,7,2,4,0,0,1,0
74,2,9,10,2,1,5,5,0,3,0,1,1,0
20,3,9,10,2,2,2,10,4,9,0,0,3,0
25,3,17,6,1,3,8,23,2,1,0,1,2,0
30,3,16,4,2,1,6,12,1,5,0,0,2,1
40,3,17,6,1,3,8,22,5,4,1,1,1,0
52,3,11,17,2,5,9,15,2,2,0,0,1,0
54,3,3,8,2,5,9,20,4,3,0,0,1,0
58,3,9,10,1,5,9,6,0,9,0,0,1,0
66,3,1,19,2,5,9,19,1,2,0,0,2,0
75,3,20,9,2,1,6,14,0,9,0,0,2,0
29,1,11,17,2,4,10,6,2,3,0,0,2,0
30,1,10,15,2,2,2,15,3,3,0,0,2,1
43,1,19,7,2,3,4,21,2,3,0,0,1,0
69,1,9,10,2,1,7,20,5,8,1,0,2,0
30,2,19,7,1,1,6,6,5,8,1,0,3,1
32,2,6,18,1,4,10,23,0,8,0,1,3,0
35,2,6,18,2,3,8,21,1,12,0,0,2,0
37,2,3,8,2,4,10,1,5,9,1,1,1,0
40,2,19,7,2,2,2,9,3,1,0,0,2,0
25,3,1,19,1,2,12,13,0,6,0,0,1,0
30,3,16,4,1,2,3,3,4,2,0,1,2,1
35,3,9,10,1,5,9,6,4,1,0,0,2,0
61,3,15,1,2,5,11,20,6,12,1,0,2,0
67,3,5,16,1,2,12,17,6,7,1,0,1,0
20,1,15,1,1,1,6,21,5,9,1,0,2,0
30,1,6,18,1,1,5,18,3,2,0,0,1,1
31,1,7,20,1,5,11,3,4,9,0,1,3,0
59,1,12,14,1,3,4,23,2,8,0,1,3,0
60,1,20,9,2,2,3,2,1,11,0,1,1,0
61,1,4,11,2,1,7,23,2,10,0,1,1,0
64,1,4,11,2,2,2,4,1,10,0,1,3,0
66,1,14,12,1,3,8,18,0,1,0,0,2,0
70,1,10,15,2,2,3,6,4,8,0,0,2,0
71,1,5,16,1,5,1,23,2,6,0,1,2,0
19,2,19,7,1,1,6,1,3,1,0,1,3,0
30,2,8,3,2,4,10,22,1,1,0,1,3,1
33,2,13,2,1,2,12,13,5,4,1,0,3,0
45,2,5,16,1,4,10,18,4,10,0,0,1,0
47,2,1,19,1,5,11,2,3,6,0,1,1,0
55,2,9,10,2,5,1,22,6,9,1,1,2,0
56,2,4,11,1,2,3,8,6,4,1,0,2,0
30,3,4,11,1,3,4,7,1,8,0,0,1,0
51,3,15,1,1,2,3,23,3,11,0,1,2,0
55,3,16,4,2,4,10,7,5,6,1,0,3,0
27,1,1,19,1,2,3,12,2,1,0,0,1,0
30,1,15,1,1,2,3,13,0,6,0,0,1,0
68,1,11,17,1,2,12,23,3,3,0,1,1,1
72,1,18,13,1,3,8,6,6,5,1,0,2,0
23,2,3,8,2,5,9,19,1,5,0,0,2,0
24,2,3,8,1,1,5,22,5,1,1,1,3,0
29,2,15,1,1,3,8,0,1,6,0,1,1,0
30,2,16,4,1,2,12,22,3,6,0,1,3,1
45,2,12,14,2,2,2,21,3,4,0,0,3,0
53,2,7,20,2,2,2,0,5,6,1,1,1,0
58,2,14,12,1,5,11,6,1,8,0,0,2,0
66,2,12,14,1,5,1,22,1,9,0,1,1,0
25,3,2,5,1,5,9,16,3,4,0,0,1,0
30,3,14,12,1,2,2,15,3,4,0,0,2,1
52,3,16,4,1,3,4,16,5,6,1,0,3,0
72,3,2,5,2,3,8,11,5,5,1,0,1,0
30,1,18,13,1,4,10,19,6,3,1,0,1,1
33,1,2,5,1,1,6,12,0,3,0,0,1,0
48,1,5,16,2,5,11,11,0,10,0,0,3,0
50,1,7,20,1,5,1,13,2,6,0,0,2,0
57,1,7,20,2,5,9,11,6,3,1,0,2,0
73,1,10,15,2,2,3,18,1,10,0,0,2,0
26,2,13,2,1,4,10,16,6,8,1,0,1,0
29,2,17,6,2,5,9,21,0,11,0,0,2,1
30,2,16,4,1,1,7,14,0,3,0,0,1,1
34,2,6,18,2,1,6,20,0,12,0,0,2,0
45,2,7,20,2,3,4,12,4,10,0,0,2,0
49,2,3,8,1,1,5,13,5,12,1,0,2,0
56,2,1,19,2,4,10,3,1,8,0,1,2,1
57,2,15,1,2,1,5,9,3,3,0,0,2,0
63,2,12,14,1,1,5,7,0,3,0,0,1,1
28,3,1,19,1,1,7,11,1,10,0,0,2,0
30,3,5,16,2,1,6,17,4,1,0,0,3,1
53,3,2,5,2,2,3,10,1,2,0,0,1,0
65,3,7,20,1,5,9,5,2,5,0,1,3,0
66,3,10,15,2,2,12,0,0,7,0,1,1,1
67,3,15,1,2,4,10,20,5,4,1,0,2,0
22,1,2,5,2,2,2,5,4,12,0,1,1,0
30,1,5,16,2,3,8,8,4,5,0,0,2,1
36,1,11,17,2,5,9,11,1,6,0,0,3,0
46,1,5,16,1,2,3,11,4,11,0,0,3,0
48,1,18,13,1,4,10,15,0,3,0,0,1,0
51,1,2,5,2,3,4,18,5,12,1,0,2,0
54,1,19,7,1,2,3,7,6,6,1,0,2,1
66,1,9,10,2,1,7,6,6,7,1,0,2,0
18,2,14,12,2,3,4,13,5,4,1,0,2,0
22,2,8,3,1,2,3,4,1,3,0,1,3,0
25,2,9,10,2,5,9,17,1,2,0,0,2,0
30,2,11,17,2,3,4,5,2,5,0,1,1,1
38,2,15,1,2,3,8,14,6,8,1,0,3,0
40,2,8,3,1,2,2,22,1,6,0,1,2,0
43,2,10,15,2,2,3,6,4,8,0,0,2,0
58,2,17,6,1,5,9,18,5,12,1,0,1,0
20,3,3,8,2,1,7,2,3,4,0,1,1,0
23,3,6,18,1,2,12,18,0,12,0,0,1,0
30,3,12,14,2,2,12,16,4,10,0,0,2,1
49,3,16,4,1,1,6,23,2,11,0,1,1,0
57,3,6,18,2,1,5,22,5,8,1,1,3,0
22,1,15,1,1,3,4,15,6,12,1,0,2,0
28,1,16,4,1,1,6,17,6,1,1,0,1,0
30,1,13,2,2,5,9,13,4,2,0,0,2,1
31,1,15,1,2,4,10,18,2,1,0,0,1,0
49,1,9,10,1,3,4,12,3,9,0,0,2,0
52,1,3,8,2,5,11,9,3,12,0,0,2,1
59,1,10,15,1,3,4,19,2,3,0,0,1,0
60,1,7,20,1,5,9,18,4,7,0,0,1,0
63,1,10,15,1,3,4,10,0,7,0,0,2,0
67,1,20,9,2,2,2,17,4,7,0,0,2,0
71,1,9,10,2,4,10,19,2,9,0,0,1,0
30,2,8,3,2,3,8,4,3,3,0,1,1,1
52,2,16,4,2,3,8,23,0,9,0,1,1,0
57,2,1,19,1,5,11,2,1,6,0,1,2,0
60,2,20,9,2,2,2,6,3,10,0,0,2,0
30,3,8,3,1,2,3,4,3,12,0,1,2,1
39,3,13,2,2,5,1,23,0,2,0,1,2,0
50,3,5,16,1,2,2,19,0,11,0,0,2,0
69,3,20,9,2,2,2,8,5,5,1,0,2,0
29,1,2,5,1,5,1,0,4,8,0,1,1,0
30,1,2,5,2,5,11,5,0,7,0,1,2,1
39,1,7,20,1,3,4,5,4,2,0,1,2,0
43,1,9,10,2,5,1,8,0,8,0,0,1,0
44,1,19,7,2,2,3,17,2,4,0,0,2,0
53,1,13,2,1,5,11,11,0,5,0,0,1,0
58,1,5,16,2,4,10,10,4,12,0,0,3,0
65,1,3,8,2,2,3,7,3,1,0,0,3,0
71,1,17,6,2,5,11,22,2,4,0,1,3,0
18,2,8,3,1,3,4,22,4,1,0,1,1,0
30,2,10,15,2,5,9,3,5,1,1,1,3,1
44,2,17,6,1,4,10,21,2,7,0,0,2,0
53,2,5,16,1,5,1,10,1,6,0,0,1,0
65,2,20,9,1,2,12,4,4,12,0,1,3,0
19,3,13,2,2,3,8,16,4,12,0,0,1,0
20,3,3,8,1,3,8,12,4,10,0,0,2,0
30,3,11,17,2,1,5,16,3,12,0,0,2,1
34,3,17,6,2,1,7,13,5,10,1,0,1,0
35,3,19,7,1,3,4,7,5,1,1,0,2,0
37,3,10,15,2,1,6,23,3,9,0,1,2,0
39,3,4,11,2,3,8,22,6,1,1,1,3,0
40,3,14,12,2,3,8,1,6,7,1,1,1,0
41,3,15,1,2,1,5,2,2,8,0,1,1,0
45,3,3,8,1,1,6,22,5,11,1,1,3,0
67,3,5,16,1,3,4,1,4,4,0,1,2,0
30,1,16,4,1,1,5,23,6,9,1,1,1,1
38,1,9,10,2,5,11,6,6,11,1,0,2,0
40,1,20,9,2,4,10,0,5,11,1,1,1,0
52,1,12,14,1,5,9,8,0,4,0,0,1,0
67,1,5,16,1,1,5,1,5,10,1,1,1,0
19,2,17,6,1,2,3,16,3,10,0,0,3,0
25,2,7,20,2,1,6,6,5,11,1,0,3,0
30,2,10,15,2,3,8,21,5,4,1,0,1,1
71,2,15,1,1,2,12,7,5,10,1,0,2,0
73,2,10,15,2,2,12,10,0,3,0,0,1,0
30,3,7,20,1,3,4,5,4,2,0,1,2,1
41,3,14,12,1,5,11,21,4,8,0,0,2,0
73,3,9,10,1,2,12,2,6,6,1,1,1,0
30,1,2,5,1,1,7,15,5,12,1,0,1,1
42,1,4,11,1,5,11,1,5,7,1,1,1,1
43,1,13,2,2,5,1,15,1,5,0,0,1,0
65,1,7,20,2,3,8,1,4,3,0,1,3,0
69,1,15,1,2,5,11,20,6,12,1,0,2,0
26,2,6,18,2,3,8,15,1,5,0,0,1,0
27,2,4,11,1,3,8,4,4,5,0,1,2,0
30,2,9,10,2,2,12,19,5,3,1,0,2,1
38,2,9,10,1,2,2,16,2,2,0,0,2,0
65,2,11,17,1,2,12,20,2,2,0,0,2,0
72,2,19,7,1,2,2,4,5,2,1,1,3,0
30,3,17,6,2,1,7,20,4,1,0,0,2,1
31,3,4,11,1,5,9,7,4,4,0,0,3,0
46,3,10,15,1,2,3,20,1,9,0,0,2,0
63,3,11,17,2,5,11,14,5,5,1,0,2,0
19,1,20,9,1,3,4,3,3,12,0,1,1,0
30,1,19,7,2,2,3,17,2,4,0,0,2,1
52,1,13,2,1,3,4,15,6,7,1,0,2,0
29,2,20,9,1,4,10,9,6,4,1,0,2,0
30,2,17,6,2,4,10,3,4,10,0,1,2,1
74,2,11,17,1,5,11,6,1,11,0,0,2,0
18,3,7,20,2,5,9,8,2,10,0,0,3,0
24,3,2,5,1,2,2,10,4,11,0,0,3,0
28,3,19,7,1,3,8,13,4,2,0,0,2,1
30,3,19,7,1,2,12,5,1,5,0,1,3,1
32,3,13,2,2,3,4,15,0,10,0,0,2,0
60,3,18,13,1,5,9,10,0,2,0,0,1,0
61,3,10,15,2,2,2,8,1,9,0,0,2,0
63,3,6,18,1,2,2,16,0,4,0,0,1,0
64,3,12,14,2,5,1,23,0,12,0,1,1,0
72,3,15,1,2,2,2,16,1,5,0,0,3,0
24,1,10,15,2,2,3,9,3,12,0,0,2,0
30,1,5,16,2,2,2,23,5,2,1,1,1,1
33,1,7,20,1,4,10,21,2,7,0,0,1,0
38,1,2,5,2,5,11,12,6,7,1,0,1,0
44,1,19,7,1,2,2,5,3,11,0,1,1,0
29,2,3,8,1,1,7,19,6,6,1,0,3,0
30,2,5,16,2,2,12,8,2,1,0,0,1,1
30,3,9,10,1,2,12,14,6,1,1,0,1,1
33,3,12,14,1,3,8,11,0,8,0,0,1,0
53,3,2,5,1,1,7,6,6,11,1,0,1,0
60,3,16,4,2,2,12,1,2,12,0,1,1,0
61,3,5,16,1,1,5,4,3,1,0,1,2,0
62,3,11,17,1,5,11,8,1,10,0,0,2,0
63,3,17,6,1,2,2,0,5,8,1,1,1,0
28,1,16,4,1,1,6,10,5,7,1,0,3,0
30,1,9,10,1,3,8,18,2,1,0,0,1,1
31,1,18,13,1,5,1,11,3,12,0,0,1,0
48,1,19,7,2,1,6,6,2,3,0,0,2,1
61,1,3,8,1,1,7,9,0,5,0,0,3,0
71,1,8,3,2,5,1,23,4,3,0,1,1,0
28,2,15,1,2,3,8,7,2,2,0,0,1,0
30,2,5,16,2,5,9,6,1,4,0,0,2,1
55,2,8,3,1,2,12,10,5,12,1,0,2,0
58,2,10,15,2,2,3,18,1,10,0,0,2,0
61,2,6,18,2,2,3,5,4,2,0,1,3,0
73,2,2,5,1,1,5,0,5,1,1,1,1,0
30,3,18,13,2,5,9,8,0,3,0,0,1,1
74,3,11,17,1,2,3,14,5,5,1,0,2,0
20,1,18,13,2,3,8,8,6,1,1,0,2,0
30,1,1,19,1,1,7,13,4,7,0,0,1,1
56,1,16,4,2,4,10,6,1,4,0,0,1,1
19,2,16,4,2,5,1,12,0,3,0,0,2,0
24,2,19,7,1,5,11,4,1,4,0,1,2,0
30,2,18,13,1,5,9,5,5,4,1,1,3,1
35,2,7,20,2,2,12,2,1,8,0,1,1,0
44,2,8,3,1,5,11,1,1,10,0,1,2,0
55,2,12,14,2,5,1,6,3,7,0,0,2,0
65,2,8,3,2,3,4,7,0,4,0,0,2,0
72,2,6,18,1,1,7,23,5,9,1,1,1,0
20,3,10,15,2,2,12,19,1,9,0,0,3,0
30,3,2,5,2,3,8,1,0,11,0,1,3,1
31,3,1,19,1,2,2,2,6,5,1,1,2,0
64,3,5,16,2,5,1,0,6,9,1,1,2,0
70,3,18,13,2,1,6,12,0,9,0,0,1,0
21,1,16,4,1,1,5,22,0,10,0,1,1,0
30,1,13,2,2,3,4,23,6,2,1,1,1,1
32,1,4,11,2,2,12,12,1,1,0,0,2,0
52,1,6,18,2,3,4,23,4,3,0,1,2,0
57,1,3,8,2,1,5,10,1,5,0,0,1,0
71,1,9,10,1,5,1,6,6,2,1,0,2,0
74,1,13,2,2,3,8,0,4,11,0,1,1,0
25,2,20,9,1,2,12,19,1,3,0,0,1,0
30,2,11,17,1,2,3,14,5,5,1,0,2,1
37,2,12,14,2,3,4,6,5,11,1,0,2,0
70,2,17,6,2,5,9,1,6,5,1,1,1,0
25,3,5,16,2,2,2,9,3,9,0,0,2,0
29,3,1,19,2,1,6,22,2,3,0,1,2,0
30,3,20,9,2,1,6,9,0,2,0,0,1,1
46,3,7,20,1,1,6,8,3,5,0,0,2,0
56,3,20,9,1,2,12,14,5,7,1,0,2,0
70,3,15,1,1,5,9,19,4,8,0,0,2,0
28,1,16,4,2,3,4,14,5,3,1,0,1,0
30,1,17,6,1,4,10,23,6,8,1,1,2,1
35,1,11,17,1,1,5,9,6,3,1,0,1,0
44,1,19,7,2,1,7,11,0,1,0,0,2,0
45,1,10,15,1,5,1,8,0,8,0,0,1,0
65,1,13,2,1,5,11,10,5,6,1,0,1,0
30,2,2,5,2,2,3,15,3,10,0,0,1,1
56,2,5,16,1,3,8,9,2,5,0,0,1,0
74,2,13,2,2,2,3,12,6,4,1,0,1,0
30,3,12,14,2,5,9,3,1,3,0,1,1,1
64,3,16,4,1,1,6,15,2,2,0,0,3,0
29,1,1,19,2,5,9,23,1,2,0,1,1,0
30,1,12,14,2,5,9,1,4,3,0,1,2,1
33,1,16,4,2,3,8,19,5,3,1,0,2,0
38,1,19,7,1,5,9,6,0,3,0,0,2,0
74,1,11,17,2,1,7,8,3,9,0,0,2,0
75,1,18,13,1,2,3,21,5,3,1,0,2,0
20,2,19,7,2,5,9,22,5,4,1,1,2,0
30,2,19,7,2,2,12,21,5,2,1,0,3,1
45,2,8,3,2,2,2,3,3,10,0,1,2,0
46,2,14,12,1,4,10,10,6,9,1,0,3,0
49,2,5,16,2,2,2,14,2,10,0,0,1,0
60,2,17,6,2,5,9,18,0,9,0,0,2,0
71,2,10,15,1,1,5,5,5,3,1,1,3,0
72,2,18,13,2,5,1,12,6,12,1,0,2,0
75,2,12,14,2,1,6,3,0,6,0,1,2,0
23,3,20,9,1,1,6,1,2,3,0,1,3,0
25,3,11,17,2,4,10,20,1,5,0,0,2,0
28,3,20,9,1,1,5,11,0,12,0,0,1,0
30,3,13,2,2,2,12,9,0,5,0,0,3,1
37,3,13,2,1,5,9,13,1,9,0,0,3,1
43,3,14,12,1,4,10,20,1,11,0,0,3,0
44,3,7,20,1,5,11,1,3,9,0,1,3,0
45,3,5,16,1,5,1,17,0,1,0,0,2,0
48,3,2,5,1,2,3,5,4,9,0,1,1,0
62,3,6,18,2,1,5,4,4,5,0,1,2,0
67,3,12,14,1,2,3,5,0,9,0,1,1,0
69,3,16,4,2,5,9,8,5,4,1,0,2,0
30,1,20,9,2,2,3,18,0,1,0,0,1,1
33,1,14,12,1,2,3,21,0,1,0,0,3,1
40,1,19,7,2,1,6,11,5,1,1,0,1,0
48,1,9,10,1,3,4,4,6,1,1,1,1,0
55,1,15,1,1,4,10,14,5,4,1,0,3,0
58,1,3,8,2,2,12,6,0,2,0,0,3,0
63,1,10,15,2,1,7,6,4,6,0,0,3,0
69,1,20,9,1,1,6,8,6,8,1,0,3,0
19,2,13,2,2,5,9,13,4,2,0,0,2,0
29,2,2,5,2,3,4,10,6,12,1,0,2,1
30,2,19,7,1,5,11,23,6,10,1,1,1,1
43,2,12,14,1,1,5,20,2,1,0,0,2,0
59,2,11,17,1,1,5,17,4,6,0,0,1,0
60,2,18,13,2,2,3,16,1,7,0,0,1,0
67,2,19,7,1,3,4,20,5,6,1,0,2,0
18,3,16,4,2,1,5,22,0,3,0,1,1,0
23,3,20,9,1,1,7,23,1,4,0,1,3,0
30,3,14,12,2,3,4,2,0,9,0,1,2,1
41,3,14,12,2,1,5,2,3,3,0,1,2,0
43,3,13,2,2,2,2,10,1,1,0,0,2,1
44,3,14,12,1,5,11,20,2,4,0,0,3,0
45,3,6,18,2,5,11,3,3,2,0,1,2,1
58,3,18,13,1,5,9,21,6,7,1,0,2,0
63,3,7,20,1,2,2,0,2,2,0,1,3,0
64,3,10,15,1,1,7,19,0,5,0,0,3,0
30,1,4,11,2,5,9,12,4,6,0,0,1,1
45,1,10,15,2,3,4,3,5,3,1,1,1,0
50,1,7,20,2,2,3,23,6,1,1,1,1,0
58,1,4,11,2,3,8,8,0,8,0,0,1,0
65,1,11,17,2,3,4,23,1,4,0,1,1,0
69,1,18,13,2,2,3,12,4,4,0,0,3,0
74,1,18,13,1,1,6,7,5,6,1,0,2,0
30,2,18,13,2,1,5,19,3,3,0,0,2,1
35,2,17,6,1,5,9,17,0,6,0,0,3,0
37,2,7,20,2,1,6,17,3,7,0,0,1,0
42,2,11,17,2,2,2,19,0,5,0,0,1,0
58,2,19,7,2,2,12,6,5,4,1,0,2,0
18,3,19,7,1,3,4,13,5,5,1,0,1,0
30,3,13,2,2,2,3,10,2,12,0,0,1,1
34,3,3,8,2,5,9,9,6,10,1,0,1,0
39,3,9,10,1,5,11,7,4,5,0,0,1,0
54,3,9,10,2,3,4,2,6,6,1,1,2,0
60,3,18,13,1,1,5,4,2,12,0,1,1,0
62,3,18,13,2,3,8,3,4,9,0,1,3,0
30,1,20,9,2,2,2,1,4,12,0,1,2,1
48,1,8,3,2,5,11,15,2,5,0,0,3,0
58,1,7,20,1,1,6,12,1,2,0,0,1,0
59,1,17,6,2,1,5,16,3,5,0,0,3,0
60,1,3,8,2,2,2,2,1,12,0,1,2,0
67,1,1,19,2,5,9,1,1,9,0,1,1,1
71,1,7,20,2,3,8,9,1,11,0,0,1,0
72,1,12,14,2,5,11,13,4,5,0,0,1,0
30,2,14,12,1,1,6,22,1,8,0,1,3,1
36,2,1,19,2,5,11,3,2,4,0,1,1,0
41,2,13,2,1,1,6,18,1,8,0,0,1,0
52,2,2,5,2,4,10,3,2,3,0,1,2,0
62,2,10,15,2,5,9,3,5,1,1,1,3,0
67,2,3,8,2,3,4,23,2,6,0,1,2,0
75,2,4,11,2,1,6,19,1,7,0,0,1,0
30,3,19,7,1,2,12,2,5,1,1,1,1,1
36,3,3,8,1,3,8,21,4,4,0,0,3,0
39,3,2,5,1,5,1,5,2,8,0,1,1,0
49,3,2,5,1,2,12,19,1,2,0,0,2,0
58,3,18,13,1,2,12,11,1,8,0,0,2,0
24,1,20,9,1,3,4,0,0,11,0,1,2,0
30,1,2,5,2,1,6,6,6,2,1,0,1,1
33,1,6,18,2,3,8,16,0,9,0,0,1,0
37,1,18,13,2,2,3,1,0,1,0,1,1,0
39,1,1,19,1,1,7,8,2,11,0,0,2,1
42,1,19,7,2,3,8,19,5,6,1,0,2,0
53,1,15,1,1,2,3,8,6,5,1,0,3,0
56,1,19,7,1,5,11,2,3,5,0,1,1,0
75,1,3,8,1,2,12,21,0,10,0,0,2,0
22,2,15,1,1,3,8,19,4,4,0,0,2,0
25,2,19,7,1,3,4,0,3,6,0,1,1,0
30,2,20,9,1,3,4,14,0,10,0,0,2,1
38,2,5,16,1,2,12,21,4,8,0,0,1,0
48,2,7,20,1,2,3,4,3,3,0,1,2,0
54,2,8,3,1,1,7,22,0,5,0,1,2,0
66,2,9,10,2,2,3,17,5,11,1,0,2,0
74,2,20,9,2,2,3,14,1,6,0,0,1,0
25,3,11,17,2,4,10,5,6,10,1,1,1,0
30,3,10,15,1,2,3,20,5,10,1,0,1,1
32,3,3,8,2,3,8,16,3,1,0,0,2,0
35,3,3,8,2,1,6,1,6,5,1,1,1,0
37,3,19,7,1,3,4,11,4,11,0,0,1,0
43,3,18,13,1,1,5,10,5,1,1,0,3,0
60,3,13,2,2,3,8,20,6,9,1,0,1,0
67,3,6,18,2,5,1,19,1,12,0,0,1,0
20,1,17,6,1,2,12,12,2,9,0,0,2,0
30,1,3,8,1,1,6,22,0,3,0,1,1,1
31,1,17,6,2,5,1,14,3,5,0,0,1,0
39,1,1,19,1,5,1,19,6,5,1,0,2,0
42,1,7,20,1,5,9,19,0,7,0,0,1,0
56,1,2,5,2,5,9,12,6,7,1,0,1,0
66,1,9,10,1,5,9,0,3,12,0,1,1,0
67,1,8,3,2,1,5,17,3,8,0,0,3,0
30,2,17,6,1,3,8,21,5,7,1,0,1,1
39,2,20,9,2,1,6,7,3,10,0,0,2,0
46,2,17,6,2,2,12,19,0,1,0,0,1,0
54,2,9,10,2,3,4,6,3,12,0,0,3,0
62,2,16,4,2,2,12,18,0,1,0,0,2,0
22,3,13,2,2,1,7,19,3,7,0,0,1,0
26,3,3,8,2,5,9,2,3,8,0,1,2,0
30,3,8,3,1,2,12,7,3,4,0,0,2,1
33,3,9,10,1,5,1,8,5,5,1,0,1,0
34,3,12,14,2,3,4,11,5,5,1,0,3,0
58,3,20,9,2,4,10,7,5,6,1,0,1,0
59,3,9,10,1,2,3,23,5,2,1,1,1,0
62,3,11,17,2,3,4,17,3,6,0,0,1,0
67,3,15,1,1,2,3,15,2,11,0,0,2,0
71,3,1,19,2,1,7,22,0,10,0,1,1,0
74,3,15,1,1,1,7,9,3,7,0,0,2,0
30,1,13,2,2,3,8,15,6,12,1,0,3,1
32,1,8,3,2,2,12,4,6,2,1,1,2,0
36,1,7,20,2,2,2,16,2,2,0,0,1,0
40,1,14,12,2,2,12,1,6,1,1,1,3,0
43,1,10,15,1,2,12,12,4,3,0,0,1,0
48,1,15,1,1,2,2,19,2,6,0,0,2,0
49,1,7,20,1,4,10,9,1,3,0,0,3,0
29,2,13,2,2,5,11,2,3,12,0,1,3,0
30,2,13,2,2,1,7,14,2,2,0,0,2,1
33,2,8,3,1,1,5,0,3,11,0,1,1,0
43,2,7,20,2,3,8,0,5,2,1,1,3,0
55,2,3,8,2,5,1,19,4,12,0,0,2,0
59,2,1,19,1,1,6,2,4,6,0,1,2,0
25,3,10,15,2,2,3,4,6,1,1,1,2,0
28,3,7,20,1,3,8,22,6,7,1,1,1,0
30,3,20,9,2,4,10,9,0,2,0,0,1,1
34,3,17,6,2,1,7,3,1,9,0,1,1,0
50,3,20,9,2,4,10,22,5,9,1,1,3,0
52,3,17,6,2,3,8,0,0,8,0,1,2,0
59,3,1,19,2,2,12,9,2,1,0,0,1,1
60,3,10,15,1,1,5,12,2,7,0,0,1,0
66,3,8,3,1,3,8,18,0,2,0,0,1,0
71,3,19,7,1,1,7,9,3,1,0,0,1,0
72,3,1,19,1,1,5,23,3,8,0,1,1,1
73,3,17,6,2,2,2,8,6,6,1,0,3,0
22,1,5,16,2,5,9,3,3,4,0,1,3,0
30,1,8,3,1,5,1,2,4,3,0,1,1,1
31,1,16,4,2,5,9,14,6,1,1,0,3,0
54,1,8,3,1,3,4,11,2,1,0,0,2,1
20,2,16,4,1,5,9,17,6,3,1,0,1,0
21,2,1,19,1,5,1,3,3,6,0,1,3,0
23,2,11,17,1,5,1,18,1,12,0,0,2,0
30,2,9,10,2,5,9,20,6,1,1,0,1,1
49,2,16,4,1,1,6,6,2,9,0,0,1,0
51,2,4,11,2,1,7,16,2,1,0,0,2,0
53,2,1,19,1,2,3,14,1,3,0,0,3,0
67,2,4,11,2,5,1,16,2,5,0,0,1,0
19,3,4,11,1,4,10,8,6,12,1,0,1,0
30,3,2,5,2,2,2,3,2,5,0,1,1,1
36,3,13,2,1,3,8,22,2,7,0,1,2,0
40,3,17,6,2,1,6,20,3,1,0,0,2,0
42,3,10,15,1,1,5,16,0,12,0,0,2,0
50,3,9,10,2,5,11,7,0,9,0,0,3,0
56,3,11,17,1,5,9,17,3,10,0,0,3,0
68,3,17,6,1,4,10,5,2,10,0,1,2,0
30,1,2,5,2,2,3,12,0,2,0,0,1,1
39,1,5,16,2,1,6,1,4,1,0,1,1,0
57,1,2,5,1,5,1,11,1,10,0,0,2,0
58,1,15,1,2,2,3,7,1,10,0,0,1,0
66,1,17,6,2,5,9,12,5,9,1,0,1,0
70,1,8,3,2,5,11,10,6,2,1,0,3,0
30,2,9,10,1,1,7,9,2,2,0,0,1,1
32,2,14,12,2,4,10,17,1,4,0,0,3,0
33,2,1,19,1,1,5,8,1,9,0,0,1,0
44,2,4,11,1,1,6,8,5,2,1,0,2,0
60,2,11,17,1,1,7,21,3,8,0,0,3,0
63,2,9,10,1,5,11,23,0,7,0,1,1,0
71,2,16,4,2,1,6,22,0,10,0,1,1,0
19,3,1,19,2,5,1,19,5,7,1,0,1,0
30,3,3,8,2,1,6,16,5,11,1,0,1,1
39,3,7,20,1,5,1,20,6,12,1,0,1,0
19,1,5,16,2,3,8,18,1,7,0,0,1,0
27,1,14,12,1,2,12,6,3,2,0,0,3,0
29,1,2,5,1,3,4,16,2,5,0,0,3,0
30,1,15,1,1,5,1,21,6,4,1,0,1,1
43,1,11,17,1,4,10,0,0,3,0,1,1,0
52,1,5,16,2,2,3,16,4,11,0,0,3,0
60,1,5,16,2,1,5,9,1,10,0,0,1,0
62,1,14,12,2,5,1,19,5,4,1,0,1,0
69,1,1,19,1,2,2,13,0,12,0,0,2,0
70,1,9,10,1,5,1,14,4,4,0,0,1,0
71,1,19,7,2,1,5,2,6,8,1,1,1,0
30,2,14,12,2,5,9,17,2,8,0,0,1,1
59,2,3,8,2,2,12,21,2,7,0,0,3,0
30,3,2,5,1,5,9,19,2,3,0,0,2,1
33,3,16,4,2,2,12,6,3,8,0,0,2,0
38,3,18,13,2,4,10,4,0,10,0,1,1,0
60,3,20,9,2,2,3,2,4,3,0,1,1,1
63,3,17,6,1,2,12,1,2,3,0,1,2,0
66,3,17,6,1,1,5,15,0,8,0,0,3,0
72,3,19,7,2,2,3,21,3,5,0,0,1,0
74,3,4,11,1,2,12,15,2,1,0,0,1,0
30,1,20,9,1,3,4,0,0,10,0,1,2,1
44,1,12,14,1,5,9,10,1,9,0,0,2,0
50,1,4,11,1,5,11,5,5,6,1,1,1,0
55,1,5,16,2,4,10,9,1,2,0,0,1,0
58,1,17,6,1,2,12,15,5,11,1,0,1,0
62,1,15,1,2,3,4,20,6,1,1,0,1,0
66,1,2,5,1,4,10,11,2,10,0,0,3,0
30,2,12,14,2,3,4,22,0,1,0,1,1,1
32,2,10,15,1,3,4,23,2,2,0,1,2,0
37,2,10,15,2,1,7,2,6,1,1,1,2,0
40,2,8,3,2,1,7,4,2,6,0,1,1,0
48,2,3,8,1,2,3,20,4,10,0,0,1,0
52,2,19,7,1,3,4,7,5,1,1,0,2,0
55,2,8,3,2,4,10,3,5,9,1,1,1,0
69,2,18,13,2,1,6,6,0,4,0,0,1,0
71,2,7,20,2,3,4,17,6,8,1,0,2,0
30,3,5,16,1,1,6,11,1,8,0,0,2,1
33,3,16,4,1,3,4,9,0,10,0,0,1,0
42,3,17,6,2,2,12,0,0,4,0,1,3,0
49,3,12,14,1,1,7,7,2,1,0,0,1,0
55,3,10,15,2,5,11,14,6,5,1,0,2,0
65,3,19,7,1,5,9,3,4,4,0,1,1,0
68,3,4,11,2,1,5,9,0,4,0,0,1,0
30,1,16,4,1,1,7,0,4,2,0,1,3,1
44,1,1,19,1,2,2,13,2,8,0,0,1,0
46,1,20,9,2,5,11,8,4,9,0,0,2,0
70,1,15,1,2,4,10,20,1,7,0,0,1,0
72,1,2,5,1,1,7,5,6,7,1,1,1,0
30,2,4,11,1,5,1,7,3,9,0,0,1,1
33,2,5,16,2,2,2,13,5,5,1,0,1,0
46,2,6,18,1,2,2,12,4,2,0,0,1,0
47,2,13,2,2,3,4,17,6,9,1,0,3,0
27,3,17,6,1,1,7,0,6,11,1,1,1,0
30,3,3,8,2,1,6,18,3,3,0,0,2,1
40,3,12,14,2,3,4,11,5,5,1,0,3,0
42,3,14,12,2,1,6,10,4,8,0,0,2,0
48,3,18,13,2,2,3,4,4,8,0,1,1,0
69,3,3,8,2,5,1,3,4,6,0,1,1,0
21,1,20,9,1,3,8,18,2,9,0,0,2,0
30,1,11,17,2,1,5,1,6,2,1,1,2,1
32,1,8,3,1,5,1,11,4,5,0,0,3,0
36,1,19,7,2,2,12,12,1,6,0,0,2,0
48,1,14,12,1,1,5,16,5,1,1,0,3,0
54,1,12,14,1,2,3,15,1,11,0,0,2,0
69,1,4,11,2,1,7,19,4,5,0,0,1,1
30,2,9,10,2,5,1,8,3,6,0,0,2,1
32,2,18,13,1,5,9,10,1,7,0,0,2,0
56,2,3,8,1,2,12,23,1,2,0,1,2,0
66,2,4,11,2,1,7,16,5,7,1,0,2,0
69,2,11,17,2,3,8,9,2,4,0,0,3,0
30,3,11,17,2,1,6,8,6,12,1,0,1,1
38,3,13,2,2,2,2,17,0,9,0,0,3,0
55,3,5,16,1,1,7,18,6,8,1,0,2,0
62,3,10,15,1,2,12,7,4,2,0,0,1,0
23,1,10,15,1,1,5,16,0,12,0,0,2,0
30,1,20,9,2,3,8,19,6,1,1,0,3,1
44,1,8,3,2,1,6,5,1,2,0,1,2,0
48,1,13,2,1,2,12,15,2,2,0,0,1,0
49,1,8,3,1,2,3,10,4,10,0,0,2,0
53,1,14,12,2,1,5,5,2,3,0,1,2,1
69,1,3,8,1,2,3,10,4,1,0,0,1,0
30,2,2,5,2,2,3,3,4,10,0,1,1,1
32,2,17,6,2,1,7,20,4,1,0,0,2,0
40,2,15,1,1,3,4,9,0,5,0,0,2,0
51,2,5,16,1,1,5,18,3,6,0,0,1,0
52,2,10,15,1,2,12,17,6,9,1,0,3,0
71,2,18,13,1,2,12,10,1,6,0,0,1,0
74,2,1,19,2,2,12,15,3,3,0,0,1,0
30,3,17,6,2,3,8,7,4,7,0,0,2,1
37,3,15,1,2,3,8,21,2,8,0,0,2,0
63,3,10,15,2,4,10,1,3,5,0,1,1,0
73,3,7,20,1,5,11,14,3,4,0,0,2,0
30,1,20,9,2,1,6,3,0,11,0,1,1,1
40,1,15,1,2,1,6,4,0,10,0,1,2,0
46,1,5,16,2,3,8,23,1,12,0,1,1,0
50,1,8,3,1,1,7,22,2,11,0,1,2,0
62,1,7,20,1,2,3,3,2,6,0,1,2,0
63,1,6,18,2,1,5,22,1,2,0,1,1,0
64,1,18,13,1,5,1,5,4,10,0,1,1,0
66,1,1,19,1,5,1,3,3,6,0,1,3,0
22,2,16,4,2,2,2,0,0,3,0,1,2,0
30,2,6,18,1,5,9,19,0,1,0,0,2,1
49,2,15,1,1,5,1,15,2,10,0,0,3,0
68,2,5,16,2,3,4,16,5,8,1,0,3,0
75,2,15,1,2,3,4,18,6,2,1,0,2,0
26,3,20,9,1,2,12,23,4,3,0,1,1,0
30,3,20,9,1,2,12,12,6,1,1,0,1,1
34,3,20,9,1,5,9,12,6,1,1,0,3,0
37,3,18,13,2,1,5,18,6,1,1,0,2,0
38,3,15,1,2,4,10,20,6,11,1,0,1,1
40,3,17,6,1,2,12,15,1,5,0,0,1,0
50,3,6,18,2,1,6,16,2,4,0,0,1,0
65,3,3,8,1,3,4,22,5,4,1,1,3,0
70,3,20,9,2,3,8,13,0,6,0,0,2,0
19,1,5,16,2,2,12,8,3,5,0,0,1,0
30,1,13,2,2,5,9,13,2,7,0,0,2,1
33,1,14,12,2,5,9,3,5,9,1,1,3,0
44,1,14,12,2,2,2,8,2,10,0,0,2,0
47,1,10,15,1,5,1,7,2,11,0,0,2,1
48,1,11,17,1,3,8,12,6,11,1,0,3,1
51,1,8,3,1,2,3,9,4,4,0,0,1,0
55,1,5,16,1,5,11,15,1,2,0,0,3,0
58,1,2,5,1,2,3,13,3,8,0,0,1,0
66,1,9,10,1,2,3,7,1,3,0,0,3,0
24,2,6,18,1,2,3,5,4,12,0,1,3,1
25,2,6,18,1,2,12,12,6,1,1,0,1,0
30,2,18,13,1,5,9,0,3,7,0,1,2,1
32,2,16,4,1,2,2,22,4,3,0,1,1,0
33,2,6,18,2,3,4,9,6,2,1,0,1,0
38,2,7,20,2,5,9,16,2,10,0,0,1,0
43,2,2,5,1,2,2,8,6,6,1,0,1,0
54,2,14,12,2,1,5,14,6,7,1,0,1,0
24,3,20,9,2,5,1,17,4,3,0,0,3,0
30,3,1,19,2,3,8,18,6,2,1,0,1,1
62,3,6,18,1,2,3,5,4,12,0,1,3,0
63,3,18,13,1,5,1,14,0,1,0,0,1,0
69,3,12,14,1,1,7,11,6,3,1,0,1,0
30,1,6,18,2,3,4,0,5,5,1,1,3,1
32,1,4,11,2,1,6,15,5,7,1,0,1,0
33,1,14,12,1,3,8,7,6,3,1,0,2,0
36,1,20,9,1,2,12,20,2,11,0,0,3,0
40,1,12,14,1,2,2,10,2,5,0,0,3,0
47,1,3,8,1,2,3,20,3,6,0,0,1,0
49,1,3,8,1,5,11,0,5,6,1,1,3,0
65,1,12,14,2,4,10,2,2,2,0,1,2,0
19,2,2,5,1,1,5,3,5,3,1,1,2,0
20,2,9,10,2,5,9,16,5,6,1,0,1,0
30,2,8,3,2,5,1,2,0,1,0,1,1,0
59,2,1,19,2,5,11,7,5,9,1,0,2,0
64,2,6,18,2,2,3,5,4,2,0,1,3,0
25,3,18,13,1,1,5,10,5,1,1,0,3,0
29,3,20,9,1,2,2,21,4,12,0,0,1,0
30,3,9,10,2,5,9,17,3,7,0,0,3,1
39,3,7,20,1,2,3,0,5,3,1,1,2,0
55,3,19,7,2,1,5,3,3,8,0,1,1,0
30,1,11,17,1,2,2,6,1,1,0,0,1,1
36,1,16,4,2,2,2,16,2,7,0,0,2,0
64,1,10,15,2,2,12,8,1,5,0,0,1,1
67,1,8,3,1,1,5,4,2,6,0,1,3,0
68,1,13,2,1,2,3,10,6,9,1,0,2,0
70,1,6,18,2,2,3,23,6,1,1,1,2,0
24,2,17,6,2,5,9,11,0,5,0,0,1,0
30,2,17,6,1,2,12,15,5,3,1,0,3,1
34,2,2,5,1,1,6,3,5,3,1,1,1,0
40,2,10,15,2,3,8,4,3,8,0,1,2,0
59,2,4,11,2,3,8,23,0,3,0,1,2,0
63,2,11,17,2,5,9,10,1,6,0,0,2,0
65,2,20,9,1,5,1,16,0,6,0,0,1,1
67,2,17,6,2,3,8,17,3,11,0,0,2,0
73,2,16,4,1,5,1,0,6,6,1,1,2,0
75,2,12,14,2,1,5,11,3,7,0,0,1,0
30,3,5,16,2,5,1,11,2,9,0,0,1,1
34,3,3,8,2,1,7,12,0,10,0,0,1,0
39,3,12,14,2,1,6,19,2,10,0,0,2,0
40,3,16,4,2,3,8,16,6,11,1,0,2,0
50,3,5,16,1,1,5,1,0,9,0,1,3,0
61,3,19,7,1,4,10,13,3,4,0,0,1,0
63,3,3,8,1,2,3,22,0,9,0,1,3,0
75,3,8,3,1,1,7,7,0,8,0,0,2,0
30,1,6,18,1,2,3,10,0,4,0,0,3,1
58,1,11,17,1,2,2,13,6,6,1,0,1,0
75,1,19,7,1,5,11,16,0,8,0,0,3,0
18,2,5,16,2,5,1,7,0,10,0,0,3,0
28,2,7,20,1,2,2,19,4,6,0,0,2,0
29,2,5,16,1,1,6,15,4,12,0,0,1,0
30,2,4,11,2,3,4,12,4,12,0,0,1,1
34,2,10,15,2,3,8,17,6,10,1,0,1,0
38,2,18,13,1,5,1,16,5,6,1,0,3,0
42,2,5,16,2,2,2,1,3,7,0,1,1,0
48,2,15,1,2,2,2,8,5,11,1,0,3,0
51,2,5,16,1,1,6,9,1,4,0,0,1,0
54,2,4,11,1,1,5,9,1,3,0,0,1,0
59,2,3,8,1,2,12,5,3,12,0,1,1,0
63,2,20,9,1,5,1,0,4,5,0,1,2,0
66,2,20,9,2,2,3,6,1,11,0,0,1,0
69,2,2,5,2,5,11,12,1,1,0,0,1,0
18,3,13,2,1,5,1,17,0,4,0,0,3,0
30,3,11,17,1,2,3,22,4,4,0,1,2,1
32,3,1,19,2,3,4,17,0,11,0,0,1,0
35,3,8,3,1,5,1,3,1,10,0,1,2,0
39,3,3,8,2,5,1,15,5,5,1,0,1,1
45,3,5,16,2,2,3,15,3,3,0,0,1,0
57,3,10,15,1,4,10,22,5,3,1,1,1,0
65,3,7,20,1,2,3,16,1,11,0,0,3,0
70,3,15,1,2,5,1,5,6,8,1,1,3,0
18,1,9,10,2,1,5,12,4,3,0,0,1,0
30,1,20,9,2,4,10,15,2,11,0,0,1,1
54,1,8,3,2,4,10,22,3,11,0,1,1,0
68,1,9,10,1,2,2,17,1,10,0,0,2,0
20,2,5,16,1,5,1,15,3,9,0,0,2,0
23,2,12,14,1,5,11,16,4,9,0,0,3,0
30,2,5,16,2,1,7,22,1,5,0,1,3,1
40,2,10,15,1,3,8,15,2,1,0,0,3,0
60,2,15,1,1,2,2,19,2,6,0,0,2,0
70,2,19,7,2,2,12,3,1,5,0,1,1,0
21,3,20,9,1,1,6,11,6,11,1,0,1,0
30,3,13,2,2,5,9,8,4,4,0,0,1,1
34,3,11,17,2,2,12,9,6,5,1,0,2,0
57,3,2,5,1,3,8,2,5,3,1,1,2,0
61,3,14,12,2,2,2,4,2,5,0,1,1,0
65,3,12,14,1,3,8,16,2,7,0,0,1,0
66,3,5,16,2,5,1,13,5,2,1,0,2,0
19,1,5,16,1,1,5,18,0,5,0,0,3,0
25,1,14,12,1,2,12,14,3,11,0,0,2,0
27,1,6,18,1,5,1,15,3,9,0,0,1,0
30,1,8,3,2,1,5,7,0,2,0,0,1,1
60,1,20,9,1,1,5,9,4,2,0,0,3,0
68,1,17,6,1,3,4,3,6,8,1,1,2,0
75,1,1,19,2,1,6,18,1,2,0,0,1,0
24,2,15,1,1,2,12,14,0,4,0,0,2,0
26,2,20,9,2,2,3,15,1,3,0,0,2,0
29,2,7,20,1,4,10,10,2,11,0,0,1,0
30,2,14,12,1,4,10,4,4,7,0,1,1,1
38,2,20,9,2,1,5,17,5,4,1,0,2,0
49,2,18,13,1,2,2,7,6,3,1,0,2,0
56,2,13,2,2,1,6,0,3,3,0,1,3,0
58,2,5,16,2,5,1,6,4,6,0,0,1,0
61,2,13,2,1,3,8,12,0,12,0,0,2,0
63,2,7,20,2,1,5,12,1,1,0,0,2,0
67,2,11,17,2,1,7,10,5,3,1,0,2,0
26,3,8,3,1,4,10,12,4,12,0,0,1,0
30,3,12,14,1,4,10,10,4,9,0,0,3,1
35,3,17,6,2,3,4,4,5,6,1,1,1,0
44,3,9,10,2,2,12,19,5,3,1,0,2,0
47,3,14,12,1,2,12,22,5,3,1,1,2,0
49,3,1,19,2,1,7,8,6,6,1,0,2,0
57,3,18,13,2,5,9,15,3,12,0,0,1,0
61,3,19,7,2,1,5,2,5,11,1,1,2,0
65,3,9,10,1,1,5,8,4,5,0,0,1,1
71,3,9,10,2,2,3,14,3,3,0,0,2,0
75,3,12,14,2,4,10,12,4,1,0,0,1,0
20,1,2,5,2,2,12,23,2,10,0,1,2,0
22,1,17,6,2,2,3,23,6,1,1,1,3,0
30,1,12,14,2,1,5,12,3,6,0,0,1,1
37,1,11,17,2,1,7,10,5,3,1,0,2,0
61,1,8,3,2,3,4,12,0,1,0,0,1,0
65,1,2,5,1,1,6,5,1,9,0,1,2,0
68,1,19,7,2,2,2,1,1,6,0,1,1,0
70,1,8,3,2,2,12,19,6,11,1,0,2,0
30,2,1,19,1,4,10,10,6,1,1,0,1,1
59,2,2,5,1,3,8,8,0,8,0,0,2,0
69,2,10,15,1,4,10,3,6,6,1,1,3,0
71,2,3,8,1,3,4,4,5,9,1,1,1,0
22,3,3,8,1,5,1,12,6,7,1,0,1,0
24,3,4,11,1,1,7,6,6,3,1,0,3,0
30,3,15,1,1,1,7,16,5,10,1,0,1,1
31,3,2,5,2,1,6,21,1,6,0,0,2,0
48,3,3,8,2,4,10,4,1,8,0,1,1,0
56,3,14,12,2,1,6,18,6,4,1,0,1,0
69,3,20,9,1,2,12,4,3,11,0,1,1,0
70,3,4,11,1,3,8,20,0,4,0,0,2,0
72,3,6,18,1,2,3,21,3,8,0,0,2,0
23,1,17,6,2,2,2,14,1,6,0,0,1,0
25,1,19,7,1,5,9,6,4,8,0,0,1,0
27,1,2,5,2,3,8,18,6,5,1,0,3,0
30,1,4,11,2,4,10,5,6,11,1,1,1,1
45,1,3,8,2,2,3,13,4,7,0,0,1,0
55,1,10,15,1,2,2,8,1,8,0,0,1,0
58,1,9,10,2,1,6,11,6,11,1,0,2,0
61,1,4,11,1,4,10,11,6,9,1,0,3,0
73,1,15,1,1,5,11,14,5,6,1,0,2,0
30,2,4,11,1,1,6,1,2,1,0,1,2,1
37,2,9,10,2,5,9,14,1,4,0,0,2,0
38,2,11,17,1,5,1,1,6,6,1,1,1,0
44,2,17,6,2,2,3,19,0,5,0,0,1,0
45,2,1,19,2,5,1,20,6,4,1,0,1,0
49,2,9,10,1,1,6,18,0,12,0,0,1,0
51,2,1,19,1,3,4,14,6,8,1,0,1,0
56,2,11,17,1,5,9,18,6,6,1,0,1,0
61,2,17,6,2,1,7,12,4,2,0,0,2,0
75,2,2,5,2,2,2,19,4,7,0,0,3,0
30,3,12,14,1,5,9,22,5,2,1,1,2,1
33,3,17,6,1,1,7,8,1,12,0,0,3,0
34,3,11,17,2,3,8,6,6,6,1,0,1,0
37,3,11,17,2,2,3,7,5,2,1,0,2,0
42,3,1,19,1,2,2,15,1,7,0,0,1,0
44,3,8,3,1,3,8,4,6,9,1,1,2,0
48,3,15,1,2,4,10,22,1,2,0,1,1,0
62,3,15,1,2,1,5,7,0,7,0,0,1,0
66,3,13,2,2,2,2,21,5,12,1,0,2,0
72,3,12,14,1,2,3,11,2,11,0,0,1,0
28,1,6,18,2,1,6,9,6,4,1,0,1,0
29,1,10,15,1,2,12,13,1,4,0,0,1,0
30,1,6,18,2,1,6,5,3,2,0,1,1,1
31,1,18,13,1,5,11,7,0,3,0,0,2,0
37,1,14,12,1,3,4,15,2,6,0,0,2,0
42,1,4,11,1,2,12,13,2,8,0,0,2,0
43,1,20,9,1,2,12,22,4,9,0,1,3,0
61,1,5,16,1,3,8,23,3,7,0,1,3,0
66,1,10,15,1,2,3,10,3,9,0,0,1,0
72,1,17,6,1,4,10,21,1,8,0,0,1,0
25,2,14,12,2,5,9,16,5,4,1,0,2,0
30,2,17,6,2,4,10,5,6,6,1,1,1,1
46,2,20,9,1,5,9,5,0,2,0,1,1,0
52,2,18,13,1,1,6,7,4,8,0,0,2,0
60,2,3,8,2,3,4,1,3,2,0,1,1,0
74,2,12,14,1,2,3,9,0,3,0,0,1,0
30,3,16,4,2,5,1,21,5,8,1,0,2,1
41,3,8,3,2,1,6,17,6,6,1,0,2,0
42,3,7,20,2,2,3,3,3,3,0,1,2,0
46,3,15,1,1,2,2,4,0,3,0,1,1,0
61,3,15,1,1,1,7,21,5,8,1,0,2,0
70,3,2,5,1,3,4,1,2,5,0,1,1,0
30,1,17,6,2,2,2,12,5,10,1,0,2,1
32,1,2,5,2,2,3,22,3,1,0,1,1,0
36,1,12,14,1,2,12,3,3,2,0,1,3,0
46,1,7,20,2,3,4,20,2,9,0,0,2,0
30,2,10,15,1,2,3,9,0,9,0,0,1,1
47,2,7,20,1,3,4,5,0,6,0,1,2,0
57,2,4,11,1,1,6,1,1,11,0,1,2,0
60,2,4,11,1,5,1,21,4,11,0,0,1,0
69,2,4,11,2,5,9,0,4,4,0,1,1,0
74,2,15,1,2,1,5,13,5,2,1,0,3,0
30,3,12,14,1,5,9,8,0,3,0,0,2,1
34,3,6,18,1,1,7,14,4,10,0,0,1,0
35,3,19,7,1,1,5,9,2,8,0,0,2,0
38,3,20,9,2,3,4,12,3,3,0,0,2,0
57,3,4,11,1,5,1,22,6,2,1,1,2,0
60,3,19,7,2,4,10,18,2,4,0,0,1,0
74,3,17,6,2,3,8,12,4,1,0,0,3,0
25,1,18,13,2,1,7,16,0,8,0,0,2,0
27,1,5,16,1,5,11,15,3,9,0,0,3,0
28,1,10,15,1,1,7,20,3,3,0,0,1,0
30,1,14,12,2,5,9,18,1,4,0,0,1,1
32,1,2,5,2,1,5,19,5,9,1,0,3,0
37,1,16,4,2,3,4,12,4,5,0,0,2,0
43,1,3,8,2,1,5,11,3,6,0,0,1,0
46,1,10,15,2,1,6,14,3,9,0,0,1,0
49,1,1,19,1,5,9,7,0,10,0,0,2,0
50,1,17,6,2,1,5,11,1,11,0,0,2,0
52,1,15,1,2,2,12,15,4,4,0,0,3,0
53,1,10,15,2,1,7,22,3,7,0,1,3,0
55,1,8,3,2,2,3,7,3,2,0,0,2,0
65,1,15,1,1,5,1,6,4,7,0,0,1,0
73,1,2,5,1,2,2,8,3,4,0,0,3,0
75,1,14,12,2,1,5,3,4,2,0,1,3,0
30,2,16,4,1,3,8,3,2,12,0,1,1,1
35,2,2,5,1,2,2,14,5,2,1,0,1,0
39,2,16,4,2,3,8,15,4,9,0,0,2,0
45,2,8,3,2,2,12,0,3,11,0,1,1,0
51,2,13,2,2,2,2,9,1,3,0,0,1,0
73,2,17,6,1,3,8,10,6,12,1,0,3,0
26,3,17,6,2,1,5,11,4,5,0,0,1,0
30,3,10,15,1,1,5,15,2,7,0,0,1,1
44,3,17,6,1,4,10,21,2,8,0,0,1,0
71,3,4,11,1,4,10,9,1,10,0,0,1,0
19,1,12,14,1,2,2,17,3,12,0,0,3,0
23,1,11,17,2,2,3,12,6,1,1,0,2,0
25,1,8,3,2,3,4,0,1,1,0,1,2,0
30,1,18,13,2,4,10,1,1,5,0,1,1,1
34,1,19,7,2,5,9,22,2,2,0,1,1,0
41,1,20,9,2,5,9,17,4,11,0,0,2,0
51,1,8,3,2,3,4,18,4,12,0,0,1,0
62,1,3,8,1,3,8,6,4,3,0,0,1,0
66,1,20,9,2,2,2,8,4,10,0,0,1,0
22,2,19,7,2,4,10,8,4,5,0,0,3,0
27,2,11,17,2,1,7,22,4,8,0,1,1,0
30,2,8,3,2,3,8,9,4,4,0,0,2,1
31,2,5,16,1,5,1,10,6,5,1,0,1,0
39,2,9,10,2,3,8,17,0,11,0,0,1,0
68,2,9,10,1,1,7,19,4,11,0,0,1,0
19,3,17,6,2,5,1,3,5,9,1,1,3,1
28,3,5,16,1,1,5,21,3,6,0,0,2,0
30,3,19,7,1,1,5,17,2,4,0,0,2,1
31,3,4,11,1,5,1,20,1,9,0,0,3,0
35,3,3,8,1,3,8,21,4,4,0,0,3,0
36,3,3,8,2,4,10,11,2,11,0,0,1,0
50,3,1,19,1,1,7,9,2,1,0,0,2,0
53,3,6,18,2,1,6,9,2,8,0,0,2,0
55,3,2,5,2,3,4,16,1,7,0,0,3,0
56,3,8,3,1,5,11,22,4,1,0,1,2,0
64,3,2,5,2,1,7,5,3,1,0,1,3,0
68,3,8,3,2,1,6,2,0,9,0,1,3,0
18,1,6,18,1,4,10,10,5,2,1,0,1,0
21,1,6,18,1,2,12,15,0,2,0,0,1,0
26,1,8,3,2,5,11,15,2,5,0,0,3,0
30,1,9,10,2,3,8,0,0,2,0,1,2,1
39,1,3,8,2,3,8,11,0,11,0,0,2,0
23,2,11,17,2,4,10,6,5,10,1,0,2,0
25,2,18,13,1,5,1,19,5,1,1,0,1,0
27,2,4,11,1,5,1,22,3,7,0,1,1,0
28,2,11,17,2,2,3,5,3,4,0,1,1,0
29,2,3,8,2,3,8,8,1,6,0,0,1,0
30,2,2,5,2,3,4,1,0,4,0,1,2,1
31,2,9,10,1,5,11,8,3,4,0,0,3,0
36,2,6,18,2,1,6,7,3,10,0,0,1,0
51,2,8,3,1,2,3,0,4,2,0,1,1,0
63,2,7,20,2,1,7,6,6,3,1,0,2,0
25,3,12,14,2,5,1,21,2,7,0,0,2,0
30,3,7,20,2,5,1,20,4,9,0,0,1,1
33,3,6,18,1,2,12,10,1,6,0,0,2,1
40,3,17,6,1,1,7,6,6,5,1,0,1,0
48,3,5,16,2,2,2,8,3,5,0,0,1,0
19,1,5,16,2,2,3,18,2,7,0,0,1,0
20,1,19,7,2,1,5,4,2,2,0,1,2,0
21,1,9,10,2,1,5,19,2,1,0,0,3,0
25,1,11,17,1,3,8,7,6,11,1,0,3,0
27,1,6,18,2,5,11,10,4,9,0,0,1,0
30,1,17,6,1,5,1,13,1,6,0,0,3,1
36,1,1,19,1,3,8,7,6,6,1,0,1,0
40,1,4,11,1,3,4,19,2,2,0,0,3,1
47,1,13,2,2,5,9,5,1,3,0,1,2,0
49,1,12,14,2,5,9,18,0,5,0,0,2,0
53,1,7,20,2,4,10,1,6,12,1,1,1,0
54,1,12,14,2,3,4,23,5,9,1,1,1,0
61,1,8,3,1,2,12,18,0,3,0,0,2,0
66,1,2,5,2,5,11,7,5,5,1,0,1,0
30,2,3,8,2,3,8,9,1,4,0,0,2,1
35,2,11,17,2,1,7,10,4,12,0,0,1,0
39,2,15,1,1,1,5,7,4,9,0,0,2,0
18,3,5,16,1,5,9,1,4,3,0,1,2,0
26,3,5,16,1,2,2,17,2,2,0,0,1,0
30,3,8,3,1,3,8,12,5,12,1,0,3,1
36,3,15,1,1,2,12,18,4,6,0,0,1,0
38,3,15,1,2,5,1,7,2,10,0,0,1,0
53,3,18,13,2,2,3,15,3,6,0,0,2,0
75,3,11,17,2,1,7,0,2,12,0,1,2,0
23,1,6,18,1,2,12,0,2,8,0,1,1,0
27,1,12,14,2,1,7,18,1,3,0,0,1,0
30,1,20,9,2,2,2,5,0,10,0,1,2,1
47,1,9,10,1,2,2,10,1,5,0,0,1,0
53,1,16,4,2,1,7,10,6,2,1,0,1,0
55,1,16,4,1,4,10,19,0,9,0,0,2,0
58,1,8,3,2,4,10,9,2,9,0,0,2,0
59,1,19,7,2,2,3,4,4,9,0,1,2,0
60,1,17,6,2,2,3,3,3,5,0,1,2,0
30,2,14,12,1,1,6,15,3,1,0,0,2,1
43,2,10,15,2,3,4,20,2,10,0,0,3,0
56,2,5,16,2,2,2,20,2,12,0,0,2,0
57,2,14,12,1,1,7,11,3,4,0,0,3,0
58,2,19,7,2,1,5,20,1,3,0,0,1,0
65,2,4,11,1,1,6,17,1,8,0,0,3,0
20,3,6,18,1,2,3,16,6,9,1,0,1,0
28,3,18,13,2,1,6,8,2,4,0,0,1,0
30,3,15,1,1,1,5,1,3,3,0,1,2,1
34,3,5,16,1,2,3,11,3,6,0,0,2,0
57,3,10,15,1,5,9,12,1,7,0,0,1,0
58,3,18,13,1,5,9,14,5,9,1,0,2,0
62,3,8,3,1,2,12,7,5,7,1,0,1,0
69,3,2,5,2,3,8,10,6,9,1,0,3,0
21,1,10,15,1,1,6,10,1,10,0,0,1,1
24,1,14,12,1,3,4,5,1,7,0,1,2,0
30,1,15,1,1,2,12,5,1,11,0,1,2,1
35,1,17,6,1,3,8,4,6,11,1,1,1,0
58,1,13,2,1,5,1,0,5,10,1,1,1,0
73,1,18,13,2,5,9,1,6,10,1,1,1,0
18,2,5,16,2,5,9,12,5,12,1,0,1,0
30,2,13,2,2,4,10,8,2,3,0,0,2,1
37,2,6,18,1,1,7,18,2,8,0,0,2,0
52,2,10,15,1,1,6,1,5,12,1,1,1,0
68,2,17,6,2,1,7,10,1,8,0,0,1,0
20,3,3,8,1,3,4,6,2,1,0,0,3,0
22,3,2,5,2,3,4,5,2,7,0,1,1,0
30,3,15,1,1,5,9,13,4,3,0,0,3,1
31,3,19,7,2,3,8,3,6,5,1,1,2,0
38,3,12,14,1,2,12,4,5,7,1,1,2,0
45,3,10,15,1,2,3,19,3,7,0,0,3,0
50,3,6,18,2,3,4,3,4,10,0,1,1,0
56,3,2,5,2,2,12,11,3,2,0,0,1,0
58,3,11,17,2,5,1,12,4,11,0,0,3,0
30,1,2,5,2,1,5,23,3,1,0,1,1,1
41,1,8,3,2,2,12,15,2,1,0,0,2,0
52,1,14,12,1,1,6,2,3,4,0,1,2,0
57,1,15,1,2,1,5,0,2,2,0,1,2,0
30,2,7,20,1,5,1,20,3,5,0,0,1,1
32,2,14,12,1,3,8,12,5,9,1,0,2,0
44,2,15,1,1,2,12,19,3,7,0,0,3,0
48,2,8,3,2,3,8,4,5,3,1,1,1,0
66,2,17,6,1,3,8,23,2,5,0,1,2,0
71,2,11,17,1,5,9,4,1,10,0,1,2,0
72,2,2,5,1,2,2,7,5,11,1,0,3,0
25,3,11,17,1,2,3,5,6,1,1,1,3,0
28,3,17,6,2,5,1,8,1,5,0,0,1,0
30,3,18,13,2,4,10,8,5,5,1,0,2,1
36,3,2,5,1,2,2,11,4,9,0,0,1,0
44,3,7,20,1,3,8,9,1,6,0,0,1,0
60,3,3,8,1,3,4,13,5,4,1,0,3,0
30,1,5,16,2,3,8,7,6,2,1,0,3,1
39,1,2,5,2,2,12,18,2,9,0,0,3,0
40,1,11,17,2,1,6,5,5,8,1,1,3,0
44,1,19,7,2,3,4,0,0,4,0,1,1,0
51,1,3,8,2,3,4,10,0,6,0,0,1,0
56,1,8,3,1,3,4,2,3,4,0,1,1,1
58,1,20,9,1,5,11,16,0,8,0,0,1,0
68,1,15,1,1,1,6,9,3,7,0,0,2,0
69,1,8,3,2,2,12,23,1,12,0,1,2,0
72,1,15,1,1,1,5,11,1,12,0,0,3,0
21,2,14,12,2,1,6,1,2,10,0,1,1,0
26,2,14,12,1,5,1,8,6,8,1,0,2,0
30,2,17,6,1,1,6,6,6,1,1,0,1,1
49,2,8,3,2,1,7,2,1,5,0,1,1,0
56,2,6,18,2,1,6,0,6,5,1,1,1,0
75,2,7,20,2,5,11,5,1,9,0,1,1,0
24,3,15,1,1,2,2,0,0,8,0,1,1,0
30,3,16,4,1,5,11,18,5,11,1,0,2,1
70,3,10,15,2,1,5,7,1,4,0,0,2,0
19,1,19,7,1,1,6,20,3,8,0,0,1,0
30,1,14,12,1,1,7,17,4,6,0,0,3,1
60,1,16,4,2,3,8,15,6,10,1,0,1,0
62,1,14,12,1,3,4,22,2,8,0,1,2,0
64,1,6,18,1,1,7,23,4,5,0,1,3,0
70,1,1,19,2,3,8,8,1,4,0,0,1,0
75,1,19,7,1,1,7,7,0,2,0,0,3,0
19,2,15,1,2,4,10,17,3,7,0,0,1,0
30,2,19,7,1,2,3,5,4,12,0,1,1,1
31,2,4,11,1,4,10,20,6,6,1,0,1,0
42,2,4,11,2,5,1,0,0,6,0,1,2,0
43,2,8,3,1,4,10,3,2,7,0,1,3,1
48,2,19,7,2,1,6,13,3,2,0,0,1,0
30,3,5,16,1,5,11,23,0,4,0,1,1,1
32,3,19,7,1,3,4,3,2,1,0,1,3,0
43,3,11,17,2,5,11,22,6,9,1,1,1,0
50,3,11,17,2,2,3,3,2,2,0,1,2,0
63,3,10,15,1,2,3,19,4,7,0,0,2,0
67,3,6,18,1,2,3,5,0,1,0,1,2,0
68,3,18,13,2,3,8,22,3,2,0,1,1,0
71,3,5,16,1,5,1,19,5,11,1,0,1,0
75,3,7,20,1,1,5,12,4,1,0,0,1,0
27,1,18,13,2,2,12,10,5,10,1,0,2,0
30,1,14,12,1,3,8,22,2,5,0,1,1,1
60,1,7,20,1,5,11,17,0,2,0,0,2,0
63,1,2,5,1,3,4,4,0,10,0,1,3,0
73,1,14,12,1,5,9,11,2,9,0,0,2,0
75,1,1,19,2,3,4,8,5,7,1,0,1,0
20,2,16,4,2,1,6,3,2,6,0,1,1,0
30,2,11,17,1,2,3,5,5,3,1,1,2,1
33,2,20,9,1,5,11,7,4,1,0,0,2,0
51,2,4,11,2,2,12,19,5,8,1,0,1,0
60,2,7,20,1,3,8,3,1,4,0,1,2,0
30,3,6,18,1,4,10,8,2,5,0,0,3,1
33,3,5,16,2,2,2,14,4,5,0,0,1,0
37,3,20,9,1,4,10,4,4,1,0,1,1,0
45,3,13,2,1,5,9,21,1,6,0,0,1,0
23,1,13,2,2,5,1,1,3,8,0,1,2,0
26,1,15,1,2,5,1,5,6,8,1,1,3,0
30,1,13,2,2,2,2,21,6,4,1,0,1,1
32,1,13,2,2,2,12,13,4,1,0,0,3,0
36,1,17,6,2,5,9,19,2,2,0,0,1,0
40,1,10,15,2,2,12,10,0,12,0,0,2,0
64,1,11,17,1,1,6,21,2,6,0,0,2,0
66,1,8,3,1,3,8,2,2,11,0,1,2,0
30,2,10,15,2,1,6,12,0,10,0,0,2,1
32,2,10,15,2,2,2,3,2,9,0,1,2,1
40,2,2,5,1,5,9,7,2,11,0,0,1,0
43,2,8,3,1,2,3,11,2,1,0,0,2,0
47,2,9,10,1,2,2,7,3,5,0,0,1,0
53,2,1,19,2,2,2,18,2,3,0,0,2,0
60,2,6,18,1,5,9,18,4,5,0,0,2,0
62,2,15,1,1,3,8,0,1,9,0,1,1,0
22,3,20,9,2,3,4,4,4,3,0,1,2,1
30,3,3,8,2,5,9,16,0,1,0,0,1,1
42,3,1,19,2,1,7,19,2,12,0,0,1,1
51,3,19,7,2,2,3,15,0,11,0,0,1,0
52,3,14,12,1,1,5,4,0,11,0,1,1,0
55,3,5,16,2,2,3,3,1,10,0,1,2,0
73,3,10,15,1,5,11,20,1,5,0,0,2,0
25,1,11,17,2,5,11,17,0,7,0,0,1,0
30,1,5,16,2,2,2,21,4,4,0,0,1,1
38,1,1,19,1,1,5,8,4,6,0,0,1,0
60,1,8,3,1,1,7,6,2,11,0,0,2,0
18,2,18,13,1,5,1,12,1,10,0,0,1,0
25,2,2,5,1,1,7,0,0,2,0,1,1,0
30,2,17,6,2,1,6,2,5,6,1,1,1,1
44,2,5,16,1,3,8,22,4,1,0,1,1,0
47,2,8,3,2,1,7,3,6,8,1,1,2,0
53,2,3,8,1,3,8,3,1,12,0,1,1,0
57,2,18,13,2,2,12,23,3,9,0,1,3,0
66,2,8,3,2,1,7,4,6,2,1,1,2,0
71,2,19,7,1,5,9,17,3,2,0,0,3,0
30,3,1,19,1,2,12,20,5,7,1,0,1,1
34,3,2,5,2,2,3,10,5,3,1,0,1,1
35,3,19,7,1,2,3,1,5,7,1,1,1,0
43,3,8,3,2,1,7,18,4,12,0,0,2,0
51,3,13,2,1,3,4,7,4,3,0,0,2,1
53,3,13,2,1,1,5,10,1,5,0,0,1,0
73,3,10,15,1,2,12,9,2,12,0,0,1,0
21,1,5,16,1,1,6,7,2,6,0,0,1,0
30,1,20,9,2,2,2,14,1,10,0,0,3,1
50,1,10,15,1,1,6,0,0,12,0,1,3,0
62,1,6,18,2,2,12,22,6,4,1,1,3,1
66,1,15,1,1,1,5,19,5,6,1,0,2,0
71,1,18,13,2,4,10,6,3,11,0,0,1,0
72,1,2,5,1,5,11,12,6,4,1,0,2,0
30,2,10,15,2,4,10,22,2,1,0,1,3,1
35,2,18,13,2,3,4,23,0,9,0,1,2,0
39,2,18,13,2,3,8,23,6,6,1,1,2,0
56,2,8,3,2,5,1,23,3,10,0,1,1,1
57,2,19,7,1,1,5,19,0,10,0,0,2,0
59,2,19,7,1,5,9,11,4,5,0,0,2,0
72,2,12,14,2,2,3,15,4,10,0,0,1,0
75,2,14,12,2,1,7,7,4,12,0,0,1,0
20,3,10,15,2,1,5,2,6,2,1,1,1,0
21,3,1,19,2,1,7,2,2,1,0,1,3,0
24,3,17,6,1,2,2,6,5,3,1,0,2,0
30,3,5,16,2,3,8,23,3,4,0,1,1,1
33,3,20,9,2,1,7,22,3,3,0,1,1,0
45,3,7,20,2,1,6,21,0,9,0,0,1,0
55,3,5,16,2,2,3,13,3,8,0,0,2,0
56,3,3,8,1,1,6,22,1,10,0,1,3,0
57,3,14,12,1,5,11,18,2,8,0,0,1,0
27,1,11,17,2,2,3,6,2,3,0,0,2,0
30,1,14,12,1,5,11,4,0,10,0,1,3,1
37,1,12,14,2,5,11,5,1,6,0,1,1,0
47,1,2,5,2,5,1,13,1,7,0,0,1,0
51,1,19,7,2,1,6,4,1,4,0,1,3,0
67,1,10,15,1,2,3,12,6,4,1,0,2,0
20,2,2,5,1,1,6,1,0,10,0,1,1,1
24,2,16,4,1,2,3,3,5,3,1,1,2,0
30,2,15,1,1,1,7,9,3,7,0,0,2,1
32,2,12,14,1,2,2,15,3,9,0,0,3,0
41,2,1,19,2,4,10,6,6,8,1,0,1,0
48,2,3,8,1,2,2,17,2,8,0,0,1,0
58,2,19,7,1,1,6,14,4,11,0,0,1,0
72,2,2,5,1,1,6,5,4,1,0,1,2,0
30,3,14,12,1,3,8,0,0,2,0,1,2,1
43,3,10,15,1,4,10,21,2,10,0,0,1,0
67,3,1,19,2,1,5,16,1,5,0,0,3,0
18,1,8,3,2,2,2,10,1,8,0,0,2,0
24,1,14,12,1,4,10,15,4,1,0,0,2,0
25,1,3,8,1,2,2,15,5,4,1,0,2,0
27,1,5,16,2,5,1,4,6,5,1,1,1,0
30,1,18,13,1,1,6,2,2,4,0,1,1,1
32,1,1,19,1,1,7,2,6,9,1,1,2,0
58,1,14,12,2,3,4,1,3,4,0,1,2,0
61,1,20,9,2,5,1,1,1,7,0,1,1,0
63,1,7,20,1,3,4,15,1,8,0,0,2,0
73,1,7,20,1,2,12,17,3,10,0,0,1,0
74,1,3,8,2,2,12,5,1,5,0,1,1,1
23,2,19,7,2,5,11,12,1,8,0,0,1,0
30,2,14,12,1,1,6,6,0,3,0,0,1,1
37,2,15,1,1,5,1,12,6,9,1,0,1,0
47,2,2,5,2,5,9,10,2,4,0,0,1,1
72,2,8,3,2,3,8,9,4,4,0,0,2,0
21,3,1,19,1,3,8,3,3,4,0,1,1,0
22,3,12,14,1,1,7,7,2,11,0,0,1,0
30,3,16,4,1,1,7,0,4,2,0,1,3,1
56,3,8,3,2,5,1,8,2,7,0,0,3,0
61,3,13,2,2,2,12,9,0,5,0,0,3,0
20,1,8,3,1,3,4,1,5,10,1,1,3,0
30,1,8,3,2,4,10,8,2,11,0,0,1,1
48,1,7,20,1,5,9,8,2,4,0,0,2,0
52,1,16,4,2,5,11,16,4,2,0,0,3,0
72,1,11,17,1,2,12,5,5,7,1,1,1,0
18,2,7,20,1,5,9,5,2,5,0,1,3,0
23,2,11,17,2,3,8,1,6,8,1,1,1,0
28,2,18,13,2,5,1,3,6,1,1,1,3,0
30,2,1,19,1,2,2,11,0,5,0,0,1,1
72,2,2,5,1,5,1,3,4,10,0,1,3,0
30,3,7,20,1,2,3,11,4,5,0,0,3,1
33,3,1,19,1,5,9,9,2,3,0,0,2,0
34,3,2,5,1,2,12,3,1,10,0,1,2,0
36,3,13,2,2,1,7,6,5,1,1,0,3,0
48,3,6,18,1,2,3,14,5,2,1,0,1,0
59,3,19,7,1,3,8,17,6,4,1,0,2,0
71,3,5,16,1,3,4,17,2,10,0,0,1,0
30,1,7,20,1,3,8,7,1,5,0,0,1,1
40,1,13,2,2,5,9,15,2,4,0,0,1,0
48,1,20,9,1,1,5,0,5,10,1,1,2,0
52,1,20,9,1,1,7,9,0,11,0,0,2,0
70,1,18,13,2,2,3,7,1,6,0,0,1,0
73,1,3,8,2,2,12,22,5,4,1,1,3,0
21,2,19,7,2,3,4,11,0,10,0,0,3,0
23,2,14,12,2,5,11,1,0,6,0,1,1,0
26,2,9,10,1,2,2,15,3,3,0,0,1,1
30,2,11,17,2,5,11,1,2,1,0,1,2,1
33,2,2,5,1,2,12,3,1,9,0,1,2,0
38,2,9,10,1,2,2,13,0,12,0,0,2,0
41,2,11,17,2,2,12,18,0,11,0,0,3,0
51,2,2,5,2,3,4,3,4,6,0,1,2,0
70,2,14,12,2,5,11,15,5,8,1,0,2,0
20,3,7,20,1,5,11,3,4,9,0,1,3,0
22,3,15,1,1,5,9,22,6,1,1,1,2,0
25,3,18,13,1,4,10,10,0,6,0,0,1,0
29,3,16,4,1,1,5,22,1,11,0,1,1,0
30,3,15,1,2,2,12,23,2,3,0,1,3,1
31,3,7,20,2,2,2,21,3,4,0,0,2,0
50,3,8,3,2,1,7,20,2,9,0,0,3,0
66,3,9,10,1,3,4,15,1,1,0,0,2,0
74,3,6,18,1,5,11,22,3,5,0,1,1,0
24,1,13,2,1,1,6,9,2,11,0,0,1,0
30,1,8,3,1,2,3,7,6,2,1,0,1,1
49,1,7,20,1,2,2,8,0,11,0,0,2,0
55,1,6,18,2,4,10,4,0,8,0,1,2,0
69,1,14,12,2,5,11,11,2,8,0,0,1,0
30,2,13,2,1,5,1,14,6,1,1,0,1,1
38,2,10,15,2,4,10,21,0,7,0,0,2,0
55,2,7,20,1,5,1,11,5,9,1,0,1,0
58,2,6,18,2,5,1,19,2,1,0,0,1,0
59,2,11,17,2,4,10,20,1,5,0,0,2,1
62,2,5,16,1,2,12,15,3,4,0,0,2,0
71,2,4,11,1,1,6,6,6,8,1,0,2,0
74,2,4,11,2,5,9,15,5,4,1,0,1,0
29,3,5,16,2,4,10,17,0,10,0,0,1,0
30,3,17,6,2,2,12,11,6,10,1,0,3,1
57,3,13,2,2,1,7,21,0,8,0,0,2,0
19,1,5,16,1,1,5,21,5,8,1,0,1,0
21,1,10,15,2,1,5,8,6,1,1,0,1,0
22,1,12,14,2,2,3,21,5,6,1,0,3,0
28,1,20,9,1,1,7,20,3,11,0,0,1,0
30,1,18,13,1,3,8,19,6,1,1,0,1,1
54,1,10,15,2,2,12,3,4,2,0,1,2,0
56,1,3,8,1,5,11,14,4,7,0,0,1,0
63,1,2,5,2,1,5,15,0,7,0,0,1,0
30,2,17,6,2,4,10,8,4,1,0,0,1,0
35,2,20,9,2,1,6,4,1,6,0,1,1,0
36,2,12,14,1,5,11,16,2,1,0,0,3,0
39,2,11,17,1,2,2,2,1,5,0,1,2,0
43,2,6,18,2,1,6,7,5,5,1,0,2,0
51,2,15,1,2,5,1,10,5,6,1,0,3,0
66,2,2,5,1,1,6,0,3,2,0,1,2,0
23,3,13,2,1,1,6,22,5,3,1,1,3,0
24,3,14,12,2,3,8,19,6,6,1,0,1,0
25,3,16,4,2,3,8,2,2,6,0,1,1,0
30,3,3,8,1,1,6,18,3,3,0,0,1,1
33,3,2,5,1,5,11,7,1,3,0,0,1,0
55,3,13,2,1,3,8,17,3,8,0,0,3,0
74,3,14,12,2,2,12,18,6,7,1,0,2,0
20,1,4,11,2,2,2,21,0,7,0,0,1,0
27,1,3,8,2,2,12,21,1,2,0,0,3,0
30,1,10,15,2,2,2,18,6,5,1,0,2,1
31,1,17,6,2,2,2,12,2,10,0,0,1,0
62,1,12,14,1,5,1,20,3,3,0,0,2,0
29,2,16,4,2,3,4,23,4,6,0,1,2,0
30,2,1,19,1,2,12,23,1,9,0,1,2,1
36,2,4,11,2,1,5,0,6,7,1,1,2,0
47,2,8,3,1,3,4,5,1,2,0,1,2,0
48,2,19,7,2,2,2,20,6,3,1,0,2,0
30,3,20,9,1,5,11,7,4,1,0,0,2,1
32,3,2,5,1,3,4,19,4,2,0,0,2,0
50,3,1,19,1,5,9,7,0,9,0,0,1,0
22,1,3,8,2,1,5,17,2,7,0,0,1,0
30,1,2,5,2,1,7,10,0,3,0,0,2,1
41,1,8,3,1,5,11,6,5,8,1,0,1,0
52,1,20,9,2,5,9,7,6,4,1,0,2,0
59,1,16,4,2,1,5,19,3,7,0,0,2,0
64,1,13,2,1,5,1,17,3,3,0,0,2,0
65,1,15,1,2,2,3,19,2,2,0,0,1,0
74,1,5,16,2,3,8,1,6,6,1,1,1,0
23,2,11,17,2,1,6,7,6,11,1,0,1,0
30,2,9,10,2,3,8,8,6,7,1,0,2,1
51,2,6,18,2,3,8,0,2,6,0,1,1,0
59,2,4,11,2,5,1,16,6,7,1,0,1,0
30,3,19,7,2,2,2,1,0,4,0,1,3,1
42,3,19,7,1,5,11,17,0,2,0,0,1,0
19,1,15,1,1,3,8,11,5,7,1,0,1,0
22,1,18,13,2,1,5,6,4,5,0,0,2,0
27,1,14,12,1,2,2,5,3,10,0,1,1,0
30,1,8,3,1,5,1,13,6,8,1,0,2,1
43,1,15,1,2,3,8,15,6,12,1,0,1,0
45,1,19,7,1,4,10,14,4,12,0,0,1,0
59,1,20,9,2,2,3,16,0,5,0,0,1,0
63,1,1,19,1,2,2,7,4,8,0,0,1,0
23,2,2,5,1,3,4,19,1,4,0,0,2,1
25,2,8,3,2,1,6,7,6,1,1,0,3,0
27,2,17,6,2,2,12,18,3,2,0,0,2,0
30,2,5,16,1,1,7,10,5,5,1,0,2,1
36,2,10,15,1,2,12,2,6,11,1,1,2,0
41,2,12,14,1,1,7,11,0,11,0,0,1,0
47,2,14,12,2,3,8,17,0,3,0,0,3,0
19,3,2,5,1,3,8,9,6,12,1,0,1,0
30,3,18,13,1,3,8,15,1,2,0,0,3,1
33,3,11,17,1,3,8,2,2,4,0,1,1,0
47,3,14,12,2,2,2,19,3,8,0,0,1,0
52,3,10,15,2,5,1,21,0,10,0,0,3,0
63,3,18,13,2,3,8,0,2,5,0,1,2,0
30,1,2,5,2,5,9,4,0,9,0,1,1,1
59,1,11,17,2,1,5,5,3,6,0,1,2,0
62,1,8,3,2,2,3,22,5,1,1,1,2,0
72,1,17,6,2,3,4,11,0,1,0,0,1,0
24,2,1,19,1,4,10,23,2,1,0,1,2,0
27,2,5,16,2,1,5,13,3,8,0,0,1,0
30,2,5,16,1,3,4,13,6,9,1,0,2,0
46,2,18,13,2,2,2,10,0,2,0,0,1,1
54,2,12,14,2,1,6,1,5,3,1,1,3,0
57,2,13,2,1,1,5,9,2,3,0,0,1,0
23,3,2,5,2,1,5,19,5,9,1,0,3,0
30,3,2,5,2,2,12,22,3,7,0,1,2,1
34,3,19,7,2,3,8,4,2,1,0,1,1,0
39,3,14,12,2,3,8,18,2,12,0,0,3,0
43,3,6,18,1,2,3,4,0,11,0,1,2,0
47,3,8,3,1,2,2,11,3,3,0,0,2,0
55,3,10,15,2,5,11,7,4,9,0,0,3,0
69,3,2,5,1,5,1,20,3,3,0,0,2,0
74,3,3,8,1,1,7,13,0,3,0,0,1,0
75,3,16,4,2,3,4,6,3,7,0,0,1,0
21,1,4,11,2,5,1,17,1,10,0,0,2,0
30,1,19,7,2,3,8,10,6,5,1,0,1,1
48,1,9,10,1,1,6,10,3,7,0,0,3,0
70,1,16,4,2,1,7,19,5,6,1,0,3,0
30,2,12,14,2,3,8,13,6,4,1,0,1,1
31,2,10,15,1,5,11,20,2,3,0,0,1,0
39,2,17,6,2,4,10,17,1,5,0,0,2,0
48,2,10,15,2,2,12,13,3,3,0,0,1,1
51,2,12,14,1,5,1,11,4,1,0,0,1,0
53,2,2,5,2,2,3,17,0,11,0,0,2,0
64,2,13,2,2,1,7,0,1,8,0,1,3,0
74,2,6,18,2,4,10,19,3,3,0,0,1,0
25,3,17,6,1,5,11,20,1,2,0,0,1,0
30,3,5,16,2,5,9,3,3,4,0,1,3,1
48,3,7,20,2,3,4,20,5,1,1,0,3,0
64,3,10,15,2,5,1,12,1,12,0,0,1,0
71,3,16,4,1,3,4,12,5,10,1,0,3,0
22,1,12,14,1,2,12,12,1,12,0,0,3,0
30,1,19,7,1,1,7,16,3,4,0,0,2,1
31,1,6,18,2,5,1,15,1,4,0,0,2,1
34,1,15,1,1,2,2,4,2,3,0,1,2,0
43,1,9,10,1,1,5,12,4,10,0,0,2,0
46,1,3,8,1,4,10,8,1,3,0,0,1,0
48,1,11,17,1,4,10,17,3,4,0,0,2,0
68,1,19,7,2,5,9,4,4,1,0,1,1,1
30,2,17,6,2,2,3,23,0,2,0,1,2,1
62,2,6,18,1,2,3,5,2,1,0,1,1,0
63,2,20,9,1,2,12,7,3,1,0,0,1,0
74,2,2,5,1,2,2,6,3,4,0,0,1,0
30,3,14,12,1,2,3,20,6,10,1,0,1,1
35,3,9,10,1,3,4,14,4,9,0,0,1,0
57,3,4,11,1,2,3,8,6,4,1,0,2,0
30,1,5,16,1,3,8,23,2,6,0,1,2,1
35,1,17,6,1,3,4,19,2,8,0,0,1,0
46,1,17,6,2,5,11,20,5,11,1,0,3,0
51,1,14,12,2,2,3,22,4,2,0,1,1,0
52,1,16,4,2,5,9,19,4,4,0,0,1,0
53,1,4,11,2,5,9,15,0,7,0,0,2,0
54,1,2,5,1,2,2,16,3,6,0,0,2,0
58,1,5,16,2,3,8,13,1,4,0,0,1,0
61,1,8,3,2,5,11,15,2,5,0,0,3,0
64,1,13,2,2,3,8,15,6,12,1,0,3,0
69,1,12,14,2,3,4,5,0,1,0,1,1,0
18,2,18,13,2,3,8,2,3,1,0,1,1,0
22,2,15,1,1,3,4,2,5,4,1,1,1,0
24,2,7,20,1,1,5,19,4,8,0,0,3,0
30,2,19,7,2,1,7,9,4,2,0,0,1,1
33,2,9,10,1,1,6,2,3,8,0,1,1,0
60,2,17,6,2,5,11,20,0,7,0,0,3,0
66,2,7,20,1,5,1,15,1,1,0,0,1,0
68,2,19,7,2,1,7,8,2,10,0,0,3,0
71,2,14,12,2,3,4,21,4,2,0,0,2,0
75,2,9,10,2,5,1,5,0,4,0,1,3,0
20,3,6,18,1,5,1,10,0,3,0,0,3,0
22,3,15,1,2,3,4,4,4,10,0,1,1,0
24,3,16,4,2,3,8,7,1,12,0,0,2,0
26,3,8,3,2,2,3,20,3,8,0,0,1,0
30,3,7,20,1,1,6,2,4,9,0,1,1,1
35,3,7,20,2,2,2,14,0,12,0,0,1,1
46,3,5,16,1,3,8,9,6,7,1,0,3,0
68,3,13,2,1,5,1,9,1,3,0,0,2,0
24,1,5,16,2,5,1,15,4,5,0,0,3,0
30,1,15,1,1,4,10,1,2,1,0,1,3,1
39,1,15,1,1,1,6,7,6,6,1,0,1,0
53,1,4,11,2,5,9,21,5,12,1,0,1,0
56,1,7,20,1,5,9,0,5,9,1,1,1,0
21,2,14,12,1,2,12,14,2,9,0,0,2,0
25,2,16,4,2,3,4,23,5,3,1,1,1,0
26,2,7,20,1,5,1,13,1,4,0,0,1,0
30,2,10,15,1,2,3,13,6,3,1,0,3,1
34,2,1,19,1,1,6,4,4,12,0,1,3,0
35,2,15,1,2,3,4,13,5,11,1,0,1,0
36,2,17,6,2,2,3,5,4,8,0,1,2,0
39,2,13,2,2,5,9,4,5,12,1,1,3,1
45,2,13,2,2,5,9,13,2,7,0,0,2,0
52,2,8,3,2,2,3,17,0,3,0,0,1,0
62,2,9,10,1,1,6,9,4,4,0,0,3,0
73,2,8,3,1,5,11,1,3,12,0,1,1,0
24,3,10,15,1,2,3,13,6,3,1,0,3,0
25,3,6,18,1,3,8,9,2,7,0,0,1,0
26,3,1,19,1,5,1,19,5,11,1,0,1,0
28,3,9,10,1,1,6,5,6,2,1,1,1,0
30,3,17,6,1,1,5,14,6,5,1,0,2,1
47,3,12,14,1,1,7,10,2,8,0,0,2,0
55,3,9,10,1,3,8,4,1,9,0,1,2,0
62,3,8,3,1,2,3,16,6,8,1,0,2,0
69,3,17,6,2,2,2,15,6,6,1,0,2,0
30,1,10,15,2,3,8,7,0,8,0,0,2,1
32,1,8,3,1,1,5,10,5,2,1,0,2,0
51,1,16,4,1,5,9,17,1,7,0,0,3,0
25,2,8,3,1,3,4,1,5,10,1,1,3,0
27,2,20,9,1,1,5,22,3,5,0,1,2,0
30,2,17,6,1,5,1,6,1,1,0,0,2,1
47,2,12,14,1,1,6,12,1,1,0,0,1,0
55,2,1,19,1,1,6,13,3,10,0,0,1,0
61,2,14,12,2,2,12,17,6,1,1,0,2,0
68,2,4,11,1,2,2,4,3,1,0,1,2,0
18,3,19,7,1,1,7,10,4,3,0,0,1,0
19,3,15,1,2,3,8,22,4,3,0,1,1,0
20,3,15,1,1,2,3,14,6,7,1,0,1,0
30,3,17,6,1,1,6,18,6,1,1,0,1,1
34,3,7,20,1,1,5,14,5,2,1,0,1,0
36,3,14,12,2,2,12,18,6,7,1,0,2,0
51,3,12,14,1,3,4,16,3,2,0,0,1,0
62,3,14,12,1,1,6,7,4,12,0,0,1,0
65,3,8,3,2,2,3,7,5,8,1,0,1,0
23,1,6,18,2,1,6,1,5,4,1,1,1,0
30,1,3,8,2,1,7,9,5,3,1,0,3,1
46,1,12,14,1,1,7,8,5,10,1,0,2,0
50,1,15,1,1,2,3,0,0,5,0,1,1,0
58,1,17,6,1,5,9,16,6,9,1,0,1,0
65,1,1,19,2,5,9,11,1,5,0,0,2,0
66,1,1,19,2,2,2,16,2,10,0,0,2,0
29,2,14,12,1,1,6,1,5,10,1,1,2,0
30,2,17,6,1,3,4,0,2,1,0,1,2,1
53,2,14,12,2,1,7,0,5,6,1,1,2,0
55,2,13,2,2,2,12,20,5,7,1,0,2,0
73,2,6,18,1,1,7,1,6,8,1,1,2,0
26,3,13,2,1,2,3,3,3,1,0,1,1,0
27,3,18,13,1,5,9,14,5,9,1,0,2,0
30,3,11,17,2,4,10,19,0,9,0,0,2,1
31,3,13,2,1,2,3,6,1,9,0,0,1,0
45,3,5,16,2,5,1,15,4,5,0,0,3,0
50,3,2,5,2,1,6,1,4,8,0,1,2,0
70,3,10,15,2,1,5,2,1,8,0,1,3,0
73,3,9,10,2,3,4,17,4,5,0,0,1,0
30,1,8,3,2,3,8,20,5,12,1,0,1,1
57,1,3,8,2,1,6,18,3,3,0,0,2,0
59,1,6,18,2,4,10,2,5,9,1,1,2,0
65,1,5,16,1,5,1,11,1,7,0,0,2,0
28,2,5,16,1,3,8,1,5,5,1,1,1,0
30,2,17,6,1,3,4,1,3,3,0,1,1,1
41,2,10,15,2,3,8,1,2,6,0,1,3,0
45,2,8,3,2,5,9,6,4,5,0,0,2,0
50,2,10,15,2,5,9,20,2,4,0,0,3,0
65,2,9,10,2,2,3,9,0,1,0,0,2,0
68,2,1,19,1,2,3,13,6,5,1,0,1,0
27,3,10,15,2,1,6,23,3,9,0,1,2,0
30,3,17,6,1,1,5,17,2,3,0,0,2,1
35,3,19,7,2,4,10,9,4,3,0,0,2,0
43,3,19,7,1,1,6,16,3,10,0,0,1,0
69,3,15,1,2,2,12,15,3,6,0,0,2,0
20,1,11,17,1,3,4,16,3,10,0,0,1,0
24,1,3,8,1,3,4,17,3,2,0,0,1,0
29,1,7,20,2,2,3,10,3,8,0,0,2,0
30,1,18,13,1,5,1,7,3,10,0,0,2,1
48,1,5,16,1,5,1,23,2,6,0,1,2,0
58,1,2,5,1,5,11,10,3,10,0,0,3,0
66,1,6,18,2,1,5,20,0,9,0,0,1,0
69,1,2,5,1,1,5,8,4,6,0,0,1,0
70,1,8,3,2,5,11,20,5,2,1,0,1,0
28,2,18,13,2,5,9,2,1,2,0,1,1,1
30,2,12,14,2,1,6,16,6,12,1,0,1,1
42,2,11,17,2,3,8,1,5,2,1,1,1,0
46,2,12,14,2,5,9,16,5,7,1,0,1,0
58,2,18,13,1,5,1,3,2,1,0,1,1,0
67,2,10,15,2,2,3,23,4,7,0,1,1,0
68,2,14,12,2,3,8,17,0,3,0,0,3,0
69,2,4,11,2,2,2,21,1,11,0,0,1,0
23,3,10,15,1,5,1,20,6,11,1,0,1,0
30,3,7,20,2,1,7,20,6,3,1,0,1,1
36,3,2,5,1,2,12,9,6,10,1,0,1,0
18,1,14,12,2,3,4,5,2,4,0,1,1,0
30,1,6,18,2,5,11,15,6,1,1,0,2,1
41,1,7,20,1,3,4,12,1,12,0,0,2,0
53,1,1,19,2,2,12,4,3,6,0,1,3,0
56,1,18,13,2,5,1,2,6,5,1,1,2,0
60,1,17,6,2,1,6,6,3,9,0,0,3,0
61,1,17,6,2,1,7,22,1,1,0,1,1,0
63,1,14,12,1,5,9,5,5,6,1,1,1,0
71,1,5,16,2,5,1,16,1,4,0,0,1,0
20,2,18,13,1,3,8,23,2,1,0,1,1,0
30,2,10,15,2,3,4,8,4,9,0,0,2,1
31,2,16,4,2,1,5,6,0,4,0,0,1,0
37,2,18,13,1,3,8,4,4,2,0,1,1,0
38,2,3,8,2,4,10,2,5,10,1,1,2,0
49,2,2,5,1,5,9,12,5,9,1,0,1,0
66,2,5,16,1,3,8,4,2,9,0,1,2,0
21,3,7,20,2,1,6,6,5,11,1,0,3,0
30,3,10,15,1,3,8,0,1,1,0,1,1,1
52,3,8,3,1,4,10,13,1,9,0,0,1,0
70,3,19,7,2,1,6,17,3,4,0,0,3,0
72,3,6,18,1,2,3,11,6,11,1,0,3,0
18,1,1,19,1,5,9,8,3,5,0,0,2,0
30,1,16,4,1,2,3,14,0,6,0,0,1,1
31,1,20,9,2,1,5,6,2,7,0,0,1,0
33,1,2,5,1,5,11,23,1,2,0,1,2,0
49,1,4,11,2,3,8,14,4,4,0,0,2,0
58,1,16,4,1,1,5,4,2,9,0,1,2,0
64,1,11,17,2,5,9,3,2,8,0,1,1,0
68,1,18,13,1,3,4,6,2,11,0,0,2,0
19,2,15,1,2,4,10,5,6,3,1,1,1,1
20,2,6,18,1,1,7,3,1,11,0,1,1,0
26,2,12,14,2,5,11,18,0,3,0,0,1,0
30,2,16,4,1,2,2,14,2,7,0,0,2,1
34,2,10,15,1,5,11,9,5,3,1,0,2,0
38,2,2,5,1,5,9,8,1,1,0,0,1,0
30,3,9,10,2,5,11,6,6,3,1,0,1,1
32,3,4,11,2,2,12,16,0,10,0,0,1,0
34,3,19,7,1,5,11,22,5,8,1,1,1,0
41,3,6,18,2,4,10,9,4,5,0,0,3,0
52,3,16,4,1,3,8,10,6,1,1,0,2,0
68,3,5,16,1,2,2,22,6,1,1,1,2,0
72,3,3,8,2,2,12,4,2,10,0,1,2,0
18,1,20,9,1,5,11,2,3,6,0,1,2,0
20,1,3,8,2,3,8,11,3,1,0,0,2,0
30,1,10,15,2,2,2,23,2,10,0,1,3,1
36,1,17,6,1,2,3,12,6,1,1,0,2,0
48,1,6,18,1,2,2,15,4,10,0,0,3,0
52,1,8,3,1,1,7,9,1,12,0,0,2,0
59,1,14,12,1,2,3,12,5,4,1,0,1,0
70,1,6,18,1,1,6,5,2,9,0,1,2,0
22,2,20,9,2,5,9,12,1,4,0,0,2,0
30,2,17,6,2,5,11,0,5,3,1,1,2,1
34,2,13,2,2,3,8,6,0,10,0,0,1,0
63,2,10,15,1,3,8,3,0,1,0,1,2,0
30,3,17,6,2,1,7,10,0,6,0,0,2,1
32,3,15,1,2,4,10,5,4,6,0,1,1,0
34,3,14,12,2,3,8,18,2,12,0,0,3,0
46,3,10,15,1,5,9,4,1,7,0,1,2,0
52,3,9,10,1,3,4,5,2,9,0,1,1,0
54,3,17,6,1,1,7,16,0,10,0,0,3,0
58,3,13,2,1,4,10,18,0,10,0,0,1,0
64,3,3,8,1,1,6,6,6,6,1,0,2,0
66,3,9,10,2,2,3,1,2,8,0,1,2,0
24,1,6,18,2,1,5,8,4,8,0,0,1,0
30,1,10,15,2,3,8,3,5,7,1,1,3,1
41,1,19,7,2,3,8,7,4,10,0,0,1,0
47,1,12,14,2,1,5,19,5,10,1,0,3,0
75,1,19,7,2,1,6,23,0,3,0,1,1,0
21,2,19,7,2,3,4,1,6,4,1,1,2,0
29,2,1,19,2,5,9,3,3,7,0,1,2,0
30,2,6,18,2,5,11,19,2,6,0,0,1,1
43,2,17,6,2,1,5,1,6,10,1,1,2,0
52,2,14,12,1,3,8,9,3,2,0,0,1,0
56,2,16,4,2,3,4,12,1,4,0,0,1,0
70,2,9,10,1,2,3,13,4,1,0,0,1,0
28,3,15,1,1,2,12,1,1,2,0,1,2,0
30,3,16,4,2,2,12,14,0,8,0,0,1,1
37,3,14,12,2,3,8,11,5,8,1,0,3,0
38,3,8,3,2,5,1,17,0,9,0,0,2,0
41,3,6,18,2,1,5,6,6,12,1,0,1,0
44,3,12,14,2,2,3,10,2,11,0,0,2,0
56,3,15,1,2,2,2,9,3,12,0,0,1,0
66,3,6,18,2,5,11,10,3,9,0,0,1,0
68,3,10,15,2,1,7,16,5,6,1,0,3,0
74,3,7,20,2,1,7,9,3,3,0,0,1,0
21,1,10,15,2,5,9,23,3,9,0,1,1,0
23,1,20,9,2,1,7,18,5,5,1,0,2,0
28,1,13,2,1,1,6,22,5,3,1,1,3,0
30,1,2,5,2,5,9,17,5,3,1,0,1,1
55,1,11,17,1,1,6,13,3,1,0,0,2,0
60,1,17,6,2,5,1,3,0,3,0,1,2,0
61,1,19,7,2,1,7,15,4,7,0,0,3,0
64,1,5,16,2,4,10,10,4,12,0,0,3,0
66,1,2,5,1,2,2,11,6,6,1,0,3,0
18,2,16,4,2,2,2,4,0,3,0,1,1,0
27,2,20,9,2,1,7,17,3,2,0,0,1,0
30,2,7,20,1,1,7,12,3,10,0,0,2,1
39,2,19,7,1,5,11,20,4,6,0,0,2,0
41,2,5,16,1,5,1,21,4,10,0,0,1,0
58,2,10,15,1,5,11,5,6,5,1,1,3,0
63,2,20,9,1,3,8,20,5,4,1,0,2,0
64,2,9,10,2,2,3,8,6,8,1,0,1,0
70,2,14,12,1,5,9,19,4,9,0,0,1,1
71,2,19,7,1,3,4,17,3,12,0,0,1,0
19,3,12,14,2,1,6,20,1,9,0,0,1,1
30,3,6,18,2,1,5,5,4,2,0,1,2,1
45,3,7,20,1,1,6,11,1,12,0,0,1,0
63,3,15,1,2,2,3,15,2,6,0,0,3,0
64,3,12,14,2,2,12,10,0,10,0,0,1,0
68,3,17,6,1,2,2,17,5,12,1,0,1,0
75,3,1,19,1,5,1,7,4,7,0,0,1,0
24,1,14,12,1,2,3,22,1,2,0,1,1,0
30,1,17,6,2,1,5,18,1,5,0,0,1,1
52,1,3,8,2,1,7,21,1,10,0,0,3,0
64,1,14,12,1,5,11,20,2,4,0,0,3,0
72,1,13,2,2,1,7,10,6,10,1,0,2,0
73,1,14,12,2,5,11,9,4,3,0,0,2,0
30,2,3,8,2,1,7,19,3,1,0,0,2,1
32,2,5,16,1,2,12,6,0,10,0,0,2,0
42,2,9,10,2,5,1,14,0,6,0,0,1,0
54,2,16,4,1,1,6,2,2,10,0,1,2,0
66,2,17,6,2,3,8,1,0,9,0,1,2,0
21,3,18,13,2,3,4,1,2,3,0,1,1,0
25,3,3,8,2,1,7,21,1,10,0,0,3,0
30,3,14,12,2,1,5,17,0,3,0,0,2,1
43,3,14,12,2,3,4,10,4,11,0,0,3,0
49,3,4,11,2,5,11,13,0,12,0,0,3,0
50,3,10,15,1,5,1,16,2,7,0,0,1,0
72,3,17,6,2,2,12,3,3,6,0,1,1,0
74,3,12,14,1,3,8,4,1,11,0,1,3,0
24,1,3,8,2,4,10,4,3,9,0,1,1,0
30,1,19,7,2,1,5,7,3,3,0,0,1,1
60,1,1,19,1,2,3,10,0,8,0,0,1,0
62,1,5,16,1,3,4,17,4,1,0,0,1,0
73,1,20,9,1,3,4,13,2,11,0,0,1,0
21,2,10,15,1,2,12,10,4,6,0,0,2,0
23,2,13,2,1,2,2,3,6,2,1,1,1,0
26,2,18,13,2,1,6,4,2,4,0,1,2,0
30,2,3,8,2,2,2,22,1,3,0,1,3,1
34,2,13,2,1,5,9,11,0,10,0,0,1,0
58,2,19,7,2,1,7,15,4,7,0,0,3,0
60,2,8,3,2,2,12,12,5,12,1,0,2,0
20,3,19,7,1,4,10,0,3,11,0,1,1,0
25,3,1,19,2,1,7,5,6,12,1,1,3,0
30,3,9,10,2,3,4,2,2,2,0,1,1,0
39,3,17,6,2,2,12,21,3,3,0,0,2,0
66,3,1,19,1,2,12,1,4,6,0,1,2,0
18,1,5,16,2,2,3,20,6,8,1,0,1,0
19,1,8,3,1,2,3,21,2,8,0,0,2,0
30,1,18,13,2,1,6,9,5,3,1,0,1,1
35,1,1,19,2,1,6,7,2,7,0,0,1,0
62,1,17,6,2,1,6,19,3,2,0,0,1,0
64,1,16,4,2,2,3,8,5,6,1,0,3,0
30,2,6,18,2,1,7,15,0,8,0,0,2,1
37,2,11,17,2,2,3,18,3,12,0,0,3,0
62,2,3,8,2,5,1,15,2,8,0,0,1,0
69,2,16,4,1,1,5,9,0,12,0,0,2,0
70,2,4,11,1,4,10,3,0,6,0,1,1,0
71,2,17,6,1,2,2,22,3,3,0,1,1,0
19,3,6,18,1,3,4,10,4,12,0,0,2,0
26,3,8,3,2,3,4,7,0,4,0,0,2,0
29,3,18,13,2,5,9,11,5,1,1,0,2,0
30,3,5,16,2,1,6,14,5,12,1,0,1,1
35,3,4,11,1,1,7,21,4,2,0,0,1,0
40,3,9,10,1,2,2,11,2,9,0,0,1,0
56,3,10,15,2,5,1,4,2,7,0,1,3,0
61,3,17,6,1,4,10,22,0,3,0,1,1,0
65,3,5,16,2,5,1,17,6,6,1,0,2,0
72,3,9,10,2,1,7,19,0,12,0,0,3,0
22,1,3,8,1,2,12,20,5,1,1,0,1,0
28,1,12,14,1,5,9,19,2,10,0,0,1,0
30,1,11,17,2,1,7,18,1,4,0,0,1,1
40,1,11,17,1,1,5,0,6,2,1,1,3,0
43,1,7,20,2,3,8,21,3,6,0,0,2,0
61,1,3,8,1,5,1,8,3,7,0,0,1,1
62,1,7,20,2,2,2,19,4,1,0,0,1,0
25,2,2,5,1,2,3,11,5,10,1,0,3,0
27,2,7,20,2,3,4,4,5,9,1,1,1,0
30,2,15,1,2,1,7,10,6,1,1,0,3,1
42,2,14,12,1,1,6,17,6,5,1,0,2,0
52,2,13,2,2,5,11,8,1,8,0,0,1,0
60,2,3,8,1,5,1,16,3,9,0,0,2,0
29,3,7,20,2,4,10,4,4,5,0,1,1,0
30,3,7,20,1,1,5,4,2,7,0,1,1,1
47,3,19,7,2,2,3,19,6,10,1,0,1,1
52,3,12,14,1,2,2,0,4,2,0,1,2,0
59,3,16,4,1,1,7,5,0,2,0,1,1,0
74,3,9,10,1,1,7,23,3,2,0,1,1,0
25,1,9,10,2,1,7,4,3,5,0,1,1,0
30,1,6,18,1,4,10,13,3,2,0,0,3,1
35,1,17,6,1,3,8,7,1,3,0,0,1,0
36,1,7,20,2,5,1,1,4,6,0,1,2,1
37,1,3,8,2,3,4,8,2,3,0,0,2,0
42,1,20,9,1,1,5,15,5,1,1,0,3,0
43,1,4,11,2,1,5,18,1,1,0,0,1,0
52,1,14,12,2,1,5,11,4,3,0,0,2,1
62,1,17,6,2,2,3,15,6,8,1,0,2,0
64,1,12,14,1,2,12,6,4,11,0,0,2,0
68,1,5,16,1,2,3,22,1,9,0,1,3,0
72,1,15,1,2,1,6,2,0,9,0,1,3,1
18,2,13,2,1,5,1,7,4,11,0,0,1,0
20,2,16,4,2,1,6,3,2,8,0,1,3,0
21,2,13,2,2,3,8,10,5,10,1,0,1,0
27,2,10,15,2,3,8,18,4,10,0,0,1,0
30,2,7,20,2,5,9,5,5,6,1,1,3,1
38,2,5,16,2,2,12,17,5,3,1,0,3,0
39,2,4,11,2,4,10,4,1,10,0,1,1,0
58,2,19,7,1,5,11,8,3,6,0,0,2,0
63,2,2,5,1,4,10,22,4,8,0,1,2,0
30,3,4,11,2,3,8,18,0,5,0,0,3,1
44,3,3,8,1,2,2,9,3,1,0,0,2,0
68,3,18,13,1,2,3,12,0,8,0,0,2,0
30,1,1,19,1,1,7,2,6,3,1,1,2,1
31,1,16,4,2,5,9,10,4,3,0,0,2,0
34,1,9,10,2,3,4,8,3,5,0,0,1,0
38,1,8,3,2,3,4,14,3,9,0,0,1,0
54,1,8,3,1,2,3,14,1,11,0,0,3,0
69,1,15,1,1,5,1,15,2,10,0,0,3,0
75,1,9,10,1,3,4,9,3,7,0,0,2,0
30,2,11,17,2,1,7,2,5,5,1,1,1,1
61,2,9,10,1,4,10,10,6,4,1,0,1,0
21,3,13,2,1,5,1,12,6,7,1,0,2,0
22,3,8,3,1,2,3,19,6,7,1,0,1,0
30,3,18,13,2,5,11,8,5,12,1,0,3,1
41,3,4,11,2,2,3,9,4,3,0,0,1,0
43,3,7,20,2,1,7,12,6,2,1,0,1,0
50,3,16,4,1,1,5,18,5,6,1,0,1,0
58,3,12,14,1,5,9,18,4,1,0,0,2,0
19,1,8,3,2,1,6,5,4,2,0,1,2,0
27,1,10,15,2,3,4,2,4,9,0,1,2,0
30,1,5,16,2,1,5,8,0,11,0,0,1,1
41,1,13,2,1,2,12,18,4,1,0,0,1,0
68,1,13,2,1,1,5,7,0,11,0,0,2,0
70,1,10,15,1,1,6,11,1,10,0,0,3,0
74,1,3,8,1,1,5,20,4,5,0,0,3,1
75,1,6,18,2,1,6,13,4,1,0,0,1,0
18,2,19,7,1,2,2,16,2,8,0,0,2,0
20,2,10,15,1,4,10,23,5,10,1,1,2,0
30,2,1,19,1,4,10,16,3,1,0,0,2,1
34,2,9,10,2,3,4,13,2,9,0,0,1,0
65,2,9,10,2,2,3,11,0,5,0,0,1,0
66,2,2,5,2,5,11,21,1,1,0,0,2,0
28,3,18,13,2,3,4,21,0,1,0,0,1,0
30,3,9,10,1,1,7,14,5,1,1,0,1,1
35,3,20,9,2,1,7,18,0,10,0,0,3,0
36,3,13,2,1,5,1,23,2,2,0,1,2,0
40,3,18,13,2,1,7,12,4,7,0,0,1,0
55,3,2,5,1,2,2,5,1,4,0,1,1,0
71,3,5,16,1,5,9,14,6,3,1,0,1,0
28,1,12,14,2,1,6,8,3,1,0,0,3,0
30,1,6,18,2,1,5,14,6,9,1,0,2,1
47,1,10,15,2,1,7,7,5,10,1,0,1,0
48,1,9,10,1,1,6,22,4,8,0,1,1,1
50,1,1,19,2,2,3,7,6,11,1,0,2,0
52,1,20,9,2,5,9,23,2,11,0,1,1,0
20,2,3,8,2,5,11,22,4,5,0,1,1,0
28,2,19,7,1,5,11,23,0,12,0,1,1,0
30,2,3,8,1,3,8,11,3,7,0,0,2,1
51,2,9,10,2,5,9,11,2,4,0,0,1,0
52,2,18,13,1,1,7,12,0,3,0,0,2,0
56,2,7,20,1,2,2,20,6,8,1,0,1,0
65,2,19,7,1,2,2,10,3,2,0,0,3,1
75,2,6,18,2,1,7,22,4,3,0,1,1,0
30,3,5,16,1,2,12,0,0,3,0,1,2,1
34,3,8,3,2,1,7,9,0,5,0,0,2,0
53,3,19,7,2,4,10,20,6,6,1,0,3,0
61,3,6,18,1,4,10,13,3,2,0,0,3,0
65,3,14,12,2,1,5,7,5,2,1,0,3,0
70,3,16,4,2,3,8,16,1,10,0,0,3,0
27,1,14,12,1,2,2,3,5,4,1,1,2,0
28,1,14,12,1,2,2,10,6,4,1,0,3,0
30,1,4,11,1,1,7,23,0,1,0,1,2,1
32,1,14,12,2,4,10,13,1,3,0,0,2,0
56,1,16,4,2,2,2,17,5,8,1,0,1,0
18,2,17,6,2,3,8,7,4,7,0,0,2,0
30,2,14,12,2,4,10,17,1,4,0,0,3,1
36,2,20,9,2,3,4,8,6,4,1,0,1,0
37,2,12,14,2,3,8,1,0,9,0,1,3,0
43,2,17,6,2,4,10,6,4,6,0,0,1,0
54,2,9,10,2,5,11,22,1,2,0,1,2,0
56,2,7,20,2,1,6,6,5,11,1,0,3,1
63,2,6,18,1,2,12,7,3,5,0,0,2,0
71,2,15,1,2,3,8,5,0,7,0,1,1,0
25,3,9,10,1,1,6,4,2,1,0,1,1,0
34,3,2,5,1,5,9,0,1,1,0,1,2,0
36,3,8,3,2,5,1,18,4,2,0,0,3,0
38,3,14,12,2,4,10,16,5,8,1,0,1,0
40,3,1,19,2,3,8,13,1,4,0,0,3,0
41,3,19,7,2,2,12,18,3,8,0,0,1,0
44,3,6,18,2,5,9,17,0,8,0,0,2,0
45,3,11,17,1,1,5,8,4,11,0,0,2,0
56,3,10,15,2,2,3,1,4,9,0,1,2,0
58,3,3,8,2,3,8,23,0,6,0,1,1,0
67,3,17,6,1,5,1,7,0,6,0,0,1,0
71,3,10,15,2,3,8,6,2,11,0,0,3,0
30,1,4,11,1,3,4,2,2,3,0,1,2,1
59,1,5,16,2,5,9,10,5,3,1,0,1,0
72,1,20,9,1,4,10,16,4,1,0,0,1,0
20,2,20,9,2,3,4,19,1,3,0,0,1,0
30,2,13,2,1,5,11,19,5,5,1,0,1,1
33,2,9,10,2,2,12,14,6,12,1,0,1,0
36,2,15,1,1,2,2,16,6,6,1,0,1,0
46,2,4,11,1,3,8,1,3,2,0,1,3,0
54,2,16,4,1,3,8,13,0,2,0,0,1,0
62,2,18,13,1,1,6,2,2,5,0,1,1,0
67,2,17,6,2,4,10,0,2,3,0,1,1,0
26,3,6,18,2,3,4,23,6,5,1,1,2,0
30,3,9,10,1,1,5,16,1,2,0,0,1,1
56,3,8,3,2,2,3,15,2,9,0,0,1,0
57,3,2,5,1,5,11,1,3,9,0,1,1,0
65,3,1,19,2,2,3,1,4,5,0,1,1,0
22,1,2,5,1,4,10,0,1,9,0,1,1,0
29,1,13,2,1,5,11,14,5,7,1,0,1,0
30,1,13,2,2,2,12,0,5,8,1,1,1,1
43,1,17,6,2,1,6,6,3,9,0,0,3,0
47,1,17,6,1,4,10,2,0,9,0,1,1,0
58,1,18,13,2,3,4,20,2,2,0,0,1,0
66,1,3,8,2,5,9,21,4,8,0,0,1,0
19,2,4,11,2,2,3,13,3,10,0,0,1,0
26,2,7,20,1,2,12,22,1,3,0,1,2,0
28,2,12,14,1,1,7,3,5,4,1,1,1,0
29,2,20,9,2,5,1,17,0,11,0,0,1,0
30,2,9,10,1,5,11,8,4,4,0,0,2,1
37,2,9,10,1,3,4,1,2,7,0,1,1,0
60,2,15,1,2,2,12,10,6,7,1,0,1,0
62,2,7,20,1,2,12,8,4,5,0,0,3,0
66,2,10,15,1,5,11,14,1,4,0,0,1,0
67,2,18,13,1,1,7,17,0,1,0,0,1,0
73,2,2,5,1,2,3,4,6,6,1,1,2,0
74,2,10,15,2,2,12,1,6,10,1,1,2,0
30,3,19,7,1,2,12,17,6,6,1,0,1,1
62,3,18,13,1,5,1,14,1,10,0,0,1,0
20,1,5,16,2,3,4,20,5,9,1,0,1,0
29,1,12,14,2,1,7,21,0,11,0,0,3,0
30,1,12,14,1,2,2,15,3,9,0,0,3,1
36,1,2,5,1,3,4,3,0,1,0,1,2,0
45,1,12,14,1,2,3,23,4,9,0,1,2,0
48,1,6,18,1,2,3,1,5,4,1,1,1,0
56,1,4,11,1,3,8,15,0,2,0,0,2,0
62,1,16,4,1,4,10,16,6,3,1,0,1,0
70,1,13,2,1,3,8,15,0,8,0,0,1,0
28,2,4,11,2,2,2,6,6,11,1,0,1,0
30,2,15,1,2,2,3,9,6,1,1,0,1,1
37,2,14,12,2,5,9,3,5,9,1,1,3,0
44,2,1,19,2,1,7,1,4,4,0,1,3,0
45,2,15,1,2,4,10,23,4,1,0,1,1,0
48,2,12,14,1,1,7,13,2,7,0,0,2,0
53,2,13,2,2,4,10,16,5,2,1,0,1,0
61,2,2,5,2,5,9,21,0,3,0,0,1,0
21,3,10,15,2,3,4,20,1,1,0,0,2,0
30,3,13,2,1,1,6,22,6,4,1,1,3,1
36,3,7,20,1,3,8,20,6,10,1,0,1,0
41,3,5,16,1,1,7,6,3,8,0,0,2,0
43,3,2,5,1,4,10,22,2,12,0,1,1,0
50,3,15,1,2,1,7,3,3,5,0,1,1,0
53,3,16,4,1,3,8,7,4,2,0,0,2,1
56,3,13,2,1,1,7,21,1,7,0,0,3,0
59,3,3,8,1,5,9,11,3,1,0,0,3,0
60,3,17,6,1,2,12,7,1,6,0,0,3,0
64,3,8,3,2,2,3,9,5,9,1,0,1,0
73,3,20,9,1,3,4,14,2,10,0,0,1,0
20,1,10,15,1,3,8,10,2,7,0,0,2,0
28,1,10,15,1,1,6,19,2,11,0,0,1,0
30,1,15,1,1,5,9,13,4,3,0,0,3,1
48,1,12,14,1,4,10,2,0,9,0,1,2,0
49,1,2,5,1,5,1,3,6,5,1,1,1,0
54,1,9,10,2,2,2,4,2,4,0,1,1,0
70,1,6,18,2,5,9,9,0,10,0,0,2,0
30,2,14,12,2,5,1,11,5,5,1,0,2,1
34,2,5,16,1,2,3,11,0,2,0,0,1,0
48,2,15,1,1,5,11,1,6,3,1,1,2,0
63,2,17,6,1,2,2,2,4,3,0,1,1,0
66,2,12,14,2,2,3,13,3,3,0,0,1,1
67,2,15,1,1,3,4,17,4,5,0,0,3,0
68,2,3,8,2,1,5,12,3,4,0,0,1,0
30,3,12,14,2,1,7,2,5,3,1,1,1,1
45,3,4,11,2,5,1,12,4,9,0,0,1,0
68,3,1,19,1,3,8,15,5,11,1,0,2,0
75,3,16,4,2,2,12,20,3,10,0,0,1,0
26,1,7,20,1,2,3,13,5,7,1,0,1,0
30,1,19,7,2,1,7,5,4,10,0,1,2,1
33,1,5,16,2,3,8,18,1,4,0,0,1,1
38,1,2,5,2,1,7,5,3,1,0,1,3,0
70,1,11,17,1,5,11,13,2,2,0,0,2,0
71,1,20,9,2,5,1,10,5,4,1,0,3,0
30,2,5,16,1,5,1,8,5,3,1,0,1,1
33,2,1,19,1,2,3,23,6,9,1,1,3,0
36,2,5,16,2,2,12,5,6,2,1,1,2,0
49,2,5,16,2,2,12,7,6,2,1,0,1,0
50,2,18,13,1,5,11,5,4,9,0,1,1,0
51,2,3,8,1,1,6,15,0,5,0,0,2,0
61,2,16,4,1,3,4,14,3,1,0,0,3,0
69,2,11,17,2,5,9,21,1,11,0,0,1,0
26,3,17,6,2,2,12,10,3,3,0,0,2,0
28,3,8,3,1,4,10,19,3,1,0,0,1,0
30,3,1,19,1,5,9,4,5,7,1,1,2,1
37,3,17,6,1,5,1,2,1,8,0,1,1,0
41,3,11,17,1,2,3,2,4,11,0,1,1,0
47,3,4,11,1,5,1,22,5,8,1,1,3,0
65,3,20,9,1,2,2,20,0,10,0,0,2,0
70,3,3,8,2,3,4,8,0,10,0,0,3,0
21,1,5,16,2,1,7,15,1,8,0,0,1,0
26,1,9,10,2,5,1,21,0,5,0,0,3,0
30,1,1,19,2,1,7,20,5,7,1,0,1,1
63,1,11,17,1,1,7,3,5,5,1,1,3,1
69,1,11,17,1,2,3,21,4,11,0,0,1,0
19,2,14,12,1,3,8,6,0,4,0,0,3,0
20,2,10,15,1,2,2,21,2,6,0,0,1,0
25,2,8,3,2,2,2,11,3,6,0,0,1,0
30,2,16,4,1,1,7,13,4,9,0,0,3,1
37,2,19,7,2,3,4,6,5,6,1,0,2,0
55,2,11,17,1,3,8,11,4,10,0,0,3,0
60,2,10,15,1,1,5,10,2,1,0,0,1,0
72,2,10,15,1,5,11,17,6,12,1,0,1,0
30,3,4,11,1,1,6,12,2,8,0,0,3,1
37,3,19,7,1,5,9,10,2,5,0,0,1,0
38,3,3,8,2,5,11,11,4,3,0,0,2,0
65,3,13,2,1,1,5,13,0,12,0,0,3,1
21,1,18,13,2,1,6,4,4,3,0,1,3,0
23,1,5,16,2,2,12,17,5,3,1,0,3,0
29,1,13,2,1,5,11,21,6,12,1,0,2,0
30,1,6,18,1,2,12,14,6,1,1,0,2,1
45,1,17,6,1,3,8,6,2,3,0,0,1,0
48,1,13,2,1,5,1,5,4,9,0,1,2,0
59,1,10,15,2,2,3,6,1,10,0,0,1,0
66,1,15,1,1,3,8,1,5,6,1,1,2,0
68,1,4,11,2,1,6,22,2,3,0,1,2,0
19,2,17,6,1,1,6,23,4,8,0,1,2,0
26,2,17,6,2,1,6,17,1,11,0,0,1,0
27,2,14,12,2,1,5,7,5,2,1,0,3,0
30,2,18,13,1,3,8,3,4,6,0,1,3,1
31,2,13,2,1,5,1,17,3,3,0,0,2,0
49,2,5,16,2,2,3,3,4,6,0,1,2,0
67,2,14,12,2,5,9,22,1,1,0,1,3,0
70,2,16,4,1,5,1,17,1,5,0,0,2,0
30,3,4,11,2,1,6,0,3,4,0,1,1,1
44,3,16,4,1,5,1,22,1,3,0,1,1,0
46,3,16,4,2,4,10,20,5,4,1,0,3,0
54,3,6,18,1,5,1,2,0,10,0,1,2,0
59,3,5,16,2,4,10,15,0,10,0,0,2,0
72,3,14,12,2,1,5,5,1,8,0,1,3,0
73,3,8,3,2,5,1,10,3,9,0,0,2,0
18,1,17,6,1,1,5,15,0,8,0,0,3,0
21,1,4,11,1,3,4,19,2,2,0,0,3,0
22,1,13,2,1,1,5,23,1,10,0,1,3,0
30,1,19,7,1,2,3,23,2,3,0,1,3,1
35,1,15,1,2,5,1,3,6,1,1,1,2,0
47,1,6,18,1,2,12,1,4,8,0,1,2,0
55,1,13,2,2,5,1,7,4,5,0,0,1,1
67,1,13,2,1,2,12,20,0,6,0,0,3,0
22,2,14,12,2,3,8,13,4,10,0,0,1,0
30,2,16,4,1,4,10,14,2,8,0,0,3,1
39,2,6,18,1,4,10,6,5,3,1,0,3,0
30,3,5,16,1,2,3,22,5,10,1,1,2,1
37,3,12,14,1,2,12,14,5,4,1,0,1,1
46,3,14,12,1,2,2,8,5,6,1,0,1,0
51,3,7,20,1,2,2,12,1,2,0,0,3,0
59,3,18,13,1,1,7,19,1,9,0,0,1,0
64,3,13,2,2,1,6,17,2,9,0,0,3,0
67,3,13,2,1,1,6,0,5,4,1,1,1,0
69,3,17,6,2,1,6,13,6,3,1,0,1,0
30,1,14,12,2,1,5,20,0,4,0,0,3,1
37,1,7,20,1,5,1,0,6,12,1,1,1,0
45,1,4,11,1,5,9,0,6,11,1,1,2,0
49,1,13,2,1,2,2,2,5,8,1,1,3,0
52,1,11,17,2,4,10,11,4,10,0,0,1,0
53,1,4,11,2,1,6,21,5,8,1,0,3,0
30,2,4,11,1,3,4,2,1,5,0,1,2,1
36,2,10,15,1,5,11,5,6,5,1,1,3,0
65,2,18,13,2,5,1,15,0,4,0,0,2,1
74,2,12,14,2,1,6,16,5,11,1,0,2,0
24,3,13,2,2,1,7,18,3,11,0,0,1,0
29,3,5,16,2,5,1,20,1,12,0,0,2,0
30,3,19,7,1,1,7,7,0,2,0,0,3,1
34,3,19,7,2,5,9,3,2,10,0,1,3,0
53,3,13,2,1,2,3,23,6,3,1,1,2,0
27,1,17,6,1,3,8,21,1,4,0,0,2,0
28,1,16,4,1,2,3,10,3,8,0,0,3,0
30,1,4,11,1,2,12,23,5,6,1,1,3,1
33,1,4,11,2,2,12,6,1,9,0,0,1,0
45,1,8,3,2,1,5,21,4,1,0,0,2,1
62,1,3,8,2,5,9,6,1,5,0,0,1,0
68,1,19,7,2,3,8,23,6,2,1,1,2,0
69,1,9,10,1,5,11,1,0,10,0,1,2,0
72,1,4,11,1,2,3,9,0,10,0,0,3,0
30,2,20,9,1,2,12,1,6,2,1,1,1,1
41,2,8,3,1,3,8,5,3,6,0,1,1,0
49,2,11,17,2,5,9,16,3,6,0,0,3,0
62,2,12,14,2,4,10,13,4,11,0,0,2,0
63,2,8,3,1,1,6,12,2,3,0,0,1,0
71,2,5,16,2,3,4,18,6,10,1,0,1,0
72,2,8,3,1,2,12,22,5,11,1,1,2,0
19,3,4,11,1,2,2,4,3,1,0,1,2,0
26,3,8,3,2,5,9,22,5,8,1,1,1,0
30,3,7,20,1,5,11,5,2,6,0,1,1,1
44,3,9,10,2,5,1,19,5,6,1,0,1,0
47,3,9,10,2,2,12,11,5,4,1,0,3,0
55,3,14,12,2,2,12,22,0,12,0,1,2,0
72,3,11,17,1,5,11,14,2,10,0,0,3,0
23,1,19,7,2,1,7,8,2,10,0,0,3,0
30,1,16,4,1,1,5,8,1,6,0,0,2,1
36,1,9,10,2,3,4,15,1,6,0,0,3,1
48,1,15,1,1,2,3,9,3,4,0,0,1,0
53,1,8,3,2,2,3,19,0,12,0,0,2,0
20,2,1,19,2,5,9,16,1,3,0,0,1,0
23,2,12,14,2,3,8,6,1,9,0,0,2,0
30,2,14,12,2,5,11,7,0,7,0,0,1,1
39,2,3,8,2,5,9,8,0,1,0,0,3,0
41,2,5,16,2,3,8,16,4,3,0,0,2,0
44,2,5,16,1,2,3,14,1,4,0,0,2,0
61,2,19,7,2,2,2,20,3,10,0,0,2,0
63,2,15,1,1,4,10,18,1,8,0,0,2,0
24,3,15,1,2,5,11,0,5,12,1,1,1,0
30,3,4,11,2,5,11,5,2,6,0,1,1,1
36,3,7,20,1,1,7,5,6,3,1,1,3,0
51,3,16,4,1,2,12,12,1,2,0,0,1,0
61,3,9,10,1,1,6,16,6,8,1,0,3,0
19,1,4,11,2,5,1,15,5,5,1,0,1,0
21,1,20,9,1,1,6,10,2,9,0,0,1,0
22,1,18,13,1,5,9,1,5,5,1,1,1,0
28,1,20,9,1,2,2,19,2,7,0,0,2,0
30,1,14,12,2,4,10,14,3,7,0,0,1,1
33,1,17,6,2,1,5,10,4,6,0,0,1,0
59,1,4,11,2,1,6,6,3,2,0,0,1,0
30,2,4,11,1,1,6,8,5,2,1,0,2,1
35,2,1,19,1,2,12,14,6,5,1,0,1,0
54,2,19,7,1,2,12,17,6,2,1,0,1,1
23,3,4,11,2,3,4,15,2,8,0,0,2,0
26,3,3,8,2,2,2,18,4,5,0,0,1,0
30,3,15,1,1,1,6,0,6,7,1,1,1,1
34,3,20,9,2,1,5,19,2,9,0,0,1,0
53,3,17,6,2,5,9,0,4,12,0,1,1,0
57,3,8,3,1,5,11,21,1,5,0,0,2,0
67,3,9,10,1,3,8,23,3,7,0,1,1,0
68,3,1,19,2,5,1,3,4,10,0,1,1,0
75,3,13,2,2,5,9,11,2,10,0,0,2,0
30,1,2,5,1,5,1,14,2,2,0,0,2,1
48,1,1,19,1,1,5,2,2,8,0,1,2,0
57,1,4,11,2,2,12,23,0,6,0,1,2,0
63,1,20,9,2,2,12,10,5,3,1,0,1,0
64,1,15,1,2,4,10,5,6,6,1,1,1,0
65,1,7,20,1,4,10,18,1,4,0,0,1,0
75,1,14,12,1,2,3,4,3,3,0,1,3,0
20,2,10,15,2,1,6,6,5,9,1,0,1,0
28,2,17,6,2,1,6,20,6,9,1,0,1,0
30,2,20,9,1,2,3,13,3,4,0,0,1,1
36,2,6,18,2,5,11,0,6,6,1,1,1,0
51,2,19,7,1,1,5,14,2,3,0,0,3,0
63,2,1,19,1,2,2,13,2,5,0,0,1,0
23,3,12,14,2,5,1,5,4,9,0,1,2,0
30,3,10,15,1,1,5,5,0,8,0,1,2,1
34,3,15,1,1,5,9,6,5,5,1,0,3,0
36,3,8,3,2,5,9,5,2,6,0,1,2,0
47,3,10,15,2,3,4,20,2,10,0,0,3,0
19,1,14,12,2,1,5,20,0,4,0,0,3,0
22,1,13,2,1,5,11,1,5,2,1,1,2,0
30,1,10,15,1,5,9,17,5,4,1,0,3,1
31,1,18,13,2,3,8,13,4,8,0,0,2,0
59,1,15,1,1,4,10,13,0,6,0,0,2,0
24,2,8,3,2,2,12,16,3,1,0,0,1,0
30,2,1,19,2,4,10,23,1,6,0,1,3,1
36,2,8,3,2,5,11,16,4,11,0,0,2,0
39,2,16,4,1,3,4,12,5,10,1,0,3,0
43,2,17,6,2,1,6,10,1,9,0,0,3,0
50,2,8,3,1,3,8,2,2,11,0,1,2,0
58,2,5,16,2,5,1,19,2,2,0,0,1,0
69,2,6,18,2,5,11,15,5,5,1,0,1,0
74,2,11,17,2,5,9,10,6,6,1,0,1,0
22,3,17,6,2,3,8,17,0,4,0,0,2,0
28,3,17,6,1,5,9,16,5,5,1,0,2,0
30,3,7,20,2,5,11,11,2,1,0,0,2,1
33,3,1,19,2,2,2,7,5,7,1,0,2,0
38,3,2,5,2,5,11,14,2,10,0,0,2,0
55,3,4,11,1,2,12,1,5,3,1,1,1,0
58,3,19,7,2,2,12,20,3,12,0,0,2,0
70,3,6,18,1,1,6,4,1,9,0,1,1,0
71,3,4,11,1,5,11,22,6,7,1,1,2,0
25,1,6,18,1,1,7,6,2,11,0,0,1,0
30,1,6,18,1,4,10,0,3,1,0,1,1,1
32,1,6,18,2,2,2,1,5,2,1,1,3,1
44,1,15,1,1,2,3,22,5,2,1,1,1,0
53,1,19,7,2,4,10,0,0,2,0,1,2,0
30,2,8,3,2,2,12,5,1,4,0,1,3,1
35,2,5,16,1,5,1,14,4,3,0,0,3,0
36,2,19,7,2,3,4,11,1,2,0,0,2,0
40,2,16,4,1,4,10,18,2,4,0,0,1,0
46,2,20,9,2,3,8,3,5,4,1,1,1,0
48,2,17,6,2,5,9,20,6,2,1,0,1,0
54,2,20,9,1,3,4,13,6,9,1,0,1,0
57,2,16,4,1,1,5,20,2,3,0,0,1,1
61,2,12,14,1,1,6,17,0,2,0,0,1,0
30,3,18,13,1,2,2,6,1,3,0,0,1,1
40,3,10,15,2,3,8,6,2,11,0,0,3,0
42,3,8,3,1,3,8,19,4,9,0,0,3,0
45,3,9,10,2,2,12,18,3,4,0,0,2,0
62,3,1,19,1,1,5,23,4,2,0,1,1,0
66,3,19,7,1,2,2,2,0,8,0,1,1,0
73,3,13,2,2,5,9,21,4,6,0,0,2,0
30,1,18,13,1,1,6,5,5,11,1,1,3,1
41,1,8,3,1,4,10,9,3,3,0,0,1,0
42,1,1,19,2,1,7,4,0,2,0,1,1,0
55,1,4,11,1,4,10,14,6,1,1,0,2,0
59,1,15,1,1,5,11,12,5,6,1,0,1,0
70,1,9,10,2,4,10,15,5,5,1,0,1,0
30,2,3,8,1,2,12,5,5,4,1,1,3,1
52,2,19,7,2,5,11,21,3,5,0,0,1,0
54,2,10,15,2,2,2,9,4,9,0,0,1,0
71,2,17,6,2,3,8,19,6,10,1,0,1,0
30,3,20,9,1,2,12,11,6,4,1,0,1,1
48,3,17,6,2,2,12,17,3,6,0,0,1,0
56,3,10,15,2,2,12,1,0,6,0,1,3,0
57,3,7,20,1,1,6,5,4,8,0,1,2,0
60,3,17,6,2,5,9,21,0,11,0,0,2,0
70,3,5,16,1,1,5,3,1,6,0,1,3,0
20,1,19,7,2,4,10,6,6,2,1,0,1,0
22,1,19,7,2,1,5,9,6,11,1,0,1,0
23,1,20,9,2,5,9,3,0,4,0,1,2,0
26,1,7,20,2,5,9,21,1,8,0,0,2,0
29,1,14,12,1,5,9,23,5,8,1,1,1,0
30,1,16,4,1,3,8,1,3,8,0,1,1,1
32,1,11,17,1,1,6,21,2,4,0,0,3,0
33,1,4,11,1,3,8,1,3,2,0,1,3,0
70,1,2,5,2,1,6,5,5,2,1,1,2,0
21,2,11,17,1,4,10,6,0,7,0,0,3,0
30,2,13,2,1,5,1,17,6,6,1,0,1,1
37,2,16,4,1,3,4,7,4,2,0,0,3,0
61,2,18,13,1,2,2,1,5,9,1,1,1,0
30,3,20,9,2,3,8,8,2,1,0,0,1,1
32,3,10,15,1,1,7,12,6,12,1,0,3,0
47,3,16,4,2,5,11,20,1,9,0,0,1,0
62,3,1,19,1,1,7,12,6,7,1,0,3,0
30,1,15,1,2,2,12,18,1,12,0,0,3,1
38,1,6,18,1,2,3,5,0,1,0,1,2,0
70,1,10,15,1,4,10,23,3,6,0,1,3,0
75,1,10,15,2,2,12,7,2,8,0,0,3,0
23,2,1,19,2,5,1,19,6,9,1,0,2,0
30,2,1,19,1,5,9,10,4,7,0,0,2,1
32,2,2,5,2,4,10,10,5,7,1,0,2,0
35,2,7,20,2,1,7,17,0,2,0,0,1,0
37,2,20,9,2,2,3,7,6,2,1,0,2,0
41,2,18,13,2,1,6,4,5,8,1,1,2,0
42,2,9,10,2,5,1,22,6,3,1,1,2,0
68,2,3,8,2,2,12,1,4,7,0,1,1,0
23,3,16,4,2,3,8,19,0,5,0,0,2,0
24,3,13,2,1,2,2,16,3,2,0,0,2,0
29,3,15,1,2,5,11,17,1,8,0,0,2,0
30,3,13,2,2,2,12,22,5,4,1,1,2,1
44,3,16,4,1,2,12,12,3,11,0,0,1,0
50,3,14,12,2,4,10,6,5,5,1,0,2,0
70,3,9,10,2,5,9,23,5,5,1,1,2,0
26,1,20,9,2,3,4,7,1,4,0,0,2,0
27,1,15,1,1,3,8,19,0,4,0,0,2,0
30,1,8,3,2,5,11,13,0,12,0,0,1,1
40,1,16,4,2,5,1,21,5,4,1,0,1,0
23,2,5,16,2,2,2,16,0,8,0,0,2,0
30,2,8,3,2,4,10,9,6,1,1,0,2,1
31,2,3,8,1,3,4,2,4,9,0,1,1,0
35,2,16,4,2,2,12,8,2,5,0,0,1,0
48,2,19,7,1,3,8,22,0,7,0,1,1,0
49,2,15,1,2,2,3,4,3,2,0,1,1,0
66,2,14,12,1,3,8,8,3,3,0,0,3,0
68,2,12,14,2,3,4,7,3,3,0,0,1,0
71,2,12,14,2,4,10,2,5,8,1,1,2,0
23,3,13,2,1,5,1,12,6,7,1,0,2,0
30,3,6,18,2,5,1,21,5,2,1,0,3,1
46,3,9,10,1,5,9,5,4,10,0,1,1,0
50,3,3,8,1,3,4,10,6,4,1,0,3,0
52,3,18,13,1,4,10,12,0,4,0,0,2,0
53,3,17,6,1,4,10,19,0,10,0,0,1,1
56,3,17,6,1,5,1,10,6,8,1,0,2,0
58,3,20,9,2,4,10,16,6,9,1,0,1,0
59,3,10,15,1,1,7,18,3,2,0,0,1,0
72,3,16,4,2,5,11,8,0,4,0,0,2,0
19,1,15,1,2,4,10,11,6,1,1,0,3,0
26,1,17,6,1,1,6,2,3,9,0,1,2,0
30,1,13,2,2,4,10,10,2,3,0,0,1,1
32,1,12,14,2,5,11,17,4,5,0,0,1,0
34,1,3,8,1,2,3,6,3,6,0,0,1,0
44,1,19,7,1,5,9,5,2,10,0,1,2,0
68,1,5,16,1,3,8,22,1,7,0,1,3,0
75,1,12,14,1,3,4,23,4,1,0,1,3,0
30,2,14,12,1,5,1,12,0,11,0,0,1,1
34,2,16,4,2,2,3,17,6,7,1,0,3,0
35,2,4,11,2,3,4,17,4,8,0,0,1,0
41,2,13,2,1,2,12,4,3,12,0,1,3,0
60,2,19,7,2,3,4,1,2,2,0,1,3,0
68,2,16,4,1,3,8,13,4,7,0,0,1,0
71,2,20,9,2,5,1,22,2,7,0,1,1,0
26,3,4,11,2,2,2,17,1,9,0,0,1,0
28,3,1,19,1,3,8,2,0,9,0,1,2,0
30,3,2,5,2,1,5,8,1,6,0,0,3,1
43,3,10,15,1,5,9,19,2,11,0,0,2,0
51,3,3,8,2,1,5,8,6,3,1,0,1,0
71,3,10,15,2,2,3,21,3,1,0,0,2,0
73,3,19,7,1,3,8,15,0,2,0,0,3,0
74,3,7,20,2,1,5,12,1,1,0,0,2,0
30,1,12,14,2,2,3,11,2,4,0,0,1,1
57,1,15,1,2,5,9,7,1,10,0,0,1,0
61,1,20,9,1,3,4,16,3,7,0,0,2,0
62,1,15,1,1,1,5,21,1,8,0,0,1,0
29,2,2,5,1,3,4,12,4,3,0,0,1,0
30,2,20,9,1,4,10,8,6,10,1,0,2,1
38,2,20,9,2,2,2,14,3,7,0,0,1,0
44,2,5,16,2,5,9,18,0,5,0,0,2,0
66,2,4,11,1,5,1,11,3,8,0,0,1,0
69,2,8,3,2,1,5,3,1,7,0,1,1,0
72,2,17,6,2,1,7,22,2,11,0,1,2,0
75,2,20,9,1,2,12,15,5,8,1,0,2,0
24,3,5,16,1,5,11,5,1,2,0,1,1,0
25,3,17,6,1,2,3,16,6,10,1,0,1,0
27,3,5,16,2,2,12,0,4,5,0,1,1,0
30,3,11,17,1,5,11,5,6,12,1,1,1,0
32,3,11,17,2,1,7,14,0,7,0,0,3,0
53,3,9,10,2,1,5,15,3,6,0,0,2,0
56,3,20,9,1,2,3,7,5,6,1,0,3,1
63,3,5,16,1,5,9,10,2,12,0,0,2,0
68,3,5,16,1,3,4,0,1,3,0,1,1,1
70,3,17,6,1,2,3,14,1,9,0,0,1,0
19,1,3,8,2,3,8,10,3,9,0,0,2,0
30,1,20,9,1,3,4,5,6,7,1,1,2,1
37,1,4,11,2,2,2,12,1,11,0,0,1,0
40,1,4,11,1,1,5,12,0,5,0,0,1,0
47,1,6,18,1,5,9,19,0,1,0,0,2,0
53,1,12,14,2,5,11,17,4,1,0,0,1,0
58,1,14,12,2,3,8,21,4,5,0,0,2,0
62,1,14,12,2,3,4,8,0,7,0,0,2,0
69,1,7,20,1,2,12,12,5,9,1,0,1,0
30,2,17,6,2,1,6,23,2,3,0,1,3,1
36,2,2,5,1,3,8,16,1,3,0,0,1,0
43,2,11,17,2,3,8,14,1,1,0,0,2,0
52,2,17,6,1,2,2,8,2,2,0,0,1,0
58,2,1,19,2,2,12,16,3,8,0,0,2,0
63,2,11,17,2,2,2,13,5,7,1,0,1,0
67,2,15,1,2,2,12,17,1,5,0,0,3,0
30,3,7,20,2,5,9,12,1,1,0,0,3,1
31,3,20,9,2,2,3,2,4,6,0,1,1,0
35,3,6,18,2,3,4,9,3,11,0,0,2,0
41,3,16,4,2,2,3,11,2,1,0,0,2,0
52,3,11,17,2,1,5,18,2,4,0,0,1,0
56,3,8,3,2,2,2,21,3,8,0,0,2,0
25,1,14,12,2,2,3,11,2,7,0,0,3,0
30,1,17,6,1,3,4,2,6,5,1,1,2,1
33,1,7,20,2,2,3,8,6,6,1,0,2,0
43,1,10,15,2,3,8,22,1,4,0,1,2,0
58,1,12,14,1,3,4,8,2,3,0,0,1,0
66,1,4,11,1,1,6,23,0,5,0,1,3,0
74,1,15,1,2,5,9,4,1,10,0,1,2,0
24,2,13,2,1,4,10,9,6,6,1,0,1,0
28,2,17,6,1,4,10,13,3,1,0,0,1,0
30,2,15,1,2,3,4,18,5,1,1,0,3,1
39,2,14,12,1,1,6,20,2,2,0,0,2,0
44,2,3,8,1,1,5,13,4,8,0,0,1,0
57,2,7,20,1,5,9,7,6,10,1,0,2,0
69,2,10,15,2,1,7,10,0,11,0,0,1,0
73,2,18,13,2,3,8,20,6,9,1,0,1,0
75,2,10,15,1,2,2,19,6,8,1,0,1,0
30,3,15,1,1,2,2,2,4,1,0,1,1,1
32,3,2,5,2,5,1,0,5,7,1,1,2,0
40,3,5,16,1,5,11,15,3,9,0,0,3,0
50,3,16,4,2,1,5,14,4,3,0,0,1,0
57,3,12,14,2,5,1,10,0,4,0,0,1,0
69,3,7,20,1,1,5,7,6,2,1,0,1,0
75,3,13,2,2,5,9,23,0,9,0,1,1,0
30,1,6,18,1,1,7,2,0,1,0,1,2,1
31,1,6,18,1,2,12,19,5,7,1,0,1,0
34,1,19,7,2,2,2,8,6,7,1,0,1,0
45,1,7,20,1,5,9,20,5,4,1,0,2,0
46,1,6,18,1,2,12,4,0,3,0,1,1,0
51,1,12,14,1,5,1,3,4,5,0,1,2,0
56,1,13,2,1,5,9,15,6,12,1,0,3,0
30,2,10,15,1,2,3,21,4,12,0,0,2,1
38,2,8,3,2,2,12,23,4,9,0,1,1,0
48,2,5,16,1,1,5,23,5,7,1,1,1,0
50,2,5,16,2,2,12,17,1,8,0,0,2,0
70,2,6,18,2,5,1,20,5,12,1,0,2,1
74,2,12,14,2,1,6,4,6,6,1,1,1,0
25,3,4,11,1,5,1,22,5,8,1,1,3,0
30,3,3,8,2,1,7,9,5,3,1,0,3,1
34,3,5,16,2,4,10,20,6,12,1,0,1,0
47,3,2,5,2,3,4,19,4,1,0,0,1,0
48,3,6,18,2,4,10,4,2,3,0,1,2,0
53,3,3,8,1,5,11,0,5,6,1,1,3,0
54,3,13,2,1,5,9,21,0,10,0,0,1,0
55,3,3,8,2,5,11,11,4,3,0,0,2,0
58,3,1,19,2,4,10,11,5,9,1,0,3,0
60,3,5,16,2,2,3,16,6,6,1,0,2,0
65,3,18,13,2,1,7,21,4,10,0,0,2,0
67,3,13,2,2,2,3,10,4,3,0,0,2,1
70,3,7,20,2,3,4,9,3,3,0,0,2,0
30,1,15,1,2,5,1,13,3,2,0,0,2,1
54,1,3,8,1,3,8,12,4,10,0,0,2,0
56,1,18,13,1,3,8,20,4,3,0,0,3,0
61,1,14,12,1,5,11,17,2,12,0,0,1,1
63,1,14,12,1,1,5,23,0,5,0,1,3,0
73,1,6,18,1,1,5,14,5,10,1,0,2,0
30,2,17,6,2,5,1,21,2,9,0,0,3,1
47,2,6,18,1,1,6,14,2,9,0,0,3,1
59,2,5,16,2,3,8,19,2,2,0,0,1,0
65,2,16,4,2,2,3,22,0,1,0,1,3,0
67,2,16,4,1,3,4,21,3,4,0,0,2,0
21,3,5,16,1,5,1,5,0,11,0,1,2,0
24,3,1,19,1,1,5,14,3,2,0,0,3,1
25,3,16,4,1,2,3,21,0,10,0,0,3,0
26,3,16,4,2,3,4,11,4,10,0,0,3,0
29,3,2,5,1,5,9,12,5,4,1,0,1,0
30,3,3,8,1,1,6,4,2,1,0,1,1,1
33,3,2,5,2,1,6,4,1,8,0,1,1,0
52,3,2,5,1,2,3,16,2,9,0,0,2,0
56,3,1,19,2,5,9,11,1,5,0,0,2,0
67,3,7,20,1,2,2,8,0,11,0,0,2,0
20,1,11,17,1,1,7,8,1,8,0,0,3,0
30,1,5,16,2,1,5,16,6,7,1,0,1,1
41,1,5,16,2,4,10,1,4,6,0,1,1,0
47,1,5,16,2,2,2,9,1,7,0,0,1,0
61,1,15,1,1,2,3,13,1,8,0,0,1,0
66,1,15,1,1,2,3,10,3,4,0,0,1,0
70,1,2,5,2,5,9,16,4,10,0,0,1,0
18,2,16,4,2,5,11,3,3,4,0,1,1,0
22,2,16,4,1,2,2,11,1,4,0,0,1,0
30,2,13,2,2,3,4,14,6,5,1,0,2,1
42,2,4,11,1,2,3,16,5,8,1,0,1,0
44,2,20,9,2,1,7,18,0,10,0,0,3,0
55,2,17,6,2,1,7,10,2,12,0,0,1,0
30,3,10,15,2,1,7,18,6,8,1,0,1,1
34,3,4,11,1,1,5,11,2,3,0,0,1,0
42,3,1,19,1,5,9,15,3,4,0,0,1,0
57,3,14,12,2,2,12,17,6,1,1,0,2,0
75,3,6,18,1,5,1,16,0,9,0,0,2,0
30,1,4,11,2,2,2,2,0,10,0,1,3,1
45,1,5,16,2,2,2,5,5,7,1,1,1,0
73,1,5,16,2,1,6,5,2,7,0,1,1,0
27,2,7,20,1,1,5,19,4,8,0,0,3,0
30,2,11,17,2,1,5,4,2,7,0,1,2,1
37,2,13,2,2,3,8,19,1,6,0,0,1,0
41,2,4,11,2,4,10,11,1,5,0,0,1,0
68,2,16,4,1,2,3,12,3,3,0,0,2,0
74,2,11,17,2,2,12,18,0,11,0,0,3,0
30,3,8,3,2,2,12,18,4,6,0,0,1,1
34,3,17,6,1,2,2,21,5,9,1,0,2,0
42,3,19,7,2,1,7,10,5,12,1,0,2,1
45,3,16,4,2,5,1,16,0,9,0,0,2,0
47,3,1,19,2,3,4,22,0,2,0,1,1,0
52,3,10,15,2,1,7,16,2,7,0,0,2,0
53,3,15,1,2,5,1,0,1,2,0,1,3,0
57,3,4,11,1,4,10,23,2,5,0,1,1,0
61,3,10,15,2,2,3,4,6,1,1,1,2,1
65,3,10,15,2,3,4,2,5,7,1,1,2,0
21,1,8,3,1,1,7,12,1,5,0,0,2,0
25,1,11,17,2,1,5,22,2,4,0,1,1,1
30,1,12,14,2,4,10,18,4,2,0,0,3,1
33,1,17,6,1,3,4,19,0,3,0,0,3,0
38,1,3,8,2,5,9,8,3,1,0,0,1,0
60,1,9,10,2,3,4,16,0,12,0,0,2,0
69,1,12,14,1,2,12,17,1,10,0,0,1,0
75,1,15,1,1,4,10,1,6,8,1,1,1,0
18,2,16,4,1,1,7,17,2,4,0,0,1,0
30,2,7,20,2,2,2,8,1,3,0,0,1,1
40,2,9,10,2,2,3,16,0,8,0,0,2,0
41,2,20,9,1,1,6,21,1,3,0,0,2,0
42,2,8,3,1,2,2,9,4,1,0,0,1,0
44,2,8,3,1,1,7,0,4,2,0,1,1,0
62,2,6,18,2,4,10,9,4,5,0,0,3,0
63,2,18,13,1,2,2,6,0,2,0,0,2,0
66,2,16,4,1,2,3,7,6,3,1,0,3,0
73,2,12,14,1,1,5,22,4,7,0,1,1,0
29,3,4,11,1,3,8,0,3,10,0,1,1,0
30,3,17,6,2,2,12,16,3,4,0,0,1,1
34,3,18,13,2,2,2,18,1,1,0,0,1,0
35,3,14,12,1,5,9,16,6,4,1,0,1,1
46,3,3,8,1,5,9,18,6,2,1,0,1,0
71,3,10,15,2,2,2,19,3,12,0,0,1,0
75,3,11,17,2,1,7,0,0,9,0,1,1,0
24,1,7,20,1,5,9,7,6,11,1,0,1,0
27,1,4,11,1,2,12,16,3,11,0,0,3,0
28,1,12,14,1,5,9,19,3,1,0,0,1,0
30,1,14,12,2,1,6,19,1,7,0,0,1,1
31,1,19,7,2,1,6,11,0,12,0,0,2,0
33,1,20,9,1,2,12,4,4,12,0,1,3,0
49,1,17,6,1,2,3,15,0,7,0,0,1,1
58,1,20,9,1,2,2,9,0,8,0,0,1,0
66,1,19,7,1,1,7,15,5,4,1,0,1,0
30,2,2,5,1,5,1,11,6,2,1,0,2,1
31,2,14,12,2,5,1,19,3,9,0,0,1,0
33,2,7,20,1,3,4,4,6,11,1,1,1,0
34,2,2,5,2,2,12,21,2,7,0,0,1,0
38,2,15,1,1,3,4,9,4,4,0,0,1,0
52,2,16,4,1,4,10,6,2,3,0,0,2,0
59,2,10,15,1,1,5,6,6,1,1,0,2,0
66,2,9,10,1,2,12,2,0,7,0,1,3,0
74,2,10,15,1,2,12,13,0,12,0,0,2,0
18,3,16,4,1,1,5,8,5,9,1,0,3,0
29,3,9,10,2,5,11,4,1,3,0,1,2,0
30,3,15,1,1,2,2,6,5,2,1,0,1,1
35,3,13,2,1,5,9,22,1,7,0,1,1,0
49,3,6,18,1,1,7,19,4,10,0,0,1,0
53,3,4,11,2,5,9,16,0,6,0,0,2,0
60,3,16,4,2,2,2,1,5,7,1,1,2,0
18,1,1,19,1,1,7,21,1,4,0,0,2,0
22,1,10,15,2,4,10,21,0,3,0,0,1,0
24,1,10,15,2,1,6,18,0,3,0,0,1,1
30,1,13,2,2,4,10,0,0,3,0,1,2,1
42,1,7,20,2,1,6,1,1,1,0,1,2,0
69,1,16,4,1,5,9,13,4,8,0,0,3,0
30,2,10,15,2,2,12,17,5,4,1,0,1,1
39,2,7,20,1,4,10,4,1,12,0,1,2,0
48,2,3,8,1,5,9,15,2,8,0,0,1,0
49,2,2,5,1,3,8,17,3,7,0,0,1,0
53,2,6,18,2,2,3,4,3,6,0,1,1,0
64,2,9,10,1,5,9,4,5,8,1,1,2,0
66,2,17,6,1,3,8,22,0,8,0,1,1,0
69,2,14,12,2,1,5,13,5,4,1,0,2,0
71,2,11,17,1,1,5,18,0,10,0,0,1,0
72,2,14,12,1,2,3,19,2,1,0,0,1,1
73,2,9,10,1,3,8,16,6,11,1,0,1,0
30,3,18,13,1,2,3,22,2,2,0,1,3,1
31,3,3,8,1,1,6,17,0,3,0,0,2,0
40,3,15,1,2,1,5,22,4,11,0,1,1,0
43,3,15,1,1,1,7,21,4,3,0,0,1,0
44,3,15,1,1,3,4,14,0,1,0,0,1,0
45,3,4,11,2,5,11,22,2,10,0,1,1,0
51,3,4,11,2,4,10,2,6,10,1,1,2,0
73,3,2,5,2,1,7,8,6,4,1,0,1,0
20,1,4,11,1,1,6,0,0,12,0,1,2,0
30,1,11,17,1,2,2,7,3,1,0,0,1,1
34,1,20,9,1,3,4,5,6,7,1,1,2,1
43,1,13,2,2,2,2,22,6,9,1,1,2,0
51,1,9,10,1,4,10,20,5,2,1,0,1,0
54,1,13,2,1,5,9,12,6,8,1,0,1,0
59,1,20,9,2,3,4,19,6,8,1,0,2,0
60,1,9,10,1,2,12,21,1,2,0,0,3,0
22,2,17,6,1,3,4,22,1,12,0,1,2,1
30,2,5,16,1,2,3,1,5,1,1,1,2,1
38,2,11,17,2,5,11,20,0,8,0,0,1,0
41,2,2,5,2,4,10,7,6,1,1,0,3,0
46,2,13,2,1,3,4,5,6,12,1,1,1,0
47,2,1,19,2,1,6,21,1,9,0,0,1,0
57,2,19,7,1,1,6,5,3,7,0,1,2,0
66,2,6,18,2,2,12,10,6,9,1,0,1,0
26,3,1,19,2,2,3,1,1,7,0,1,2,0
30,3,3,8,2,3,8,1,0,7,0,1,3,1
36,3,10,15,2,3,4,7,4,3,0,0,1,0
38,3,10,15,1,1,7,17,5,9,1,0,1,0
42,3,3,8,2,3,8,1,0,7,0,1,3,0
48,3,17,6,1,2,2,15,4,1,0,0,2,0
49,3,7,20,1,2,3,3,2,6,0,1,2,0
54,3,20,9,2,1,5,9,0,5,0,0,3,0
56,3,6,18,1,2,2,6,1,8,0,0,1,0
57,3,10,15,1,3,4,1,1,5,0,1,2,0
68,3,6,18,1,1,7,11,5,9,1,0,1,0
74,3,3,8,1,4,10,0,3,8,0,1,1,1
20,1,18,13,2,2,3,11,0,6,0,0,1,0
28,1,2,5,2,2,12,14,5,5,1,0,1,0
30,1,7,20,1,1,7,5,6,3,1,1,3,1
34,1,8,3,2,4,10,21,2,4,0,0,2,0
38,1,5,16,1,2,3,3,2,5,0,1,1,0
40,1,10,15,2,2,3,23,1,4,0,1,1,0
41,1,13,2,1,2,3,11,3,8,0,0,1,0
72,1,17,6,2,1,6,11,5,8,1,0,1,0
75,1,19,7,2,2,2,5,6,5,1,1,3,0
28,2,20,9,1,1,5,22,3,5,0,1,2,0
30,2,12,14,2,1,6,22,6,6,1,1,3,1
40,2,5,16,1,3,4,2,5,3,1,1,3,0
42,2,17,6,2,2,12,16,6,12,1,0,2,0
46,2,10,15,2,2,3,2,5,2,1,1,2,0
58,2,13,2,1,2,2,19,0,3,0,0,1,0
66,2,1,19,1,5,1,19,4,12,0,0,1,0
74,2,18,13,2,5,9,11,5,1,1,0,2,0
75,2,2,5,1,3,8,1,0,1,0,1,1,0
30,3,16,4,1,3,4,21,3,4,0,0,2,1
37,3,3,8,2,3,8,20,1,2,0,0,1,0
65,3,15,1,2,5,9,6,4,10,0,0,3,1
75,3,6,18,1,5,1,10,2,8,0,0,1,0
26,1,3,8,2,5,1,2,2,10,0,1,1,0
30,1,16,4,1,3,8,2,6,6,1,1,2,1
41,1,10,15,1,3,8,16,1,4,0,0,2,0
44,1,6,18,1,3,4,22,4,10,0,1,1,0
60,1,13,2,1,1,7,20,2,7,0,0,2,0
63,1,5,16,1,2,2,3,1,11,0,1,1,0
70,1,18,13,1,3,8,15,1,2,0,0,3,0
28,2,14,12,2,2,2,23,4,7,0,1,2,0
30,2,11,17,2,1,7,19,5,1,1,0,1,1
37,2,2,5,1,1,5,8,4,6,0,0,3,0
49,2,15,1,1,5,1,11,6,11,1,0,1,0
30,3,17,6,2,4,10,17,1,5,0,0,2,1
31,3,18,13,1,1,5,22,6,3,1,1,1,0
33,3,14,12,2,2,12,23,3,7,0,1,3,0
35,3,20,9,2,3,4,15,5,7,1,0,1,0
38,3,5,16,2,5,9,14,1,8,0,0,1,0
39,3,11,17,1,3,8,7,6,11,1,0,3,0
50,3,14,12,2,5,1,9,4,2,0,0,1,0
69,3,4,11,2,1,5,11,2,8,0,0,1,0
75,3,15,1,2,1,6,22,3,1,0,1,2,0
28,1,1,19,2,1,6,15,5,6,1,0,2,0
30,1,2,5,2,3,8,0,6,9,1,1,1,1
55,1,11,17,1,3,8,3,1,11,0,1,1,0
30,2,13,2,2,5,9,1,0,2,0,1,2,1
40,2,16,4,1,3,8,1,2,4,0,1,2,0
64,2,13,2,1,2,2,11,5,7,1,0,2,0
67,2,17,6,2,5,11,18,1,11,0,0,3,0
71,2,13,2,1,1,5,23,1,10,0,1,3,0
18,3,2,5,1,1,5,16,4,8,0,0,1,0
30,3,14,12,2,5,11,2,0,1,0,1,1,1
37,3,9,10,1,2,2,19,2,2,0,0,2,0
45,3,6,18,2,3,4,2,0,6,0,1,3,0
47,3,18,13,1,1,5,21,2,8,0,0,1,0
48,3,15,1,2,4,10,14,5,10,1,0,3,0
49,3,20,9,1,4,10,8,6,10,1,0,2,0
75,3,18,13,1,5,1,8,6,5,1,0,1,0
25,1,14,12,1,1,5,10,0,4,0,0,3,0
30,1,1,19,2,3,4,14,2,1,0,0,1,0
34,1,16,4,1,5,9,15,2,3,0,0,2,0
42,1,11,17,2,1,5,4,2,7,0,1,2,0
44,1,17,6,1,2,12,23,5,1,1,1,3,0
46,1,10,15,2,5,9,7,4,7,0,0,1,0
57,1,7,20,1,1,7,20,4,4,0,0,1,0
58,1,3,8,2,4,10,15,3,6,0,0,2,0
67,1,17,6,2,2,3,7,4,6,0,0,2,0
24,2,20,9,1,5,9,14,3,8,0,0,2,0
30,2,9,10,1,1,6,18,3,1,0,0,1,1
31,2,3,8,1,5,1,5,2,3,0,1,1,0
35,2,6,18,1,3,8,19,0,2,0,0,1,1
39,2,18,13,2,1,5,8,0,10,0,0,1,0
44,2,14,12,1,3,4,4,0,7,0,1,3,0
52,2,9,10,1,5,1,23,4,1,0,1,1,0
53,2,2,5,1,2,3,20,3,8,0,0,2,0
54,2,20,9,2,3,4,10,4,10,0,0,1,0
66,2,14,12,2,5,9,22,1,1,0,1,3,0
30,3,5,16,2,1,6,18,5,11,1,0,2,1
35,3,8,3,1,1,7,12,6,3,1,0,3,0
41,3,11,17,1,1,7,20,4,1,0,0,1,0
58,3,4,11,1,2,3,2,1,2,0,1,1,0
74,3,18,13,1,4,10,6,4,7,0,0,2,0
18,1,20,9,1,3,8,13,6,7,1,0,2,0
19,1,9,10,2,1,5,1,4,7,0,1,3,0
30,1,14,12,1,2,3,21,0,1,0,0,3,1
37,1,15,1,1,1,5,9,1,3,0,0,3,0
42,1,4,11,2,3,8,15,4,8,0,0,3,0
44,1,7,20,2,3,8,19,3,9,0,0,1,0
57,1,17,6,1,1,7,14,6,6,1,0,1,0
30,2,8,3,2,2,12,4,2,12,0,1,1,1
34,2,10,15,1,1,5,20,3,7,0,0,1,0
42,2,13,2,2,3,4,17,6,9,1,0,3,0
66,2,17,6,2,2,12,7,5,11,1,0,2,0
71,2,12,14,1,5,1,7,0,9,0,0,3,0
74,2,19,7,2,3,4,16,3,2,0,0,3,0
25,3,13,2,1,3,4,0,2,7,0,1,2,0
30,3,13,2,1,2,3,17,3,1,0,0,1,1
47,3,2,5,2,5,1,21,0,5,0,0,3,0
54,3,1,19,1,2,12,11,3,3,0,0,2,0
58,3,15,1,2,2,12,16,5,7,1,0,2,1
61,3,19,7,1,1,7,7,6,2,1,0,1,0
72,3,18,13,2,2,2,22,1,4,0,1,1,0
74,3,16,4,2,4,10,10,6,4,1,0,2,0
30,1,3,8,1,1,5,22,5,1,1,1,3,1
31,1,3,8,1,3,4,14,0,10,0,0,1,0
45,1,6,18,2,2,12,5,2,8,0,1,1,0
63,1,3,8,1,2,2,21,6,7,1,0,2,0
24,2,15,1,2,3,8,8,1,5,0,0,1,0
26,2,1,19,2,1,7,5,6,12,1,1,3,0
30,2,10,15,1,3,8,9,1,4,0,0,2,1
33,2,12,14,1,2,12,4,0,7,0,1,1,0
37,2,15,1,1,2,12,23,5,12,1,1,1,0
38,2,1,19,1,1,6,15,2,9,0,0,2,0
60,2,8,3,2,3,4,0,4,10,0,1,2,0
18,3,8,3,1,5,1,19,2,4,0,0,3,0
20,3,15,1,1,2,2,20,4,2,0,0,3,0
25,3,8,3,2,5,1,23,2,1,0,1,2,0
26,3,2,5,1,2,2,21,3,10,0,0,2,0
30,3,16,4,1,1,7,23,1,7,0,1,1,1
38,3,17,6,2,2,2,8,6,8,1,0,1,0
60,3,3,8,2,5,1,0,5,3,1,1,1,0
67,3,18,13,1,1,6,16,6,10,1,0,2,0
20,1,7,20,1,5,1,14,0,5,0,0,2,0
21,1,16,4,2,3,8,12,2,8,0,0,1,0
30,1,13,2,2,2,12,18,5,3,1,0,2,1
51,1,11,17,2,2,3,19,4,11,0,0,1,0
64,1,3,8,2,3,8,22,2,2,0,1,1,0
71,1,16,4,2,5,11,13,0,4,0,0,1,0
30,2,6,18,1,3,4,11,4,12,0,0,3,1
35,2,19,7,1,1,7,3,3,3,0,1,1,0
42,2,4,11,2,2,3,19,1,4,0,0,1,0
45,2,3,8,1,1,7,0,0,7,0,1,1,0
48,2,17,6,1,1,6,2,5,1,1,1,1,0
56,2,17,6,2,5,11,20,3,9,0,0,1,0
63,2,17,6,1,5,1,7,2,3,0,0,1,0
70,2,17,6,2,2,3,0,6,10,1,1,2,0
30,3,3,8,1,2,3,1,2,1,0,1,3,1
55,3,18,13,2,5,9,17,6,7,1,0,1,0
60,3,5,16,1,4,10,0,3,5,0,1,1,0
62,3,11,17,1,1,6,9,3,3,0,0,1,0
68,3,16,4,2,3,8,8,0,2,0,0,1,0
70,3,17,6,2,1,6,15,3,9,0,0,3,0
72,3,3,8,2,1,5,22,1,1,0,1,3,0
75,3,1,19,2,1,6,16,0,7,0,0,2,0
30,1,17,6,2,5,9,15,1,11,0,0,2,1
31,1,11,17,2,5,9,12,2,8,0,0,1,0
34,1,14,12,2,2,2,14,3,5,0,0,2,0
37,1,10,15,1,5,11,2,2,4,0,1,2,0
40,1,9,10,2,2,2,20,0,4,0,0,3,0
48,1,2,5,1,1,6,3,6,7,1,1,3,0
52,1,10,15,1,4,10,3,6,6,1,1,3,0
62,1,4,11,1,5,9,12,4,9,0,0,2,0
30,2,16,4,1,1,5,8,1,6,0,0,2,1
41,2,11,17,2,3,8,0,1,9,0,1,2,0
42,2,17,6,1,1,5,22,1,4,0,1,1,0
59,2,9,10,2,5,11,7,0,9,0,0,3,0
62,2,14,12,2,2,2,1,3,10,0,1,1,0
63,2,3,8,1,2,2,10,1,1,0,0,1,0
23,3,1,19,2,1,7,7,0,7,0,0,1,0
25,3,12,14,2,1,7,2,3,6,0,1,1,0
30,3,4,11,2,2,3,4,5,1,1,1,1,1
39,3,3,8,1,2,12,2,5,7,1,1,1,0
40,3,6,18,1,2,2,19,3,6,0,0,2,1
46,3,9,10,2,4,10,23,5,7,1,1,1,0
58,3,20,9,1,5,9,7,1,7,0,0,2,0
64,3,10,15,2,2,2,14,5,6,1,0,2,0
22,1,18,13,1,2,3,17,4,6,0,0,1,0
30,1,6,18,1,5,1,9,4,12,0,0,1,1
34,1,18,13,2,5,9,23,6,7,1,1,3,0
35,1,14,12,1,3,8,7,4,5,0,0,1,0
51,1,5,16,1,1,5,1,1,2,0,1,1,0
59,1,5,16,1,2,2,19,3,7,0,0,1,0
25,2,6,18,1,4,10,5,6,11,1,1,1,0
30,2,19,7,2,4,10,18,2,5,0,0,2,1
50,2,19,7,2,2,12,11,3,11,0,0,1,1
61,2,1,19,2,5,1,13,6,7,1,0,3,0
70,2,4,11,2,2,12,4,0,2,0,1,1,1
75,2,3,8,2,2,3,18,4,5,0,0,1,0
30,3,14,12,1,1,6,4,0,2,0,1,1,1
39,3,18,13,2,3,8,4,5,5,1,1,3,0
44,3,11,17,2,3,4,2,5,2,1,1,2,0
61,3,1,19,2,1,6,6,4,5,0,0,2,0
72,3,12,14,1,1,7,12,0,3,0,0,2,0
20,1,5,16,1,3,8,11,6,1,1,0,3,0
29,1,5,16,2,3,8,16,4,3,0,0,2,0
30,1,20,9,1,1,6,1,2,3,0,1,3,1
33,1,3,8,1,1,6,18,2,1,0,0,1,0
40,1,20,9,1,1,7,1,5,10,1,1,1,0
43,1,8,3,2,5,11,22,0,3,0,1,2,0
48,1,8,3,2,2,12,23,6,1,1,1,1,0
50,1,11,17,1,3,4,12,1,1,0,0,3,0
64,1,15,1,2,2,12,17,6,2,1,0,2,0
73,1,14,12,1,2,3,19,5,5,1,0,1,0
19,2,1,19,2,5,9,7,4,7,0,0,1,0
23,2,3,8,1,1,7,21,6,2,1,0,3,0
30,2,4,11,2,1,6,2,5,1,1,1,1,1
54,2,3,8,1,1,7,8,2,7,0,0,1,0
59,2,14,12,2,3,4,9,6,8,1,0,1,1
68,2,15,1,2,1,6,15,4,7,0,0,3,0
69,2,15,1,1,1,7,10,3,12,0,0,3,0
30,3,17,6,2,4,10,17,3,11,0,0,1,1
46,3,3,8,1,5,9,14,1,7,0,0,3,0
54,3,19,7,1,5,1,19,6,10,1,0,2,0
57,3,20,9,2,1,6,1,4,8,0,1,2,0
62,3,3,8,2,1,7,12,4,8,0,0,2,0
74,3,18,13,1,5,1,0,4,8,0,1,1,0
26,1,4,11,2,5,11,6,2,8,0,0,2,0
30,1,10,15,1,5,11,9,4,2,0,0,1,1
33,1,3,8,1,2,3,1,2,1,0,1,3,0
66,1,1,19,2,5,1,19,6,9,1,0,2,0
68,1,16,4,2,2,12,9,2,12,0,0,1,0
30,2,19,7,1,5,11,3,2,1,0,1,3,1
37,2,10,15,2,4,10,8,5,7,1,0,1,0
40,2,10,15,1,5,9,16,3,9,0,0,1,0
44,2,6,18,1,2,2,4,4,1,0,1,1,0
46,2,3,8,1,1,5,12,3,2,0,0,3,0
48,2,3,8,1,1,6,12,3,11,0,0,1,0
27,3,14,12,1,5,9,23,3,12,0,1,1,0
30,3,1,19,2,1,7,2,2,1,0,1,3,1
31,3,2,5,2,4,10,13,4,10,0,0,1,0
41,3,9,10,2,5,9,17,3,3,0,0,2,0
44,3,9,10,2,5,11,0,1,7,0,1,3,0
50,3,6,18,1,2,3,8,0,1,0,0,1,0
54,3,6,18,1,1,6,7,1,8,0,0,1,0
57,3,17,6,2,5,9,20,3,1,0,0,2,0
74,3,10,15,2,3,8,10,4,1,0,0,2,0
26,1,9,10,2,2,2,0,2,3,0,1,1,1
30,1,3,8,2,2,12,6,4,2,0,0,2,1
43,1,13,2,2,5,9,21,4,6,0,0,2,0
65,1,5,16,2,3,4,11,5,11,1,0,1,0
73,1,13,2,1,2,3,2,1,3,0,1,1,0
30,2,11,17,1,5,11,14,2,10,0,0,3,1
37,2,2,5,2,2,3,9,4,11,0,0,1,0
38,2,11,17,1,1,5,22,4,4,0,1,1,0
56,2,20,9,2,5,1,5,1,10,0,1,1,0
68,2,11,17,2,3,4,14,3,10,0,0,2,0
71,2,12,14,1,2,3,4,2,6,0,1,1,0
20,3,18,13,1,1,6,7,5,2,1,0,3,0
25,3,4,11,2,5,11,18,2,7,0,0,3,1
30,3,10,15,2,3,8,11,1,6,0,0,2,1
52,3,14,12,1,5,1,11,2,7,0,0,3,0
55,3,17,6,2,2,2,0,3,1,0,1,1,0
61,3,3,8,1,1,6,6,2,12,0,0,2,0
67,3,13,2,2,1,6,17,2,9,0,0,3,0
68,3,4,11,1,1,5,7,5,12,1,0,2,0
30,1,11,17,2,4,10,17,3,1,0,0,1,1
36,1,10,15,2,1,5,21,5,4,1,0,2,0
40,1,8,3,2,2,3,6,5,7,1,0,1,0
41,1,20,9,1,2,2,15,4,2,0,0,3,0
43,1,20,9,1,2,12,4,0,4,0,1,1,0
45,1,18,13,2,5,9,10,3,3,0,0,3,0
50,1,6,18,1,3,4,20,4,7,0,0,3,0
53,1,2,5,2,5,11,3,4,12,0,1,2,0
55,1,11,17,1,1,5,21,4,7,0,0,2,0
24,2,4,11,2,1,5,10,3,6,0,0,1,0
30,2,19,7,2,3,8,8,1,12,0,0,2,1
48,2,13,2,2,5,1,3,6,3,1,1,2,0
58,2,7,20,2,3,8,21,3,6,0,0,2,0
59,2,10,15,2,2,2,15,2,8,0,0,3,0
27,3,9,10,2,5,11,16,5,7,1,0,2,0
30,3,17,6,1,3,4,22,3,7,0,1,1,1
41,3,17,6,2,1,5,1,4,5,0,1,2,0
58,3,8,3,2,2,2,9,6,9,1,0,2,0
66,3,17,6,2,1,5,5,6,1,1,1,1,0
75,3,12,14,2,2,12,1,4,4,0,1,2,0
30,1,8,3,2,2,12,5,1,4,0,1,3,1
36,1,1,19,2,2,2,3,6,10,1,1,1,0
42,1,10,15,1,1,5,6,6,12,1,0,2,0
49,1,13,2,2,1,7,15,3,12,0,0,3,0
63,1,2,5,2,5,11,21,1,1,0,0,2,0
68,1,6,18,1,4,10,23,6,1,1,1,2,0
30,2,12,14,2,3,4,6,5,11,1,0,2,1
37,2,16,4,1,2,12,2,5,9,1,1,2,0
56,2,1,19,1,2,3,17,1,11,0,0,1,0
64,2,19,7,1,1,5,4,6,8,1,1,1,0
23,3,1,19,1,2,2,10,3,10,0,0,1,0
26,3,10,15,2,5,11,12,1,6,0,0,2,0
30,3,13,2,1,4,10,1,5,7,1,1,1,1
32,3,14,12,1,5,1,16,1,4,0,0,1,0
51,3,5,16,2,3,4,20,1,3,0,0,1,0
52,3,15,1,2,3,8,1,5,12,1,1,1,0
54,3,6,18,1,2,12,13,4,9,0,0,1,0
55,3,14,12,2,5,9,14,6,6,1,0,2,0
57,3,19,7,2,2,12,19,6,5,1,0,2,0
61,3,1,19,2,5,11,9,0,2,0,0,1,0
71,3,4,11,2,2,3,13,2,5,0,0,2,0
72,3,8,3,2,4,10,23,3,1,0,1,2,0
73,3,4,11,1,1,5,2,4,2,0,1,3,0
21,1,11,17,2,5,11,17,2,10,0,0,1,0
25,1,12,14,2,2,12,7,2,8,0,0,1,0
27,1,18,13,2,5,1,12,6,11,1,0,3,0
30,1,6,18,1,5,11,1,0,5,0,1,1,1
35,1,12,14,2,4,10,5,1,7,0,1,2,0
38,1,16,4,2,2,12,1,4,1,0,1,2,0
46,1,6,18,1,1,5,13,2,6,0,0,1,0
50,1,14,12,2,5,9,2,4,1,0,1,1,0
53,1,2,5,2,5,9,10,0,4,0,0,3,0
66,1,7,20,1,1,5,12,5,8,1,0,2,0
74,1,16,4,2,5,11,13,1,1,0,0,1,0
75,1,15,1,2,1,5,23,0,5,0,1,3,0
18,2,2,5,1,1,7,10,0,8,0,0,2,0
21,2,17,6,1,1,5,23,5,12,1,1,1,0
30,2,14,12,2,5,11,14,5,2,1,0,2,1
35,2,17,6,1,3,8,19,4,12,0,0,3,0
36,2,2,5,2,2,2,14,0,1,0,0,1,0
38,2,18,13,2,1,7,13,5,5,1,0,1,0
39,2,15,1,1,2,12,18,0,8,0,0,2,0
50,2,19,7,2,2,2,13,5,10,1,0,2,1
55,2,9,10,2,2,3,7,4,8,0,0,1,0
64,2,12,14,2,4,10,18,4,2,0,0,3,0
72,2,15,1,2,3,8,21,4,3,0,0,1,0
24,3,6,18,1,4,10,18,0,6,0,0,1,0
30,3,11,17,2,1,7,12,2,7,0,0,1,1
37,3,10,15,2,1,7,1,3,2,0,1,1,1
45,3,1,19,1,4,10,17,5,1,1,0,1,0
52,3,15,1,2,1,5,6,2,1,0,0,3,0
59,3,3,8,1,3,4,2,0,4,0,1,1,0
69,3,5,16,2,3,8,19,2,2,0,0,3,0
72,3,14,12,1,1,5,4,5,6,1,1,3,0
20,1,19,7,2,2,12,9,4,7,0,0,2,0
30,1,12,14,2,1,6,11,3,7,0,0,2,1
46,1,8,3,1,5,11,21,0,8,0,0,2,0
67,1,18,13,2,1,6,4,2,4,0,1,2,0
25,2,1,19,2,2,2,8,2,8,0,0,2,0
28,2,16,4,1,1,5,2,5,9,1,1,1,0
30,2,5,16,2,2,12,17,5,3,1,0,3,1
31,2,4,11,2,3,4,17,6,11,1,0,1,0
40,2,5,16,1,4,10,8,0,7,0,0,1,0
50,2,9,10,2,2,2,6,4,11,0,0,3,0
52,2,14,12,2,2,2,11,4,6,0,0,3,0
57,2,11,17,2,1,7,5,2,2,0,1,2,1
61,2,9,10,1,1,6,12,4,3,0,0,3,0
30,3,19,7,2,1,7,7,6,1,1,0,1,1
40,3,2,5,1,2,2,9,6,2,1,0,2,0
44,3,13,2,1,1,5,7,0,11,0,0,2,0
57,3,11,17,2,2,3,16,0,1,0,0,1,0
58,3,19,7,2,1,6,11,0,12,0,0,2,0
74,3,15,1,1,2,2,17,2,10,0,0,1,0
30,1,4,11,2,3,4,23,2,3,0,1,1,1
31,1,17,6,1,1,6,3,2,5,0,1,1,0
33,1,17,6,1,2,2,15,3,9,0,0,2,0
52,1,14,12,1,4,10,13,4,5,0,0,1,0
53,1,17,6,2,2,3,3,6,12,1,1,2,0
59,1,2,5,1,5,11,4,5,9,1,1,1,0
68,1,3,8,2,3,8,3,4,7,0,1,2,0
73,1,1,19,2,1,7,6,4,2,0,0,2,0
26,2,17,6,2,5,1,14,4,12,0,0,1,0
29,2,16,4,1,3,8,0,5,11,1,1,3,0
30,2,9,10,2,1,5,21,6,6,1,0,1,1
56,2,5,16,2,1,5,9,4,5,0,0,2,0
70,2,7,20,2,5,9,9,6,4,1,0,1,0
18,3,2,5,1,5,11,11,6,12,1,0,1,0
29,3,6,18,1,1,7,13,3,9,0,0,2,0
30,3,20,9,1,1,5,17,3,2,0,0,2,1
32,3,15,1,2,2,2,16,1,5,0,0,3,1
56,3,11,17,2,1,7,23,3,12,0,1,2,0
58,3,17,6,2,5,11,11,1,9,0,0,2,0
30,1,4,11,2,3,8,18,2,2,0,0,2,1
32,1,15,1,2,4,10,10,6,12,1,0,1,0
59,1,16,4,2,5,1,5,4,5,0,1,1,0
68,1,3,8,2,1,7,10,6,9,1,0,1,0
19,2,14,12,1,2,12,22,2,9,0,1,3,0
23,2,1,19,1,2,3,4,5,10,1,1,2,0
28,2,7,20,2,2,12,6,3,4,0,0,1,0
30,2,4,11,2,5,11,17,0,7,0,0,3,0
34,2,16,4,1,5,9,16,2,10,0,0,1,0
47,2,8,3,2,5,9,0,0,4,0,1,2,0
58,2,5,16,1,2,2,3,0,5,0,1,1,0
18,3,9,10,1,4,10,22,1,12,0,1,1,0
19,3,5,16,1,3,8,22,1,7,0,1,3,0
26,3,16,4,1,3,8,22,1,3,0,1,1,0
30,3,20,9,1,2,2,20,0,7,0,0,1,1
32,3,19,7,2,2,2,12,6,5,1,0,2,0
35,3,20,9,1,3,8,17,3,1,0,0,1,0
67,3,13,2,2,1,6,20,2,6,0,0,1,0
70,3,7,20,1,2,2,18,6,4,1,0,2,0
71,3,2,5,1,1,5,18,1,5,0,0,2,0
18,1,19,7,1,1,6,20,3,9,0,0,1,1
30,1,13,2,2,5,1,5,2,5,0,1,1,1
36,1,2,5,1,4,10,15,1,3,0,0,1,0
45,1,20,9,1,5,11,9,5,3,1,0,1,0
46,1,13,2,2,1,7,18,5,9,1,0,3,0
57,1,13,2,2,5,11,1,4,8,0,1,2,0
58,1,9,10,1,5,9,7,6,11,1,0,3,0
62,1,16,4,1,3,8,23,1,2,0,1,1,0
63,1,10,15,1,5,1,23,1,3,0,1,2,0
20,2,20,9,2,2,3,3,1,3,0,1,1,0
30,2,4,11,1,4,10,22,2,7,0,1,1,1
37,2,18,13,2,4,10,4,0,6,0,1,1,0
40,2,19,7,1,1,5,19,0,10,0,0,2,0
44,2,1,19,2,2,3,15,1,2,0,0,1,0
52,2,9,10,2,2,3,1,6,3,1,1,2,0
62,2,18,13,2,2,12,23,2,4,0,1,1,0
30,3,6,18,2,1,7,2,1,4,0,1,1,1
31,3,15,1,2,1,6,13,5,6,1,0,2,0
46,3,10,15,1,5,11,0,3,8,0,1,1,0
58,3,10,15,1,2,12,11,2,4,0,0,2,0
60,3,17,6,1,2,3,1,0,8,0,1,2,0
61,3,6,18,2,2,12,21,2,2,0,0,1,0
66,3,10,15,2,1,5,15,1,10,0,0,1,0
74,3,9,10,2,1,7,14,6,9,1,0,3,0
22,1,10,15,1,1,5,5,5,3,1,1,3,0
30,1,6,18,2,2,2,4,4,2,0,1,2,1
40,1,1,19,2,2,3,10,0,10,0,0,2,0
53,1,1,19,1,1,5,17,0,2,0,0,1,0
58,1,7,20,1,5,1,18,2,3,0,0,1,0
71,1,19,7,2,3,4,11,4,8,0,0,1,0
20,2,15,1,1,3,8,18,5,12,1,0,1,1
30,2,5,16,2,5,9,18,0,5,0,0,2,1
31,2,6,18,1,4,10,14,2,11,0,0,1,0
50,2,17,6,1,1,7,12,5,1,1,0,1,0
69,2,3,8,1,1,6,3,1,5,0,1,1,0
23,3,10,15,1,5,11,14,0,10,0,0,1,0
30,3,9,10,2,1,6,19,4,6,0,0,2,1
34,3,1,19,2,3,4,19,0,9,0,0,2,0
48,3,8,3,2,2,2,5,1,10,0,1,2,0
69,3,14,12,2,3,8,18,2,12,0,0,3,0
72,3,19,7,1,5,11,13,3,11,0,0,3,0
30,1,20,9,2,3,8,4,0,12,0,1,3,1
37,1,7,20,1,3,4,15,2,7,0,0,2,0
49,1,5,16,2,3,8,0,1,11,0,1,1,0
53,1,2,5,2,2,12,22,3,7,0,1,2,0
71,1,13,2,1,1,7,19,5,10,1,0,3,0
73,1,8,3,1,2,12,3,4,9,0,1,1,0
19,2,7,20,2,2,3,2,0,6,0,1,3,0
30,2,12,14,1,2,2,23,4,8,0,1,1,1
38,2,16,4,1,5,11,1,2,1,0,1,2,0
43,2,14,12,2,3,4,20,5,5,1,0,3,0
51,2,19,7,2,5,1,13,3,12,0,0,1,0
53,2,1,19,1,4,10,23,6,11,1,1,1,0
54,2,18,13,1,1,6,0,4,12,0,1,1,0
57,2,20,9,1,5,9,14,2,4,0,0,1,0
30,3,2,5,2,3,8,12,5,1,1,0,1,1
58,3,2,5,2,3,4,20,2,12,0,0,2,0
26,1,2,5,1,1,7,11,3,10,0,0,1,0
30,1,16,4,2,3,8,15,3,1,0,0,2,1
41,1,9,10,1,1,6,8,0,8,0,0,2,0
65,1,15,1,2,5,9,6,3,10,0,0,1,0
30,2,3,8,2,5,9,19,2,4,0,0,2,1
37,2,4,11,1,2,3,20,0,9,0,0,3,0
41,2,16,4,1,1,6,6,1,3,0,0,1,0
50,2,2,5,1,1,6,11,0,8,0,0,2,0
73,2,4,11,2,3,8,22,6,1,1,1,3,0
30,3,1,19,1,1,6,12,5,7,1,0,3,1
46,3,16,4,2,3,4,20,3,10,0,0,3,0
65,3,13,2,1,1,7,10,6,4,1,0,2,0
67,3,1,19,2,5,1,12,5,6,1,0,2,0
68,3,17,6,1,2,12,7,1,6,0,0,3,0
30,1,4,11,1,2,2,10,2,2,0,0,2,1
46,1,19,7,1,2,3,15,3,7,0,0,1,0
48,1,5,16,2,5,11,14,0,12,0,0,3,0
53,1,4,11,2,2,3,2,5,9,1,1,1,0
57,1,11,17,2,1,7,14,0,7,0,0,3,0
69,1,10,15,1,4,10,11,3,4,0,0,1,0
30,2,4,11,1,3,8,0,2,3,0,1,2,1
35,2,6,18,1,3,4,0,6,2,1,1,1,0
52,2,20,9,1,1,6,4,3,7,0,1,3,0
65,2,17,6,2,1,6,4,5,2,1,1,1,0
75,2,13,2,2,3,4,14,3,12,0,0,1,0
25,3,11,17,2,2,12,19,6,12,1,0,3,1
27,3,10,15,2,1,6,0,2,5,0,1,1,0
30,3,20,9,2,4,10,11,0,9,0,0,1,1
53,3,10,15,2,1,7,16,2,7,0,0,2,0
60,3,11,17,2,5,9,3,5,1,1,1,1,0
67,3,2,5,2,2,2,5,3,12,0,1,3,0
73,3,9,10,2,5,11,13,6,1,1,0,2,0
74,3,8,3,1,4,10,9,4,3,0,0,3,0
20,1,6,18,1,2,12,14,5,5,1,0,3,0
23,1,12,14,1,2,12,12,1,12,0,0,3,0
25,1,2,5,2,1,6,19,3,10,0,0,2,0
28,1,17,6,2,3,8,17,0,4,0,0,2,0
30,1,7,20,1,3,4,4,1,3,0,1,2,1
31,1,16,4,1,1,5,0,4,7,0,1,2,0
46,1,1,19,1,5,9,10,4,7,0,0,2,0
50,1,20,9,1,2,12,1,5,7,1,1,1,0
57,1,5,16,1,2,2,22,0,9,0,1,3,0
63,1,6,18,1,5,9,10,4,3,0,0,2,0
65,1,17,6,1,1,7,22,4,5,0,1,1,0
20,2,17,6,1,2,3,16,3,10,0,0,3,0
29,2,11,17,2,2,2,20,1,8,0,0,2,0
30,2,15,1,2,1,6,22,6,10,1,1,2,1
31,2,9,10,2,3,4,17,0,7,0,0,2,0
32,2,18,13,2,5,9,8,0,2,0,0,1,0
41,2,7,20,1,4,10,4,1,12,0,1,2,0
46,2,8,3,1,5,9,3,5,1,1,1,2,0
72,2,13,2,1,3,4,20,2,2,0,0,3,0
29,3,6,18,1,5,11,14,3,1,0,0,3,0
30,3,14,12,1,1,6,20,4,2,0,0,1,1
55,3,14,12,2,3,4,17,1,4,0,0,1,0
59,3,13,2,1,4,10,10,5,9,1,0,1,0
61,3,10,15,2,2,12,7,4,11,0,0,1,0
29,1,5,16,2,2,3,8,2,2,0,0,3,0
30,1,19,7,1,3,8,1,0,1,0,1,1,1
31,1,3,8,1,2,3,2,5,8,1,1,3,0
48,1,13,2,1,1,5,5,1,9,0,1,3,0
58,1,13,2,1,1,6,15,6,5,1,0,3,0
69,1,13,2,1,5,1,16,4,12,0,0,1,0
70,1,17,6,2,2,3,12,1,6,0,0,1,0
20,2,20,9,2,2,12,17,1,7,0,0,3,0
22,2,4,11,1,1,7,4,1,1,0,1,3,0
30,2,4,11,2,1,5,17,3,1,0,0,3,1
37,2,8,3,1,5,9,12,6,12,1,0,1,1
38,2,2,5,2,5,1,14,1,2,0,0,3,0
42,2,5,16,1,3,8,23,3,7,0,1,3,0
54,2,3,8,2,3,4,4,5,5,1,1,1,0
59,2,4,11,1,3,8,2,5,10,1,1,1,0
30,3,17,6,1,3,8,12,5,3,1,0,1,1
59,3,18,13,2,5,9,13,4,11,0,0,1,0
67,3,8,3,2,2,3,11,3,2,0,0,3,0
27,1,8,3,1,2,12,18,6,1,1,0,1,0
30,1,2,5,2,5,1,5,0,10,0,1,1,1
33,1,9,10,2,3,4,5,6,12,1,1,2,0
38,1,13,2,2,4,10,19,6,11,1,0,2,0
40,1,13,2,2,1,5,8,2,8,0,0,1,0
46,1,19,7,2,3,4,11,4,12,0,0,1,0
51,1,19,7,1,2,12,13,3,12,0,0,2,0
53,1,2,5,1,3,4,5,2,4,0,1,2,0
60,1,6,18,2,1,6,18,3,7,0,0,1,0
66,1,1,19,1,4,10,12,0,3,0,0,1,0
29,2,2,5,2,4,10,14,2,8,0,0,1,0
30,2,8,3,2,4,10,4,6,1,1,1,1,1
35,2,7,20,1,1,7,14,6,7,1,0,3,0
41,2,4,11,2,1,7,15,6,7,1,0,1,0
46,2,18,13,1,3,8,15,1,1,0,0,2,0
47,2,10,15,2,1,5,4,5,9,1,1,3,0
48,2,15,1,1,5,9,4,1,12,0,1,2,0
53,2,16,4,1,2,3,12,3,3,0,0,2,0
57,2,6,18,1,5,11,11,4,9,0,0,1,0
71,2,4,11,1,5,11,17,6,1,1,0,1,0
73,2,4,11,1,5,1,4,6,10,1,1,1,0
30,3,17,6,1,1,5,14,6,5,1,0,2,1
38,3,20,9,2,4,10,12,1,1,0,0,1,0
47,3,2,5,2,3,4,6,0,6,0,0,1,0
50,3,14,12,2,1,6,20,5,7,1,0,2,1
69,3,15,1,1,5,1,2,6,4,1,1,1,0
73,3,4,11,2,5,9,16,5,1,1,0,2,0
27,1,12,14,2,5,11,7,2,8,0,0,1,1
30,1,4,11,2,1,5,12,1,3,0,0,3,1
40,1,4,11,1,1,6,22,1,3,0,1,3,0
43,1,8,3,2,1,6,3,1,10,0,1,3,0
50,1,16,4,1,1,5,6,6,9,1,0,1,0
58,1,11,17,2,5,9,1,3,9,0,1,1,0
67,1,12,14,2,5,11,7,3,3,0,0,2,0
24,2,20,9,2,2,2,0,0,7,0,1,1,0
30,2,17,6,2,1,6,5,0,11,0,1,3,1
33,2,2,5,2,3,8,18,6,5,1,0,3,0
39,2,9,10,1,1,7,20,6,3,1,0,3,1
41,2,12,14,2,5,11,20,3,12,0,0,1,0
48,2,5,16,2,1,6,17,4,1,0,0,3,0
50,2,17,6,2,5,11,11,1,11,0,0,2,0
57,2,14,12,1,4,10,17,2,2,0,0,2,1
61,2,9,10,1,5,1,21,1,9,0,0,2,0
73,2,6,18,1,1,5,4,0,11,0,1,3,0
25,3,4,11,1,2,12,23,5,6,1,1,3,0
28,3,14,12,2,1,7,22,4,11,0,1,3,0
30,3,2,5,1,5,9,8,1,3,0,0,3,1
43,3,14,12,2,2,2,1,3,6,0,1,3,0
50,3,17,6,1,1,6,23,3,11,0,1,1,0
57,3,5,16,1,2,3,1,5,1,1,1,2,0
65,3,1,19,2,2,2,6,4,2,0,0,3,0
71,3,17,6,2,5,1,16,3,4,0,0,1,0
19,1,1,19,2,2,2,1,2,4,0,1,3,0
30,1,3,8,1,5,9,23,1,1,0,1,1,1
31,1,9,10,1,1,5,23,5,6,1,1,1,0
60,1,15,1,1,2,12,21,4,8,0,0,2,0
64,1,1,19,1,2,12,1,4,6,0,1,2,0
22,2,19,7,2,1,5,15,6,12,1,0,1,0
23,2,5,16,2,3,4,9,3,1,0,0,2,0
25,2,13,2,2,3,4,14,2,11,0,0,1,0
30,2,15,1,1,2,12,7,5,10,1,0,2,1
33,2,8,3,1,2,12,14,1,11,0,0,1,0
54,2,12,14,1,3,4,12,5,12,1,0,2,0
70,2,2,5,1,2,12,2,5,3,1,1,1,0
71,2,19,7,1,5,9,9,2,4,0,0,1,0
21,3,13,2,2,5,9,4,5,12,1,1,3,0
30,3,6,18,1,1,7,8,0,7,0,0,2,1
34,3,18,13,2,4,10,8,5,5,1,0,2,0
48,3,18,13,1,1,6,7,2,7,0,0,1,0
70,3,1,19,2,3,8,17,2,6,0,0,1,0
27,1,16,4,1,3,4,19,3,6,0,0,3,0
30,1,12,14,1,4,10,6,5,5,1,0,1,1
41,1,6,18,1,5,1,14,2,5,0,0,1,0
51,1,7,20,2,1,5,20,0,3,0,0,1,0
54,1,19,7,1,5,9,14,4,3,0,0,1,0
63,1,15,1,1,5,9,16,6,12,1,0,3,0
73,1,1,19,2,5,9,0,0,6,0,1,1,0
75,1,14,12,2,1,5,2,4,7,0,1,1,0
18,2,7,20,1,2,12,22,1,3,0,1,2,0
21,2,19,7,1,1,6,1,4,10,0,1,3,0
29,2,16,4,1,4,10,5,1,11,0,1,2,1
30,2,19,7,1,1,6,3,3,1,0,1,2,1
61,2,1,19,1,2,2,15,3,6,0,0,1,0
71,2,14,12,2,2,12,0,4,3,0,1,2,0
30,3,1,19,2,2,12,22,1,8,0,1,2,1
34,3,18,13,2,5,1,15,0,4,0,0,2,0
54,3,19,7,1,5,9,17,3,2,0,0,3,0
18,1,13,2,2,2,2,23,5,8,1,1,1,1
28,1,5,16,2,3,4,16,5,8,1,0,3,0
30,1,11,17,2,2,3,23,3,10,0,1,2,1
42,1,13,2,1,3,8,20,0,4,0,0,1,0
47,1,13,2,2,2,3,7,1,1,0,0,1,0
50,1,15,1,1,2,12,10,5,7,1,0,2,0
53,1,6,18,1,1,5,23,1,4,0,1,3,0
26,2,14,12,2,2,12,4,2,4,0,1,1,0
30,2,19,7,2,3,4,20,0,4,0,0,1,0
42,2,17,6,1,3,4,2,4,4,0,1,1,0
62,2,15,1,2,5,11,13,2,10,0,0,1,0
69,2,9,10,1,1,5,22,5,4,1,1,1,0
74,2,9,10,2,3,4,23,0,3,0,1,2,0
21,3,1,19,2,2,3,10,1,7,0,0,2,0
30,3,9,10,1,5,1,13,3,6,0,0,1,1
61,3,10,15,2,2,12,21,2,3,0,0,3,0
18,1,10,15,1,4,10,0,3,11,0,1,3,0
19,1,18,13,2,1,5,15,5,11,1,0,2,0
30,1,15,1,2,2,2,7,0,11,0,0,2,1
31,1,20,9,2,3,8,21,1,9,0,0,2,0
39,1,14,12,2,2,12,14,5,7,1,0,1,0
69,1,9,10,1,1,7,22,5,11,1,1,3,0
74,1,7,20,1,2,12,10,6,4,1,0,1,0
18,2,14,12,1,2,2,18,5,6,1,0,1,0
29,2,17,6,2,2,2,0,4,5,0,1,2,0
30,2,10,15,1,4,10,15,2,1,0,0,2,1
33,2,12,14,2,4,10,7,0,5,0,0,3,0
39,2,4,11,2,1,5,17,5,9,1,0,3,0
53,2,8,3,2,4,10,23,2,3,0,1,1,0
64,2,8,3,2,1,6,1,5,2,1,1,1,0
75,2,8,3,2,3,4,10,0,3,0,0,1,0
25,3,7,20,2,3,8,20,3,3,0,0,3,0
27,3,6,18,2,2,12,3,6,8,1,1,3,0
30,3,4,11,2,2,12,7,1,3,0,0,1,1
42,3,2,5,1,2,3,15,3,12,0,0,1,0
44,3,15,1,1,3,8,19,0,4,0,0,2,0
46,3,13,2,2,4,10,17,6,7,1,0,1,0
57,3,9,10,1,1,7,0,0,9,0,1,1,0
64,3,3,8,1,2,2,11,1,12,0,0,1,0
68,3,5,16,2,1,7,9,4,10,0,0,1,0
30,1,4,11,2,1,7,6,6,6,1,0,1,1
33,1,6,18,1,4,10,23,2,3,0,1,1,0
40,1,8,3,2,2,3,11,0,4,0,0,3,0
45,1,18,13,2,3,4,23,0,9,0,1,2,1
49,1,7,20,2,4,10,16,5,10,1,0,2,0
60,1,17,6,1,3,4,5,2,2,0,1,1,0
64,1,5,16,2,2,2,22,6,2,1,1,2,0
69,1,9,10,1,5,9,14,6,4,1,0,1,0
30,2,3,8,2,2,12,22,5,1,1,1,1,1
37,2,3,8,1,1,6,10,1,9,0,0,3,0
39,2,15,1,2,5,11,20,6,3,1,0,2,0
43,2,13,2,1,3,4,8,1,9,0,0,2,0
57,2,13,2,1,1,5,0,4,7,0,1,1,0
62,2,6,18,2,2,12,7,0,1,0,0,1,0
21,3,7,20,1,2,3,5,2,10,0,1,1,0
22,3,8,3,1,5,9,10,6,8,1,0,1,0
26,3,13,2,2,2,12,3,0,10,0,1,1,0
30,3,14,12,2,5,1,3,4,12,0,1,3,1
37,3,17,6,1,1,5,16,3,2,0,0,1,0
41,3,2,5,1,2,2,15,4,3,0,0,2,1
74,3,16,4,1,1,5,21,4,3,0,0,2,0
22,1,9,10,2,1,5,19,0,3,0,0,2,0
26,1,8,3,1,5,9,15,6,2,1,0,1,0
28,1,9,10,1,1,6,16,4,3,0,0,1,0
30,1,4,11,2,3,4,18,1,5,0,0,1,1
33,1,7,20,1,2,12,7,4,3,0,0,1,0
49,1,14,12,2,2,3,2,0,11,0,1,3,0
54,1,19,7,2,1,7,4,0,2,0,1,1,1
68,1,14,12,1,4,10,12,6,7,1,0,2,0
24,2,16,4,2,5,1,8,4,7,0,0,3,0
30,2,5,16,2,3,4,4,4,4,0,1,1,1
35,2,19,7,1,5,1,23,5,10,1,1,1,0
30,3,11,17,1,1,7,12,6,4,1,0,1,0
32,3,7,20,2,3,4,17,6,8,1,0,2,0
35,3,7,20,2,5,11,7,2,4,0,0,1,0
36,3,3,8,2,1,7,5,6,8,1,1,1,0
39,3,9,10,2,5,1,2,1,6,0,1,1,0
46,3,3,8,2,1,7,8,3,5,0,0,2,0
68,3,19,7,1,4,10,12,0,8,0,0,1,0
69,3,15,1,1,2,3,15,2,11,0,0,2,0
20,1,10,15,2,1,7,1,5,10,1,1,1,0
28,1,1,19,2,1,7,22,2,9,0,1,3,0
30,1,6,18,2,1,7,21,2,10,0,0,1,1
42,1,7,20,1,1,5,2,1,4,0,1,1,0
67,1,1,19,2,2,2,0,5,5,1,1,1,0
30,2,13,2,2,2,3,12,1,1,0,0,1,1
34,2,4,11,2,3,8,3,6,9,1,1,2,0
57,2,1,19,1,1,7,16,5,2,1,0,3,0
63,2,2,5,1,1,6,16,3,12,0,0,2,0
71,2,12,14,1,1,7,3,6,2,1,1,3,0
74,2,3,8,2,3,8,9,0,10,0,0,1,0
30,3,12,14,2,1,7,7,5,6,1,0,3,1
37,3,6,18,1,2,12,12,5,5,1,0,2,0
47,3,9,10,1,2,12,16,1,1,0,0,1,0
22,1,7,20,1,2,2,15,0,1,0,0,1,0
26,1,5,16,1,1,5,12,2,10,0,0,2,0
27,1,12,14,2,2,12,20,5,5,1,0,2,0
30,1,11,17,2,1,7,0,6,12,1,1,2,1
31,1,5,16,2,3,8,0,3,5,0,1,3,0
34,1,16,4,1,4,10,16,1,7,0,0,2,1
45,1,13,2,1,1,5,12,1,9,0,0,1,0
51,1,18,13,2,2,12,10,5,10,1,0,2,0
52,1,10,15,1,3,4,18,3,2,0,0,1,0
55,1,18,13,1,5,9,23,6,11,1,1,1,0
67,1,2,5,1,3,8,6,4,7,0,0,1,0
69,1,10,15,2,1,5,7,4,9,0,0,3,0
70,1,13,2,2,5,1,3,3,2,0,1,1,0
72,1,4,11,2,2,2,11,4,6,0,0,3,0
19,2,11,17,2,1,5,12,2,8,0,0,3,0
25,2,20,9,2,1,5,9,0,5,0,0,3,0
30,2,19,7,1,3,8,0,2,7,0,1,3,1
35,2,15,1,2,1,7,13,6,9,1,0,2,0
43,2,8,3,1,3,8,22,0,10,0,1,2,0
47,2,11,17,2,1,5,1,6,2,1,1,2,0
48,2,8,3,2,4,10,16,3,5,0,0,2,0
66,2,12,14,1,3,8,3,5,7,1,1,1,0
68,2,14,12,2,2,12,1,3,8,0,1,3,0
23,3,1,19,2,3,8,4,2,5,0,1,3,0
30,3,6,18,2,5,1,3,4,5,0,1,1,1
40,3,3,8,2,2,12,6,3,3,0,0,3,0
53,3,7,20,1,4,10,15,4,2,0,0,1,0
61,3,4,11,2,5,1,13,3,9,0,0,1,0
62,3,19,7,1,5,11,19,5,12,1,0,3,0
73,3,14,12,1,4,10,22,1,7,0,1,3,0
30,1,10,15,2,4,10,4,6,6,1,1,1,1
37,1,6,18,1,1,6,9,4,3,0,0,1,0
50,1,12,14,1,3,8,7,0,1,0,0,1,0
71,1,18,13,2,2,3,18,5,9,1,0,1,0
19,2,8,3,2,2,3,2,3,6,0,1,2,0
30,2,12,14,2,1,5,3,3,2,0,1,1,1
46,2,7,20,2,2,12,13,5,8,1,0,1,0
52,2,8,3,2,1,6,19,1,6,0,0,1,0
53,2,17,6,1,5,11,8,1,4,0,0,2,0
56,2,18,13,1,1,5,3,3,4,0,1,2,0
70,2,4,11,2,5,1,9,1,1,0,0,2,0
71,2,19,7,2,1,6,19,5,6,1,0,1,0
72,2,17,6,2,1,7,1,2,8,0,1,2,0
18,3,19,7,2,5,9,23,4,5,0,1,1,0
26,3,14,12,2,5,11,15,5,8,1,0,2,0
30,3,6,18,1,1,5,10,4,3,0,0,1,1
32,3,20,9,2,5,1,2,0,12,0,1,3,0
60,3,16,4,1,5,11,18,5,11,1,0,2,0
66,3,19,7,2,3,8,14,4,2,0,0,3,0
73,3,4,11,1,3,8,4,2,1,0,1,2,0
30,1,9,10,1,5,9,1,6,1,1,1,2,1
33,1,19,7,2,3,4,14,5,9,1,0,1,0
46,1,1,19,1,1,7,16,5,2,1,0,3,0
49,1,14,12,2,1,5,5,0,4,0,1,2,0
57,1,12,14,1,1,5,5,1,12,0,1,1,0
63,1,2,5,1,1,5,0,2,8,0,1,1,0
67,1,12,14,2,1,7,7,5,6,1,0,3,0
19,2,4,11,1,2,2,11,6,12,1,0,2,0
30,2,20,9,2,4,10,5,0,11,0,1,2,1
49,2,18,13,1,2,2,19,5,7,1,0,3,0
57,2,18,13,2,5,11,8,5,12,1,0,3,0
30,3,16,4,2,5,9,14,6,1,1,0,3,1
33,3,13,2,1,2,12,11,3,10,0,0,2,0
37,3,1,19,1,2,12,13,5,2,1,0,1,0
38,3,2,5,2,1,6,19,3,10,0,0,2,0
41,3,7,20,2,2,12,7,6,7,1,0,2,0
46,3,14,12,2,5,11,9,2,8,0,0,2,0
60,3,6,18,1,5,9,20,4,2,0,0,2,1
69,3,6,18,2,1,7,13,3,5,0,0,1,0
70,3,14,12,2,5,11,15,4,6,0,0,3,0
73,3,6,18,1,4,10,22,0,9,0,1,1,0
27,1,17,6,1,1,6,1,0,7,0,1,3,0
30,1,15,1,2,1,5,23,0,5,0,1,3,1
36,1,1,19,2,5,9,2,4,10,0,1,3,0
50,1,6,18,2,5,1,21,5,2,1,0,3,0
59,1,12,14,2,4,10,1,6,8,1,1,2,0
75,1,17,6,1,3,4,6,6,4,1,0,3,0
30,2,20,9,1,3,4,14,0,10,0,0,2,1
50,2,1,19,2,3,4,1,4,6,0,1,2,0
55,2,11,17,2,1,6,23,1,7,0,1,1,0
63,2,17,6,2,2,2,0,4,2,0,1,1,0
66,2,16,4,2,5,11,8,0,4,0,0,2,0
30,3,11,17,2,5,9,3,2,1,0,1,1,1
41,3,8,3,1,5,11,1,1,10,0,1,2,0
46,3,6,18,2,1,6,20,0,12,0,0,2,0
58,3,2,5,1,2,3,16,2,9,0,0,2,1
61,3,12,14,1,3,8,17,3,11,0,0,1,0
62,3,6,18,2,1,7,16,6,2,1,0,1,1
64,3,13,2,1,5,11,23,5,12,1,1,1,0
73,3,18,13,1,3,8,3,4,6,0,1,3,0
75,3,14,12,1,4,10,10,6,7,1,0,1,0
21,1,13,2,2,1,5,21,2,1,0,0,2,0
23,1,2,5,1,2,3,22,4,12,0,1,1,0
30,1,7,20,1,2,2,10,6,6,1,0,1,1
49,1,7,20,1,5,9,1,2,4,0,1,3,0
53,1,2,5,1,1,7,2,6,8,1,1,1,1
72,1,14,12,1,3,8,6,3,9,0,0,1,0
73,1,15,1,1,3,8,0,5,6,1,1,1,0
30,2,20,9,1,1,7,5,1,5,0,1,2,1
47,2,8,3,2,2,3,15,6,2,1,0,2,0
48,2,19,7,2,2,2,14,5,7,1,0,3,0
25,3,3,8,2,5,11,14,0,6,0,0,1,0
26,3,14,12,1,1,7,10,6,1,1,0,1,1
30,3,11,17,1,2,12,12,2,3,0,0,1,1
41,3,8,3,2,3,8,9,4,5,0,0,2,0
44,3,1,19,1,5,11,18,1,8,0,0,1,0
47,3,9,10,2,4,10,9,3,6,0,0,3,1
55,3,1,19,1,1,6,3,2,3,0,1,3,0
20,1,4,11,1,4,10,0,1,4,0,1,1,0
30,1,14,12,1,5,11,6,1,8,0,0,2,1
39,1,20,9,1,3,8,12,6,6,1,0,2,0
48,1,7,20,1,3,4,2,1,2,0,1,1,0
53,1,20,9,1,5,11,11,4,11,0,0,3,0
69,1,9,10,1,1,7,10,4,2,0,0,1,0
21,2,10,15,2,3,4,2,2,2,0,1,1,0
30,2,4,11,1,1,5,2,4,2,0,1,3,1
31,2,16,4,1,3,4,5,1,7,0,1,2,0
44,2,4,11,2,5,1,3,3,1,0,1,1,0
51,2,17,6,1,2,12,7,1,6,0,0,3,0
53,2,13,2,2,1,7,0,1,8,0,1,3,0
54,2,3,8,2,2,3,1,6,1,1,1,3,0
30,3,20,9,1,1,7,3,2,5,0,1,1,1
21,1,6,18,2,3,4,5,3,4,0,1,2,0
30,1,4,11,1,2,2,15,2,3,0,0,2,1
35,1,14,12,1,5,1,15,6,11,1,0,2,0
60,1,3,8,1,4,10,15,5,8,1,0,2,0
63,1,5,16,1,5,9,6,0,5,0,0,1,0
66,1,3,8,1,1,5,20,4,5,0,0,3,0
30,2,19,7,1,3,4,8,6,4,1,0,1,1
32,2,2,5,2,4,10,3,3,6,0,1,2,0
36,2,11,17,1,1,5,3,6,4,1,1,2,0
48,2,18,13,1,1,7,15,3,12,0,0,1,0
56,2,6,18,2,4,10,0,6,8,1,1,1,0
70,2,2,5,2,3,4,18,4,5,0,0,1,0
24,3,13,2,2,2,3,9,4,5,0,0,1,0
27,3,7,20,2,1,5,8,1,6,0,0,3,0
30,3,12,14,1,3,4,7,1,1,0,0,1,1
32,3,10,15,2,1,6,3,4,6,0,1,1,0
41,3,15,1,2,2,3,12,0,1,0,0,2,0
57,3,2,5,1,1,7,1,6,2,1,1,3,0
62,3,9,10,1,5,9,23,3,7,0,1,3,0
22,1,14,12,1,2,12,0,1,10,0,1,3,0
28,1,13,2,1,1,6,15,1,8,0,0,3,0
30,1,1,19,1,3,8,22,3,3,0,1,1,1
33,1,8,3,1,3,4,16,1,7,0,0,2,0
37,1,20,9,1,2,3,23,4,6,0,1,1,0
51,1,8,3,2,5,11,11,1,1,0,0,2,0
52,1,8,3,2,2,3,22,2,1,0,1,3,0
61,1,11,17,1,3,8,13,6,12,1,0,1,0
62,1,11,17,1,3,8,18,4,10,0,0,3,0
28,2,17,6,2,5,1,3,5,9,1,1,3,0
30,2,7,20,1,2,12,18,2,2,0,0,1,1
46,2,20,9,2,5,9,11,5,12,1,0,2,0
63,2,11,17,2,3,4,13,2,6,0,0,1,0
69,2,8,3,1,2,12,9,2,5,0,0,2,0
20,3,5,16,1,3,4,18,5,2,1,0,3,0
21,3,12,14,1,5,9,0,5,9,1,1,2,0
28,3,1,19,1,1,5,12,5,2,1,0,2,0
29,3,17,6,1,3,8,18,3,11,0,0,1,0
30,3,8,3,2,3,8,9,3,1,0,0,1,1
38,3,2,5,1,3,4,4,0,10,0,1,3,0
45,3,6,18,2,2,3,6,2,4,0,0,3,0
52,3,17,6,2,5,11,0,0,11,0,1,1,1
54,3,6,18,1,4,10,4,5,6,1,1,2,0
59,3,4,11,1,2,3,9,2,9,0,0,1,1
68,3,10,15,1,3,4,15,0,5,0,0,2,0
26,1,11,17,1,5,9,9,5,1,1,0,1,0
28,1,2,5,1,5,9,2,3,10,0,1,2,0
30,1,17,6,2,2,12,23,5,4,1,1,2,1
47,1,9,10,1,3,4,9,3,7,0,0,2,0
52,1,3,8,1,5,9,5,3,10,0,1,2,0
57,1,10,15,2,3,4,10,2,9,0,0,3,0
60,1,3,8,1,2,2,10,1,8,0,0,2,0
62,1,11,17,2,2,2,12,3,1,0,0,2,0
63,1,7,20,2,5,1,3,1,11,0,1,1,0
70,1,14,12,2,5,9,14,6,6,1,0,2,0
75,1,3,8,1,2,2,15,4,4,0,0,2,0
25,2,18,13,2,2,12,21,6,5,1,0,3,0
27,2,1,19,2,2,2,3,1,8,0,1,2,0
30,2,16,4,1,4,10,16,1,7,0,0,2,1
33,2,7,20,1,3,4,20,0,5,0,0,1,0
36,2,10,15,1,2,3,19,5,2,1,0,2,0
45,2,7,20,1,2,3,12,4,4,0,0,1,0
50,2,16,4,2,3,8,0,2,3,0,1,3,0
56,2,4,11,2,3,8,19,6,2,1,0,1,0
60,2,11,17,1,2,2,19,5,10,1,0,1,0
30,3,16,4,1,2,3,3,4,2,0,1,2,1
35,3,18,13,1,2,12,22,6,7,1,1,2,0
62,3,10,15,1,3,8,17,6,7,1,0,3,0
63,3,8,3,1,2,3,4,3,12,0,1,2,0
30,1,20,9,1,3,4,11,6,4,1,0,1,1
33,1,10,15,1,2,12,16,6,12,1,0,2,0
40,1,6,18,2,3,4,13,0,5,0,0,2,0
41,1,9,10,1,4,10,6,3,4,0,0,2,0
42,1,16,4,1,4,10,8,4,6,0,0,2,0
47,1,12,14,2,5,1,18,6,8,1,0,2,0
54,1,16,4,2,1,6,5,6,4,1,1,2,0
57,1,14,12,1,5,11,20,0,8,0,0,2,0
61,1,5,16,1,5,1,3,1,7,0,1,1,0
68,1,5,16,1,3,8,0,2,7,0,1,1,0
69,1,11,17,1,5,9,7,1,8,0,0,2,0
71,1,5,16,1,3,4,0,3,11,0,1,3,0
30,2,14,12,2,5,1,13,1,5,0,0,3,1
46,2,13,2,2,5,9,23,3,12,0,1,1,0
59,2,11,17,1,2,12,23,2,1,0,1,3,0
63,2,5,16,1,2,2,8,1,6,0,0,1,0
66,2,3,8,2,1,5,22,6,1,1,1,2,0
30,3,11,17,2,1,7,9,2,5,0,0,2,1
48,3,20,9,1,1,6,10,1,8,0,0,1,0
53,3,15,1,2,5,11,20,6,7,1,0,2,0
61,3,6,18,2,1,7,14,3,3,0,0,1,0
65,3,17,6,2,2,3,5,4,9,0,1,1,0
19,1,8,3,1,1,7,8,5,2,1,0,2,0
24,1,13,2,2,3,4,9,1,1,0,0,1,0
30,1,5,16,2,5,11,13,3,4,0,0,3,1
33,1,15,1,1,1,7,9,5,7,1,0,1,0
39,1,11,17,2,4,10,16,0,3,0,0,2,0
57,1,11,17,1,5,1,3,2,4,0,1,1,0
63,1,14,12,2,1,5,4,2,3,0,1,2,0
28,2,4,11,2,5,1,5,1,1,0,1,1,0
30,2,19,7,1,3,8,12,6,8,1,0,2,1
37,2,2,5,2,1,7,17,1,9,0,0,1,0
71,2,15,1,1,5,1,2,4,2,0,1,2,0
73,2,20,9,1,2,3,11,2,6,0,0,1,0
26,3,16,4,1,5,11,17,0,5,0,0,2,1
30,3,8,3,2,2,3,12,5,7,1,0,1,1
32,3,7,20,2,1,5,16,5,7,1,0,3,0
34,3,16,4,1,5,9,6,3,9,0,0,2,0
35,3,19,7,1,2,2,4,0,8,0,1,1,0
39,3,3,8,2,3,8,20,2,12,0,0,1,0
40,3,20,9,2,1,5,8,2,9,0,0,2,0
45,3,6,18,1,1,7,2,1,1,0,1,3,0
51,3,11,17,1,2,3,0,4,4,0,1,1,0
59,3,8,3,1,5,9,9,0,9,0,0,1,0
63,3,13,2,1,5,11,7,3,7,0,0,2,0
72,3,16,4,1,3,4,3,6,3,1,1,1,0
19,1,11,17,1,3,8,17,2,12,0,0,1,0
23,1,10,15,1,5,11,23,2,6,0,1,1,0
27,1,6,18,2,1,6,0,1,8,0,1,2,0
29,1,19,7,1,2,3,1,6,7,1,1,2,1
30,1,11,17,1,1,7,4,1,12,0,1,3,1
36,1,12,14,1,2,12,6,2,8,0,0,2,0
38,1,9,10,2,1,6,6,3,11,0,0,1,0
51,1,14,12,2,1,6,16,1,4,0,0,3,0
53,1,18,13,2,3,8,17,3,1,0,0,1,0
54,1,15,1,1,1,6,15,6,9,1,0,3,0
56,1,17,6,2,2,2,2,4,1,0,1,2,0
58,1,6,18,2,5,1,9,4,10,0,0,3,1
72,1,8,3,2,5,1,11,4,1,0,0,1,1
30,2,19,7,1,3,4,11,6,4,1,0,2,1
49,2,7,20,2,2,12,0,0,5,0,1,1,0
30,3,1,19,2,3,4,15,4,12,0,0,1,1
39,3,15,1,2,5,1,13,3,2,0,0,2,0
29,1,11,17,2,5,1,20,5,2,1,0,2,0
30,1,16,4,1,2,3,5,4,9,0,1,2,0
33,1,10,15,2,1,6,15,3,7,0,0,1,0
34,1,17,6,2,2,12,9,4,5,0,0,1,0
38,1,16,4,2,2,12,18,0,1,0,0,2,0
50,1,8,3,1,2,2,12,1,5,0,0,1,0
51,1,4,11,2,5,9,15,2,1,0,0,3,0
67,1,7,20,1,4,10,15,3,10,0,0,2,0
72,1,3,8,2,2,12,21,1,2,0,0,3,0
73,1,3,8,1,2,2,14,2,5,0,0,3,0
22,2,9,10,2,1,5,15,3,6,0,0,2,0
28,2,4,11,1,4,10,12,5,2,1,0,3,0
30,2,3,8,2,5,11,14,6,5,1,0,1,1
31,2,10,15,2,1,6,16,5,9,1,0,3,0
32,2,19,7,2,3,4,12,0,4,0,0,2,1
54,2,16,4,2,2,2,19,6,4,1,0,3,0
26,3,8,3,2,2,3,11,3,4,0,0,2,0
30,3,14,12,2,3,8,16,6,5,1,0,2,1
31,3,10,15,2,2,2,21,4,7,0,0,2,0
41,3,2,5,2,2,12,7,6,10,1,0,1,0
27,1,14,12,2,5,9,9,3,11,0,0,1,0
30,1,10,15,2,2,3,10,0,1,0,0,1,1
60,1,11,17,1,5,1,18,2,10,0,0,2,0
66,1,11,17,2,2,2,20,3,9,0,0,1,0
18,2,20,9,1,2,12,23,0,8,0,1,2,0
24,2,20,9,2,5,1,12,5,7,1,0,1,0
26,2,9,10,1,5,9,7,6,11,1,0,3,0
29,2,7,20,1,3,8,15,6,2,1,0,3,0
30,2,5,16,1,2,2,16,4,5,0,0,3,1
37,2,7,20,2,2,2,11,6,2,1,0,2,0
47,2,5,16,1,3,4,16,1,9,0,0,2,0
48,2,18,13,2,4,10,16,1,8,0,0,3,0
28,3,1,19,2,1,7,1,6,3,1,1,2,0
29,3,3,8,1,2,2,21,1,6,0,0,2,0
30,3,17,6,2,5,9,10,1,3,0,0,1,1
44,3,8,3,1,4,10,5,4,8,0,1,1,0
56,3,2,5,2,3,8,2,6,6,1,1,2,0
58,3,18,13,2,2,12,5,4,5,0,1,1,0
59,3,5,16,1,3,4,11,6,4,1,0,1,0
63,3,7,20,2,2,3,6,5,7,1,0,3,0
66,3,20,9,1,5,11,4,2,4,0,1,1,0
19,1,12,14,2,3,4,8,1,10,0,0,1,0
24,1,6,18,2,1,6,19,1,7,0,0,2,0
30,1,3,8,2,5,9,19,1,5,0,0,2,1
46,1,12,14,2,3,8,5,0,4,0,1,3,0
59,1,3,8,1,1,5,19,2,7,0,0,1,1
60,1,13,2,2,5,9,15,3,2,0,0,2,0
66,1,7,20,2,1,7,10,4,10,0,0,2,1
69,1,3,8,1,3,8,22,0,10,0,1,1,0
19,2,13,2,2,4,10,7,0,10,0,0,1,0
24,2,13,2,1,5,11,14,4,10,0,0,1,0
30,2,1,19,1,4,10,18,4,5,0,0,1,1
36,2,9,10,1,3,8,17,2,2,0,0,2,0
40,2,20,9,1,2,12,8,2,7,0,0,1,0
53,2,11,17,1,1,7,5,0,2,0,1,2,0
20,3,16,4,2,5,9,19,2,6,0,0,1,0
21,3,20,9,2,4,10,2,4,11,0,1,3,0
30,3,14,12,1,3,4,8,6,1,1,0,1,1
33,3,10,15,1,2,12,17,0,4,0,0,1,0
37,3,13,2,2,5,11,12,0,9,0,0,1,0
63,3,1,19,2,2,2,18,2,3,0,0,2,0
74,3,10,15,1,1,6,9,6,9,1,0,1,0
20,1,8,3,1,2,12,9,2,4,0,0,3,0
30,1,6,18,1,5,11,8,2,9,0,0,2,1
34,1,4,11,2,3,4,6,0,10,0,0,2,0
44,1,15,1,1,5,9,19,4,8,0,0,2,0
49,1,3,8,1,3,4,7,2,6,0,0,3,0
55,1,3,8,1,1,7,4,6,9,1,1,3,0
19,2,14,12,2,1,5,8,0,3,0,0,2,0
22,2,9,10,2,5,11,10,1,9,0,0,2,0
28,2,10,15,2,2,3,23,5,2,1,1,3,0
30,2,5,16,2,4,10,5,0,7,0,1,1,1
31,2,11,17,2,2,3,4,0,1,0,1,1,0
40,2,9,10,1,5,1,11,0,2,0,0,2,0
56,2,3,8,1,1,6,0,3,1,0,1,3,0
59,2,13,2,2,5,1,15,1,9,0,0,1,0
21,3,11,17,2,2,12,2,1,6,0,1,1,0
23,3,9,10,1,3,4,11,6,1,1,0,2,0
24,3,1,19,1,2,12,6,3,1,0,0,2,0
30,3,1,19,1,5,9,20,4,10,0,0,2,1
31,3,11,17,2,2,12,18,0,11,0,0,3,0
33,3,13,2,2,3,4,15,0,2,0,0,3,0
44,3,14,12,2,2,3,21,0,12,0,0,1,0
30,1,13,2,1,5,9,0,2,2,0,1,2,1
34,1,5,16,2,5,1,10,4,1,0,0,1,0
38,1,13,2,1,2,12,14,6,3,1,0,1,0
39,1,12,14,1,2,12,4,5,7,1,1,2,0
52,1,18,13,2,1,5,10,5,8,1,0,3,0
53,1,13,2,2,1,7,12,5,9,1,0,2,0
56,1,11,17,1,5,11,8,1,10,0,0,2,0
57,1,13,2,1,5,9,21,3,2,0,0,1,1
62,1,9,10,2,3,8,6,5,3,1,0,2,0
29,2,17,6,2,1,5,2,0,11,0,1,1,0
30,2,17,6,1,2,2,9,1,4,0,0,2,1
62,2,1,19,2,5,1,21,0,7,0,0,3,0
22,3,5,16,2,5,11,9,0,2,0,0,2,0
26,3,13,2,2,2,12,21,1,3,0,0,2,0
30,3,7,20,2,5,11,22,0,12,0,1,3,1
34,3,9,10,2,3,4,6,5,5,1,0,2,0
37,3,15,1,1,2,12,4,3,8,0,1,2,0
49,3,1,19,2,5,1,0,3,9,0,1,1,0
54,3,15,1,2,5,9,20,5,5,1,0,3,0
55,3,2,5,1,5,1,12,5,5,1,0,2,0
62,3,20,9,1,5,1,23,2,5,0,1,2,0
72,3,2,5,2,3,4,11,1,8,0,0,1,0
23,1,7,20,1,3,8,22,0,10,0,1,1,0
26,1,15,1,2,3,8,13,1,7,0,0,1,0
30,1,6,18,2,1,7,6,4,12,0,0,1,1
47,1,2,5,1,5,9,0,2,12,0,1,1,0
51,1,4,11,1,2,3,5,3,2,0,1,1,0
23,2,15,1,1,5,9,1,1,4,0,1,2,0
30,2,5,16,2,1,5,0,3,3,0,1,3,1
36,2,3,8,1,5,9,15,3,6,0,0,2,0
38,2,7,20,1,3,8,5,2,7,0,1,1,0
41,2,7,20,1,5,11,15,5,3,1,0,1,0
45,2,19,7,2,1,6,11,4,10,0,0,2,0
50,2,4,11,2,5,1,6,2,8,0,0,2,0
69,2,7,20,2,1,5,3,0,8,0,1,2,0
24,3,8,3,2,5,11,1,2,4,0,1,1,0
30,3,13,2,2,2,12,22,5,4,1,1,2,1
47,3,7,20,1,1,6,19,5,8,1,0,1,0
57,3,19,7,1,4,10,9,4,8,0,0,1,1
61,3,18,13,1,5,9,19,6,7,1,0,2,0
67,3,2,5,1,5,1,12,5,5,1,0,2,0
73,3,3,8,2,3,8,19,6,10,1,0,1,0
19,1,17,6,2,3,8,12,4,1,0,0,3,0
21,1,8,3,1,1,5,13,1,3,0,0,1,0
30,1,7,20,2,1,7,2,6,6,1,1,2,1
31,1,8,3,2,1,5,2,1,10,0,1,1,0
51,1,10,15,2,2,3,0,4,6,0,1,1,0
60,1,20,9,1,1,5,18,2,5,0,0,1,0
63,1,18,13,1,2,2,14,2,1,0,0,1,0
23,2,20,9,2,1,5,18,0,3,0,0,3,0
24,2,5,16,2,2,3,18,3,7,0,0,1,0
27,2,9,10,2,1,7,22,2,2,0,1,2,0
30,2,20,9,1,4,10,5,2,2,0,1,1,1
32,2,19,7,2,5,11,4,6,4,1,1,2,0
55,2,11,17,1,4,10,6,0,7,0,0,3,0
58,2,13,2,2,3,4,10,0,1,0,0,2,0
70,2,15,1,2,5,9,19,4,6,0,0,2,0
30,3,9,10,2,1,5,19,2,1,0,0,3,1
60,3,13,2,2,1,5,14,3,10,0,0,3,0
62,3,10,15,2,2,3,5,0,9,0,1,1,0
18,1,9,10,1,2,12,10,6,3,1,0,3,0
25,1,4,11,1,3,4,4,0,6,0,1,2,0
27,1,13,2,1,5,1,16,6,5,1,0,2,0
30,1,10,15,2,1,5,12,6,5,1,0,1,1
31,1,8,3,2,3,4,10,4,12,0,0,1,0
74,1,8,3,2,5,1,0,4,12,0,1,1,0
30,2,3,8,2,3,4,23,3,12,0,1,2,1
52,2,13,2,2,3,8,15,0,10,0,0,2,0
56,2,17,6,2,2,3,1,0,4,0,1,1,0
65,2,6,18,1,2,3,13,3,8,0,0,1,0
30,3,17,6,2,5,11,8,6,1,1,0,2,1
35,3,13,2,1,1,7,6,6,9,1,0,3,1
57,3,18,13,1,3,8,8,5,3,1,0,2,0
60,3,3,8,1,3,4,20,0,2,0,0,1,0
68,3,15,1,2,3,4,1,5,8,1,1,1,0
25,1,12,14,1,5,11,11,6,4,1,0,2,0
28,1,5,16,1,3,4,15,1,9,0,0,1,0
30,1,6,18,2,2,3,14,6,1,1,0,2,1
48,1,9,10,1,5,11,8,4,4,0,0,2,0
58,1,1,19,2,4,10,15,4,12,0,0,3,0
65,1,15,1,2,5,11,4,4,2,0,1,3,0
67,1,17,6,2,5,11,18,2,5,0,0,3,0
73,1,9,10,2,5,9,17,6,2,1,0,1,1
22,2,8,3,1,4,10,2,6,6,1,1,3,0
24,2,20,9,2,5,1,21,5,4,1,0,1,0
26,2,2,5,1,3,4,3,0,1,0,1,2,0
30,2,16,4,1,5,9,6,4,3,0,0,2,1
34,2,16,4,2,4,10,10,2,2,0,0,2,0
40,2,14,12,2,5,9,17,1,5,0,0,3,0
44,2,4,11,1,1,6,23,0,5,0,1,3,0
48,2,19,7,1,3,8,7,3,7,0,0,1,0
52,2,2,5,2,1,6,21,1,6,0,0,2,0
66,2,16,4,2,2,3,3,6,7,1,1,1,0
68,2,15,1,2,2,2,10,3,3,0,0,3,0
29,3,1,19,2,5,1,0,3,5,0,1,3,0
30,3,11,17,2,5,11,16,6,5,1,0,1,1
39,3,4,11,1,1,6,10,3,9,0,0,1,0
44,3,13,2,2,4,10,12,4,4,0,0,2,0
49,3,13,2,1,3,8,12,6,5,1,0,1,1
18,1,9,10,1,5,1,21,1,9,0,0,2,0
27,1,14,12,2,5,11,10,0,1,0,0,1,1
30,1,5,16,2,2,2,10,4,5,0,0,2,1
47,1,1,19,1,4,10,2,2,3,0,1,1,0
65,1,16,4,1,3,8,10,3,5,0,0,1,0
70,1,16,4,2,5,11,0,2,9,0,1,2,0
30,2,11,17,1,2,12,16,4,12,0,0,2,1
45,2,3,8,1,3,4,11,6,12,1,0,1,0
18,3,6,18,1,5,11,3,4,5,0,1,2,0
26,3,15,1,1,4,10,6,5,9,1,0,3,0
29,3,8,3,2,2,2,20,0,3,0,0,1,0
30,3,6,18,2,5,11,10,1,7,0,0,1,1
37,3,9,10,2,1,6,22,5,4,1,1,2,0
46,3,17,6,2,5,9,14,1,8,0,0,2,1
48,3,7,20,2,3,8,12,5,12,1,0,1,0
51,3,8,3,2,1,6,11,0,10,0,0,3,0
54,3,9,10,2,4,10,8,1,6,0,0,3,0
57,3,11,17,2,5,1,0,6,7,1,1,1,0
62,3,8,3,1,2,2,0,3,11,0,1,2,0
64,3,8,3,2,4,10,23,3,1,0,1,2,0
23,1,15,1,1,4,10,11,6,2,1,0,1,0
25,1,17,6,2,2,2,7,4,1,0,0,2,0
26,1,20,9,1,5,9,14,6,10,1,0,2,0
29,1,7,20,1,1,7,23,2,11,0,1,3,0
30,1,11,17,2,3,8,3,6,7,1,1,1,1
38,1,5,16,2,2,12,5,4,7,0,1,1,0
64,1,3,8,1,2,2,14,0,4,0,0,1,0
18,2,13,2,2,2,3,4,5,3,1,1,3,0
30,2,11,17,1,1,6,21,0,7,0,0,1,1
36,2,7,20,1,1,5,15,6,8,1,0,2,0
39,2,17,6,1,2,3,15,6,12,1,0,2,0
49,2,16,4,1,2,12,8,5,5,1,0,3,0
20,3,18,13,1,3,8,4,1,11,0,1,1,1
30,3,4,11,2,4,10,19,3,4,0,0,2,1
34,3,19,7,1,3,8,7,5,12,1,0,2,0
36,3,19,7,2,1,7,11,3,8,0,0,2,0
37,3,5,16,1,2,2,14,5,10,1,0,1,0
46,3,3,8,1,3,8,21,6,9,1,0,2,0
61,3,6,18,2,5,11,18,6,1,1,0,1,0
63,3,5,16,1,4,10,6,1,7,0,0,2,0
64,3,6,18,2,5,9,16,2,12,0,0,1,0
24,1,4,11,1,1,7,12,0,6,0,0,3,0
30,1,16,4,2,3,4,12,3,5,0,0,2,1
34,1,3,8,2,2,12,6,1,9,0,0,1,0
38,1,8,3,1,3,4,0,2,5,0,1,1,0
40,1,6,18,1,1,7,23,4,5,0,1,3,0
45,1,3,8,2,1,5,2,3,2,0,1,3,0
48,1,15,1,2,2,3,18,2,4,0,0,3,0
56,1,15,1,2,3,4,5,0,6,0,1,1,0
69,1,4,11,1,1,6,6,6,8,1,0,2,0
72,1,2,5,2,1,7,2,4,10,0,1,1,0
30,2,7,20,1,5,1,13,2,6,0,0,2,1
46,2,15,1,1,5,9,13,4,3,0,0,3,1
56,2,19,7,1,3,8,9,5,10,1,0,1,0
62,2,12,14,2,3,4,11,5,5,1,0,3,0
73,2,18,13,1,5,1,9,3,8,0,0,2,0
74,2,1,19,2,3,4,2,1,3,0,1,1,0
30,3,18,13,1,1,5,10,1,5,0,0,3,1
32,3,19,7,1,3,4,14,4,1,0,0,1,0
50,3,19,7,1,3,8,15,1,1,0,0,2,0
51,3,4,11,2,4,10,8,2,9,0,0,1,1
23,1,1,19,2,5,9,2,0,10,0,1,2,0
30,1,13,2,1,2,2,10,3,12,0,0,2,1
45,1,11,17,2,3,4,11,3,10,0,0,2,0
69,1,6,18,2,4,10,1,6,1,1,1,1,0
70,1,16,4,2,3,8,9,1,7,0,0,1,0
30,2,3,8,2,2,3,1,6,1,1,1,3,1
40,2,12,14,2,2,2,14,6,10,1,0,2,0
46,2,8,3,2,2,2,17,1,5,0,0,3,0
53,2,4,11,1,2,3,11,1,10,0,0,1,0
59,2,19,7,2,4,10,18,0,10,0,0,1,0
62,2,14,12,1,5,1,23,6,2,1,1,2,0
71,2,15,1,1,2,12,19,2,11,0,0,1,0
75,2,14,12,2,2,2,8,3,12,0,0,1,1
18,3,9,10,1,5,11,18,4,1,0,0,1,0
30,3,11,17,2,5,11,9,6,5,1,0,3,1
31,3,4,11,1,2,3,21,6,1,1,0,3,0
35,3,9,10,1,5,9,17,0,9,0,0,3,0
54,3,11,17,1,3,8,7,6,11,1,0,3,0
26,1,7,20,1,1,6,8,3,5,0,0,2,0
28,1,17,6,1,5,11,18,2,11,0,0,1,0
30,1,12,14,2,5,1,19,3,5,0,0,2,1
33,1,11,17,2,4,10,11,1,3,0,0,1,0
48,1,19,7,2,2,2,1,3,6,0,1,2,0
49,1,15,1,2,5,11,20,3,3,0,0,1,0
53,1,17,6,1,1,7,8,1,12,0,0,3,0
55,1,8,3,2,4,10,13,2,1,0,0,1,0
70,1,2,5,1,2,12,16,2,4,0,0,2,0
20,2,20,9,2,1,6,4,1,8,0,1,1,0
23,2,9,10,2,5,1,5,0,4,0,1,3,0
25,2,14,12,2,3,4,13,4,4,0,0,1,0
29,2,19,7,1,4,10,18,2,5,0,0,1,0
30,2,9,10,2,4,10,10,0,8,0,0,2,1
41,2,14,12,2,1,6,15,2,7,0,0,1,0
63,2,1,19,1,5,9,0,2,8,0,1,1,0
65,2,11,17,2,5,1,14,5,11,1,0,2,0
19,3,8,3,2,2,2,17,4,7,0,0,2,0
21,3,15,1,2,2,12,2,0,4,0,1,2,0
30,3,17,6,2,3,8,13,2,3,0,0,1,1
33,3,14,12,2,1,7,23,3,1,0,1,3,0
36,3,8,3,2,3,4,23,6,8,1,1,1,0
48,3,1,19,1,1,6,8,6,4,1,0,3,0
73,3,16,4,1,5,1,23,1,8,0,1,1,0
74,3,9,10,1,2,3,17,6,4,1,0,2,0
19,1,9,10,1,2,3,3,0,1,0,1,1,0
25,1,2,5,1,2,3,17,3,2,0,0,1,0
30,1,12,14,1,5,1,15,1,6,0,0,1,1
41,1,11,17,1,3,4,5,3,2,0,1,1,0
42,1,19,7,2,4,10,22,6,2,1,1,1,0
44,1,5,16,2,5,9,1,5,4,1,1,1,0
47,1,3,8,1,2,2,21,6,10,1,0,2,0
57,1,4,11,2,5,1,3,6,10,1,1,2,0
61,1,11,17,2,2,2,9,3,4,0,0,3,0
64,1,17,6,2,5,1,14,3,10,0,0,3,0
72,1,2,5,1,1,6,12,5,1,1,0,1,0
30,2,10,15,2,1,6,12,0,10,0,0,2,1
49,2,13,2,1,4,10,9,5,1,1,0,1,0
55,2,19,7,2,1,5,10,3,6,0,0,2,0
20,3,10,15,1,1,7,5,5,2,1,1,2,0
26,3,20,9,1,2,12,13,1,8,0,0,2,0
30,3,18,13,2,5,9,4,5,6,1,1,1,1
51,3,13,2,1,5,11,0,3,11,0,1,2,0
69,3,9,10,2,5,1,15,2,8,0,0,1,0
70,3,6,18,1,1,5,0,5,8,1,1,2,0
18,1,20,9,2,1,7,18,4,11,0,0,1,0
20,1,9,10,1,5,9,23,3,7,0,1,3,0
30,1,18,13,1,5,11,15,4,3,0,0,2,1
58,1,5,16,2,2,12,6,1,6,0,0,2,0
18,2,13,2,1,2,2,18,6,12,1,0,1,0
30,2,14,12,1,3,4,11,5,7,1,0,1,1
39,2,7,20,1,2,12,8,4,5,0,0,3,0
43,2,13,2,2,1,6,19,2,11,0,0,2,0
64,2,8,3,1,3,4,5,1,2,0,1,2,0
22,3,19,7,1,1,5,7,2,2,0,0,3,0
24,3,4,11,2,4,10,15,0,2,0,0,1,0
25,3,3,8,2,5,1,3,3,7,0,1,1,0
30,3,9,10,2,3,8,13,5,4,1,0,3,1
40,3,14,12,1,2,2,19,1,10,0,0,2,0
44,3,2,5,1,5,11,19,2,12,0,0,1,0
30,1,13,2,2,4,10,3,3,4,0,1,2,1
44,1,6,18,1,3,4,21,4,5,0,0,3,0
52,1,18,13,1,2,3,15,2,6,0,0,3,0
18,2,11,17,1,5,11,16,6,8,1,0,1,0
23,2,19,7,1,5,11,2,3,10,0,1,3,0
24,2,9,10,1,5,11,20,3,9,0,0,2,0
25,2,7,20,2,4,10,0,5,8,1,1,1,0
30,2,2,5,1,1,6,3,0,12,0,1,1,1
46,2,20,9,1,3,4,23,5,3,1,1,1,0
48,2,19,7,1,3,4,17,4,6,0,0,1,0
69,2,18,13,2,2,2,11,3,1,0,0,1,0
20,3,4,11,2,2,2,22,2,7,0,1,1,0
23,3,9,10,2,2,12,22,2,3,0,1,2,0
30,3,12,14,2,1,6,20,5,2,1,0,1,1
35,3,8,3,1,1,5,5,5,1,1,1,1,0
41,3,13,2,1,5,11,17,3,3,0,0,1,0
47,3,15,1,1,1,6,14,1,10,0,0,1,0
48,3,14,12,1,2,3,13,6,9,1,0,1,0
51,3,16,4,2,3,4,11,4,10,0,0,3,0
53,3,4,11,1,3,8,12,6,6,1,0,3,0
61,3,6,18,2,1,5,0,2,11,0,1,3,0
65,3,2,5,1,5,9,0,0,11,0,1,2,0
75,3,19,7,1,1,6,1,3,1,0,1,3,1
30,1,12,14,2,1,7,15,5,8,1,0,1,1
38,1,1,19,2,2,12,5,0,1,0,1,3,1
40,1,11,17,2,1,7,0,2,12,0,1,2,0
51,1,15,1,1,2,3,14,2,6,0,0,3,0
68,1,14,12,2,5,1,17,0,7,0,0,1,0
26,2,3,8,1,3,4,4,2,8,0,1,1,0
30,2,14,12,1,1,5,23,2,4,0,1,1,1
34,2,14,12,2,5,9,13,3,8,0,0,2,0
46,2,15,1,1,4,10,11,5,6,1,0,1,1
48,2,17,6,2,5,11,18,2,5,0,0,3,0
55,2,11,17,1,5,9,19,6,8,1,0,1,0
61,2,16,4,1,3,8,6,4,9,0,0,2,0
30,3,20,9,2,1,5,17,2,12,0,0,1,1
35,3,17,6,2,1,6,10,1,9,0,0,3,0
39,3,16,4,2,3,4,5,2,1,0,1,1,0
48,3,15,1,2,1,5,10,0,7,0,0,2,0
67,3,5,16,1,1,7,20,3,12,0,0,1,0
70,3,19,7,1,5,9,17,1,2,0,0,1,0
23,1,8,3,2,2,2,17,1,5,0,0,3,0
27,1,13,2,2,1,7,20,4,7,0,0,2,0
30,1,5,16,2,3,8,3,0,6,0,1,2,1
41,1,19,7,2,1,7,11,3,8,0,0,2,0
49,1,14,12,2,4,10,12,4,3,0,0,1,0
57,1,11,17,2,2,12,23,4,10,0,1,1,0
67,1,7,20,1,1,6,10,4,10,0,0,1,0
71,1,8,3,2,2,3,3,1,3,0,1,2,0
73,1,2,5,1,5,9,14,5,11,1,0,3,0
19,2,4,11,1,1,5,9,3,4,0,0,2,0
21,2,16,4,2,4,10,17,4,5,0,0,2,0
30,2,16,4,2,3,8,0,2,3,0,1,3,1
32,2,15,1,1,2,3,13,3,12,0,0,2,0
47,2,14,12,2,5,9,9,6,3,1,0,1,0
50,2,17,6,2,5,9,16,5,2,1,0,2,0
53,2,11,17,2,2,3,1,0,10,0,1,2,0
65,2,4,11,1,2,12,16,3,11,0,0,3,0
70,2,6,18,2,5,1,1,4,9,0,1,1,0
19,3,17,6,2,5,1,8,4,5,0,0,1,0
27,3,14,12,2,3,4,15,2,12,0,0,1,0
30,3,9,10,2,2,12,16,0,5,0,0,3,1
35,3,17,6,1,3,8,23,5,2,1,1,2,0
39,3,19,7,1,3,4,3,2,1,0,1,3,1
55,3,11,17,2,1,5,11,6,3,1,0,1,0
59,3,10,15,2,3,8,4,1,9,0,1,3,0
30,1,15,1,1,2,3,8,6,5,1,0,3,1
41,1,8,3,1,1,6,13,5,10,1,0,3,0
42,1,3,8,2,5,1,3,6,1,1,1,1,0
43,1,3,8,1,2,2,16,3,12,0,0,1,0
47,1,9,10,2,5,11,9,2,7,0,0,2,0
62,1,16,4,2,4,10,18,3,1,0,0,2,0
71,1,9,10,1,5,9,15,5,6,1,0,1,0
75,1,8,3,1,2,12,15,3,5,0,0,1,1
22,2,11,17,2,5,1,17,4,9,0,0,1,0
30,2,7,20,1,3,4,5,1,5,0,1,2,1
50,2,4,11,1,4,10,17,2,12,0,0,1,0
53,2,6,18,2,4,10,10,5,4,1,0,1,0
59,2,3,8,1,2,3,9,1,8,0,0,1,0
62,2,12,14,1,2,2,8,1,4,0,0,1,0
63,2,1,19,2,1,6,20,6,7,1,0,2,0
73,2,1,19,2,1,5,19,1,3,0,0,1,0
19,3,15,1,1,1,6,16,1,4,0,0,2,0
20,3,7,20,2,3,4,18,2,12,0,0,1,0
24,3,3,8,1,1,6,11,3,5,0,0,2,0
30,3,5,16,2,1,6,11,0,8,0,0,1,1
36,3,1,19,2,2,3,10,2,9,0,0,1,0
44,3,17,6,1,5,11,19,1,2,0,0,2,0
48,3,10,15,2,1,7,2,3,7,0,1,2,0
68,3,6,18,2,3,8,7,1,9,0,0,1,0
70,3,6,18,1,5,9,22,5,12,1,1,3,0
74,3,9,10,1,5,9,20,4,3,0,0,2,0
30,1,3,8,1,1,6,10,1,2,0,0,3,1
31,1,7,20,1,5,9,11,1,6,0,0,2,0
43,1,3,8,2,2,3,6,1,12,0,0,1,0
48,1,14,12,2,3,4,23,6,12,1,1,3,0
68,1,14,12,2,2,12,3,4,4,0,1,1,0
70,1,18,13,2,5,9,10,5,9,1,0,1,0
30,2,12,14,2,2,3,23,2,4,0,1,1,1
48,2,15,1,2,1,7,16,0,5,0,0,1,0
51,2,11,17,1,3,4,0,0,11,0,1,1,0
53,2,16,4,2,2,3,20,2,2,0,0,2,0
65,2,11,17,1,5,9,3,0,10,0,1,2,0
73,2,19,7,2,1,6,13,2,12,0,0,1,0
30,3,16,4,1,3,4,19,3,6,0,0,3,1
57,3,3,8,1,5,1,4,5,10,1,1,3,0
62,3,1,19,1,2,3,5,4,4,0,1,1,1
19,1,19,7,1,1,7,6,5,3,1,0,3,1
20,1,11,17,1,4,10,15,6,7,1,0,1,0
30,1,14,12,1,3,4,20,5,10,1,0,2,1
41,1,8,3,1,5,1,5,3,5,0,1,3,0
42,1,20,9,2,5,9,11,1,10,0,0,1,0
51,1,15,1,2,1,5,23,0,5,0,1,3,1
67,1,16,4,1,4,10,14,2,8,0,0,3,0
25,2,11,17,2,1,7,20,3,12,0,0,3,0
28,2,1,19,1,1,6,18,5,5,1,0,1,0
30,2,16,4,2,2,12,8,5,3,1,0,2,1
51,2,12,14,2,5,1,3,3,2,0,1,2,0
55,2,4,11,2,1,7,18,0,1,0,0,1,0
58,2,14,12,1,1,7,23,1,4,0,1,3,0
63,2,3,8,1,5,1,22,0,6,0,1,1,0
67,2,18,13,1,5,1,1,2,8,0,1,1,0
21,3,3,8,2,1,7,8,5,4,1,0,1,0
26,3,8,3,1,5,11,7,3,3,0,0,1,0
30,3,11,17,2,1,6,7,6,5,1,0,1,1
31,3,12,14,2,3,8,6,1,9,0,0,2,0
47,3,18,13,1,2,3,22,2,2,0,1,1,0
54,3,10,15,1,4,10,23,5,10,1,1,2,0
30,1,8,3,1,3,4,14,4,8,0,0,2,1
35,1,7,20,2,1,7,4,3,3,0,1,3,0
45,1,4,11,2,2,2,6,1,12,0,0,3,0
58,1,17,6,2,1,5,23,4,10,0,1,2,0
60,1,19,7,1,5,11,14,1,12,0,0,1,0
71,1,3,8,1,5,11,22,6,12,1,1,1,0
75,1,3,8,1,1,5,7,6,4,1,0,1,0
30,2,16,4,2,3,8,4,6,7,1,1,1,1
33,2,16,4,2,1,5,17,1,9,0,0,1,0
40,2,20,9,2,1,6,21,6,7,1,0,1,0
44,2,17,6,1,1,5,8,6,5,1,0,1,0
49,2,11,17,2,3,8,0,3,10,0,1,1,0
59,2,1,19,2,4,10,0,6,8,1,1,1,0
73,2,17,6,2,2,2,11,3,9,0,0,1,0
19,3,18,13,1,4,10,10,6,9,1,0,3,0
30,3,10,15,1,4,10,15,2,1,0,0,2,1
31,3,9,10,2,2,12,4,6,12,1,1,3,0
37,3,19,7,1,2,2,9,4,2,0,0,3,1
50,3,4,11,1,1,5,6,1,7,0,0,3,0
61,3,11,17,1,1,5,2,0,8,0,1,1,0
62,3,8,3,1,1,5,2,3,8,0,1,1,0
65,3,4,11,2,3,8,20,3,8,0,0,2,0
30,1,4,11,1,5,11,23,4,12,0,1,1,1
33,1,9,10,2,3,8,16,2,10,0,0,1,0
60,1,17,6,2,4,10,20,0,5,0,0,2,0
18,2,15,1,1,1,6,0,2,6,0,1,1,0
25,2,20,9,2,5,11,4,5,3,1,1,1,0
30,2,17,6,1,5,1,13,3,4,0,0,1,1
37,2,8,3,2,4,10,14,4,4,0,0,1,1
50,2,14,12,2,5,11,14,5,2,1,0,2,0
63,2,14,12,2,4,10,21,4,3,0,0,1,0
66,2,12,14,1,4,10,15,6,10,1,0,1,0
67,2,7,20,1,5,9,1,2,4,0,1,3,0
20,3,8,3,2,5,1,18,4,2,0,0,3,0
21,3,13,2,2,3,4,3,5,5,1,1,2,0
25,3,13,2,1,3,4,11,1,7,0,0,1,0
30,3,20,9,1,3,4,23,0,12,0,1,2,1
36,3,7,20,1,2,2,16,3,7,0,0,2,0
37,3,2,5,1,5,1,14,2,8,0,0,1,0
40,3,14,12,1,2,2,9,3,7,0,0,3,0
61,3,14,12,1,1,7,3,6,9,1,1,1,0
67,3,16,4,2,1,6,2,3,2,0,1,1,0
18,1,10,15,2,1,5,19,4,1,0,0,3,0
25,1,3,8,1,3,4,22,3,2,0,1,3,0
30,1,17,6,2,3,4,2,0,2,0,1,2,1
36,1,10,15,2,2,2,7,0,10,0,0,1,0
43,1,2,5,2,1,6,12,0,4,0,0,3,0
24,2,6,18,1,3,4,12,0,2,0,0,2,0
30,2,16,4,2,3,4,15,2,1,0,0,3,1
34,2,14,12,2,1,5,8,0,3,0,0,2,0
55,2,19,7,1,2,12,9,4,9,0,0,3,0
19,3,14,12,1,3,8,8,3,3,0,0,3,0
21,3,5,16,1,4,10,19,0,4,0,0,1,0
28,3,1,19,1,3,4,1,1,7,0,1,1,0
30,3,9,10,1,1,5,21,2,9,0,0,1,1
32,3,10,15,1,1,7,8,4,4,0,0,1,0
60,3,11,17,1,2,3,16,1,4,0,0,2,0
61,3,19,7,2,4,10,22,0,7,0,1,2,0
62,3,13,2,1,3,4,0,2,7,0,1,2,0
73,3,20,9,1,2,2,9,3,6,0,0,3,0
30,1,16,4,2,2,3,10,2,8,0,0,3,1
51,1,6,18,1,2,12,18,2,7,0,0,2,0
18,2,19,7,2,5,9,22,5,4,1,1,2,0
19,2,14,12,2,2,3,18,5,10,1,0,1,0
30,2,17,6,2,5,1,21,2,9,0,0,3,1
33,2,2,5,1,5,9,14,2,8,0,0,1,0
39,2,20,9,1,1,7,6,0,5,0,0,1,0
46,2,14,12,2,3,8,2,6,3,1,1,2,1
70,2,18,13,1,3,8,18,1,5,0,0,1,0
74,2,5,16,1,1,7,22,2,2,0,1,1,0
29,3,2,5,1,2,2,20,0,11,0,0,1,0
30,3,14,12,2,1,7,10,4,2,0,0,2,1
40,3,4,11,1,5,9,20,4,9,0,0,2,0
65,3,8,3,2,2,3,22,2,12,0,1,2,0
19,1,1,19,2,2,3,16,4,10,0,0,2,0
28,1,8,3,1,3,4,23,0,8,0,1,2,0
30,1,13,2,2,3,4,17,6,9,1,0,3,1
34,1,10,15,1,5,11,9,5,3,1,0,2,0
36,1,15,1,2,3,8,3,1,5,0,1,1,0
39,1,9,10,2,1,5,0,0,10,0,1,3,0
50,1,10,15,1,5,9,4,0,1,0,1,3,0
53,1,15,1,1,1,7,1,2,4,0,1,3,0
56,1,18,13,2,5,11,1,6,3,1,1,1,0
28,2,19,7,1,4,10,5,3,12,0,1,1,0
30,2,6,18,1,3,4,11,4,12,0,0,3,1
32,2,14,12,2,2,3,16,1,2,0,0,2,0
49,2,10,15,2,5,11,20,5,9,1,0,2,0
50,2,6,18,2,3,4,16,3,7,0,0,2,0
55,2,15,1,2,2,12,20,5,10,1,0,3,0
56,2,10,15,2,5,9,3,5,1,1,1,3,0
57,2,19,7,2,1,5,13,2,10,0,0,1,0
60,2,20,9,2,2,2,7,0,12,0,0,2,0
71,2,10,15,1,5,11,12,3,10,0,0,1,0
74,2,18,13,2,2,12,4,2,8,0,1,2,0
30,3,11,17,2,5,9,17,6,9,1,0,1,1
40,3,1,19,1,1,6,19,1,7,0,0,2,0
57,3,8,3,2,2,2,5,2,7,0,1,2,0
61,3,19,7,1,5,11,20,3,10,0,0,2,0
29,1,19,7,2,1,6,4,1,4,0,1,3,0
30,1,13,2,1,2,3,15,3,4,0,0,2,1
33,1,2,5,2,5,11,10,1,10,0,0,1,0
45,1,19,7,1,5,11,20,6,1,1,0,1,0
46,1,17,6,2,5,11,23,5,12,1,1,1,1
49,1,1,19,2,1,7,16,3,7,0,0,1,0
20,2,15,1,1,1,7,6,5,2,1,0,1,1
30,2,12,14,2,3,8,5,0,4,0,1,3,1
50,2,13,2,1,3,8,0,4,10,0,1,1,0
55,2,18,13,2,2,12,11,6,11,1,0,3,0
71,2,17,6,1,1,6,2,3,9,0,1,2,0
30,3,9,10,2,1,7,6,1,2,0,0,1,1
40,3,14,12,1,3,4,20,2,11,0,0,1,0
46,3,16,4,1,4,10,23,6,1,1,1,3,0
53,3,17,6,2,4,10,15,4,5,0,0,2,0
30,1,5,16,1,5,1,22,0,9,0,1,1,1
47,1,13,2,2,5,11,7,3,6,0,0,2,0
58,1,10,15,1,2,2,13,2,5,0,0,1,0
65,1,12,14,1,5,9,7,2,8,0,0,1,1
66,1,19,7,2,4,10,16,4,4,0,0,2,0
73,1,12,14,2,2,3,19,1,10,0,0,2,0
23,2,14,12,1,3,8,10,3,9,0,0,1,0
30,2,13,2,1,1,5,6,4,9,0,0,3,1
31,2,12,14,2,4,10,1,3,6,0,1,1,0
39,2,5,16,1,3,8,6,0,5,0,0,1,0
46,2,17,6,1,1,6,5,6,8,1,1,2,0
48,2,7,20,1,5,1,18,1,1,0,0,1,0
57,2,12,14,1,2,2,15,3,9,0,0,3,0
66,2,18,13,2,1,5,17,4,1,0,0,2,0
69,2,1,19,2,1,7,5,2,1,0,1,2,0
74,2,12,14,1,3,4,23,4,1,0,1,3,0
26,3,5,16,2,5,9,3,3,4,0,1,3,0
30,3,3,8,2,3,8,18,6,8,1,0,1,1
49,3,10,15,2,1,5,0,0,6,0,1,1,0
66,3,12,14,2,1,6,12,3,3,0,0,1,0
20,1,13,2,1,5,1,4,5,12,1,1,2,0
21,1,2,5,1,3,4,4,0,10,0,1,3,0
30,1,17,6,2,4,10,22,1,5,0,1,3,1
40,1,3,8,2,3,8,3,4,1,0,1,2,0
42,1,11,17,1,2,12,23,2,1,0,1,3,0
43,1,9,10,2,4,10,11,6,3,1,0,2,0
75,1,5,16,1,1,7,10,5,5,1,0,2,1
30,2,4,11,2,2,2,0,3,2,0,1,3,1
34,2,9,10,2,1,6,9,0,2,0,0,3,0
44,2,20,9,2,1,7,0,4,11,0,1,1,0
64,2,14,12,2,5,9,20,2,4,0,0,1,0
68,2,9,10,1,3,8,23,4,12,0,1,2,0
72,2,14,12,1,4,10,21,6,1,1,0,3,0
74,2,12,14,1,3,4,1,2,7,0,1,2,0
21,3,20,9,1,5,1,9,1,4,0,0,2,0
30,3,11,17,1,2,3,11,0,3,0,0,1,0
37,3,19,7,2,1,5,2,3,6,0,1,1,0
39,3,6,18,2,5,11,17,4,7,0,0,1,0
56,3,12,14,1,2,12,10,2,3,0,0,2,0
64,3,3,8,2,3,8,11,4,8,0,0,3,0
66,3,14,12,1,3,4,10,4,4,0,0,3,0
71,3,9,10,2,1,6,19,4,6,0,0,2,0
25,1,14,12,2,1,7,23,1,5,0,1,1,0
30,1,11,17,2,5,9,23,3,5,0,1,2,1
37,1,5,16,1,3,8,8,4,1,0,0,1,0
52,1,20,9,2,1,7,14,3,10,0,0,2,0
60,1,8,3,1,2,3,21,2,8,0,0,2,0
68,1,3,8,1,1,7,6,6,9,1,0,1,0
72,1,12,14,2,1,6,17,6,2,1,0,3,1
30,2,11,17,1,2,2,11,5,3,1,0,3,1
51,2,11,17,2,4,10,11,2,7,0,0,3,0
60,2,20,9,1,3,8,21,2,8,0,0,3,0
64,2,3,8,1,4,10,8,6,7,1,0,1,0
66,2,19,7,1,1,6,13,6,8,1,0,2,0
67,2,4,11,2,5,1,1,5,3,1,1,1,0
71,2,13,2,2,5,9,14,0,10,0,0,1,0
25,3,16,4,1,3,8,10,6,1,1,0,2,0
30,3,17,6,2,1,5,2,5,6,1,1,1,1
66,3,2,5,2,2,3,6,2,12,0,0,1,0
68,3,9,10,1,1,7,18,3,5,0,0,3,0
73,3,19,7,2,2,2,1,0,4,0,1,3,0
21,1,13,2,2,2,2,23,6,8,1,1,2,0
25,1,3,8,1,2,2,22,3,2,0,1,1,0
28,1,1,19,1,3,8,11,2,9,0,0,3,0
30,1,2,5,1,2,2,10,5,9,1,0,3,1
37,1,14,12,2,5,11,15,4,6,0,0,3,0
45,1,15,1,1,1,6,9,3,7,0,0,2,0
55,1,16,4,2,3,4,15,2,1,0,0,3,0
59,1,9,10,1,2,2,9,1,10,0,0,1,0
30,2,18,13,2,2,12,2,6,11,1,1,1,1
34,2,14,12,2,5,11,4,3,2,0,1,2,0
41,2,2,5,2,1,5,13,3,11,0,0,2,0
54,2,18,13,1,3,8,5,0,1,0,1,2,1
69,2,20,9,2,2,12,2,6,11,1,1,3,0
73,2,15,1,2,1,7,20,3,9,0,0,2,0
27,3,14,12,1,4,10,11,1,1,0,0,1,0
30,3,15,1,1,2,3,22,0,12,0,1,2,1
53,3,2,5,2,2,3,7,6,8,1,0,2,0
59,3,1,19,2,5,11,17,0,12,0,0,2,0
60,3,12,14,2,3,8,22,5,4,1,1,1,0
62,3,10,15,1,5,11,11,4,2,0,0,1,0
64,3,12,14,2,2,2,20,1,10,0,0,1,0
70,3,8,3,2,2,12,9,5,9,1,0,2,0
24,1,18,13,2,4,10,21,4,3,0,0,1,0
30,1,9,10,1,3,8,8,5,5,1,0,1,1
37,1,10,15,1,4,10,21,6,1,1,0,1,0
63,1,8,3,1,5,1,19,2,4,0,0,3,0
19,2,17,6,2,2,12,8,3,6,0,0,1,0
25,2,4,11,1,3,8,10,6,5,1,0,1,0
30,2,4,11,1,1,7,6,6,3,1,0,3,1
43,2,7,20,1,5,9,8,2,4,0,0,2,0
56,2,20,9,2,2,2,1,4,12,0,1,2,0
57,2,17,6,1,2,2,3,3,7,0,1,1,0
66,2,12,14,1,3,4,10,6,11,1,0,1,1
74,2,20,9,1,2,2,9,3,6,0,0,3,0
30,3,10,15,1,4,10,12,6,2,1,0,2,1
70,3,19,7,1,1,5,0,1,6,0,1,1,0
27,1,16,4,2,4,10,3,1,9,0,1,3,0
30,1,18,13,1,1,7,3,3,1,0,1,1,1
31,1,12,14,2,3,4,23,6,4,1,1,3,0
44,1,4,11,2,2,2,8,4,7,0,0,1,1
50,1,13,2,2,1,7,16,2,10,0,0,1,1
61,1,12,14,1,2,12,3,0,1,0,1,3,0
63,1,13,2,1,2,3,10,6,9,1,0,2,1
68,1,14,12,1,2,12,1,5,10,1,1,1,0
24,2,17,6,1,5,1,13,1,6,0,0,3,0
30,2,12,14,2,5,11,15,6,7,1,0,2,1
32,2,9,10,2,2,3,3,2,2,0,1,2,0
47,2,19,7,2,5,1,0,0,2,0,1,1,0
30,3,11,17,1,2,12,2,2,3,0,1,1,1
72,3,14,12,2,5,9,14,0,10,0,0,1,0
75,3,6,18,1,1,7,14,5,8,1,0,1,0
20,1,17,6,1,3,8,20,5,1,1,0,1,0
29,1,19,7,2,2,2,16,0,5,0,0,2,0
30,1,13,2,2,4,10,8,2,3,0,0,2,1
40,1,4,11,1,1,5,15,4,8,0,0,1,0
65,1,18,13,1,2,3,12,0,8,0,0,2,0
69,1,18,13,1,2,3,2,4,12,0,1,2,0
21,2,11,17,1,1,7,15,5,7,1,0,1,0
22,2,4,11,1,5,1,3,0,6,0,1,3,0
27,2,6,18,2,2,3,19,0,9,0,0,3,0
30,2,5,16,2,5,1,17,2,10,0,0,1,1
38,2,8,3,2,1,5,7,6,12,1,0,2,0
40,2,13,2,1,3,8,6,5,1,1,0,1,1
44,2,5,16,1,1,7,2,2,6,0,1,1,0
45,2,2,5,2,1,7,10,1,9,0,0,1,0
59,2,5,16,1,1,5,3,3,6,0,1,2,0
60,2,10,15,2,1,6,16,5,9,1,0,3,0
69,2,7,20,2,2,3,2,0,6,0,1,3,0
20,3,9,10,1,2,3,20,4,2,0,0,2,0
26,3,20,9,1,3,8,10,4,5,0,0,1,0
28,3,2,5,1,2,2,11,6,6,1,0,3,0
30,3,17,6,2,5,11,19,3,6,0,0,2,1
34,3,19,7,2,5,1,4,5,2,1,1,2,0
39,3,3,8,1,5,11,8,4,7,0,0,1,0
47,3,11,17,2,4,10,15,3,5,0,0,2,0
54,3,12,14,1,5,9,8,5,12,1,0,2,0
64,3,14,12,2,1,7,10,4,2,0,0,2,1
67,3,17,6,1,5,1,17,0,3,0,0,3,0
68,3,16,4,1,3,8,6,4,9,0,0,2,0
29,1,5,16,2,1,7,6,6,11,1,0,1,0
30,1,1,19,1,4,10,18,3,2,0,0,1,1
68,1,17,6,1,5,11,2,4,3,0,1,2,0
74,1,2,5,2,3,8,1,0,11,0,1,3,0
22,2,1,19,2,5,9,18,6,6,1,0,3,0
24,2,18,13,1,2,12,6,5,6,1,0,1,0
28,2,4,11,1,3,4,19,2,2,0,0,3,0
30,2,9,10,2,5,9,17,3,7,0,0,3,1
38,2,6,18,2,5,11,6,0,2,0,0,3,0
42,2,5,16,2,3,8,23,3,3,0,1,2,0
57,2,19,7,1,3,8,17,6,4,1,0,2,0
74,2,1,19,1,1,6,6,1,10,0,0,2,0
29,3,12,14,1,2,3,16,2,10,0,0,3,0
30,3,8,3,2,1,7,2,4,11,0,1,1,1
36,3,4,11,1,2,3,20,0,9,0,0,3,0
39,3,14,12,1,1,6,11,0,9,0,0,2,0
69,3,18,13,1,1,6,16,6,6,1,0,1,0
23,1,8,3,2,2,2,21,3,8,0,0,2,0
30,1,7,20,2,1,6,22,5,10,1,1,1,1
65,1,1,19,1,2,3,2,4,7,0,1,1,0
30,2,3,8,1,5,11,17,6,1,1,0,1,1
47,2,5,16,2,3,8,0,3,5,0,1,3,0
66,2,10,15,1,5,1,22,4,5,0,1,1,0
68,2,1,19,1,1,6,17,0,5,0,0,2,1
71,2,10,15,2,5,9,20,2,4,0,0,3,0
30,3,17,6,2,5,11,8,6,1,1,0,2,1
41,3,11,17,1,2,2,6,6,1,1,0,1,0
60,3,15,1,1,2,3,3,1,4,0,1,2,0
68,3,17,6,1,1,7,15,6,10,1,0,1,0
20,1,14,12,1,1,6,20,2,2,0,0,2,0
30,1,14,12,2,1,6,5,0,7,0,1,1,1
35,1,12,14,1,5,9,13,0,4,0,0,2,0
37,1,20,9,2,5,9,7,4,4,0,0,1,0
42,1,9,10,2,3,4,23,0,3,0,1,2,0
58,1,9,10,1,1,6,6,0,5,0,0,1,0
73,1,5,16,1,2,3,14,2,6,0,0,1,0
21,2,14,12,2,2,3,12,0,8,0,0,1,1
30,2,20,9,1,2,2,7,4,3,0,0,1,1
55,2,6,18,2,5,9,22,5,2,1,1,2,0
64,2,11,17,2,5,9,19,6,11,1,0,1,0
20,3,2,5,1,5,11,3,0,4,0,1,2,0
28,3,7,20,1,2,12,21,4,11,0,0,1,0
30,3,16,4,2,3,4,15,2,1,0,0,3,1
43,3,2,5,1,2,2,1,1,4,0,1,1,0
54,3,14,12,2,2,3,14,6,1,1,0,3,0
71,3,15,1,2,1,6,22,3,1,0,1,2,0
23,1,8,3,1,1,5,16,2,3,0,0,2,0
28,1,18,13,1,5,11,13,0,6,0,0,2,0
30,1,12,14,2,3,8,5,0,4,0,1,3,1
41,1,7,20,1,2,3,2,1,7,0,1,1,0
44,1,8,3,1,2,3,9,4,7,0,0,1,0
45,1,19,7,1,1,6,18,5,8,1,0,1,0
48,1,11,17,2,4,10,16,4,10,0,0,1,0
70,1,13,2,1,1,7,10,6,4,1,0,2,1
30,2,2,5,1,5,1,14,2,2,0,0,2,1
35,2,12,14,2,2,12,6,4,10,0,0,2,0
43,2,3,8,1,2,2,9,3,1,0,0,2,0
45,2,1,19,1,3,8,13,4,9,0,0,1,0
52,2,11,17,1,2,2,0,2,12,0,1,1,0
57,2,12,14,1,1,7,15,3,12,0,0,2,0
59,2,3,8,2,5,1,4,6,6,1,1,3,0
71,2,6,18,1,1,7,14,5,6,1,0,3,0
30,3,14,12,2,2,2,0,6,3,1,1,1,1
33,3,8,3,1,3,4,6,3,9,0,0,1,0
40,3,19,7,2,3,4,23,5,12,1,1,1,0
42,3,13,2,1,2,3,5,3,5,0,1,1,0
18,1,20,9,1,1,6,21,0,12,0,0,2,0
19,1,1,19,1,3,8,2,0,9,0,1,2,0
26,1,14,12,1,2,12,19,3,2,0,0,3,0
30,1,8,3,1,1,6,5,0,4,0,1,2,1
36,1,4,11,1,1,7,16,2,9,0,0,1,0
41,1,7,20,2,3,4,16,4,11,0,0,1,0
45,1,17,6,1,5,9,2,1,7,0,1,1,0
60,1,14,12,1,1,5,15,6,7,1,0,1,0
21,2,17,6,2,2,3,6,0,1,0,0,2,0
30,2,7,20,1,3,8,7,4,5,0,0,1,0
45,2,7,20,1,5,1,5,0,5,0,1,1,0
47,2,5,16,2,4,10,17,2,11,0,0,2,0
62,2,8,3,2,3,8,6,6,10,1,0,1,0
69,2,14,12,2,2,2,17,3,11,0,0,2,0
30,3,12,14,2,5,11,10,1,2,0,0,1,1
49,3,6,18,1,2,12,22,3,7,0,1,2,0
53,3,20,9,2,4,10,13,4,7,0,0,1,0
68,3,2,5,2,1,6,12,3,1,0,0,1,0
73,3,10,15,1,5,1,7,2,11,0,0,2,0
74,3,16,4,1,5,11,17,6,3,1,0,1,1
25,1,8,3,2,3,4,4,4,7,0,1,3,0
28,1,8,3,2,4,10,14,1,9,0,0,3,0
30,1,2,5,2,3,8,2,6,6,1,1,2,1
42,1,14,12,1,5,11,14,1,5,0,0,1,0
46,1,2,5,1,5,1,13,6,1,1,0,1,0
54,1,16,4,2,2,3,21,1,3,0,0,1,0
75,1,4,11,1,3,8,0,2,3,0,1,2,0
25,2,7,20,2,5,9,6,4,8,0,0,2,0
30,2,14,12,2,1,6,0,2,9,0,1,1,0
37,2,10,15,1,5,1,3,6,6,1,1,1,0
46,2,4,11,1,3,8,21,3,9,0,0,1,0
57,2,19,7,2,2,3,6,5,7,1,0,3,0
58,2,18,13,2,5,1,18,2,3,0,0,2,0
65,2,3,8,2,2,3,17,5,1,1,0,2,0
69,2,13,2,1,5,1,19,3,9,0,0,1,0
30,3,8,3,1,3,8,12,5,12,1,0,3,1
38,3,13,2,2,3,8,15,0,10,0,0,2,0
58,3,11,17,1,3,4,5,0,3,0,1,1,0
22,1,18,13,1,2,3,2,4,12,0,1,2,0
29,1,17,6,2,2,3,12,5,8,1,0,3,0
30,1,7,20,2,3,8,2,1,10,0,1,2,1
46,1,12,14,1,3,8,11,3,4,0,0,3,0
47,1,4,11,1,1,5,15,1,3,0,0,1,0
51,1,13,2,1,3,8,8,6,2,1,0,3,0
66,1,1,19,2,3,8,6,0,10,0,0,1,0
22,2,5,16,1,3,4,1,4,4,0,1,2,0
30,2,7,20,1,2,12,11,0,4,0,0,1,1
31,2,13,2,1,5,1,13,1,1,0,0,2,0
41,2,15,1,1,5,9,13,0,2,0,0,2,1
43,2,2,5,1,5,11,23,4,11,0,1,1,0
47,2,4,11,2,3,8,15,4,8,0,0,3,0
53,2,6,18,2,5,1,7,5,7,1,0,1,0
70,2,13,2,1,5,9,7,3,4,0,0,2,0
72,2,10,15,1,1,5,22,5,12,1,1,1,1
75,2,14,12,2,1,5,20,0,4,0,0,3,0
18,3,12,14,1,2,3,23,3,6,0,1,1,0
29,3,19,7,1,1,5,4,1,4,0,1,2,0
30,3,14,12,1,3,8,7,6,3,1,0,2,1
51,3,3,8,1,1,7,4,0,2,0,1,2,0
71,3,11,17,1,2,12,12,0,2,0,0,3,0
24,1,17,6,2,5,11,19,3,6,0,0,2,0
29,1,18,13,1,5,1,17,5,12,1,0,1,0
30,1,1,19,1,2,2,2,6,5,1,1,2,1
40,1,17,6,2,5,9,14,5,10,1,0,1,0
47,1,12,14,1,1,6,3,3,6,0,1,2,0
71,1,6,18,2,1,7,9,4,5,0,0,1,0
72,1,6,18,1,1,7,14,5,6,1,0,3,0
25,2,1,19,2,2,2,6,5,1,1,0,2,0
28,2,12,14,1,3,8,4,1,11,0,1,3,0
29,2,15,1,2,5,1,3,6,1,1,1,2,0
30,2,2,5,1,2,3,4,3,3,0,1,1,1
33,2,19,7,1,1,5,17,2,4,0,0,2,0
57,2,4,11,2,4,10,12,4,3,0,0,3,0
60,2,3,8,2,5,11,16,3,10,0,0,1,0
18,3,13,2,2,1,7,6,5,1,1,0,3,0
23,3,3,8,2,2,12,11,4,5,0,0,2,0
25,3,4,11,2,5,1,14,0,6,0,0,2,0
26,3,19,7,1,3,4,21,1,4,0,0,2,0
30,3,6,18,1,3,4,18,3,1,0,0,3,1
54,3,6,18,2,1,7,6,1,7,0,0,2,0
56,3,17,6,1,5,11,11,3,11,0,0,3,0
72,3,14,12,2,1,6,15,0,10,0,0,3,0
23,1,19,7,2,5,11,10,1,11,0,0,2,0
25,1,14,12,1,5,9,6,1,1,0,0,1,0
30,1,11,17,1,5,1,3,0,2,0,1,2,1
33,1,8,3,1,4,10,6,2,9,0,0,1,0
38,1,3,8,1,5,11,8,3,12,0,0,2,0
43,1,7,20,2,1,5,8,6,6,1,0,1,0
60,1,5,16,1,3,8,10,6,11,1,0,2,0
64,1,2,5,2,1,7,12,3,5,0,0,2,0
70,1,10,15,2,2,12,9,2,11,0,0,3,0
21,2,19,7,2,1,7,13,1,11,0,0,3,0
24,2,18,13,1,3,8,20,4,3,0,0,3,1
27,2,19,7,1,2,3,16,1,5,0,0,2,0
30,2,14,12,1,5,1,2,4,5,0,1,1,1
42,2,2,5,1,1,6,16,5,11,1,0,1,0
49,2,20,9,1,5,1,23,2,5,0,1,2,0
52,2,8,3,2,1,6,0,2,7,0,1,1,0
54,2,4,11,2,2,3,9,4,4,0,0,1,0
56,2,1,19,2,2,12,3,5,7,1,1,1,0
70,2,7,20,1,1,6,10,5,2,1,0,1,1
26,3,17,6,2,4,10,22,1,5,0,1,3,0
30,3,15,1,1,2,3,7,6,2,1,0,1,1
37,3,15,1,2,1,5,7,3,1,0,0,3,0
39,3,1,19,1,4,10,0,6,9,1,1,2,0
67,3,19,7,2,2,12,0,0,8,0,1,3,0
22,1,13,2,1,5,1,7,1,9,0,0,2,0
27,1,11,17,1,3,8,18,4,10,0,0,3,0
30,1,20,9,1,5,1,20,2,9,0,0,1,1
44,1,7,20,2,3,4,16,5,2,1,0,1,0
71,1,20,9,2,2,3,20,5,10,1,0,2,0
26,2,4,11,2,2,2,10,1,5,0,0,1,0
30,2,15,1,2,2,3,9,5,12,1,0,1,1
31,2,7,20,2,5,11,21,4,9,0,0,1,0
36,2,2,5,2,3,8,6,5,2,1,0,2,0
47,2,5,16,2,1,5,0,2,9,0,1,2,0
52,2,19,7,1,3,8,16,1,9,0,0,2,0
59,2,3,8,1,5,9,4,0,9,0,1,1,0
60,2,8,3,1,2,2,4,4,10,0,1,1,0
30,3,1,19,2,4,10,23,1,6,0,1,3,1
45,3,10,15,1,2,12,12,0,7,0,0,3,0
70,3,1,19,1,2,2,21,0,9,0,0,2,0
20,1,4,11,1,2,2,15,2,3,0,0,2,0
24,1,20,9,2,1,6,17,6,10,1,0,1,0
27,1,19,7,1,3,8,6,3,7,0,0,1,0
30,1,13,2,1,1,6,20,6,3,1,0,2,1
43,1,11,17,1,4,10,15,6,7,1,0,1,0
51,1,17,6,2,4,10,17,5,9,1,0,2,0
54,1,1,19,1,1,7,15,3,10,0,0,2,0
67,1,3,8,2,5,1,3,1,12,0,1,2,0
68,1,8,3,1,5,11,13,1,4,0,0,1,0
20,2,9,10,1,2,2,17,3,5,0,0,1,0
30,2,12,14,2,5,11,9,0,8,0,0,1,1
38,2,5,16,1,4,10,20,2,2,0,0,2,0
56,2,3,8,1,1,5,0,0,3,0,1,1,0
67,2,8,3,2,3,4,4,4,7,0,1,3,0
20,3,20,9,1,2,3,9,6,9,1,0,1,0
27,3,3,8,1,5,11,12,1,12,0,0,3,0
30,3,7,20,1,2,2,18,6,4,1,0,2,1
36,3,9,10,1,1,7,8,0,7,0,0,1,0
57,3,1,19,2,4,10,5,2,1,0,1,1,0
62,3,6,18,1,3,4,2,0,1,0,1,2,0
67,3,6,18,1,1,5,13,1,3,0,0,1,0
29,1,15,1,2,1,7,6,3,4,0,0,1,0
30,1,10,15,1,3,8,7,3,3,0,0,1,1
37,1,10,15,2,3,8,5,4,2,0,1,2,0
45,1,15,1,2,1,6,12,1,2,0,0,1,0
55,1,4,11,2,2,3,22,5,8,1,1,2,0
56,1,13,2,1,5,1,9,1,3,0,0,2,0
59,1,19,7,2,3,8,7,6,5,1,0,1,0
67,1,6,18,1,1,6,14,4,7,0,0,1,0
69,1,13,2,2,2,2,17,0,9,0,0,3,0
72,1,1,19,2,2,12,9,2,8,0,0,1,0
73,1,12,14,1,2,3,23,4,9,0,1,2,0
74,1,17,6,1,5,1,4,1,9,0,1,2,0
22,2,15,1,1,1,6,15,6,9,1,0,3,0
25,2,4,11,1,1,6,16,4,6,0,0,2,0
30,2,2,5,1,2,2,3,1,6,0,1,2,1
56,2,12,14,1,3,8,22,5,3,1,1,3,0
68,2,7,20,2,2,12,22,2,7,0,1,2,0
72,2,19,7,2,3,8,18,3,7,0,0,3,0
23,3,6,18,1,1,7,2,5,3,1,1,1,0
28,3,14,12,1,2,2,22,1,1,0,1,1,0
30,3,12,14,2,5,9,15,2,1,0,0,1,1
37,3,1,19,2,2,2,3,3,5,0,1,1,0
47,3,8,3,1,2,3,5,2,2,0,1,1,0
71,3,4,11,2,5,11,11,3,3,0,0,1,0
19,1,20,9,2,2,3,9,6,8,1,0,1,0
30,1,2,5,2,1,7,22,3,11,0,1,1,1
43,1,11,17,2,1,6,8,4,5,0,0,2,0
54,1,12,14,2,5,1,9,6,11,1,0,1,0
62,1,13,2,2,3,4,20,2,4,0,0,1,0
18,2,16,4,1,2,2,3,1,8,0,1,2,0
26,2,6,18,1,1,6,14,2,9,0,0,3,0
30,2,8,3,1,3,8,18,3,10,0,0,2,1
33,2,5,16,2,3,8,11,3,3,0,0,2,0
38,2,9,10,2,5,1,9,4,4,0,0,3,0
40,2,15,1,1,4,10,21,0,1,0,0,2,0
54,2,2,5,1,5,1,13,6,5,1,0,2,0
64,2,20,9,2,2,2,20,1,5,0,0,1,0
18,3,9,10,2,3,8,10,5,8,1,0,1,0
27,3,20,9,1,5,9,23,6,10,1,1,2,0
30,3,5,16,1,1,7,19,6,6,1,0,1,1
39,3,12,14,1,1,7,23,0,8,0,1,1,0
47,3,12,14,1,3,8,4,4,6,0,1,1,0
52,3,12,14,2,1,6,7,2,9,0,0,1,0
61,3,19,7,2,5,11,21,4,2,0,0,3,0
23,1,9,10,1,4,10,7,3,8,0,0,2,0
28,1,10,15,2,1,5,22,3,6,0,1,2,0
30,1,15,1,1,5,1,1,2,8,0,1,2,1
45,1,17,6,1,1,5,3,3,10,0,1,2,0
20,2,3,8,1,2,12,23,1,2,0,1,2,0
30,2,2,5,2,2,3,17,4,2,0,0,1,1
31,2,15,1,2,1,5,4,6,1,1,1,1,0
47,2,12,14,1,1,7,7,6,11,1,0,1,0
22,3,13,2,2,2,2,4,3,4,0,1,2,0
30,3,2,5,1,5,9,2,3,10,0,1,2,1
35,3,17,6,1,3,4,21,3,8,0,0,1,0
38,3,16,4,2,2,2,4,2,6,0,1,3,0
48,3,1,19,1,5,9,12,4,9,0,0,1,0
23,1,13,2,1,5,1,8,5,10,1,0,3,0
30,1,17,6,1,1,5,17,2,3,0,0,2,1
48,1,9,10,2,5,1,0,3,5,0,1,1,0
55,1,7,20,2,3,4,7,1,11,0,0,1,0
30,2,19,7,2,2,2,22,4,3,0,1,2,0
46,2,17,6,1,5,9,10,6,10,1,0,3,0
54,2,13,2,1,3,8,13,1,2,0,0,1,0
56,2,17,6,2,2,2,1,6,12,1,1,2,0
22,3,20,9,1,1,7,5,1,2,0,1,2,0
30,3,20,9,1,1,7,21,4,4,0,0,1,1
32,3,15,1,1,1,6,5,3,3,0,1,1,0
36,3,18,13,2,1,5,10,5,8,1,0,3,0
40,3,1,19,1,2,3,11,1,8,0,0,2,0
49,3,7,20,1,5,9,11,1,6,0,0,2,0
53,3,12,14,2,3,4,22,4,12,0,1,3,0
61,3,5,16,2,1,6,9,5,6,1,0,1,1
66,3,2,5,2,1,6,5,3,3,0,1,1,0
23,1,4,11,1,3,4,13,0,5,0,0,2,0
27,1,10,15,1,1,6,16,5,2,1,0,1,0
30,1,5,16,1,2,2,22,3,1,0,1,1,1
62,1,4,11,2,3,8,4,5,12,1,1,2,0
63,1,12,14,1,1,6,10,3,4,0,0,1,0
30,2,13,2,1,3,4,12,2,8,0,0,2,1
47,2,8,3,2,5,9,5,1,9,0,1,1,0
56,2,2,5,1,2,3,22,6,7,1,1,1,0
61,2,5,16,2,1,6,19,3,12,0,0,2,0
70,2,10,15,2,5,1,16,3,9,0,0,2,0
23,3,19,7,1,2,12,12,2,3,0,0,1,0
30,3,20,9,1,1,5,5,4,8,0,1,1,1
35,3,7,20,2,2,3,10,3,8,0,0,2,0
36,3,15,1,1,1,7,17,1,10,0,0,1,0
56,3,16,4,1,5,9,8,5,1,1,0,3,0
65,3,4,11,2,2,12,3,2,11,0,1,2,0
30,1,1,19,1,2,12,21,6,4,1,0,1,1
42,1,2,5,1,1,6,3,6,7,1,1,3,0
45,1,9,10,2,1,6,5,6,4,1,1,1,0
52,1,3,8,1,1,5,16,1,1,0,0,3,1
63,1,8,3,1,5,11,17,6,9,1,0,1,0
69,1,18,13,2,3,4,12,1,1,0,0,2,0
19,2,5,16,2,3,8,3,0,6,0,1,2,0
26,2,19,7,1,2,12,13,3,12,0,0,2,0
30,2,14,12,2,5,11,0,5,4,1,1,2,1
31,2,15,1,1,1,5,22,0,7,0,1,2,0
45,2,11,17,1,2,12,1,2,2,0,1,3,0
54,2,13,2,1,5,11,8,3,8,0,0,3,0
62,2,2,5,1,2,3,11,5,10,1,0,3,0
66,2,7,20,1,2,12,1,1,10,0,1,2,0
68,2,2,5,1,2,12,12,2,12,0,0,1,0
30,3,8,3,1,2,12,7,3,4,0,0,2,1
36,3,19,7,1,1,6,11,3,5,0,0,2,0
45,3,7,20,1,3,4,19,0,11,0,0,1,0
49,3,2,5,1,5,9,20,4,1,0,0,1,0
50,3,14,12,2,2,12,9,2,12,0,0,1,0
55,3,7,20,1,5,11,14,3,4,0,0,2,0
71,3,17,6,1,1,7,1,5,3,1,1,2,0
19,1,10,15,1,1,7,11,3,5,0,0,1,0
30,1,17,6,1,1,7,18,0,1,0,0,2,1
43,1,8,3,1,3,8,9,3,7,0,0,1,0
45,1,18,13,1,2,3,21,2,3,0,0,1,0
50,1,10,15,1,4,10,21,5,1,1,0,2,0
56,1,17,6,2,3,8,10,0,2,0,0,2,0
69,1,5,16,1,5,1,3,3,4,0,1,1,0
30,2,11,17,2,2,2,4,5,2,1,1,1,1
37,2,6,18,2,1,7,10,5,1,1,0,2,0
42,2,2,5,1,5,9,8,1,3,0,0,1,0
57,2,17,6,1,2,12,23,1,5,0,1,2,0
67,2,1,19,2,4,10,7,6,7,1,0,3,0
68,2,10,15,2,2,3,10,0,12,0,0,1,0
70,2,4,11,2,2,2,13,6,3,1,0,2,0
30,3,10,15,1,3,4,3,3,11,0,1,1,1
39,3,17,6,1,3,4,4,2,7,0,1,3,0
46,3,19,7,1,3,4,4,5,12,1,1,1,0
47,3,13,2,2,3,8,6,5,6,1,0,2,0
53,3,12,14,1,2,12,8,2,5,0,0,3,0
56,3,13,2,2,5,9,23,6,8,1,1,3,0
59,3,1,19,2,4,10,12,6,9,1,0,3,0
60,3,13,2,2,5,9,12,4,1,0,0,1,0
73,3,5,16,1,4,10,9,6,11,1,0,2,0
24,1,17,6,2,1,6,4,3,7,0,1,1,0
30,1,6,18,2,2,12,14,4,3,0,0,1,1
44,1,15,1,2,4,10,14,5,3,1,0,1,0
48,1,18,13,1,2,2,6,0,2,0,0,2,0
59,1,4,11,1,5,11,18,6,1,1,0,1,1
67,1,11,17,2,3,8,23,5,5,1,1,1,0
20,2,2,5,2,2,2,0,4,6,0,1,1,0
27,2,12,14,1,3,8,14,2,5,0,0,1,0
28,2,8,3,2,2,12,9,3,4,0,0,1,0
30,2,9,10,1,3,4,14,4,5,0,0,2,1
38,2,7,20,2,5,9,20,2,10,0,0,1,0
49,2,16,4,1,2,12,8,5,5,1,0,3,0
65,2,8,3,1,2,2,0,3,11,0,1,2,0
67,2,15,1,2,1,7,10,3,10,0,0,1,0
30,3,16,4,2,2,3,23,0,10,0,1,2,1
38,3,18,13,1,2,3,20,2,4,0,0,2,0
49,3,17,6,2,3,4,23,4,8,0,1,1,0
59,3,3,8,2,3,4,0,4,5,0,1,2,0
66,3,19,7,2,3,4,11,0,10,0,0,3,0
67,3,10,15,2,1,7,18,3,3,0,0,1,0
22,1,16,4,1,1,6,7,6,4,1,0,1,0
27,1,2,5,2,1,6,8,0,1,0,0,1,0
30,1,1,19,1,2,3,17,3,2,0,0,1,1
39,1,18,13,1,1,7,18,3,1,0,0,1,0
43,1,11,17,2,1,5,17,1,6,0,0,2,1
65,1,6,18,1,5,11,22,3,11,0,1,2,0
30,2,13,2,1,2,12,15,1,2,0,0,2,1
38,2,18,13,2,4,10,12,6,10,1,0,3,0
75,2,11,17,1,1,5,7,6,3,1,0,3,1
27,3,3,8,1,5,9,22,4,12,0,1,1,0
29,3,3,8,2,3,8,0,2,3,0,1,2,0
30,3,8,3,1,3,8,11,5,8,1,0,1,1
36,3,6,18,2,5,1,8,1,3,0,0,2,0
47,3,14,12,1,1,7,21,6,6,1,0,2,0
49,3,16,4,2,1,6,12,6,5,1,0,2,0
64,3,18,13,2,2,2,9,3,10,0,0,2,0
71,3,15,1,1,2,3,20,5,2,1,0,2,0
25,1,19,7,2,3,8,2,4,7,0,1,1,0
30,1,10,15,2,1,5,6,2,11,0,0,2,1
35,1,16,4,1,2,2,11,5,8,1,0,1,0
44,1,14,12,2,3,8,22,1,1,0,1,1,0
45,1,16,4,2,2,3,22,0,1,0,1,3,0
46,1,17,6,2,2,3,6,0,1,0,0,2,0
48,1,17,6,1,3,4,5,4,2,0,1,3,0
49,1,1,19,2,1,6,12,6,7,1,0,3,0
21,2,15,1,2,5,11,8,3,7,0,0,1,0
26,2,10,15,1,1,6,12,5,8,1,0,1,0
30,2,18,13,2,1,5,1,5,11,1,1,1,1
48,2,10,15,1,5,1,11,2,7,0,0,1,0
49,2,14,12,1,2,3,4,3,3,0,1,3,0
59,2,5,16,2,2,3,15,6,5,1,0,2,0
63,2,13,2,2,1,6,0,4,8,0,1,3,0
71,2,3,8,1,5,1,8,6,9,1,0,1,0
20,3,4,11,1,5,9,20,1,11,0,0,1,0
30,3,16,4,1,1,5,21,4,3,0,0,2,1
43,3,10,15,2,1,6,8,1,1,0,0,3,0
56,3,14,12,2,1,5,20,2,9,0,0,2,0
58,3,5,16,1,3,8,6,3,1,0,0,2,0
67,3,15,1,1,1,5,22,0,7,0,1,2,0
70,3,17,6,1,3,8,9,6,12,1,0,1,0
30,1,2,5,1,2,3,9,3,1,0,0,2,1
36,1,18,13,1,2,12,20,6,4,1,0,3,0
37,1,15,1,1,5,11,19,6,9,1,0,1,0
39,1,3,8,2,2,3,13,3,2,0,0,2,0
41,1,3,8,2,5,9,22,1,5,0,1,1,0
30,2,2,5,1,5,9,14,0,1,0,0,2,1
32,2,20,9,2,4,10,16,2,4,0,0,1,0
38,2,3,8,2,3,8,11,4,8,0,0,3,0
42,2,12,14,1,5,9,18,5,9,1,0,3,0
47,2,11,17,1,3,8,11,5,10,1,0,1,0
75,2,4,11,2,5,11,12,2,9,0,0,1,0
24,3,19,7,1,5,9,17,5,4,1,0,1,0
30,3,1,19,2,2,2,6,4,2,0,0,3,1
43,3,14,12,1,1,7,17,1,6,0,0,1,1
45,3,4,11,2,3,8,12,1,12,0,0,1,0
48,3,8,3,2,5,11,15,5,5,1,0,1,1
64,3,4,11,1,2,12,12,1,7,0,0,1,0
26,1,12,14,2,1,5,3,2,7,0,1,1,0
30,1,4,11,1,5,9,16,0,10,0,0,1,1
50,1,18,13,2,3,4,12,1,1,0,0,2,0
69,1,12,14,2,1,7,7,2,5,0,0,3,0
71,1,11,17,1,5,1,3,0,2,0,1,2,0
30,2,4,11,2,2,3,10,2,3,0,0,1,1
48,2,13,2,2,1,5,4,3,11,0,1,3,0
26,3,5,16,2,1,5,5,6,10,1,1,2,0
27,3,9,10,2,5,1,2,3,1,0,1,1,0
30,3,5,16,1,5,1,23,1,10,0,1,2,1
59,3,15,1,2,5,1,14,3,4,0,0,1,0
65,3,18,13,2,1,5,10,5,8,1,0,3,0
69,3,7,20,2,1,6,16,1,10,0,0,1,0
70,3,6,18,1,2,3,16,2,1,0,0,2,0
71,3,9,10,2,2,2,9,6,1,1,0,2,0
75,3,16,4,2,2,3,12,5,12,1,0,3,0
29,1,20,9,1,1,6,22,6,6,1,1,2,0
30,1,12,14,1,2,2,12,0,4,0,0,1,1
48,1,11,17,1,1,7,9,4,2,0,0,1,0
59,1,15,1,2,2,3,22,1,11,0,1,2,0
66,1,12,14,2,3,8,23,2,4,0,1,1,0
30,2,3,8,1,2,12,5,5,4,1,1,3,1
35,2,9,10,2,5,1,21,0,5,0,0,3,0
30,3,6,18,1,1,7,12,5,5,1,0,2,1
46,3,15,1,2,3,8,4,5,6,1,1,2,0
48,3,12,14,2,1,7,14,2,2,0,0,1,0
51,3,7,20,2,4,10,19,6,12,1,0,1,0
56,3,13,2,1,3,8,1,3,10,0,1,1,0
59,3,9,10,1,2,2,7,0,7,0,0,1,0
66,3,10,15,1,5,11,10,0,11,0,0,2,0
67,3,1,19,1,3,8,8,2,12,0,0,2,0
30,1,20,9,2,2,3,3,2,4,0,1,1,1
37,1,17,6,2,3,8,12,5,7,1,0,1,0
42,1,14,12,1,3,4,1,0,11,0,1,2,0
44,1,8,3,1,5,11,2,3,8,0,1,1,0
48,1,7,20,2,5,9,3,2,4,0,1,1,0
49,1,6,18,2,4,10,22,1,11,0,1,2,0
61,1,5,16,1,4,10,23,6,5,1,1,1,0
63,1,4,11,1,4,10,1,1,9,0,1,1,0
66,1,6,18,1,5,1,12,1,3,0,0,1,0
67,1,18,13,2,5,11,6,1,2,0,0,1,1
23,2,2,5,1,1,7,21,3,3,0,0,1,0
26,2,14,12,1,3,4,12,2,6,0,0,3,0
30,2,16,4,2,3,8,9,2,11,0,0,1,1
33,2,13,2,1,3,8,3,5,8,1,1,1,0
49,2,1,19,2,1,6,15,5,6,1,0,2,0
51,2,4,11,2,1,6,16,1,2,0,0,1,0
55,2,17,6,2,5,11,2,6,4,1,1,2,1
58,2,6,18,1,3,4,13,3,9,0,0,1,0
73,2,12,14,2,5,11,7,1,9,0,0,3,0
23,3,9,10,1,5,1,23,1,5,0,1,1,0
30,3,8,3,2,1,6,1,1,5,0,1,1,1
31,3,5,16,1,3,4,19,1,4,0,0,2,1
62,3,19,7,1,3,8,0,6,3,1,1,2,0
75,3,6,18,1,4,10,7,5,10,1,0,2,0
30,1,10,15,2,4,10,22,2,1,0,1,3,1
31,1,15,1,1,2,2,14,0,2,0,0,1,0
36,1,11,17,2,4,10,10,4,6,0,0,2,0
66,1,18,13,1,1,6,7,5,2,1,0,3,0
68,1,6,18,2,5,9,1,2,5,0,1,2,0
20,2,5,16,1,5,11,2,0,1,0,1,3,0
29,2,18,13,2,3,8,21,5,4,1,0,1,0
30,2,4,11,1,2,2,10,1,6,0,0,1,1
48,2,3,8,2,3,8,2,4,11,0,1,2,0
66,2,9,10,2,5,1,22,6,9,1,1,2,1
26,3,13,2,2,5,1,17,0,5,0,0,1,0
29,3,8,3,1,5,1,18,3,1,0,0,1,0
30,3,1,19,2,2,12,4,3,6,0,1,3,0
35,3,17,6,1,1,5,1,5,7,1,1,1,0
37,3,15,1,2,3,8,2,0,10,0,1,3,0
43,3,4,11,2,1,5,16,3,2,0,0,1,0
50,3,19,7,1,2,12,7,2,9,0,0,2,0
57,3,8,3,1,5,9,5,3,12,0,1,1,0
65,3,7,20,1,5,9,1,2,4,0,1,3,0
21,1,9,10,2,2,2,12,1,4,0,0,3,0
30,1,3,8,2,5,1,17,4,6,0,0,1,1
53,1,19,7,2,5,1,21,2,5,0,0,1,0
60,1,3,8,1,5,11,2,4,3,0,1,3,0
61,1,3,8,1,5,11,13,3,4,0,0,1,0
62,1,20,9,2,3,4,18,3,9,0,0,2,0
29,2,15,1,1,2,12,13,5,3,1,0,1,0
30,2,8,3,1,1,7,0,3,2,0,1,1,1
40,2,18,13,1,1,6,16,6,10,1,0,2,0
54,2,19,7,2,2,2,6,2,7,0,0,1,0
59,2,11,17,2,4,10,23,3,11,0,1,1,0
64,2,18,13,2,5,11,18,3,8,0,0,2,0
20,3,9,10,1,5,11,8,3,4,0,0,3,0
22,3,14,12,1,3,8,0,1,7,0,1,1,0
23,3,6,18,1,3,8,16,4,9,0,0,1,0
25,3,18,13,2,2,12,11,5,2,1,0,2,0
30,3,11,17,1,5,11,4,3,9,0,1,3,1
38,3,17,6,1,3,4,1,0,4,0,1,1,0
39,3,4,11,2,1,5,17,5,1,1,0,3,0
67,3,8,3,1,3,4,1,5,10,1,1,3,0
74,3,2,5,2,4,10,18,5,4,1,0,1,0
30,1,18,13,1,3,4,16,6,6,1,0,3,1
46,1,13,2,1,1,7,7,2,1,0,0,2,1
49,1,19,7,2,2,3,22,4,8,0,1,1,0
58,1,1,19,1,3,8,22,1,5,0,1,1,0
66,1,5,16,2,2,3,16,4,11,0,0,3,0
67,1,14,12,1,1,7,8,4,12,0,0,1,0
68,1,8,3,2,2,12,10,2,6,0,0,2,0
30,2,11,17,1,2,12,23,5,1,1,1,1,1
32,2,7,20,2,5,9,11,3,12,0,0,2,0
40,2,18,13,2,1,5,6,4,5,0,0,2,0
42,2,3,8,1,3,8,10,5,7,1,0,1,0
55,2,5,16,2,5,9,19,5,7,1,0,1,0
66,2,1,19,2,5,1,16,5,1,1,0,2,0
73,2,10,15,1,2,12,17,3,4,0,0,1,0
75,2,11,17,1,5,11,13,6,3,1,0,1,0
23,3,14,12,2,1,6,1,5,7,1,1,1,0
30,3,12,14,2,5,9,16,2,4,0,0,2,1
40,3,12,14,1,2,2,6,0,4,0,0,2,0
50,3,16,4,2,2,3,22,6,2,1,1,2,0
58,3,20,9,2,5,11,14,2,11,0,0,1,0
71,3,19,7,1,2,3,4,1,8,0,1,3,0
75,3,2,5,2,3,8,14,3,2,0,0,1,0
24,1,10,15,1,2,12,4,1,12,0,1,2,0
27,1,8,3,2,2,2,5,3,10,0,1,1,0
30,1,18,13,2,2,12,13,2,7,0,0,2,1
37,1,3,8,1,2,2,6,1,9,0,0,2,0
52,1,12,14,2,4,10,2,5,8,1,1,2,0
58,1,4,11,1,1,6,22,1,3,0,1,3,0
73,1,7,20,1,4,10,15,3,8,0,0,1,0
22,2,13,2,2,5,1,23,0,2,0,1,2,0
24,2,13,2,1,2,2,13,2,8,0,0,2,0
26,2,19,7,2,3,4,8,4,12,0,0,1,0
30,2,15,1,1,5,11,6,3,1,0,0,2,1
38,2,20,9,2,3,4,14,0,6,0,0,1,0
53,2,14,12,1,3,8,9,4,12,0,0,2,0
55,2,8,3,1,1,6,15,3,2,0,0,3,1
58,2,12,14,2,2,2,10,6,2,1,0,2,0
60,2,3,8,2,5,1,19,4,5,0,0,1,0
72,2,14,12,2,5,9,2,2,1,0,1,1,0
19,3,5,16,2,5,11,9,0,2,0,0,2,0
20,3,13,2,1,3,8,22,2,7,0,1,2,0
29,3,14,12,2,5,1,11,5,5,1,0,2,0
30,3,3,8,1,1,6,21,3,3,0,0,2,1
40,3,7,20,1,3,4,16,0,9,0,0,1,0
49,3,18,13,1,3,8,16,6,3,1,0,1,0
58,3,17,6,2,1,6,5,1,3,0,1,3,0
67,3,13,2,2,3,4,8,1,1,0,0,1,0
70,3,19,7,2,3,4,5,4,2,0,1,1,0
30,1,1,19,2,3,8,2,5,2,1,1,2,1
35,1,8,3,2,4,10,12,4,4,0,0,2,0
39,1,19,7,2,1,6,21,4,5,0,0,2,0
53,1,16,4,2,5,9,3,3,8,0,1,2,0
18,2,16,4,1,3,4,3,1,4,0,1,2,0
19,2,12,14,1,1,7,23,1,3,0,1,1,0
21,2,12,14,1,1,6,7,6,3,1,0,2,1
30,2,17,6,2,2,2,1,4,9,0,1,3,1
40,2,18,13,2,1,6,9,1,10,0,0,2,0
57,2,19,7,1,3,4,11,6,4,1,0,2,0
22,3,17,6,2,5,9,3,6,3,1,1,1,0
26,3,13,2,2,2,2,14,3,6,0,0,3,0
29,3,18,13,2,1,7,3,4,10,0,1,2,0
30,3,1,19,1,2,3,11,1,8,0,0,2,1
44,3,10,15,2,5,1,20,3,5,0,0,1,0
47,3,4,11,2,3,8,14,6,1,1,0,1,0
48,3,2,5,1,5,1,16,3,9,0,0,1,0
49,3,19,7,1,5,11,13,3,11,0,0,3,0
65,3,15,1,2,1,6,21,3,3,0,0,1,0
73,3,20,9,2,3,8,2,1,4,0,1,3,1
28,1,7,20,1,2,3,11,4,5,0,0,3,0
30,1,9,10,1,2,12,21,1,2,0,0,3,1
35,1,1,19,2,2,3,10,6,6,1,0,2,0
36,1,13,2,1,1,6,3,5,12,1,1,2,0
48,1,7,20,2,5,11,15,6,11,1,0,2,0
49,1,9,10,2,4,10,6,3,2,0,0,2,0
57,1,8,3,2,1,6,8,5,10,1,0,1,0
63,1,19,7,2,3,8,17,5,1,1,0,1,0
69,1,2,5,2,2,3,7,6,8,1,0,2,0
74,1,13,2,2,2,2,0,4,6,0,1,1,0
30,2,3,8,2,3,4,2,5,5,1,1,2,1
36,2,14,12,2,1,6,10,0,7,0,0,1,0
41,2,7,20,1,3,8,12,5,10,1,0,1,0
52,2,2,5,2,2,2,9,5,1,1,0,1,0
73,2,17,6,1,1,7,9,4,10,0,0,1,0
21,3,12,14,1,5,9,19,6,8,1,0,1,0
22,3,1,19,1,2,3,18,1,11,0,0,2,0
30,3,5,16,2,3,8,5,5,7,1,1,2,1
39,3,8,3,2,5,9,13,4,4,0,0,1,0
46,3,16,4,1,2,2,7,0,3,0,0,2,0
59,3,15,1,1,4,10,18,3,7,0,0,3,0
72,3,6,18,2,3,4,9,0,11,0,0,1,0
75,3,3,8,1,5,11,11,1,8,0,0,3,0
23,1,1,19,2,4,10,12,6,9,1,0,3,0
27,1,9,10,1,5,11,16,4,3,0,0,1,0
30,1,20,9,2,2,2,8,6,1,1,0,2,1
42,1,14,12,2,2,12,1,4,7,0,1,1,0
59,1,4,11,2,5,9,15,0,7,0,0,2,0
66,1,11,17,2,3,8,9,2,4,0,0,3,0
67,1,6,18,2,1,5,5,6,9,1,1,1,0
30,2,2,5,1,5,9,3,6,4,1,1,3,1
40,2,20,9,2,5,1,10,4,9,0,0,1,0
41,2,19,7,2,3,8,19,2,9,0,0,1,0
42,2,16,4,2,2,2,2,5,6,1,1,2,1
54,2,10,15,2,1,5,7,6,8,1,0,1,0
66,2,8,3,1,3,4,19,5,11,1,0,2,0
26,3,13,2,2,5,11,13,2,7,0,0,1,0
30,3,2,5,2,5,1,15,4,3,0,0,1,1
38,3,14,12,2,1,7,10,0,3,0,0,1,0
41,3,12,14,2,3,4,23,5,7,1,1,1,0
45,3,5,16,1,2,12,1,1,3,0,1,1,0
52,3,19,7,1,5,9,8,5,4,1,0,1,0
58,3,20,9,1,5,1,12,6,3,1,0,1,0
59,3,9,10,2,5,11,0,3,8,0,1,3,0
72,3,14,12,2,5,9,5,0,7,0,1,2,0
21,1,4,11,1,3,8,8,6,9,1,0,2,0
30,1,6,18,2,5,1,19,6,1,1,0,1,1
32,1,7,20,1,5,11,1,3,9,0,1,3,0
35,1,2,5,2,2,2,19,4,8,0,0,2,0
39,1,20,9,1,2,12,0,0,5,0,1,2,0
40,1,20,9,1,3,8,15,2,2,0,0,2,0
42,1,12,14,2,5,1,5,4,9,0,1,2,0
54,1,4,11,1,3,8,12,6,6,1,0,3,0
66,1,5,16,1,4,10,7,2,4,0,0,3,0
71,1,8,3,2,3,8,9,4,5,0,0,2,0
26,2,17,6,2,2,12,0,0,4,0,1,3,1
29,2,3,8,1,1,7,11,5,12,1,0,1,0
30,2,9,10,2,3,4,6,5,5,1,0,2,1
43,2,7,20,2,5,9,11,6,3,1,0,2,0
55,2,1,19,2,5,9,9,6,5,1,0,1,0
64,2,7,20,2,2,2,13,2,6,0,0,1,1
66,2,5,16,2,5,11,5,1,4,0,1,1,0
74,2,13,2,1,5,9,4,0,8,0,1,1,0
30,3,19,7,1,1,6,20,4,4,0,0,2,1
33,3,17,6,1,5,9,17,6,6,1,0,1,0
39,3,16,4,1,2,3,21,6,10,1,0,1,1
51,3,16,4,1,5,11,21,6,4,1,0,1,0
70,3,10,15,1,2,12,4,4,9,0,1,1,0
20,1,2,5,2,3,4,2,4,6,0,1,1,0
30,1,19,7,2,2,2,6,2,6,0,0,2,1
33,1,19,7,2,1,7,7,0,11,0,0,1,0
47,1,1,19,2,1,7,10,1,3,0,0,1,0
69,1,11,17,1,2,12,7,2,10,0,0,3,0
72,1,6,18,2,5,11,0,6,8,1,1,1,0
18,2,4,11,2,5,1,3,5,8,1,1,1,0
19,2,13,2,2,1,7,10,6,10,1,0,2,0
23,2,5,16,1,5,11,15,3,9,0,0,3,0
26,2,4,11,2,5,11,20,2,8,0,0,1,0
30,2,4,11,2,1,6,6,3,9,0,0,1,1
37,2,17,6,1,2,12,14,0,7,0,0,3,0
43,2,15,1,1,3,4,20,0,6,0,0,1,0
68,2,14,12,2,1,5,5,0,4,0,1,2,0
26,3,14,12,1,4,10,21,4,8,0,0,3,0
28,3,1,19,1,4,10,6,0,1,0,0,1,1
30,3,3,8,2,3,8,0,2,3,0,1,2,1
44,3,17,6,2,1,7,2,2,12,0,1,1,0
47,3,5,16,1,2,3,15,1,5,0,0,2,0
48,3,15,1,2,4,10,18,5,1,1,0,2,0
49,3,10,15,2,1,7,4,4,8,0,1,1,0
54,3,19,7,1,5,1,19,6,10,1,0,2,0
64,3,9,10,1,1,6,4,0,2,0,1,3,0
30,1,12,14,2,3,4,20,1,1,0,0,1,1
44,1,5,16,1,1,7,8,4,12,0,0,1,0
47,1,9,10,1,2,2,2,4,7,0,1,2,0
59,1,17,6,1,2,12,3,4,8,0,1,1,0
61,1,17,6,2,2,12,3,5,3,1,1,1,0
18,2,11,17,2,1,7,6,4,2,0,0,1,0
30,2,9,10,1,3,4,13,6,2,1,0,1,1
41,2,13,2,1,5,1,23,2,1,0,1,1,0
42,2,19,7,2,5,1,6,5,3,1,0,1,0
55,2,8,3,1,5,1,3,0,1,0,1,1,0
70,2,1,19,1,2,2,13,3,7,0,0,1,0
74,2,3,8,2,3,4,18,4,9,0,0,2,0
23,3,3,8,2,5,1,5,4,10,0,1,1,0
30,3,7,20,2,1,5,9,1,5,0,0,1,1
32,3,15,1,2,2,12,1,2,7,0,1,1,0
35,3,12,14,1,4,10,3,6,7,1,1,1,0
49,3,3,8,2,5,11,6,2,3,0,0,3,0
25,1,3,8,2,3,4,6,3,7,0,0,2,0
30,1,12,14,2,1,7,21,5,9,1,0,2,1
39,1,6,18,1,5,9,14,1,5,0,0,1,0
41,1,12,14,1,2,12,3,2,11,0,1,1,0
42,1,12,14,2,2,3,16,2,5,0,0,1,0
50,1,16,4,1,2,3,10,3,8,0,0,3,0
59,1,10,15,2,5,1,22,0,1,0,1,2,0
60,1,14,12,1,3,8,12,5,9,1,0,2,0
62,1,1,19,1,2,2,2,3,8,0,1,1,0
30,2,4,11,2,4,10,19,6,7,1,0,3,1
46,2,3,8,2,5,11,23,1,8,0,1,1,0
52,2,19,7,1,4,10,19,2,12,0,0,2,0
67,2,9,10,2,3,8,0,0,2,0,1,2,0
69,2,15,1,2,5,1,20,0,7,0,0,1,0
25,3,1,19,2,5,9,16,3,9,0,0,2,0
30,3,13,2,2,1,7,21,1,5,0,0,2,1
34,3,13,2,2,1,7,21,1,5,0,0,2,0
39,3,5,16,2,3,8,19,2,2,0,0,3,0
51,3,17,6,1,1,7,11,5,9,1,0,2,0
61,3,9,10,2,3,8,3,3,6,0,1,2,0
62,3,6,18,1,5,1,3,4,1,0,1,2,0
70,3,1,19,2,2,3,20,5,6,1,0,1,0
25,1,14,12,1,1,5,20,5,9,1,0,2,0
29,1,2,5,2,2,12,11,0,3,0,0,3,0
30,1,1,19,1,4,10,18,0,12,0,0,2,1
35,1,3,8,1,3,4,6,2,3,0,0,3,0
46,1,12,14,1,1,6,3,0,9,0,1,1,0
73,1,11,17,1,2,3,22,1,4,0,1,1,0
22,2,9,10,2,5,1,21,0,4,0,0,1,0
28,2,5,16,1,2,2,7,2,12,0,0,3,0
30,2,14,12,1,2,12,2,4,1,0,1,1,1
31,2,4,11,2,1,7,10,0,3,0,0,1,0
44,2,7,20,2,5,1,9,3,11,0,0,1,0
54,2,14,12,1,3,4,3,4,2,0,1,3,0
58,2,20,9,1,1,6,21,5,11,1,0,3,0
67,2,4,11,1,2,12,12,3,10,0,0,2,0
18,3,2,5,1,1,6,14,4,6,0,0,1,0
28,3,20,9,1,3,8,7,4,5,0,0,2,0
30,3,10,15,1,5,9,0,5,1,1,1,2,1
37,3,4,11,2,1,7,3,1,12,0,1,2,0
61,3,3,8,2,5,11,6,2,3,0,0,3,1
66,3,15,1,1,2,12,1,3,2,0,1,2,0
30,1,15,1,2,5,11,4,4,2,0,1,3,1
32,1,15,1,1,2,3,12,0,7,0,0,1,0
37,1,18,13,1,2,3,21,5,3,1,0,2,0
43,1,10,15,2,5,11,6,2,8,0,0,1,0
50,1,4,11,1,1,7,0,1,7,0,1,1,0
67,1,20,9,1,2,3,7,5,6,1,0,3,0
30,2,16,4,2,3,4,23,4,6,0,1,2,1
31,2,6,18,2,5,11,17,1,1,0,0,2,1
42,2,16,4,2,3,8,18,0,6,0,0,3,0
50,2,16,4,2,2,2,15,6,10,1,0,3,0
55,2,17,6,1,5,1,6,5,5,1,0,3,0
30,3,11,17,1,1,5,13,2,9,0,0,2,0
47,3,10,15,2,1,5,4,5,9,1,1,3,0
53,3,18,13,1,5,11,19,2,4,0,0,1,0
71,3,7,20,2,2,3,12,0,8,0,0,3,0
73,3,11,17,2,2,3,11,2,8,0,0,2,0
75,3,9,10,2,2,3,22,2,7,0,1,1,0
26,1,6,18,2,1,5,1,1,3,0,1,1,0
27,1,16,4,2,5,1,23,0,9,0,1,1,0
30,1,11,17,2,4,10,4,2,2,0,1,1,1
33,1,4,11,2,3,8,9,6,6,1,0,2,0
39,1,2,5,2,3,8,21,1,5,0,0,3,0
47,1,18,13,1,5,1,22,6,9,1,1,2,0
48,1,5,16,1,5,11,9,1,1,0,0,1,0
58,1,4,11,1,2,3,4,2,6,0,1,2,0
61,1,20,9,2,1,5,9,0,5,0,0,3,0
19,2,13,2,1,3,8,8,6,2,1,0,3,0
23,2,9,10,2,4,10,10,3,1,0,0,2,0
30,2,10,15,2,2,3,13,2,1,0,0,1,1
37,2,7,20,1,4,10,4,1,1,0,1,1,0
61,2,5,16,1,2,3,11,4,11,0,0,3,0
64,2,2,5,2,3,4,1,0,4,0,1,2,0
67,2,3,8,1,1,7,1,1,4,0,1,1,0
68,2,4,11,2,1,6,22,2,3,0,1,2,0
73,2,6,18,1,4,10,9,5,6,1,0,1,0
18,3,6,18,1,2,3,21,3,9,0,0,2,0
30,3,3,8,2,3,8,1,0,7,0,1,3,1
46,3,12,14,2,3,8,13,5,10,1,0,2,0
47,3,5,16,2,1,6,6,0,5,0,0,2,0
52,3,15,1,1,4,10,2,5,2,1,1,3,0
54,3,14,12,1,5,11,15,4,6,0,0,2,0
56,3,11,17,2,1,7,7,2,12,0,0,3,0
62,3,5,16,1,2,12,2,3,1,0,1,3,0
63,3,5,16,2,3,4,9,1,4,0,0,2,0
75,3,1,19,2,5,11,15,3,11,0,0,2,0
26,1,5,16,1,2,12,8,3,8,0,0,3,0
30,1,5,16,2,3,8,0,1,2,0,1,1,1
57,1,18,13,1,3,8,12,2,9,0,0,2,0
62,1,18,13,1,3,8,22,5,4,1,1,1,0
73,1,18,13,1,1,7,13,4,5,0,0,1,0
74,1,9,10,1,1,6,20,4,11,0,0,2,0
30,2,2,5,1,5,9,13,5,1,1,0,1,1
21,3,18,13,1,3,8,7,3,4,0,0,2,0
30,3,6,18,1,3,8,16,2,4,0,0,1,1
39,3,18,13,1,1,7,21,0,7,0,0,1,0
48,3,20,9,2,5,9,3,4,8,0,1,1,0
61,3,20,9,2,2,12,12,4,9,0,0,2,0
30,1,11,17,1,2,3,22,0,5,0,1,1,1
31,1,18,13,1,5,9,18,2,5,0,0,2,0
40,1,10,15,1,3,4,10,1,4,0,0,1,0
50,1,15,1,1,2,12,2,5,1,1,1,3,0
67,1,1,19,2,4,10,13,2,3,0,0,2,0
30,2,9,10,2,5,1,20,2,10,0,0,3,1
20,3,20,9,2,1,5,17,5,4,1,0,2,0
25,3,2,5,1,3,8,23,3,4,0,1,2,0
26,3,4,11,1,2,2,3,2,10,0,1,1,0
28,3,8,3,2,2,12,12,2,3,0,0,3,0
30,3,17,6,2,3,8,14,1,3,0,0,2,1
70,3,5,16,1,5,11,16,5,2,1,0,2,0
19,1,6,18,2,2,3,2,3,10,0,1,1,0
29,1,12,14,2,5,11,17,1,8,0,0,1,0
30,1,12,14,2,5,9,19,4,2,0,0,1,1
33,1,1,19,1,5,9,10,6,10,1,0,2,0
51,1,12,14,2,3,8,2,5,8,1,1,1,0
53,1,19,7,1,4,10,7,2,12,0,0,1,0
30,2,19,7,2,5,9,22,5,2,1,1,3,1
48,2,15,1,2,5,9,13,0,10,0,0,2,0
50,2,3,8,2,3,4,13,0,10,0,0,2,0
74,2,2,5,1,1,5,1,5,2,1,1,2,0
18,3,19,7,2,5,1,8,3,10,0,0,1,0
30,3,20,9,1,1,5,3,3,6,0,1,2,1
63,3,12,14,2,5,11,21,3,7,0,0,2,0
22,1,10,15,1,3,4,6,1,10,0,0,1,0
30,1,16,4,2,5,9,19,5,5,1,0,1,1
38,1,14,12,1,2,2,9,4,9,0,0,2,0
50,1,12,14,2,1,6,14,2,10,0,0,3,0
53,1,13,2,2,1,5,14,3,10,0,0,3,0
73,1,20,9,2,3,4,4,2,11,0,1,2,0
74,1,1,19,1,3,8,17,6,3,1,0,1,0
29,2,3,8,2,3,8,15,0,9,0,0,2,0
30,2,17,6,2,1,6,23,2,3,0,1,3,1
34,2,7,20,2,2,2,6,6,8,1,0,1,0
66,2,1,19,1,2,3,15,6,4,1,0,1,0
71,2,13,2,2,2,2,2,6,12,1,1,1,0
20,3,9,10,2,5,9,9,5,2,1,0,2,0
30,3,12,14,2,2,3,2,6,1,1,1,1,1
38,3,19,7,2,5,1,5,4,2,0,1,1,0
39,3,4,11,2,5,11,7,3,4,0,0,2,0
47,3,8,3,2,2,12,20,5,4,1,0,1,0
48,3,2,5,2,1,5,10,2,3,0,0,1,0
70,3,13,2,2,5,1,22,6,11,1,1,1,0
27,1,20,9,1,2,2,7,0,4,0,0,1,0
28,1,12,14,1,2,2,21,4,12,0,0,1,0
30,1,16,4,2,1,5,16,1,1,0,0,1,1
31,1,1,19,2,2,12,8,2,5,0,0,2,0
35,1,9,10,1,1,7,22,5,11,1,1,3,0
36,1,10,15,1,2,2,16,4,1,0,0,2,0
42,1,8,3,1,2,12,18,3,11,0,0,3,0
44,1,11,17,1,5,11,6,5,10,1,0,1,0
50,1,12,14,1,5,9,18,5,9,1,0,3,0
58,1,14,12,1,1,6,1,5,10,1,1,2,0
67,1,5,16,2,3,4,21,6,10,1,0,2,0
25,2,3,8,1,1,7,1,6,9,1,1,2,0
30,2,6,18,2,1,6,10,6,10,1,0,2,1
34,2,15,1,2,5,9,9,3,10,0,0,1,0
49,2,3,8,1,3,4,23,5,6,1,1,2,0
60,2,1,19,1,5,9,6,0,12,0,0,2,0
18,3,1,19,2,3,8,2,5,2,1,1,1,0
22,3,7,20,1,5,9,5,2,5,0,1,3,0
25,3,15,1,1,5,9,16,6,12,1,0,3,0
28,3,10,15,1,5,11,5,5,8,1,1,1,0
30,3,16,4,2,3,8,0,2,3,0,1,3,1
40,3,19,7,2,4,10,21,4,5,0,0,1,0
45,3,2,5,1,2,12,16,2,4,0,0,2,0
52,3,19,7,2,1,7,23,3,1,0,1,2,0
62,3,11,17,2,1,7,0,5,2,1,1,2,0
72,3,18,13,2,1,6,16,0,10,0,0,2,0
19,1,14,12,2,5,1,13,1,5,0,0,3,0
24,1,14,12,1,1,6,23,0,7,0,1,3,0
30,1,2,5,1,1,6,12,5,2,1,0,1,1
65,1,14,12,1,2,12,20,6,5,1,0,2,0
71,1,14,12,2,2,2,23,2,8,0,1,2,0
22,2,5,16,1,5,11,17,4,9,0,0,2,0
30,2,13,2,2,4,10,22,6,6,1,1,3,1
44,2,14,12,1,2,3,21,6,9,1,0,3,0
46,2,16,4,1,3,8,2,6,6,1,1,2,0
48,2,19,7,2,3,4,15,6,9,1,0,1,0
49,2,20,9,1,5,11,20,5,7,1,0,2,0
51,2,18,13,1,2,2,9,1,4,0,0,2,0
56,2,10,15,2,1,7,22,3,7,0,1,3,0
60,2,15,1,1,3,4,13,4,2,0,0,3,0
70,2,17,6,2,2,12,11,6,10,1,0,3,0
75,2,12,14,1,2,3,18,1,10,0,0,1,0
28,3,4,11,1,5,9,0,6,11,1,1,2,0
30,3,20,9,1,2,2,17,0,2,0,0,1,1
31,3,15,1,2,2,2,10,0,1,0,0,1,0
49,3,2,5,2,1,6,11,4,6,0,0,1,0
51,3,3,8,1,2,12,20,4,6,0,0,2,0
63,3,20,9,2,5,9,12,1,4,0,0,2,0
68,3,19,7,1,2,12,23,3,6,0,1,2,0
30,1,12,14,2,2,12,0,1,11,0,1,3,1
34,1,17,6,1,3,4,3,6,11,1,1,3,0
40,1,20,9,1,2,3,15,3,2,0,0,2,0
59,1,5,16,1,1,7,7,4,7,0,0,2,0
30,2,7,20,2,1,7,17,5,3,1,0,1,1
41,2,16,4,1,2,12,17,6,4,1,0,1,0
44,2,13,2,1,1,5,14,4,5,0,0,1,0
64,2,2,5,1,5,11,23,1,2,0,1,2,0
68,2,18,13,2,2,2,15,2,1,0,0,1,0
73,2,4,11,1,1,5,2,5,9,1,1,1,0
19,3,17,6,2,3,4,2,2,5,0,1,1,0
21,3,13,2,1,1,6,0,4,7,0,1,3,0
30,3,16,4,1,5,1,10,3,2,0,0,1,1
35,3,15,1,1,3,4,13,4,2,0,0,3,0
43,3,8,3,2,1,6,10,0,9,0,0,2,0
53,3,20,9,2,3,4,12,4,1,0,0,1,0
30,1,14,12,1,2,2,19,2,4,0,0,1,1
64,1,14,12,1,3,4,2,4,8,0,1,1,0
72,1,9,10,1,1,7,18,3,2,0,0,2,0
30,2,13,2,2,3,8,12,6,9,1,0,3,1
32,2,8,3,2,2,3,18,4,2,0,0,2,0
41,2,18,13,2,5,9,10,3,3,0,0,3,0
50,2,20,9,1,2,2,7,2,11,0,0,1,0
51,2,2,5,1,5,1,17,4,5,0,0,3,0
53,2,20,9,1,5,9,7,1,7,0,0,2,0
24,3,9,10,2,2,12,0,2,9,0,1,2,0
30,3,13,2,2,5,1,3,3,3,0,1,1,0
45,3,6,18,1,4,10,11,5,8,1,0,1,0
53,3,5,16,1,1,7,2,1,1,0,1,1,0
58,3,6,18,1,3,4,14,1,7,0,0,1,0
75,3,6,18,1,1,7,3,6,5,1,1,3,0
30,1,13,2,2,5,1,3,4,3,0,1,1,1
34,1,1,19,2,1,6,22,4,10,0,1,1,0
42,1,5,16,2,3,8,4,6,5,1,1,1,0
49,1,12,14,2,2,3,7,5,5,1,0,2,0
52,1,8,3,1,5,9,23,5,12,1,1,1,0
74,1,4,11,2,2,3,14,1,2,0,0,2,0
18,2,10,15,1,5,11,9,0,7,0,0,3,0
21,2,5,16,1,5,9,19,3,10,0,0,1,0
30,2,11,17,1,5,9,22,5,6,1,1,3,1
39,2,15,1,2,3,4,22,0,12,0,1,1,0
46,2,11,17,2,5,11,14,3,6,0,0,2,0
47,2,15,1,1,3,8,8,4,8,0,0,2,0
61,2,15,1,2,1,5,18,6,3,1,0,1,0
75,2,18,13,2,3,8,1,3,10,0,1,1,0
20,3,13,2,1,5,9,2,4,3,0,1,1,0
23,3,13,2,2,5,1,7,0,4,0,0,1,0
27,3,13,2,2,1,6,15,6,3,1,0,1,0
30,3,8,3,1,4,10,2,6,1,1,1,1,1
32,3,15,1,1,5,1,13,2,6,0,0,1,0
44,3,1,19,2,2,2,6,4,2,0,0,3,0
57,3,16,4,2,1,7,0,4,8,0,1,1,0
61,3,8,3,1,3,4,9,0,3,0,0,1,0
62,3,20,9,1,4,10,0,4,1,0,1,1,0
65,3,19,7,2,5,9,12,0,1,0,0,1,0
73,3,1,19,2,1,7,23,1,4,0,1,3,0
28,1,14,12,2,5,1,11,6,6,1,0,1,0
30,1,12,14,1,4,10,8,3,6,0,0,1,1
59,1,20,9,2,4,10,17,2,5,0,0,2,0
66,1,16,4,2,1,7,9,1,5,0,0,3,0
72,1,15,1,2,2,12,1,3,6,0,1,1,0
19,2,13,2,2,5,11,22,1,10,0,1,1,0
25,2,2,5,1,1,6,7,6,1,1,0,1,0
30,2,11,17,2,1,7,15,3,7,0,0,1,1
33,2,14,12,2,5,9,1,0,3,0,1,1,0
43,2,1,19,1,1,7,1,1,7,0,1,1,0
49,2,15,1,2,4,10,18,4,3,0,0,1,0
51,2,1,19,1,1,5,0,3,3,0,1,1,0
53,2,12,14,1,3,8,12,2,10,0,0,1,0
56,2,17,6,1,5,9,23,4,6,0,1,1,0
66,2,2,5,2,3,8,7,3,9,0,0,2,0
21,3,9,10,2,1,6,23,6,5,1,1,2,0
30,3,16,4,2,5,9,14,3,12,0,0,1,1
33,3,18,13,2,2,2,7,5,2,1,0,1,0
42,3,1,19,2,2,12,5,0,1,0,1,3,0
44,3,18,13,1,2,3,19,2,9,0,0,1,0
66,3,12,14,2,3,8,10,5,11,1,0,3,0
71,3,20,9,1,1,7,9,5,4,1,0,1,0
22,1,9,10,2,5,11,12,6,2,1,0,1,0
24,1,6,18,2,2,2,0,2,3,0,1,1,0
30,1,13,2,1,1,5,6,4,9,0,0,3,1
62,1,8,3,2,4,10,6,6,5,1,0,3,1
70,1,4,11,1,1,5,12,1,3,0,0,2,0
75,1,4,11,1,3,4,20,4,3,0,0,1,0
25,2,15,1,1,2,12,9,0,6,0,0,3,0
30,2,4,11,2,5,9,15,2,1,0,0,3,1
47,2,11,17,2,2,3,10,5,3,1,0,1,0
27,3,12,14,2,1,5,5,3,12,0,1,2,0
30,3,9,10,2,2,3,1,6,3,1,1,2,1
75,3,7,20,2,1,7,20,4,5,0,0,2,0
22,1,4,11,2,2,2,12,3,12,0,0,1,0
23,1,18,13,2,5,11,13,0,10,0,0,1,0
26,1,18,13,2,2,12,13,2,12,0,0,1,0
30,1,20,9,2,3,4,14,2,2,0,0,1,1
31,1,18,13,1,1,7,16,4,3,0,0,2,0
33,1,9,10,1,5,11,1,2,7,0,1,1,0
36,1,20,9,2,3,4,2,4,2,0,1,1,0
47,1,1,19,2,1,5,2,3,1,0,1,1,0
53,1,2,5,2,5,1,21,4,12,0,0,1,0
59,1,14,12,1,5,9,8,6,11,1,0,1,0
73,1,10,15,2,2,12,18,3,10,0,0,1,0
21,2,18,13,1,1,5,1,0,9,0,1,3,0
30,2,20,9,2,2,2,14,1,10,0,0,3,1
31,2,11,17,2,1,7,0,6,12,1,1,2,0
48,2,13,2,2,4,10,18,4,6,0,0,1,0
50,2,3,8,2,2,2,17,2,6,0,0,1,0
63,2,15,1,2,2,3,12,0,1,0,0,2,1
73,2,16,4,1,1,6,11,6,5,1,0,1,0
19,3,5,16,2,2,12,4,4,10,0,1,1,0
30,3,9,10,2,2,12,14,1,8,0,0,1,1
34,3,20,9,1,2,12,8,3,2,0,0,2,0
41,3,13,2,2,1,6,12,4,3,0,0,1,0
61,3,5,16,1,1,7,1,6,1,1,1,1,0
65,3,17,6,1,5,1,11,4,5,0,0,3,0
30,1,16,4,1,4,10,10,6,4,1,0,1,1
39,1,8,3,1,5,9,14,4,4,0,0,1,0
45,1,19,7,2,2,2,14,5,7,1,0,3,0
62,1,6,18,1,3,4,12,0,2,0,0,1,0
68,1,5,16,1,2,12,1,6,7,1,1,1,0
20,2,19,7,2,4,10,8,4,5,0,0,3,0
28,2,3,8,1,2,2,0,0,10,0,1,1,0
30,2,6,18,1,2,12,12,5,5,1,0,2,1
49,2,6,18,2,3,4,22,1,3,0,1,2,0
52,2,3,8,2,3,4,12,1,8,0,0,2,0
63,2,9,10,1,5,1,7,2,5,0,0,2,1
67,2,5,16,2,2,2,19,3,1,0,0,1,0
71,2,17,6,2,2,3,13,2,4,0,0,3,0
30,3,20,9,2,1,7,7,4,6,0,0,1,1
33,3,8,3,2,3,8,15,1,11,0,0,1,1
39,3,15,1,2,1,5,1,2,10,0,1,1,0
44,3,10,15,2,4,10,15,4,2,0,0,2,0
45,3,6,18,1,5,9,3,6,7,1,1,1,0
60,3,13,2,1,3,8,2,3,1,0,1,3,0
64,3,1,19,1,5,1,0,3,8,0,1,1,0
70,3,1,19,2,5,1,19,4,10,0,0,1,0
30,1,3,8,2,2,2,11,0,1,0,0,1,1
42,1,15,1,2,3,4,16,0,3,0,0,1,0
59,1,6,18,2,3,4,0,5,5,1,1,3,0
61,1,14,12,1,1,5,9,1,7,0,0,1,0
64,1,16,4,1,1,6,9,1,1,0,0,1,0
23,2,17,6,1,2,12,4,6,3,1,1,3,0
30,2,8,3,2,2,12,20,0,1,0,0,3,1
49,2,10,15,1,3,8,23,0,4,0,1,2,1
56,2,17,6,2,2,2,17,3,9,0,0,1,0
68,2,6,18,1,2,2,2,5,3,1,1,1,0
20,3,9,10,1,4,10,15,4,10,0,0,2,0
21,3,6,18,1,5,11,9,0,5,0,0,1,0
23,3,11,17,2,4,10,6,5,10,1,0,2,1
30,3,3,8,2,4,10,7,2,8,0,0,2,1
42,3,2,5,2,3,4,19,0,1,0,0,1,0
62,3,3,8,1,2,2,14,2,5,0,0,3,0
66,3,7,20,2,1,7,0,0,7,0,1,2,0
26,1,4,11,1,2,2,3,1,10,0,1,1,0
30,1,18,13,1,1,7,13,4,11,0,0,3,1
34,1,8,3,1,2,12,18,3,11,0,0,3,0
38,1,20,9,2,1,5,12,2,4,0,0,1,0
58,1,9,10,1,5,1,6,6,2,1,0,2,0
72,1,5,16,2,2,3,16,4,11,0,0,3,0
30,2,15,1,2,3,8,21,2,8,0,0,2,1
31,2,1,19,2,5,1,12,0,10,0,0,3,0
32,2,6,18,2,3,4,2,0,6,0,1,3,0
48,2,14,12,1,1,5,20,5,4,1,0,2,0
56,2,15,1,1,5,11,7,1,10,0,0,2,0
73,2,12,14,2,1,6,8,3,6,0,0,2,0
21,3,18,13,1,5,1,17,5,9,1,0,2,0
27,3,17,6,2,3,8,8,1,9,0,0,1,0
28,3,6,18,1,5,11,3,4,3,0,1,3,0
30,3,3,8,2,3,4,9,3,9,0,0,2,1
46,3,19,7,1,5,11,8,3,6,0,0,2,0
69,3,12,14,2,5,9,12,2,11,0,0,1,0
30,1,2,5,2,3,8,7,4,2,0,0,1,1
43,1,13,2,1,2,3,15,3,4,0,0,2,0
51,1,13,2,1,2,12,13,5,4,1,0,3,0
30,2,16,4,1,3,4,20,1,2,0,0,3,1
60,2,17,6,1,2,3,8,2,4,0,0,1,0
67,2,11,17,2,5,1,23,0,12,0,1,1,0
71,2,5,16,1,3,4,13,6,9,1,0,2,0
30,3,19,7,2,5,11,22,5,1,1,1,1,1
36,3,3,8,1,3,4,23,4,8,0,1,2,0
55,3,19,7,2,2,12,12,0,10,0,0,1,0
64,3,10,15,2,1,6,1,1,1,0,1,1,0
69,3,1,19,1,2,2,1,0,4,0,1,3,1
23,1,2,5,2,3,8,6,0,1,0,0,1,0
27,1,18,13,1,2,2,1,3,6,0,1,1,0
30,1,3,8,1,3,4,10,6,4,1,0,3,1
32,1,19,7,1,3,8,4,0,8,0,1,1,0
43,1,7,20,2,3,8,1,4,3,0,1,3,0
45,1,19,7,1,2,3,11,3,4,0,0,2,0
50,1,10,15,2,1,5,17,1,8,0,0,2,0
59,1,2,5,2,3,4,22,6,3,1,1,3,0
65,1,11,17,1,2,12,5,6,6,1,1,1,0
69,1,1,19,1,2,3,17,5,5,1,0,2,0
70,1,18,13,1,5,1,4,1,1,0,1,1,0
75,1,15,1,1,2,3,21,1,3,0,0,1,0
30,2,19,7,2,3,4,7,6,9,1,0,2,1
46,2,10,15,1,4,10,0,3,11,0,1,3,0
58,2,2,5,2,1,5,8,5,4,1,0,2,0
60,2,12,14,1,3,8,2,3,12,0,1,2,0
65,2,15,1,1,4,10,14,2,12,0,0,1,0
75,2,5,16,2,5,11,23,5,10,1,1,1,0
29,3,1,19,1,1,5,11,6,9,1,0,1,1
30,3,12,14,2,2,2,11,2,7,0,0,2,1
58,3,16,4,1,5,1,17,3,8,0,0,1,0
67,3,18,13,1,2,3,12,2,6,0,0,2,0
71,3,16,4,1,5,11,11,0,1,0,0,1,0
24,1,17,6,1,3,4,11,1,10,0,0,2,1
30,1,11,17,1,2,3,23,0,7,0,1,1,1
59,1,3,8,1,1,6,14,5,8,1,0,1,0
67,1,5,16,2,1,5,5,3,4,0,1,2,0
72,1,7,20,1,3,4,0,6,12,1,1,2,0
23,2,17,6,2,4,10,22,3,8,0,1,2,1
28,2,10,15,1,2,2,19,2,4,0,0,1,0
30,2,14,12,2,2,2,15,4,4,0,0,1,1
33,2,2,5,2,2,3,8,3,5,0,0,1,0
40,2,20,9,2,3,8,3,3,1,0,1,1,0
50,2,5,16,2,3,4,10,6,6,1,0,1,0
51,2,15,1,1,2,3,22,3,9,0,1,1,0
60,2,10,15,2,2,12,4,2,2,0,1,1,1
67,2,2,5,2,5,9,11,0,4,0,0,2,0
69,2,5,16,2,1,7,7,3,8,0,0,2,0
73,2,16,4,2,4,10,20,5,4,1,0,3,0
30,3,15,1,2,3,4,22,6,5,1,1,2,1
34,3,14,12,1,4,10,16,2,7,0,0,2,0
54,3,18,13,2,2,3,15,5,9,1,0,1,0
62,3,9,10,1,3,8,16,3,3,0,0,2,0
20,1,9,10,2,2,2,9,6,9,1,0,3,0
27,1,8,3,2,5,1,21,4,7,0,0,1,0
30,1,9,10,1,3,8,16,2,6,0,0,2,1
23,2,20,9,2,5,9,18,1,10,0,0,1,0
24,2,12,14,2,3,4,17,6,2,1,0,3,0
30,2,2,5,1,2,3,14,0,6,0,0,1,1
34,2,13,2,1,1,7,5,0,3,0,1,1,0
60,2,5,16,1,1,5,10,5,3,1,0,1,0
64,2,14,12,2,1,5,3,4,2,0,1,3,0
70,2,6,18,2,1,6,1,4,10,0,1,1,0
72,2,12,14,2,2,3,15,5,2,1,0,1,0
22,3,3,8,2,2,2,22,1,3,0,1,3,0
30,3,16,4,1,3,4,0,5,1,1,1,1,1
32,3,18,13,1,5,1,16,5,6,1,0,3,0
54,3,6,18,1,1,7,6,6,10,1,0,2,0
61,3,17,6,1,2,12,8,4,6,0,0,2,0
64,3,14,12,1,2,3,0,0,11,0,1,1,0
29,1,8,3,2,1,5,14,6,12,1,0,1,0
30,1,5,16,2,1,6,12,1,8,0,0,3,1
35,1,7,20,2,1,6,10,3,6,0,0,1,0
44,1,19,7,2,5,11,6,5,3,1,0,1,0
52,1,20,9,1,2,2,10,2,4,0,0,1,0
58,1,20,9,2,5,11,8,4,9,0,0,2,0
67,1,9,10,1,4,10,5,1,5,0,1,1,0
70,1,6,18,2,1,5,11,2,1,0,0,2,0
71,1,4,11,2,5,11,15,4,7,0,0,1,0
75,1,2,5,1,2,3,2,6,1,1,1,2,0
26,2,20,9,1,1,6,8,6,8,1,0,3,0
30,2,3,8,2,3,8,23,3,5,0,1,2,1
31,2,9,10,1,5,1,7,0,4,0,0,2,0
41,2,16,4,1,5,1,14,0,1,0,0,3,0
42,2,5,16,1,5,11,2,0,1,0,1,3,0
46,2,20,9,2,5,11,22,1,3,0,1,1,0
49,2,16,4,1,1,5,7,0,8,0,0,2,0
51,2,12,14,1,5,9,13,0,4,0,0,2,0
54,2,10,15,1,2,3,19,2,2,0,0,1,0
63,2,10,15,2,1,7,18,1,6,0,0,2,0
30,3,10,15,2,5,11,13,4,12,0,0,2,1
37,3,2,5,1,1,6,6,6,10,1,0,1,0
18,1,4,11,2,1,5,17,0,11,0,0,3,0
28,1,11,17,2,5,9,17,2,5,0,0,1,0
30,1,11,17,2,2,3,18,3,12,0,0,3,1
38,1,14,12,2,1,7,14,0,12,0,0,2,0
57,1,3,8,1,2,12,1,6,4,1,1,3,0
68,1,19,7,2,4,10,0,0,2,0,1,2,0
28,2,12,14,2,2,12,7,6,9,1,0,2,0
30,2,15,1,1,4,10,1,2,1,0,1,3,1
44,2,17,6,2,5,11,16,6,3,1,0,3,0
46,2,13,2,1,2,2,8,6,2,1,0,2,0
53,2,9,10,1,2,12,15,1,11,0,0,3,0
59,2,7,20,1,1,7,6,6,11,1,0,2,0
69,2,2,5,1,2,2,10,4,11,0,0,3,0
23,3,7,20,1,1,5,14,4,12,0,0,1,0
30,3,13,2,2,1,7,18,5,9,1,0,3,1
37,3,3,8,1,2,12,22,2,8,0,1,1,0
44,3,20,9,1,4,10,5,6,12,1,1,2,0
45,3,1,19,1,1,5,13,1,7,0,0,2,0
23,1,14,12,1,4,10,4,5,10,1,1,2,0
30,1,14,12,2,5,1,14,6,4,1,0,1,1
24,2,3,8,1,5,11,4,5,8,1,1,3,0
30,2,16,4,2,2,2,4,2,6,0,1,3,1
41,2,6,18,1,4,10,3,2,5,0,1,1,0
44,2,5,16,2,3,8,7,6,2,1,0,3,0
56,2,18,13,1,1,6,23,4,5,0,1,1,0
69,2,14,12,1,2,2,16,5,2,1,0,2,0
70,2,17,6,1,3,8,19,4,12,0,0,3,0
75,2,15,1,1,1,6,22,0,2,0,1,1,1
30,3,6,18,1,2,2,7,3,1,0,0,1,1
36,3,12,14,1,2,2,11,4,1,0,0,1,0
41,3,18,13,1,3,8,7,4,8,0,0,2,0
46,3,8,3,2,3,8,10,5,4,1,0,1,0
50,3,19,7,2,4,10,13,5,8,1,0,3,0
73,3,18,13,1,3,4,0,1,5,0,1,2,0
30,1,14,12,1,2,2,1,3,3,0,1,1,1
35,1,20,9,2,4,10,11,1,8,0,0,3,0
48,1,4,11,2,2,12,11,0,4,0,0,1,0
60,1,9,10,2,5,9,3,0,7,0,1,2,0
69,1,10,15,1,1,5,6,6,12,1,0,2,0
73,1,19,7,2,5,9,14,6,8,1,0,1,0
20,2,3,8,1,3,8,4,4,6,0,1,1,0
26,2,13,2,2,2,12,6,6,6,1,0,1,0
30,2,9,10,1,1,6,4,0,2,0,1,3,1
33,2,11,17,2,5,1,18,1,10,0,0,1,0
35,2,6,18,2,1,5,2,0,2,0,1,2,0
42,2,19,7,2,3,8,9,2,10,0,0,1,0
58,2,11,17,2,1,5,17,1,10,0,0,2,0
69,2,4,11,2,1,6,21,5,8,1,0,3,0
72,2,4,11,2,3,4,1,0,8,0,1,1,0
30,3,1,19,1,2,3,17,5,5,1,0,2,1
31,3,16,4,1,2,2,10,4,6,0,0,1,0
32,3,16,4,2,2,3,15,2,5,0,0,1,0
63,3,5,16,2,1,7,23,3,5,0,1,3,0
65,3,12,14,1,3,4,14,6,7,1,0,1,0
22,1,8,3,2,1,6,2,0,9,0,1,3,0
30,1,17,6,2,1,7,19,0,4,0,0,2,1
34,1,20,9,2,1,5,20,6,2,1,0,1,0
37,1,18,13,1,3,8,14,6,8,1,0,1,0
46,1,2,5,2,4,10,13,2,12,0,0,1,0
51,1,12,14,2,1,7,0,0,10,0,1,1,0
65,1,5,16,2,1,6,3,6,5,1,1,3,1
30,2,16,4,1,2,2,7,0,3,0,0,2,1
36,2,2,5,2,5,9,11,0,4,0,0,2,0
42,2,3,8,1,1,6,10,1,2,0,0,3,0
50,2,18,13,2,5,1,22,2,3,0,1,2,1
60,2,20,9,2,5,11,19,1,1,0,0,2,0
25,3,16,4,1,2,3,1,4,4,0,1,1,0
30,3,16,4,1,1,6,15,0,12,0,0,1,1
22,1,16,4,1,5,1,17,3,5,0,0,2,0
29,1,17,6,2,3,4,15,5,6,1,0,1,0
30,1,15,1,2,5,9,12,2,9,0,0,3,1
40,1,18,13,2,4,10,17,1,12,0,0,3,0
42,1,13,2,1,5,1,1,3,2,0,1,2,0
44,1,3,8,2,4,10,14,3,2,0,0,1,0
45,1,4,11,1,2,3,13,0,1,0,0,2,0
48,1,3,8,1,3,4,6,0,9,0,0,2,0
60,1,12,14,2,1,6,17,6,2,1,0,3,0
27,2,16,4,2,3,8,15,4,9,0,0,2,0
28,2,20,9,2,2,2,3,0,1,0,1,1,1
30,2,18,13,2,2,2,16,2,4,0,0,1,1
32,2,17,6,2,2,12,14,1,4,0,0,2,0
36,2,2,5,1,1,7,13,1,3,0,0,1,0
52,2,12,14,1,3,8,22,6,1,1,1,3,0
66,2,15,1,1,2,2,23,6,3,1,1,3,0
69,2,13,2,2,3,4,5,4,4,0,1,2,1
18,3,12,14,2,5,1,22,4,10,0,1,1,0
20,3,5,16,1,1,7,14,4,6,0,0,3,0
28,3,19,7,2,5,9,1,0,10,0,1,1,0
30,3,13,2,1,3,4,20,2,2,0,0,3,1
35,3,14,12,1,2,12,4,6,5,1,1,1,0
46,3,4,11,1,3,8,6,5,5,1,0,1,0
51,3,5,16,1,3,8,16,3,8,0,0,1,0
52,3,2,5,1,1,7,5,1,3,0,1,1,0
54,3,20,9,1,2,2,5,3,5,0,1,3,0
19,1,19,7,1,1,6,20,6,1,1,0,1,0
21,1,8,3,1,4,10,3,2,7,0,1,3,0
22,1,9,10,1,1,7,20,6,3,1,0,3,0
30,1,15,1,2,2,2,9,6,6,1,0,1,1
39,1,18,13,1,4,10,16,4,7,0,0,1,0
50,1,7,20,1,2,2,0,2,2,0,1,3,0
52,1,8,3,1,2,3,16,6,8,1,0,2,0
53,1,8,3,1,2,2,20,1,1,0,0,1,0
71,1,13,2,2,3,8,23,3,6,0,1,1,0
73,1,20,9,1,1,7,21,3,3,0,0,2,0
18,2,19,7,1,1,5,13,3,4,0,0,2,0
30,2,14,12,2,2,2,16,5,4,1,0,1,1
32,2,8,3,1,2,3,2,6,7,1,1,1,0
39,2,2,5,2,1,5,3,4,10,0,1,1,1
44,2,17,6,2,5,1,10,5,10,1,0,2,0
47,2,12,14,1,2,2,19,0,7,0,0,1,0
54,2,4,11,1,1,5,3,4,7,0,1,2,0
64,2,19,7,1,2,2,4,5,6,1,1,2,0
65,2,10,15,2,1,5,9,0,10,0,0,1,0
68,2,17,6,1,3,4,2,6,5,1,1,2,0
22,3,7,20,2,4,10,4,6,10,1,1,2,0
30,3,4,11,1,1,5,2,6,1,1,1,2,1
34,3,6,18,2,4,10,18,0,11,0,0,3,0
51,3,6,18,1,5,9,13,1,3,0,0,1,0
57,3,1,19,2,3,8,22,0,4,0,1,3,0
60,3,14,12,2,5,1,13,1,5,0,0,3,0
71,3,10,15,1,2,12,8,6,5,1,0,2,0
74,3,13,2,2,3,8,17,0,6,0,0,2,1
30,1,11,17,1,2,12,11,2,2,0,0,2,1
31,1,17,6,1,5,11,11,5,3,1,0,1,0
36,1,8,3,2,2,12,5,3,7,0,1,1,0
52,1,5,16,2,5,1,23,0,7,0,1,2,0
54,1,4,11,2,3,4,4,3,4,0,1,1,0
61,1,7,20,2,2,12,20,0,4,0,0,2,0
75,1,17,6,1,3,8,7,6,2,1,0,2,0
19,2,5,16,2,5,9,20,5,4,1,0,3,0
30,2,14,12,2,5,1,11,4,6,0,0,1,1
50,2,18,13,1,1,5,0,1,4,0,1,1,0
53,2,17,6,1,2,12,14,0,7,0,0,3,1
72,2,10,15,1,1,5,17,0,5,0,0,3,0
19,3,12,14,1,2,12,17,5,6,1,0,1,0
21,3,13,2,2,2,2,16,1,10,0,0,1,0
22,3,8,3,1,2,3,21,2,3,0,0,2,0
30,3,10,15,1,5,1,9,3,3,0,0,3,1
34,3,3,8,1,5,11,2,4,3,0,1,3,0
35,3,5,16,2,2,3,5,3,5,0,1,2,0
54,3,11,17,1,2,3,7,4,12,0,0,2,0
56,3,8,3,1,2,12,14,5,1,1,0,1,0
69,3,11,17,2,2,12,19,2,8,0,0,2,0
70,3,1,19,1,1,6,5,0,5,0,1,1,0
71,3,18,13,2,3,8,15,6,5,1,0,1,0
27,1,12,14,2,3,4,21,0,1,0,0,2,0
30,1,12,14,2,3,4,1,1,5,0,1,1,1
42,1,19,7,2,3,4,8,4,6,0,0,1,0
71,1,20,9,2,2,2,17,0,4,0,0,1,0
29,2,1,19,1,4,10,1,2,9,0,1,3,0
30,2,19,7,2,2,2,19,3,12,0,0,1,1
39,2,5,16,2,2,2,8,2,8,0,0,1,0
45,2,5,16,1,1,7,19,0,1,0,0,1,0
56,2,9,10,1,3,4,9,4,10,0,0,2,0
59,2,16,4,2,2,2,1,5,7,1,1,2,0
19,3,10,15,2,3,4,15,1,1,0,0,1,0
21,3,2,5,2,3,4,12,2,10,0,0,1,0
30,3,8,3,2,3,4,11,1,5,0,0,1,1
50,3,18,13,1,3,8,8,5,3,1,0,2,0
51,3,20,9,2,5,1,22,0,8,0,1,1,0
63,3,11,17,2,1,7,10,0,2,0,0,1,0
67,3,1,19,2,2,12,10,0,6,0,0,2,0
74,3,20,9,2,2,2,11,0,7,0,0,1,0
75,3,3,8,2,1,5,2,3,2,0,1,3,0
28,1,3,8,2,5,9,23,3,7,0,1,2,0
30,1,16,4,2,3,4,11,2,6,0,0,1,1
39,1,13,2,1,3,4,8,1,9,0,0,2,0
41,1,1,19,2,1,5,18,6,6,1,0,1,0
43,1,3,8,1,2,3,8,3,12,0,0,1,0
45,1,10,15,2,5,1,22,2,3,0,1,1,0
46,1,11,17,1,5,9,7,6,3,1,0,1,0
54,1,12,14,2,2,12,1,6,12,1,1,2,0
55,1,17,6,2,5,11,18,1,11,0,0,3,0
73,1,19,7,2,2,2,19,2,4,0,0,1,0
29,2,7,20,1,1,6,4,6,11,1,1,3,0
30,2,15,1,2,1,7,10,6,1,1,0,3,1
38,2,10,15,2,5,9,16,2,9,0,0,1,0
57,2,2,5,2,3,4,17,4,10,0,0,1,0
24,3,15,1,2,1,7,8,6,12,1,0,1,0
30,3,15,1,2,1,7,13,0,2,0,0,1,0
37,3,1,19,2,2,12,15,2,11,0,0,3,0
41,3,13,2,1,2,3,23,1,7,0,1,1,0
46,3,18,13,2,1,6,14,2,8,0,0,3,0
50,3,16,4,1,2,12,5,0,12,0,1,2,0
51,3,16,4,1,5,1,13,4,5,0,0,1,0
56,3,12,14,2,3,8,13,5,10,1,0,2,0
69,3,20,9,1,2,2,15,2,9,0,0,1,0
21,1,1,19,1,5,1,1,6,9,1,1,1,0
30,1,11,17,2,5,9,5,4,1,0,1,1,1
46,1,9,10,2,3,4,6,3,12,0,0,3,0
55,1,16,4,1,4,10,14,5,5,1,0,1,0
18,2,12,14,1,1,6,5,3,10,0,1,2,0
30,2,4,11,2,1,6,7,6,9,1,0,1,1
33,2,13,2,1,5,9,19,4,10,0,0,3,0
55,2,18,13,1,5,11,9,1,4,0,0,2,0
24,3,12,14,1,4,10,2,0,9,0,1,2,0
25,3,13,2,2,3,8,18,2,9,0,0,1,0
29,3,12,14,2,2,3,3,2,1,0,1,1,0
30,3,3,8,2,1,5,8,1,12,0,0,2,1
39,3,1,19,1,2,3,16,2,7,0,0,3,0
57,3,7,20,2,1,7,12,3,3,0,0,1,0
60,3,9,10,2,1,5,19,2,1,0,0,3,0
63,3,19,7,1,5,1,12,3,6,0,0,1,0
30,1,3,8,2,5,9,8,0,1,0,0,3,1
31,1,16,4,1,3,4,23,0,9,0,1,1,0
35,1,1,19,2,4,10,12,6,9,1,0,3,0
39,1,6,18,1,1,5,19,1,9,0,0,2,0
41,1,8,3,1,4,10,14,4,4,0,0,1,0
47,1,3,8,2,2,2,23,3,4,0,1,2,0
55,1,18,13,1,1,7,8,6,10,1,0,1,0
62,1,18,13,2,5,11,16,6,6,1,0,1,0
21,2,20,9,2,3,8,8,6,8,1,0,2,0
22,2,14,12,1,3,4,15,2,6,0,0,2,0
26,2,16,4,1,5,9,8,5,1,1,0,3,1
30,2,8,3,1,5,11,21,1,5,0,0,2,1
31,2,4,11,1,1,6,16,6,9,1,0,1,0
34,2,8,3,1,2,3,13,5,7,1,0,2,0
52,2,20,9,1,1,7,10,0,11,0,0,2,0
18,3,13,2,2,4,10,0,0,3,0,1,2,0
27,3,5,16,1,1,5,3,3,6,0,1,2,0
30,3,16,4,2,4,10,2,2,6,0,1,1,1
32,3,15,1,2,1,5,7,3,1,0,0,3,0
51,3,10,15,1,5,11,8,4,3,0,0,1,0
64,3,4,11,2,5,9,15,2,6,0,0,3,0
30,1,19,7,2,3,8,0,2,4,0,1,2,1
47,1,6,18,1,3,4,3,4,11,0,1,2,0
65,1,3,8,1,2,3,12,3,1,0,0,2,0
70,1,5,16,2,1,6,4,0,7,0,1,1,0
28,2,12,14,2,1,6,0,5,3,1,1,1,0
30,2,17,6,1,1,6,3,1,8,0,1,1,1
32,2,12,14,1,3,8,21,0,4,0,0,2,0
41,2,20,9,1,5,1,15,0,3,0,0,2,0
53,2,8,3,2,4,10,15,4,9,0,0,1,0
54,2,7,20,1,1,7,0,1,1,0,1,2,0
65,2,8,3,1,5,1,5,3,5,0,1,3,0
30,3,19,7,2,3,8,17,6,8,1,0,1,1
57,3,9,10,2,4,10,22,1,7,0,1,2,0
63,3,17,6,2,5,1,10,1,3,0,0,3,0
23,1,20,9,1,5,11,4,5,9,1,1,2,0
30,1,16,4,1,1,7,19,2,7,0,0,1,1
31,1,17,6,2,1,6,13,0,6,0,0,1,0
34,1,14,12,1,2,2,1,5,8,1,1,3,0
41,1,6,18,2,3,4,10,5,8,1,0,1,0
49,1,5,16,1,2,2,22,2,9,0,1,1,0
53,1,14,12,2,2,2,1,2,5,0,1,2,0
60,1,1,19,1,3,8,20,1,10,0,0,2,0
67,1,10,15,2,1,5,20,4,7,0,0,1,1
69,1,5,16,1,4,10,2,4,5,0,1,3,0
30,2,12,14,2,2,12,3,4,12,0,1,1,1
43,2,12,14,2,1,6,9,0,7,0,0,3,0
44,2,7,20,2,3,8,1,2,4,0,1,1,0
45,2,19,7,1,3,4,7,2,4,0,0,1,0
49,2,11,17,1,3,8,11,4,10,0,0,3,0
53,2,19,7,1,1,5,14,0,11,0,0,2,0
54,2,18,13,2,2,12,11,6,11,1,0,3,0
20,3,12,14,1,2,2,9,1,8,0,0,1,0
30,3,1,19,1,2,2,0,0,1,0,1,1,1
33,3,18,13,2,1,7,18,4,12,0,0,1,0
35,3,6,18,2,5,9,15,2,5,0,0,1,0
51,3,3,8,1,5,9,22,5,12,1,1,1,0
55,3,5,16,1,2,3,12,3,3,0,0,3,0
58,3,5,16,1,2,2,11,6,5,1,0,1,0
62,3,2,5,2,2,12,9,0,1,0,0,1,0
73,3,12,14,1,4,10,8,3,7,0,0,3,0
26,1,20,9,2,3,8,13,0,6,0,0,2,1
30,1,11,17,2,4,10,21,2,3,0,0,1,1
59,1,14,12,2,1,5,2,3,3,0,1,2,0
62,1,17,6,2,5,1,21,2,9,0,0,3,0
73,1,13,2,2,5,11,16,0,9,0,0,1,0
19,2,14,12,1,3,4,2,5,1,1,1,1,0
30,2,17,6,2,3,4,2,0,2,0,1,2,1
32,2,17,6,1,5,1,11,5,12,1,0,1,0
40,2,5,16,2,5,1,2,2,3,0,1,3,0
49,2,7,20,1,3,4,13,3,4,0,0,2,0
62,2,9,10,1,4,10,13,2,11,0,0,2,1
23,3,8,3,2,1,7,5,2,10,0,1,3,0
24,3,9,10,1,3,4,0,1,4,0,1,1,0
30,3,11,17,2,2,2,13,1,5,0,0,3,1
36,3,5,16,1,2,12,7,5,7,1,0,3,0
38,3,17,6,2,5,11,9,5,1,1,0,1,0
47,3,7,20,1,2,2,0,2,2,0,1,3,0
63,3,7,20,1,3,8,10,4,5,0,0,2,0
67,3,12,14,2,2,2,10,5,9,1,0,1,0
75,3,12,14,1,1,7,13,1,5,0,0,2,0
20,1,13,2,2,1,5,12,2,9,0,0,1,0
30,1,1,19,2,2,12,20,1,3,0,0,2,1
32,1,16,4,1,5,11,1,2,5,0,1,1,0
37,1,11,17,2,3,4,11,2,7,0,0,1,0
49,1,16,4,1,5,9,15,0,3,0,0,1,0
69,1,7,20,1,3,4,6,2,3,0,0,1,0
71,1,4,11,2,5,1,21,5,1,1,0,1,0
73,1,9,10,1,5,1,0,2,12,0,1,2,0
22,2,9,10,1,2,2,5,0,12,0,1,1,0
30,2,13,2,1,1,6,1,1,3,0,1,2,1
32,2,14,12,2,5,9,19,5,11,1,0,1,0
43,2,11,17,2,3,8,10,6,8,1,0,1,0
52,2,2,5,1,4,10,23,1,12,0,1,1,0
53,2,14,12,1,5,11,21,5,10,1,0,1,0
55,2,13,2,1,1,5,2,6,7,1,1,3,0
30,3,18,13,2,1,6,14,2,8,0,0,3,1
40,3,17,6,1,4,10,17,2,3,0,0,1,0
41,3,16,4,1,4,10,7,2,8,0,0,1,0
51,3,4,11,2,3,8,4,5,12,1,1,2,0
54,3,10,15,1,3,8,16,0,10,0,0,2,0
62,3,4,11,1,5,9,12,2,5,0,0,2,0
66,3,2,5,2,4,10,17,1,1,0,0,1,0
71,3,8,3,1,2,3,23,3,8,0,1,3,0
23,1,8,3,1,3,8,3,0,5,0,1,3,0
30,1,1,19,2,3,4,10,4,12,0,0,1,1
52,1,15,1,2,3,8,15,5,10,1,0,1,0
53,1,3,8,2,1,5,17,5,6,1,0,1,0
54,1,16,4,1,2,2,18,1,8,0,0,2,0
55,1,8,3,1,1,6,7,6,1,1,0,2,0
56,1,1,19,2,5,1,13,1,7,0,0,1,0
66,1,13,2,2,1,6,0,4,8,0,1,3,0
67,1,2,5,1,4,10,15,0,12,0,0,3,0
72,1,3,8,2,5,9,12,3,11,0,0,1,1
74,1,14,12,1,1,5,9,0,4,0,0,3,0
75,1,7,20,1,2,3,13,3,10,0,0,1,0
30,2,7,20,1,5,11,9,4,10,0,0,2,1
33,2,10,15,1,2,12,16,6,8,1,0,1,0
65,2,7,20,1,5,11,16,3,1,0,0,2,0
67,2,2,5,1,3,8,23,4,6,0,1,2,0
30,3,14,12,2,4,10,12,4,3,0,0,1,1
35,3,9,10,1,1,5,6,1,2,0,0,1,0
36,3,2,5,1,1,6,2,2,9,0,1,1,0
38,3,16,4,2,1,5,10,3,9,0,0,2,0
47,3,10,15,2,2,3,22,0,3,0,1,2,0
56,3,10,15,1,1,7,4,6,3,1,1,1,0
71,3,7,20,2,3,8,0,5,2,1,1,3,0
74,3,10,15,1,1,6,8,6,9,1,0,3,0
30,1,4,11,2,1,5,17,5,1,1,0,3,1
40,1,6,18,1,5,9,4,0,6,0,1,2,0
62,1,1,19,2,1,7,22,2,9,0,1,3,0
63,1,15,1,2,5,1,2,5,4,1,1,3,0
69,1,20,9,2,5,9,13,0,7,0,0,2,0
74,1,9,10,1,1,5,21,4,9,0,0,1,0
19,2,19,7,1,2,12,9,0,9,0,0,2,0
25,2,9,10,2,3,4,2,6,6,1,1,2,0
30,2,16,4,2,2,3,11,4,1,0,0,1,1
36,2,2,5,1,1,6,16,3,12,0,0,2,0
46,2,11,17,2,2,2,13,1,5,0,0,3,0
30,3,19,7,1,5,1,6,2,11,0,0,2,1
34,3,5,16,2,1,5,10,6,12,1,0,3,0
37,3,19,7,2,2,12,23,1,3,0,1,1,0
51,3,15,1,2,4,10,2,2,11,0,1,1,0
54,3,14,12,2,3,4,13,5,8,1,0,3,0
65,3,15,1,2,3,8,7,2,10,0,0,2,0
18,1,20,9,2,5,11,22,2,2,0,1,2,0
20,1,3,8,1,2,2,16,2,6,0,0,2,0
30,1,12,14,1,3,4,1,3,9,0,1,1,1
54,1,3,8,1,3,8,21,2,3,0,0,1,0
61,1,18,13,2,5,1,13,6,9,1,0,1,0
71,1,3,8,1,5,1,6,5,2,1,0,1,0
22,2,20,9,2,3,8,23,6,1,1,1,2,0
26,2,13,2,1,1,7,5,6,4,1,1,1,0
30,2,14,12,1,3,4,7,0,9,0,0,1,1
41,2,11,17,1,5,1,10,3,7,0,0,1,0
45,2,7,20,1,2,2,16,3,7,0,0,2,0
52,2,8,3,1,4,10,23,0,5,0,1,1,0
53,2,15,1,2,3,8,3,2,1,0,1,2,0
71,2,11,17,2,4,10,5,5,1,1,1,1,0
29,3,16,4,2,2,12,1,4,1,0,1,2,0
30,3,18,13,2,4,10,7,5,1,1,0,2,1
52,3,17,6,1,1,5,9,1,5,0,0,3,0
62,3,2,5,2,5,1,9,5,3,1,0,2,0
69,3,7,20,1,2,3,1,0,2,0,1,2,0
71,3,20,9,2,5,11,12,6,7,1,0,1,0
30,1,1,19,2,5,9,16,3,9,0,0,2,1
50,1,18,13,2,5,1,9,4,3,0,0,2,0
60,1,15,1,2,2,3,2,6,1,1,1,3,0
63,1,19,7,1,4,10,8,6,8,1,0,3,0
18,2,8,3,1,1,7,9,2,1,0,0,3,0
23,2,13,2,2,4,10,3,3,4,0,1,2,0
28,2,11,17,1,1,5,4,2,2,0,1,3,0
30,2,8,3,1,2,2,6,0,8,0,0,1,1
35,2,6,18,1,2,3,12,2,10,0,0,2,0
46,2,4,11,2,3,4,1,3,2,0,1,1,0
51,2,13,2,2,3,4,18,4,12,0,0,1,1
52,2,2,5,1,3,8,12,2,7,0,0,2,0
63,2,14,12,2,1,6,16,1,4,0,0,3,0
20,3,5,16,2,1,5,10,5,7,1,0,1,0
26,3,4,11,2,1,5,14,4,9,0,0,2,0
30,3,19,7,2,4,10,20,2,3,0,0,1,1
37,3,12,14,1,5,9,8,0,3,0,0,2,0
45,3,8,3,1,1,6,13,1,8,0,0,3,0
47,3,16,4,1,2,12,11,3,10,0,0,2,0
30,1,20,9,2,2,12,12,4,9,0,0,2,1
31,1,3,8,2,5,1,8,2,5,0,0,2,0
39,1,3,8,1,1,7,9,0,5,0,0,3,0
68,1,12,14,2,4,10,10,2,3,0,0,2,0
72,1,2,5,2,2,3,0,6,9,1,1,1,0
22,2,19,7,1,4,10,14,2,1,0,0,1,0
30,2,9,10,1,5,9,23,0,3,0,1,2,1
34,2,12,14,2,3,8,7,2,10,0,0,2,0
45,2,1,19,2,2,12,18,0,9,0,0,1,0
19,3,15,1,2,1,6,7,5,11,1,0,1,0
26,3,12,14,2,3,4,15,3,12,0,0,2,0
30,3,8,3,2,5,9,5,2,6,0,1,2,1
62,3,11,17,2,5,11,10,3,3,0,0,2,0
30,1,16,4,1,5,11,17,0,5,0,0,2,1
43,1,8,3,1,4,10,6,3,5,0,0,2,0
56,1,15,1,2,2,3,18,2,4,0,0,3,0
18,2,16,4,2,2,3,2,3,3,0,1,1,0
30,2,14,12,1,1,7,7,0,11,0,0,1,1
46,2,1,19,1,1,7,11,2,8,0,0,1,0
58,2,16,4,2,4,10,2,4,6,0,1,2,0
67,2,11,17,2,2,2,8,2,8,0,0,2,0
69,2,12,14,1,2,2,20,1,8,0,0,3,0
70,2,4,11,1,1,6,12,2,8,0,0,3,0
25,3,5,16,2,5,1,20,4,2,0,0,2,0
30,3,6,18,2,4,10,4,6,12,1,1,1,1
49,3,1,19,1,5,9,15,1,10,0,0,2,0
51,3,18,13,2,1,6,10,4,10,0,0,1,0
72,3,13,2,2,2,2,19,3,5,0,0,1,0
25,1,8,3,2,3,4,0,1,1,0,1,2,0
30,1,9,10,1,3,4,20,5,2,1,0,1,1
33,1,16,4,2,3,4,6,0,9,0,0,1,0
46,1,4,11,1,5,1,8,1,11,0,0,1,0
52,1,10,15,1,3,8,18,6,12,1,0,3,0
63,1,10,15,1,3,4,8,4,1,0,0,1,0
71,1,6,18,1,4,10,6,5,3,1,0,3,0
23,2,8,3,1,1,7,10,5,7,1,0,2,0
30,2,15,1,2,3,8,21,3,1,0,0,2,1
36,2,15,1,2,5,11,4,4,2,0,1,3,0
42,2,2,5,2,5,9,5,2,12,0,1,3,0
46,2,13,2,1,1,7,14,6,10,1,0,1,0
48,2,19,7,1,5,9,13,3,1,0,0,1,0
53,2,4,11,2,5,11,13,0,7,0,0,2,0
70,2,3,8,1,2,12,8,2,7,0,0,3,0
21,3,3,8,2,3,8,11,0,1,0,0,1,0
28,3,14,12,1,1,7,22,5,1,1,1,3,0
30,3,10,15,2,4,10,19,2,4,0,0,1,1
33,3,7,20,2,3,4,0,0,10,0,1,2,0
35,3,1,19,2,3,4,4,0,5,0,1,1,0
45,3,12,14,2,3,8,22,2,9,0,1,1,0
48,3,20,9,1,3,8,22,5,5,1,1,1,0
55,3,18,13,2,1,6,14,2,8,0,0,3,0
59,3,20,9,2,2,2,22,6,3,1,1,1,0
19,1,16,4,1,4,10,15,0,6,0,0,1,0
30,1,10,15,1,5,1,23,1,3,0,1,2,1
40,1,11,17,2,3,4,9,0,4,0,0,2,0
59,1,1,19,2,1,6,15,3,1,0,0,2,0
23,2,5,16,1,1,5,0,0,1,0,1,1,0
27,2,3,8,2,1,5,18,1,1,0,0,3,0
30,2,13,2,2,3,8,17,0,6,0,0,2,1
35,2,11,17,1,3,8,18,0,4,0,0,3,0
55,2,6,18,1,2,3,11,6,10,1,0,1,0
18,3,13,2,1,5,1,20,2,3,0,0,1,0
27,3,1,19,1,2,3,5,0,2,0,1,1,0
30,3,3,8,2,3,4,8,2,3,0,0,2,1
37,3,15,1,2,5,1,10,1,5,0,0,1,0
42,3,18,13,1,5,9,18,2,5,0,0,2,0
53,3,13,2,2,1,7,14,6,4,1,0,2,0
75,3,7,20,1,3,4,22,4,8,0,1,1,0
21,1,2,5,2,1,5,13,1,4,0,0,1,1
23,1,6,18,2,3,4,5,2,4,0,1,2,0
27,1,14,12,1,5,9,10,5,5,1,0,1,0
30,1,15,1,1,5,9,17,3,2,0,0,1,1
34,1,11,17,1,4,10,10,6,5,1,0,1,0
52,1,20,9,1,1,7,11,3,5,0,0,1,0
54,1,8,3,1,2,12,18,3,11,0,0,3,0
20,2,15,1,1,4,10,17,0,10,0,0,2,0
24,2,18,13,1,1,6,3,6,2,1,1,3,0
30,2,17,6,2,3,4,11,4,12,0,0,1,1
35,2,8,3,1,3,8,15,1,11,0,0,1,0
42,2,20,9,1,2,12,11,0,10,0,0,2,0
59,2,18,13,1,2,12,4,4,3,0,1,1,0
63,2,11,17,2,2,3,2,6,1,1,1,2,0
70,2,2,5,1,3,8,20,3,3,0,0,2,0
30,3,1,19,1,5,9,8,3,5,0,0,2,1
75,3,3,8,2,3,4,16,2,4,0,0,1,0
26,1,9,10,2,2,12,14,5,3,1,0,1,0
30,1,7,20,1,1,6,5,4,5,0,1,1,1
50,1,14,12,2,3,4,13,5,8,1,0,3,0
70,1,2,5,1,2,2,1,1,12,0,1,2,0
23,2,8,3,2,2,12,5,1,4,0,1,3,0
30,2,3,8,1,5,9,7,0,5,0,0,1,1
45,2,13,2,2,1,7,23,3,1,0,1,2,0
60,2,11,17,2,1,6,22,1,10,0,1,2,0
71,2,4,11,2,2,2,13,3,1,0,0,3,0
30,3,11,17,1,1,6,19,2,8,0,0,2,1
55,3,3,8,1,5,1,12,3,2,0,0,2,0
65,3,14,12,1,1,6,23,3,11,0,1,1,0
70,3,16,4,2,3,4,22,6,2,1,1,2,0
30,1,14,12,1,1,5,2,0,3,0,1,1,1
34,1,8,3,2,2,12,5,2,3,0,1,1,0
47,1,6,18,2,3,4,21,1,12,0,0,3,0
20,2,16,4,1,1,5,16,6,2,1,0,1,0
30,2,2,5,1,2,12,7,3,4,0,0,1,1
31,2,4,11,2,1,5,17,3,1,0,0,3,0
69,2,7,20,2,3,4,12,4,9,0,0,1,0
70,2,7,20,2,5,11,3,4,11,0,1,3,0
26,3,2,5,1,1,7,19,1,2,0,0,2,0
30,3,2,5,2,5,11,1,1,10,0,1,2,1
52,3,3,8,2,1,5,8,1,12,0,0,2,0
73,3,1,19,2,4,10,20,4,12,0,0,3,0
27,1,18,13,2,2,3,1,5,1,1,1,3,0
28,1,15,1,2,2,2,20,5,9,1,0,2,0
30,1,17,6,1,3,8,14,6,2,1,0,1,1
38,1,20,9,1,3,8,3,2,12,0,1,1,0
46,1,6,18,1,2,3,13,5,1,1,0,2,0
48,1,16,4,1,1,5,10,5,6,1,0,1,0
52,1,19,7,1,2,12,17,6,1,1,0,2,0
54,1,20,9,1,2,12,15,5,9,1,0,2,0
57,1,7,20,2,2,2,3,5,6,1,1,1,0
63,1,3,8,2,2,12,6,0,2,0,0,3,0
66,1,14,12,2,3,8,7,2,12,0,0,1,0
24,2,13,2,1,2,12,20,0,7,0,0,1,1
25,2,13,2,1,5,9,9,0,6,0,0,3,0
26,2,12,14,1,3,8,4,0,1,0,1,2,0
30,2,4,11,2,5,1,19,6,4,1,0,1,1
36,2,7,20,1,1,7,14,6,7,1,0,3,0
43,2,15,1,1,4,10,7,5,3,1,0,1,0
47,2,9,10,1,5,9,5,1,9,0,1,1,0
60,2,13,2,1,5,9,16,3,8,0,0,1,0
21,3,13,2,1,2,2,8,6,2,1,0,2,0
30,3,13,2,1,3,4,20,2,2,0,0,3,1
31,3,13,2,1,2,3,19,4,7,0,0,1,0
57,3,17,6,2,3,8,10,0,2,0,0,2,0
59,3,19,7,2,1,7,14,5,2,1,0,1,1
63,3,1,19,1,2,2,13,2,9,0,0,1,0
70,3,16,4,1,4,10,14,2,8,0,0,3,0
19,1,14,12,2,3,4,9,3,10,0,0,1,0
30,1,12,14,1,5,9,22,5,2,1,1,2,1
54,1,5,16,1,2,3,19,5,5,1,0,2,0
60,1,7,20,2,2,12,3,2,6,0,1,1,0
67,1,12,14,2,2,2,21,6,2,1,0,1,0
24,2,3,8,1,2,2,13,1,6,0,0,3,0
26,2,10,15,2,2,2,7,1,11,0,0,1,0
30,2,3,8,1,3,8,22,5,9,1,1,1,1
34,2,13,2,1,5,11,21,1,12,0,0,1,0
36,2,11,17,2,1,6,5,4,9,0,1,1,0
54,2,4,11,1,1,5,2,4,2,0,1,3,0
56,2,20,9,2,1,6,9,6,1,1,0,1,0
74,2,15,1,1,1,7,22,2,7,0,1,1,0
25,3,12,14,1,2,3,4,5,9,1,1,1,0
30,3,16,4,2,1,7,19,1,11,0,0,2,1
35,3,4,11,1,2,2,22,1,10,0,1,2,1
54,3,19,7,1,5,9,22,0,8,0,1,2,0
21,1,3,8,1,4,10,23,3,5,0,1,2,0
30,1,8,3,2,4,10,6,6,5,1,0,3,1
33,1,13,2,1,5,11,21,6,12,1,0,2,0
35,1,9,10,1,3,4,12,4,1,0,0,2,0
39,1,15,1,2,2,3,5,0,7,0,1,1,0
46,1,17,6,2,5,11,0,5,3,1,1,2,0
50,1,8,3,1,3,4,15,0,6,0,0,1,0
58,1,12,14,1,5,1,10,3,2,0,0,2,0
59,1,10,15,1,5,9,8,0,8,0,0,1,0
63,1,9,10,2,2,3,2,6,4,1,1,1,0
25,2,16,4,2,5,9,21,2,9,0,0,2,0
30,2,20,9,1,5,9,0,4,2,0,1,3,1
35,2,14,12,1,2,3,22,6,8,1,1,3,0
57,2,18,13,1,2,12,20,3,3,0,0,2,0
19,3,4,11,1,5,11,21,4,12,0,0,2,0
22,3,2,5,1,1,6,22,0,1,0,1,2,0
23,3,2,5,2,2,2,19,4,7,0,0,3,0
30,3,14,12,2,5,1,3,4,12,0,1,3,1
34,3,10,15,1,5,11,11,6,6,1,0,1,0
42,3,14,12,1,2,12,3,1,4,0,1,1,0
44,3,5,16,2,5,1,7,0,10,0,0,3,0
47,3,11,17,2,3,8,16,0,4,0,0,3,0
60,3,11,17,2,3,8,8,3,3,0,0,2,0
30,1,9,10,2,3,8,15,0,11,0,0,1,1
45,1,10,15,1,1,6,0,0,12,0,1,3,1
46,1,12,14,2,5,11,13,1,6,0,0,1,0
70,1,7,20,1,2,3,7,1,7,0,0,1,0
28,2,13,2,1,3,4,14,2,6,0,0,1,0
30,2,9,10,2,2,2,19,4,2,0,0,1,0
37,2,1,19,2,2,3,15,5,5,1,0,1,0
43,2,16,4,2,5,1,20,5,2,1,0,1,0
46,2,6,18,2,2,12,22,3,5,0,1,2,0
53,2,2,5,1,1,7,0,0,1,0,1,2,0
71,2,3,8,1,1,7,15,3,12,0,0,1,0
19,3,18,13,2,5,1,4,4,8,0,1,2,0
28,3,10,15,2,4,10,2,0,11,0,1,3,0
30,3,15,1,1,3,8,15,3,7,0,0,1,1
35,3,14,12,1,4,10,6,6,7,1,0,1,0
44,3,6,18,1,1,5,10,3,4,0,0,1,0
47,3,12,14,1,1,7,11,6,1,1,0,1,0
56,3,16,4,1,1,6,20,5,10,1,0,2,0
74,3,7,20,1,5,1,0,0,4,0,1,1,0
22,1,16,4,1,1,5,23,2,3,0,1,1,0
27,1,19,7,2,2,3,21,5,9,1,0,1,0
30,1,8,3,2,1,6,4,1,10,0,1,1,1
73,1,12,14,2,3,4,19,4,2,0,0,1,0
21,2,2,5,1,2,2,3,1,1,0,1,3,0
30,2,18,13,1,4,10,0,1,2,0,1,1,1
31,2,3,8,1,5,1,18,2,3,0,0,2,0
32,2,13,2,1,1,5,9,2,9,0,0,2,0
35,2,16,4,2,5,1,20,3,7,0,0,1,0
36,2,5,16,1,5,1,23,2,1,0,1,1,0
53,2,8,3,2,2,12,23,1,12,0,1,2,0
60,2,12,14,2,4,10,7,0,5,0,0,3,0
62,2,3,8,1,5,1,4,5,10,1,1,3,0
67,2,9,10,1,1,7,20,0,8,0,0,1,0
26,3,1,19,1,2,3,13,6,1,1,0,1,0
30,3,8,3,2,4,10,12,4,4,0,0,2,1
54,3,7,20,1,3,4,22,0,1,0,1,1,0
69,3,13,2,2,2,2,18,4,3,0,0,2,0
26,1,7,20,1,2,2,19,4,4,0,0,2,0
30,1,11,17,2,1,7,9,2,5,0,0,2,1
33,1,13,2,2,4,10,12,0,7,0,0,3,0
36,1,12,14,1,3,4,23,4,1,0,1,3,0
40,1,1,19,2,5,1,11,3,2,0,0,1,0
48,1,11,17,1,1,7,20,5,4,1,0,2,0
58,1,3,8,2,5,1,19,4,12,0,0,2,0
70,1,2,5,1,5,11,6,3,10,0,0,1,0
24,2,4,11,1,1,7,9,2,4,0,0,3,0
28,2,5,16,2,2,2,15,1,3,0,0,1,0
30,2,17,6,1,5,9,1,0,3,0,1,3,1
32,2,14,12,1,4,10,12,6,7,1,0,2,0
47,2,11,17,2,5,9,15,5,6,1,0,1,0
49,2,11,17,2,1,7,20,3,12,0,0,3,0
53,2,13,2,1,2,2,23,5,1,1,1,2,0
30,3,2,5,1,1,7,22,6,11,1,1,3,1
39,3,6,18,2,2,12,1,6,9,1,1,3,0
56,3,19,7,2,2,3,2,0,5,0,1,2,0
57,3,14,12,1,2,2,4,4,9,0,1,2,0
66,3,20,9,1,3,4,7,2,11,0,0,1,1
74,3,14,12,1,1,7,17,6,5,1,0,1,0
28,1,17,6,2,2,3,11,2,8,0,0,1,0
30,1,1,19,1,2,12,21,3,10,0,0,2,1
40,1,18,13,1,5,1,18,1,12,0,0,1,0
43,1,4,11,1,3,4,2,2,3,0,1,2,0
46,1,13,2,2,4,10,2,4,1,0,1,1,0
54,1,8,3,1,3,8,22,4,3,0,1,2,0
69,1,8,3,1,3,4,21,1,9,0,0,1,0
22,2,12,14,2,3,4,22,4,12,0,1,3,0
25,2,15,1,2,3,8,14,6,8,1,0,3,0
28,2,11,17,2,2,3,5,0,10,0,1,1,0
30,2,15,1,1,3,8,18,3,5,0,0,1,1
33,2,1,19,2,5,1,8,2,10,0,0,2,0
69,2,13,2,2,1,7,20,5,12,1,0,1,0
75,2,9,10,1,5,9,17,0,9,0,0,3,0
30,3,16,4,2,1,6,22,5,4,1,1,2,1
66,3,9,10,1,4,10,1,1,7,0,1,2,0
74,3,8,3,2,2,2,4,2,7,0,1,1,0
30,1,11,17,2,2,12,9,6,5,1,0,2,1
37,1,14,12,1,5,11,9,2,7,0,0,2,0
52,1,16,4,1,1,5,12,2,4,0,0,2,0
72,1,3,8,1,1,5,2,6,5,1,1,1,0
74,1,7,20,2,5,11,15,0,2,0,0,1,0
75,1,10,15,2,2,2,21,3,6,0,0,1,0
30,2,2,5,1,3,4,5,2,4,0,1,2,1
43,2,12,14,2,4,10,17,6,9,1,0,1,0
58,2,2,5,2,1,6,0,2,6,0,1,1,0
67,2,2,5,2,3,4,16,1,7,0,0,3,0
70,2,12,14,1,3,8,19,3,1,0,0,1,0
74,2,1,19,1,2,12,23,2,3,0,1,1,0
21,3,17,6,1,2,12,13,1,11,0,0,1,0
26,3,20,9,2,3,4,6,6,3,1,0,2,0
30,3,18,13,2,1,7,0,1,1,0,1,2,1
36,3,2,5,2,1,6,18,6,7,1,0,3,0
39,3,9,10,2,4,10,12,5,9,1,0,1,0
42,3,4,11,2,1,7,4,3,10,0,1,2,0
47,3,5,16,2,4,10,6,2,3,0,0,1,0
68,3,10,15,2,1,5,6,6,11,1,0,2,0
69,3,9,10,1,1,6,2,0,6,0,1,1,0
29,1,2,5,1,5,11,14,5,8,1,0,2,0
30,1,4,11,1,3,8,15,0,2,0,0,2,1
32,1,12,14,2,1,6,14,2,10,0,0,3,0
36,1,9,10,2,2,3,20,3,5,0,0,3,0
41,1,15,1,2,3,8,5,5,1,1,1,2,0
46,1,13,2,2,2,12,11,4,8,0,0,2,0
51,1,20,9,1,3,8,12,6,6,1,0,2,0
53,1,4,11,1,1,7,23,0,1,0,1,2,1
62,1,1,19,1,1,5,6,1,4,0,0,1,0
63,1,17,6,2,5,9,17,0,6,0,0,2,1
26,2,18,13,1,2,3,17,5,4,1,0,1,0
28,2,18,13,2,1,7,18,3,8,0,0,2,0
30,2,9,10,2,4,10,11,5,2,1,0,2,1
32,2,18,13,1,3,8,5,0,1,0,1,2,0
38,2,16,4,2,1,5,9,0,12,0,0,2,0
29,3,10,15,2,5,1,12,5,1,1,0,1,0
30,3,8,3,2,1,5,18,4,3,0,0,3,1
31,3,13,2,1,1,5,0,5,1,1,1,1,0
32,3,12,14,1,4,10,17,1,1,0,0,2,0
33,3,15,1,1,5,11,20,2,2,0,0,1,0
37,3,8,3,1,1,5,4,6,8,1,1,2,0
51,3,11,17,1,5,9,10,2,1,0,0,1,0
53,3,14,12,2,1,7,18,1,9,0,0,1,0
57,3,19,7,2,3,4,16,1,5,0,0,1,0
60,3,6,18,2,5,1,9,4,10,0,0,3,0
65,3,19,7,1,5,9,19,6,10,1,0,1,0
30,1,11,17,2,5,11,15,5,1,1,0,1,1
39,1,14,12,2,5,1,9,3,8,0,0,1,0
42,1,16,4,1,2,3,11,0,4,0,0,2,0
60,1,12,14,1,2,2,11,1,4,0,0,2,0
66,1,5,16,1,4,10,15,2,12,0,0,1,0
73,1,7,20,1,1,6,3,1,1,0,1,3,0
30,2,19,7,1,2,12,17,6,1,1,0,2,1
36,2,8,3,1,3,4,12,4,3,0,0,1,0
53,2,18,13,1,2,2,0,3,10,0,1,1,0
55,2,7,20,2,3,4,12,4,8,0,0,2,0
60,2,4,11,1,2,2,18,5,12,1,0,2,0
61,2,2,5,1,1,5,12,1,2,0,0,1,0
65,2,9,10,2,1,6,13,5,4,1,0,2,0
21,3,8,3,2,5,11,18,1,11,0,0,3,0
30,3,5,16,1,5,11,15,3,6,0,0,2,1
41,3,8,3,2,4,10,16,3,5,0,0,2,0
42,3,12,14,2,2,2,9,3,10,0,0,2,0
49,3,2,5,1,5,11,21,6,2,1,0,1,0
60,3,12,14,2,5,1,4,1,7,0,1,1,1
72,3,8,3,2,1,7,1,1,3,0,1,1,0
21,1,20,9,1,5,11,11,4,11,0,0,3,0
24,1,1,19,1,2,12,19,6,3,1,0,1,0
30,1,17,6,2,3,8,2,2,8,0,1,3,1
35,1,11,17,1,5,11,22,3,5,0,1,3,0
45,1,12,14,2,5,1,7,2,11,0,0,2,0
49,1,18,13,2,5,9,15,6,12,1,0,3,0
72,1,10,15,1,2,12,22,4,4,0,1,1,0
27,2,19,7,1,2,3,11,1,5,0,0,1,0
30,2,3,8,2,3,4,9,3,9,0,0,2,1
32,2,17,6,1,1,5,21,5,6,1,0,3,0
39,2,11,17,1,5,11,15,4,8,0,0,2,0
58,2,2,5,2,1,6,18,3,5,0,0,1,1
66,2,6,18,1,2,12,15,3,1,0,0,1,0
72,2,15,1,2,2,2,8,5,11,1,0,3,0
18,3,18,13,1,1,5,10,1,5,0,0,3,0
30,3,15,1,2,5,11,14,5,12,1,0,1,1
38,3,12,14,2,3,4,10,2,11,0,0,3,1
48,3,3,8,2,1,7,20,1,11,0,0,1,0
68,3,11,17,2,1,7,7,2,12,0,0,3,0
18,1,7,20,2,3,4,9,4,3,0,0,2,0
19,1,9,10,1,1,7,21,4,3,0,0,2,0
26,1,6,18,2,4,10,1,1,3,0,1,2,0
30,1,12,14,1,5,9,8,2,2,0,0,2,1
43,1,9,10,2,4,10,18,6,5,1,0,1,0
58,1,16,4,1,1,7,23,6,2,1,1,1,0
22,2,17,6,1,2,3,13,5,6,1,0,1,0
30,2,14,12,1,3,8,15,0,2,0,0,2,1
35,2,7,20,1,1,6,20,2,2,0,0,2,0
36,2,14,12,2,2,2,2,3,11,0,1,3,0
44,2,14,12,2,5,11,15,0,4,0,0,3,0
65,2,10,15,1,5,11,6,4,6,0,0,1,0
72,2,1,19,2,2,3,5,3,6,0,1,3,0
25,3,14,12,2,2,2,1,2,5,0,1,2,0
30,3,17,6,1,4,10,7,1,3,0,0,2,1
31,3,12,14,1,2,3,9,4,1,0,0,2,0
33,3,13,2,1,2,3,5,4,1,0,1,1,0
72,3,2,5,1,5,11,23,3,10,0,1,2,0
30,1,17,6,2,2,3,23,6,1,1,1,3,1
34,1,2,5,2,2,2,19,4,8,0,0,2,0
36,1,8,3,1,1,5,3,6,10,1,1,1,0
65,1,2,5,2,5,11,15,3,6,0,0,1,0
71,1,10,15,1,2,12,18,6,1,1,0,1,0
19,2,20,9,2,1,7,22,5,6,1,1,3,0
26,2,2,5,2,2,3,2,6,8,1,1,1,0
30,2,17,6,2,5,11,20,0,7,0,0,3,1
31,2,5,16,1,1,7,7,3,12,0,0,2,0
36,2,5,16,1,2,3,19,5,5,1,0,2,0
47,2,10,15,2,2,2,20,4,3,0,0,1,0
59,2,8,3,1,2,2,9,1,9,0,0,3,0
72,2,14,12,1,1,7,6,5,9,1,0,2,0
74,2,6,18,1,5,11,10,4,9,0,0,2,0
24,3,19,7,2,3,8,3,6,5,1,1,2,0
29,3,10,15,2,5,9,2,2,4,0,1,1,0
30,3,2,5,2,2,12,18,4,1,0,0,1,1
39,3,17,6,1,5,9,3,4,8,0,1,2,0
41,3,13,2,2,1,7,2,6,9,1,1,3,0
47,3,10,15,1,2,3,23,1,11,0,1,2,0
23,1,8,3,1,1,5,8,6,4,1,0,3,0
30,1,11,17,1,2,2,11,5,3,1,0,3,1
40,1,14,12,1,1,7,20,3,11,0,0,1,0
56,1,15,1,1,1,7,5,1,4,0,1,1,0
23,2,16,4,2,2,2,22,2,1,0,1,3,0
30,2,4,11,1,2,12,1,3,8,0,1,1,1
33,2,14,12,1,4,10,20,1,11,0,0,3,0
51,2,9,10,2,5,9,6,5,4,1,0,3,0
58,2,13,2,1,1,6,0,4,7,0,1,3,0
64,2,2,5,2,3,8,4,5,10,1,1,2,0
30,3,5,16,1,1,7,14,0,5,0,0,1,1
38,3,8,3,1,1,6,15,4,9,0,0,1,0
43,3,19,7,1,3,8,2,5,12,1,1,2,0
65,3,7,20,2,2,12,14,1,5,0,0,2,0
20,1,16,4,2,1,7,22,5,11,1,1,3,0
21,1,12,14,2,1,7,10,0,8,0,0,1,0
28,1,17,6,1,3,4,17,5,12,1,0,1,0
30,1,17,6,2,2,3,12,5,8,1,0,3,1
39,1,1,19,2,1,5,17,0,5,0,0,1,0
41,1,17,6,2,5,9,10,2,7,0,0,1,0
49,1,20,9,2,5,1,17,4,9,0,0,3,0
64,1,20,9,2,5,1,10,5,4,1,0,3,0
65,1,18,13,2,3,8,8,6,1,1,0,2,0
30,2,8,3,1,3,4,16,0,12,0,0,1,1
34,2,10,15,1,3,4,8,1,3,0,0,1,0
48,2,11,17,1,2,12,20,2,2,0,0,2,0
53,2,9,10,2,3,8,13,5,4,1,0,3,0
75,2,15,1,1,1,6,22,2,3,0,1,2,1
24,3,11,17,2,4,10,11,2,7,0,0,3,0
30,3,15,1,1,5,1,2,4,2,0,1,2,1
39,3,2,5,1,3,8,12,2,7,0,0,2,0
74,3,3,8,1,4,10,10,2,10,0,0,2,0
23,1,9,10,1,3,8,8,4,8,0,0,1,0
30,1,4,11,2,5,11,22,5,7,1,1,3,1
40,1,14,12,1,1,5,3,3,6,0,1,1,0
48,1,14,12,2,1,7,6,5,10,1,0,2,0
73,1,18,13,1,2,3,19,2,8,0,0,1,0
18,2,9,10,2,1,7,14,6,9,1,0,3,0
25,2,9,10,2,2,2,22,1,6,0,1,1,0
30,2,11,17,2,2,12,9,6,10,1,0,1,1
34,2,10,15,2,2,2,18,1,10,0,0,2,0
45,2,12,14,2,3,4,21,2,9,0,0,2,0
62,2,5,16,2,3,8,12,1,9,0,0,3,0
64,2,18,13,1,4,10,17,5,7,1,0,1,0
30,3,8,3,2,4,10,6,6,5,1,0,3,1
39,3,9,10,1,2,2,18,5,1,1,0,2,0
42,3,2,5,1,5,9,14,5,11,1,0,3,0
73,3,11,17,2,3,8,22,3,1,0,1,1,0
75,3,12,14,2,2,2,3,4,4,0,1,2,0
22,1,17,6,1,3,4,12,3,3,0,0,1,0
27,1,7,20,2,2,3,1,5,2,1,1,1,0
28,1,15,1,1,5,9,13,0,2,0,0,2,0
30,1,18,13,2,2,12,0,0,6,0,1,2,1
45,1,16,4,1,2,2,8,2,9,0,0,1,0
49,1,20,9,2,5,9,2,5,10,1,1,1,0
59,1,3,8,2,4,10,22,2,9,0,1,1,0
71,1,9,10,2,5,1,20,2,10,0,0,3,0
28,2,6,18,1,3,4,2,0,1,0,1,2,0
30,2,10,15,1,1,6,8,6,9,1,0,3,1
34,2,3,8,1,2,12,5,2,10,0,1,1,0
56,2,14,12,1,3,4,4,0,9,0,1,2,0
73,2,9,10,1,1,7,15,5,12,1,0,1,0
18,3,15,1,2,5,9,1,0,5,0,1,3,0
26,3,17,6,2,2,3,18,1,7,0,0,1,0
30,3,17,6,1,5,9,9,5,7,1,0,3,1
38,3,15,1,2,2,12,6,2,7,0,0,2,1
39,3,4,11,2,1,7,10,3,7,0,0,2,0
48,3,10,15,1,3,8,16,1,4,0,0,2,0
53,3,8,3,1,1,7,16,2,2,0,0,1,0
56,3,6,18,2,5,1,7,2,1,0,0,1,0
18,1,15,1,1,3,4,13,4,2,0,0,3,0
26,1,9,10,1,1,6,0,5,7,1,1,2,0
27,1,12,14,2,3,4,23,6,4,1,1,3,0
30,1,5,16,1,2,3,11,5,4,1,0,1,1
36,1,1,19,2,5,1,11,5,11,1,0,3,0
43,1,16,4,2,1,7,7,5,8,1,0,1,0
66,1,12,14,2,2,3,3,4,5,0,1,3,0
74,1,6,18,1,1,7,8,1,6,0,0,2,0
30,2,7,20,2,1,6,11,5,2,1,0,1,1
31,2,6,18,2,5,11,19,6,2,1,0,2,0
50,2,17,6,1,3,8,7,6,2,1,0,2,0
61,2,17,6,1,4,10,8,1,7,0,0,1,0
64,2,10,15,1,2,3,17,0,2,0,0,1,1
30,3,8,3,2,1,7,20,4,3,0,0,2,1
34,3,11,17,2,2,2,6,4,3,0,0,1,0
35,3,4,11,1,2,12,14,0,3,0,0,1,0
60,3,11,17,2,2,2,8,2,8,0,0,2,0
64,3,16,4,1,1,5,1,2,3,0,1,3,0
72,3,8,3,1,2,3,3,4,8,0,1,1,0
75,3,5,16,2,5,1,17,6,6,1,0,2,0
21,1,14,12,1,1,6,9,2,8,0,0,1,0
30,1,15,1,1,2,12,16,4,2,0,0,1,1
31,1,7,20,2,3,4,22,6,4,1,1,1,0
45,1,18,13,1,5,1,15,6,1,1,0,2,0
72,1,14,12,2,3,4,2,6,1,1,1,1,0
74,1,12,14,1,3,4,5,3,2,0,1,1,0
18,2,18,13,1,1,6,7,4,8,0,0,2,0
27,2,13,2,1,1,7,13,5,10,1,0,1,0
29,2,2,5,2,5,1,22,5,2,1,1,1,0
30,2,11,17,1,4,10,0,6,2,1,1,2,1
41,2,4,11,1,2,12,7,4,2,0,0,3,0
43,2,16,4,1,5,1,20,4,10,0,0,1,0
47,2,16,4,1,2,3,10,6,12,1,0,1,0
56,2,7,20,2,2,2,15,3,2,0,0,1,0
68,2,16,4,1,5,1,9,0,7,0,0,1,0
70,2,7,20,2,5,9,5,5,6,1,1,3,1
30,3,20,9,2,5,9,14,3,3,0,0,3,1
35,3,17,6,2,5,9,11,6,8,1,0,3,0
44,3,11,17,2,3,4,19,2,7,0,0,1,0
45,3,20,9,2,3,4,12,3,2,0,0,2,0
48,3,1,19,1,5,9,9,2,3,0,0,2,0
58,3,6,18,2,1,7,7,6,5,1,0,1,0
67,3,11,17,2,5,11,14,0,1,0,0,1,0
70,3,8,3,1,2,12,15,3,10,0,0,2,0
30,1,3,8,1,4,10,10,2,10,0,0,2,1
44,1,19,7,1,5,11,13,6,1,1,0,2,1
67,1,8,3,1,3,4,17,1,12,0,0,3,0
68,1,4,11,1,2,3,13,1,7,0,0,2,0
26,2,13,2,2,5,1,23,2,4,0,1,2,0
30,2,13,2,1,3,8,13,0,5,0,0,1,1
34,2,13,2,1,1,6,17,1,4,0,0,2,0
38,2,2,5,1,1,6,5,4,1,0,1,2,0
60,2,16,4,1,1,5,11,3,8,0,0,3,0
68,2,8,3,1,3,8,15,0,9,0,0,1,0
26,3,10,15,1,2,3,17,4,12,0,0,2,0
27,3,12,14,2,3,4,15,2,9,0,0,2,0
28,3,20,9,2,1,7,18,5,12,1,0,1,0
30,3,9,10,1,5,1,16,3,6,0,0,1,1
33,3,15,1,1,2,2,5,3,6,0,1,1,0
37,3,10,15,2,3,8,20,3,8,0,0,1,0
39,3,16,4,2,4,10,2,3,4,0,1,2,0
52,3,8,3,2,1,6,9,5,5,1,0,1,0
57,3,12,14,1,5,9,17,0,8,0,0,2,0
30,1,19,7,2,1,5,23,2,3,0,1,2,1
31,1,16,4,2,3,4,11,4,10,0,0,3,1
32,1,4,11,2,1,5,10,1,1,0,0,2,0
33,1,5,16,1,3,8,1,5,3,1,1,2,0
39,1,19,7,2,1,5,6,5,12,1,0,3,0
41,1,4,11,2,2,3,16,1,10,0,0,1,0
64,1,7,20,2,2,3,8,3,5,0,0,3,0
67,1,6,18,2,1,5,6,2,2,0,0,1,0
69,1,10,15,2,5,1,4,5,1,1,1,2,0
21,2,15,1,2,1,7,4,5,2,1,1,3,0
30,2,5,16,2,3,4,12,0,9,0,0,3,1
39,2,10,15,2,3,8,22,1,4,0,1,2,0
45,2,19,7,1,1,5,19,6,5,1,0,2,0
57,2,7,20,2,3,4,0,0,10,0,1,2,0
59,2,18,13,1,3,8,7,3,4,0,0,2,0
61,2,4,11,2,4,10,19,0,4,0,0,1,0
62,2,7,20,1,4,10,18,1,11,0,0,1,0
65,2,8,3,1,2,12,0,5,8,1,1,1,0
28,3,18,13,1,2,2,4,3,10,0,1,2,0
30,3,11,17,1,2,12,16,4,12,0,0,2,1
61,3,7,20,1,5,11,11,0,10,0,0,1,0
62,3,16,4,1,1,5,7,0,8,0,0,2,0
68,3,20,9,2,5,9,13,1,1,0,0,3,0
74,3,5,16,1,4,10,13,3,11,0,0,1,0
75,3,14,12,2,5,11,8,4,3,0,0,2,0
25,1,19,7,1,5,9,16,0,6,0,0,2,0
30,1,12,14,2,1,6,1,5,3,1,1,1,1
33,1,5,16,2,3,4,9,3,4,0,0,1,0
35,1,11,17,2,2,3,1,0,10,0,1,2,1
38,1,12,14,1,5,11,16,2,1,0,0,3,0
59,1,15,1,1,2,3,13,5,7,1,0,3,0
61,1,4,11,1,5,11,22,6,7,1,1,2,0
29,2,16,4,1,2,3,5,1,6,0,1,1,0
30,2,20,9,2,2,3,7,6,2,1,0,2,1
52,2,14,12,1,5,9,11,4,7,0,0,2,0
57,2,5,16,2,5,1,0,6,9,1,1,2,0
62,2,2,5,2,5,11,14,2,6,0,0,1,0
65,2,17,6,1,5,1,7,6,1,1,0,2,0
69,2,14,12,1,5,11,6,1,11,0,0,2,0
30,3,16,4,2,1,7,23,6,4,1,1,1,1
31,3,8,3,2,5,1,5,5,8,1,1,1,0
48,3,15,1,1,2,3,20,5,2,1,0,2,0
65,3,14,12,1,2,2,9,3,7,0,0,3,0
68,3,15,1,2,1,7,16,4,3,0,0,1,0
71,3,12,14,2,2,3,19,1,10,0,0,2,0
72,3,6,18,2,5,11,17,1,1,0,0,2,0
30,1,12,14,1,1,7,17,3,5,0,0,2,1
46,1,14,12,1,1,7,13,6,2,1,0,2,0
61,1,4,11,2,1,6,17,6,7,1,0,1,0
63,1,20,9,1,5,1,3,6,12,1,1,1,0
74,1,16,4,1,5,11,0,4,2,0,1,2,1
30,2,8,3,1,4,10,5,0,6,0,1,3,1
34,2,8,3,2,1,5,22,5,10,1,1,1,0
37,2,20,9,1,1,7,13,2,3,0,0,3,1
54,2,3,8,2,2,12,7,2,9,0,0,3,0
57,2,12,14,1,3,8,22,6,1,1,1,3,0
70,2,1,19,1,5,9,15,0,3,0,0,1,1
71,2,14,12,2,1,6,18,5,7,1,0,1,0
23,3,7,20,2,2,3,6,2,6,0,0,2,0
24,3,6,18,2,4,10,4,2,3,0,1,2,0
30,3,2,5,2,4,10,9,1,6,0,0,1,1
40,3,18,13,2,3,4,12,5,12,1,0,2,0
53,3,2,5,2,1,7,10,0,3,0,0,2,0
60,3,2,5,2,3,8,9,3,2,0,0,1,0
64,3,14,12,2,5,1,7,0,7,0,0,2,0
70,3,5,16,2,5,1,2,4,7,0,1,2,0
72,3,10,15,2,5,11,16,4,6,0,0,2,0
30,1,16,4,1,2,12,8,5,5,1,0,3,1
39,1,18,13,1,2,12,0,4,9,0,1,1,0
51,1,18,13,1,2,3,22,5,6,1,1,1,0
61,1,20,9,2,3,8,14,1,4,0,0,2,0
71,1,1,19,2,5,9,19,4,12,0,0,1,0
73,1,6,18,2,1,7,15,1,9,0,0,1,0
30,2,11,17,2,1,6,21,6,3,1,0,2,1
45,2,14,12,1,5,9,0,4,6,0,1,3,0
49,2,16,4,1,3,4,8,3,12,0,0,2,0
55,2,11,17,2,1,5,12,2,8,0,0,3,0
61,2,12,14,1,5,1,2,4,5,0,1,2,0
66,2,14,12,2,2,2,8,2,10,0,0,2,0
75,2,19,7,2,5,1,13,5,5,1,0,2,0
22,3,1,19,2,5,9,18,4,10,0,0,3,0
30,3,6,18,1,3,8,13,0,4,0,0,1,1
31,3,12,14,1,2,12,3,3,2,0,1,3,0
40,3,15,1,1,2,2,1,6,5,1,1,2,1
43,3,11,17,2,5,11,18,6,9,1,0,1,0
46,3,13,2,1,5,1,23,2,2,0,1,2,0
49,3,13,2,2,2,2,20,5,6,1,0,1,0
58,3,10,15,2,1,7,17,0,6,0,0,2,0
59,3,9,10,1,3,4,2,5,2,1,1,3,0
18,1,1,19,2,5,1,0,0,7,0,1,2,0
24,1,17,6,1,4,10,19,1,4,0,0,3,0
30,1,2,5,2,5,1,14,3,4,0,0,2,1
42,1,10,15,2,3,8,3,5,7,1,1,3,0
49,1,3,8,2,2,3,4,0,10,0,1,3,0
54,1,4,11,2,5,9,14,1,6,0,0,2,0
65,1,4,11,2,2,2,22,3,8,0,1,2,0
74,1,2,5,2,3,8,22,6,10,1,1,3,0
30,2,17,6,2,3,4,7,3,3,0,0,1,1
44,2,11,17,1,2,2,3,2,8,0,1,2,0
26,3,7,20,2,1,6,13,4,8,0,0,1,0
27,3,15,1,1,1,6,16,1,4,0,0,2,0
30,3,8,3,2,5,11,7,3,1,0,0,3,1
37,3,8,3,2,3,4,7,6,9,1,0,3,0
43,3,4,11,1,2,2,4,0,2,0,1,2,0
46,3,17,6,1,1,6,5,6,8,1,1,2,0
60,3,5,16,2,5,9,6,0,11,0,0,1,0
64,3,11,17,2,2,2,6,5,8,1,0,1,0
30,1,12,14,2,2,12,18,4,4,0,0,2,1
37,1,4,11,1,1,6,1,6,4,1,1,1,0
44,1,10,15,1,1,5,1,1,3,0,1,2,0
62,1,18,13,1,5,11,0,3,2,0,1,1,0
25,2,14,12,1,3,8,7,6,1,1,0,1,0
30,2,9,10,1,1,5,6,0,5,0,0,1,1
32,2,4,11,1,2,12,23,5,6,1,1,3,0
35,2,16,4,1,3,4,14,3,1,0,0,3,1
38,2,1,19,1,1,5,7,3,10,0,0,2,0
41,2,20,9,2,5,1,8,6,2,1,0,1,1
52,2,18,13,1,4,10,6,4,7,0,0,2,0
63,2,12,14,2,1,7,3,2,4,0,1,3,0
27,3,5,16,1,1,7,10,5,8,1,0,1,0
30,3,20,9,2,2,12,2,6,11,1,1,3,1
47,3,10,15,2,5,1,13,5,8,1,0,1,0
49,3,1,19,1,5,9,0,5,10,1,1,1,0
61,3,12,14,2,3,4,9,5,9,1,0,2,0
71,3,1,19,2,5,11,2,3,3,0,1,2,0
75,3,16,4,2,2,3,12,5,12,1,0,3,0
27,1,5,16,2,4,10,4,3,6,0,1,2,0
30,1,8,3,2,3,8,7,3,9,0,0,2,1
33,1,8,3,1,2,3,13,4,2,0,0,1,0
40,1,6,18,1,5,1,10,3,6,0,0,1,1
47,1,12,14,1,4,10,16,1,8,0,0,2,0
59,1,1,19,2,2,3,8,2,10,0,0,1,0
18,2,1,19,2,1,6,1,0,8,0,1,1,0
29,2,8,3,2,4,10,4,1,12,0,1,2,0
30,2,17,6,1,3,4,3,6,11,1,1,3,1
49,2,13,2,1,2,2,14,4,3,0,0,1,0
64,2,12,14,1,2,12,3,2,5,0,1,1,0
26,3,15,1,1,3,4,0,3,10,0,1,1,0
30,3,13,2,1,1,5,13,0,12,0,0,3,1
43,3,6,18,2,3,4,13,0,8,0,0,3,0
44,3,19,7,2,4,10,8,5,2,1,0,2,0
51,3,1,19,2,1,6,18,4,4,0,0,1,0
54,3,5,16,2,1,6,5,1,7,0,1,3,0
60,3,18,13,2,5,9,20,5,4,1,0,1,0
64,3,11,17,1,4,10,4,6,1,1,1,2,0
66,3,11,17,2,3,4,0,0,6,0,1,2,0
27,1,8,3,1,4,10,8,1,12,0,0,2,0
30,1,6,18,2,4,10,22,1,11,0,1,2,1
21,2,3,8,1,5,11,21,2,6,0,0,1,0
30,2,1,19,1,3,4,16,3,12,0,0,1,1
31,2,11,17,1,4,10,8,4,12,0,0,1,1
37,2,2,5,2,2,12,15,1,5,0,0,2,0
42,2,15,1,1,1,5,16,0,9,0,0,2,0
44,2,4,11,1,1,6,23,0,5,0,1,3,1
55,2,14,12,2,2,12,23,3,7,0,1,3,0
73,2,18,13,2,5,9,12,6,9,1,0,1,0
20,3,18,13,2,2,2,12,4,4,0,0,1,0
30,3,12,14,1,2,3,9,4,1,0,0,2,1
32,3,9,10,1,1,6,20,0,11,0,0,1,0
54,3,19,7,2,4,10,7,6,9,1,0,1,0
62,3,13,2,1,1,6,16,0,6,0,0,1,0
30,1,11,17,1,4,10,4,6,1,1,1,2,1
39,1,7,20,1,2,2,9,3,9,0,0,1,0
46,1,5,16,1,5,11,7,0,11,0,0,1,0
54,1,10,15,2,3,8,4,1,9,0,1,3,0
75,1,11,17,1,3,4,9,6,12,1,0,1,0
24,2,20,9,2,5,11,5,0,10,0,1,3,0
29,2,4,11,1,3,8,5,1,8,0,1,1,0
30,2,4,11,1,5,1,9,4,2,0,0,1,1
33,2,14,12,1,1,7,5,3,7,0,1,1,0
46,2,9,10,1,1,5,14,4,5,0,0,1,0
65,2,7,20,2,5,11,13,1,8,0,0,3,0
75,2,16,4,2,3,8,0,5,11,1,1,1,0
30,3,17,6,2,3,4,5,2,6,0,1,1,1
33,3,5,16,1,2,3,3,4,12,0,1,1,0
42,3,8,3,2,1,6,20,0,6,0,0,1,0
55,3,2,5,1,3,8,8,3,9,0,0,2,0
29,1,15,1,2,2,12,21,5,9,1,0,3,1
30,1,20,9,1,1,7,12,6,2,1,0,1,1
31,1,4,11,2,1,6,6,0,10,0,0,1,0
34,1,5,16,2,4,10,3,3,12,0,1,1,0
41,1,3,8,2,2,3,4,0,10,0,1,3,0
50,1,7,20,2,5,11,1,0,10,0,1,1,0
24,2,5,16,2,3,4,21,5,9,1,0,2,0
30,2,4,11,2,5,11,15,4,4,0,0,2,1
31,2,4,11,1,2,3,4,2,9,0,1,2,0
34,2,15,1,2,1,7,17,3,12,0,0,1,0
56,2,7,20,1,5,1,8,3,2,0,0,2,0
61,2,2,5,2,2,3,3,6,2,1,1,1,0
74,2,3,8,2,3,8,23,5,8,1,1,3,0
30,3,19,7,1,1,7,21,4,3,0,0,1,1
32,3,18,13,2,1,5,3,3,5,0,1,3,1
65,3,20,9,1,3,4,2,1,11,0,1,1,0
71,3,1,19,2,4,10,0,5,8,1,1,1,0
20,1,18,13,1,3,4,23,4,6,0,1,1,0
21,1,6,18,2,3,4,2,0,11,0,1,2,0
26,1,16,4,2,2,12,8,5,3,1,0,2,1
30,1,8,3,2,1,6,7,6,1,1,0,3,1
35,1,9,10,1,2,3,20,6,12,1,0,2,0
43,1,3,8,2,5,9,22,3,3,0,1,1,0
49,1,15,1,2,3,4,19,2,5,0,0,2,0
56,1,14,12,1,5,1,10,1,8,0,0,1,0
59,1,19,7,1,3,8,5,6,2,1,1,1,0
71,1,19,7,1,5,9,5,2,10,0,1,2,0
30,2,4,11,2,2,3,9,3,1,0,0,1,1
31,2,5,16,1,5,1,15,5,5,1,0,2,0
44,2,19,7,1,2,3,21,5,12,1,0,3,0
46,2,4,11,1,2,2,7,5,8,1,0,1,0
55,2,1,19,1,5,1,8,2,5,0,0,1,0
57,2,7,20,2,1,7,2,6,11,1,1,1,0
62,2,19,7,1,3,4,12,1,6,0,0,2,0
74,2,3,8,2,1,5,12,0,3,0,0,2,0
25,3,10,15,1,3,4,7,2,9,0,0,1,0
30,3,18,13,1,5,9,3,6,10,1,1,1,0
58,3,9,10,1,5,1,5,5,9,1,1,1,0
30,1,3,8,1,1,6,20,5,3,1,0,2,1
31,1,2,5,1,4,10,22,4,8,0,1,2,0
35,1,9,10,1,1,7,1,5,1,1,1,1,0
49,1,3,8,2,1,6,16,1,10,0,0,1,0
50,1,12,14,1,1,5,10,0,2,0,0,1,0
67,1,4,11,1,3,4,7,0,4,0,0,2,0
68,1,10,15,2,1,5,21,3,10,0,0,2,0
69,1,17,6,2,5,9,18,0,9,0,0,2,0
25,2,19,7,2,5,9,18,6,10,1,0,1,0
27,2,18,13,2,5,1,10,3,5,0,0,1,0
30,2,16,4,2,2,2,0,0,3,0,1,2,1
31,2,10,15,2,5,11,20,1,1,0,0,1,0
32,2,4,11,2,3,4,21,6,8,1,0,1,0
44,2,1,19,1,5,9,21,5,7,1,0,1,0
64,2,11,17,2,5,11,1,3,3,0,1,2,0
30,3,17,6,1,1,7,18,0,1,0,0,2,1
49,3,11,17,2,1,5,6,6,10,1,0,1,1
26,1,11,17,2,5,11,12,6,10,1,0,1,0
29,1,14,12,1,1,5,15,4,2,0,0,1,0
30,1,19,7,1,2,3,13,4,1,0,0,1,1
31,1,2,5,2,5,9,5,2,12,0,1,3,0
35,1,9,10,2,4,10,8,1,6,0,0,3,0
40,1,8,3,2,5,9,20,6,5,1,0,1,0
48,1,14,12,2,5,1,12,6,2,1,0,1,0
58,1,11,17,1,2,3,2,1,11,0,1,2,0
27,2,12,14,2,2,12,4,5,3,1,1,1,0
30,2,11,17,2,5,11,14,3,6,0,0,2,1
33,2,5,16,2,3,8,19,1,12,0,0,3,0
47,2,9,10,1,5,11,22,3,11,0,1,1,0
59,2,6,18,2,3,4,23,4,3,0,1,2,0
62,2,16,4,1,4,10,15,1,8,0,0,3,0
69,2,2,5,1,5,1,6,0,2,0,0,1,0
30,3,17,6,1,5,11,12,5,5,1,0,2,1
44,3,1,19,2,1,5,11,5,7,1,0,2,0
48,3,9,10,2,1,6,13,1,5,0,0,1,0
65,3,11,17,2,2,3,11,2,8,0,0,2,0
74,3,20,9,2,4,10,8,1,11,0,0,3,0
30,1,4,11,1,1,7,10,3,3,0,0,1,1
36,1,1,19,2,1,6,17,5,5,1,0,1,0
39,1,17,6,1,3,8,18,4,8,0,0,1,0
50,1,3,8,1,5,9,14,2,10,0,0,1,0
51,1,1,19,1,2,12,17,5,7,1,0,1,0
55,1,15,1,1,1,6,9,6,7,1,0,1,0
63,1,12,14,1,1,7,12,1,3,0,0,1,1
67,1,7,20,2,5,9,23,5,1,1,1,1,0
70,1,17,6,2,1,6,1,2,11,0,1,2,0
71,1,13,2,1,3,8,9,3,10,0,0,1,0
73,1,20,9,2,1,5,0,2,3,0,1,2,0
20,2,1,19,1,1,6,4,2,6,0,1,1,0
30,2,5,16,2,4,10,17,2,5,0,0,2,1
33,2,7,20,1,4,10,10,4,8,0,0,3,1
38,2,18,13,2,5,11,23,3,9,0,1,1,0
52,2,9,10,1,1,7,6,5,3,1,0,1,0
62,2,20,9,2,2,3,7,3,2,0,0,1,0
69,2,9,10,2,1,7,15,6,3,1,0,1,0
30,3,2,5,2,5,11,11,3,10,0,0,2,1
41,3,20,9,1,5,1,9,5,8,1,0,2,0
44,3,14,12,1,1,6,23,0,7,0,1,3,0
52,3,19,7,2,3,4,7,1,7,0,0,2,0
55,3,20,9,1,4,10,5,6,12,1,1,2,0
71,3,3,8,1,2,2,3,3,10,0,1,2,0
73,3,5,16,2,1,5,16,5,8,1,0,1,0
18,1,8,3,1,1,7,17,6,9,1,0,1,0
19,1,7,20,2,5,11,13,4,12,0,0,1,1
23,1,17,6,1,5,9,16,5,5,1,0,2,0
30,1,6,18,1,5,11,8,2,12,0,0,1,1
39,1,9,10,1,3,4,10,2,10,0,0,3,0
50,1,10,15,1,5,9,14,0,1,0,0,3,0
24,2,1,19,1,2,12,22,1,6,0,1,1,0
30,2,20,9,2,1,7,7,0,10,0,0,3,1
36,2,16,4,2,1,6,15,3,9,0,0,1,0
66,2,9,10,1,2,12,9,6,10,1,0,1,0
25,3,12,14,1,4,10,8,3,7,0,0,3,0
30,3,18,13,1,2,2,7,6,3,1,0,2,1
35,3,11,17,2,2,3,1,3,2,0,1,2,0
37,3,13,2,1,1,6,21,2,5,0,0,1,0
41,3,11,17,2,5,1,5,0,11,0,1,2,0
47,3,17,6,1,5,1,9,0,1,0,0,1,0
62,3,7,20,1,1,7,3,5,1,1,1,1,0
68,3,13,2,2,5,11,11,2,12,0,0,1,0
74,3,8,3,2,1,6,19,6,10,1,0,1,0
27,1,17,6,2,2,2,22,0,6,0,1,1,0
30,1,8,3,2,4,10,4,1,12,0,1,2,1
44,1,19,7,2,5,9,3,2,10,0,1,3,0
46,1,11,17,2,1,6,22,1,10,0,1,2,0
51,1,19,7,1,2,12,13,4,7,0,0,1,0
61,1,19,7,2,2,2,6,2,6,0,0,2,0
71,1,18,13,2,2,12,0,3,5,0,1,2,0
30,2,15,1,1,4,10,1,2,1,0,1,3,1
19,3,13,2,1,1,7,19,5,10,1,0,3,0
21,3,16,4,2,1,6,3,5,3,1,1,1,0
30,3,14,12,2,1,5,17,0,3,0,0,2,1
44,3,13,2,2,4,10,8,2,4,0,0,2,0
47,3,14,12,1,1,6,2,3,4,0,1,2,0
53,3,2,5,2,2,12,19,4,3,0,0,1,0
61,3,14,12,2,5,11,19,6,4,1,0,1,0
21,1,16,4,2,2,3,7,4,9,0,0,1,0
30,1,1,19,2,1,7,15,5,1,1,0,2,1
70,1,6,18,2,3,4,19,5,7,1,0,1,0
75,1,16,4,1,5,9,17,1,7,0,0,3,0
18,2,18,13,1,3,8,8,5,7,1,0,3,0
19,2,20,9,1,1,7,9,6,11,1,0,1,0
21,2,3,8,2,3,4,8,0,10,0,0,3,0
28,2,20,9,1,3,4,23,0,12,0,1,2,0
30,2,17,6,1,1,7,1,5,3,1,1,2,1
35,2,8,3,2,1,6,2,3,3,0,1,3,0
43,2,7,20,2,1,7,20,4,5,0,0,2,0
45,2,13,2,1,1,6,13,1,2,0,0,1,0
48,2,20,9,2,5,1,18,6,3,1,0,2,0
49,2,5,16,2,3,4,13,1,1,0,0,2,0
50,2,18,13,2,3,8,5,5,1,1,1,1,0
56,2,18,13,1,5,11,15,4,3,0,0,2,0
63,2,13,2,1,1,5,20,6,10,1,0,1,0
73,2,15,1,1,2,12,1,0,4,0,1,1,0
30,3,17,6,1,2,2,10,3,12,0,0,1,1
35,3,7,20,2,4,10,4,6,10,1,1,2,0
36,3,5,16,1,1,7,0,2,1,0,1,1,0
49,3,4,11,2,1,7,23,4,6,0,1,2,0
55,3,14,12,2,2,12,16,3,3,0,0,2,0
69,3,3,8,1,1,5,14,5,7,1,0,1,0
30,1,17,6,2,4,10,10,0,5,0,0,2,1
33,1,5,16,2,5,9,20,5,4,1,0,3,0
53,1,5,16,2,2,3,22,5,8,1,1,1,0
60,1,8,3,1,1,5,12,2,1,0,0,1,0
72,1,7,20,2,3,4,15,4,1,0,0,2,0
30,2,13,2,1,5,1,7,4,12,0,0,3,1
31,2,18,13,1,2,12,6,0,9,0,0,3,0
38,2,10,15,2,1,7,13,5,1,1,0,3,0
56,2,19,7,2,1,5,20,5,2,1,0,2,0
70,2,3,8,2,2,2,14,2,11,0,0,3,0
30,3,13,2,2,1,7,14,2,2,0,0,2,1
39,3,13,2,2,5,9,13,6,2,1,0,1,0
44,3,9,10,1,3,8,17,1,2,0,0,1,0
58,3,1,19,2,1,5,21,2,9,0,0,2,0
60,3,5,16,2,5,1,17,5,8,1,0,1,0
69,3,5,16,2,3,4,19,2,4,0,0,2,0
72,3,16,4,1,3,4,12,5,10,1,0,3,0
30,1,9,10,2,5,9,6,5,4,1,0,3,1
33,1,13,2,2,3,4,20,3,7,0,0,3,0
37,1,19,7,1,4,10,17,2,5,0,0,1,0
54,1,20,9,2,1,5,1,4,2,0,1,3,0
67,1,3,8,1,5,9,7,3,10,0,0,3,0
70,1,5,16,2,1,6,8,2,1,0,0,3,0
72,1,10,15,2,2,2,12,1,7,0,0,1,0
30,2,3,8,2,3,4,23,3,12,0,1,2,1
32,2,5,16,1,3,8,9,6,7,1,0,3,0
65,2,11,17,1,2,3,5,5,4,1,1,1,0
26,3,2,5,2,5,1,2,3,1,0,1,2,0
28,3,11,17,2,5,9,5,4,1,0,1,3,0
30,3,2,5,2,1,5,8,1,6,0,0,3,1
35,3,6,18,1,5,11,19,2,1,0,0,1,0
50,3,1,19,2,1,7,0,3,7,0,1,3,0
67,3,8,3,1,5,1,4,2,7,0,1,1,0
19,1,8,3,1,1,6,13,1,8,0,0,3,0
30,1,20,9,1,3,8,6,6,5,1,0,2,1
35,1,6,18,2,5,1,14,4,3,0,0,1,0
36,1,11,17,2,2,3,22,1,10,0,1,2,0
42,1,11,17,2,1,7,11,3,6,0,0,2,0
53,1,18,13,2,5,9,5,6,12,1,1,2,0
59,1,7,20,2,3,4,22,4,11,0,1,2,0
60,1,2,5,2,1,7,18,1,2,0,0,1,0
61,1,17,6,2,1,5,13,0,4,0,0,1,0
72,1,18,13,1,1,5,18,6,11,1,0,1,0
74,1,3,8,1,2,3,3,0,5,0,1,1,0
20,2,11,17,2,5,1,5,4,7,0,1,2,0
26,2,9,10,1,1,6,12,4,3,0,0,3,0
29,2,6,18,1,2,12,1,2,4,0,1,1,0
30,2,16,4,2,2,2,6,0,9,0,0,1,1
56,2,16,4,2,4,10,3,1,9,0,1,3,0
63,2,6,18,2,1,6,3,1,1,0,1,1,0
71,2,11,17,2,5,11,0,1,10,0,1,1,0
30,3,18,13,2,1,6,10,2,9,0,0,1,1
41,3,18,13,2,1,5,7,0,1,0,0,1,0
45,3,20,9,1,3,8,4,4,5,0,1,3,0
58,3,9,10,2,2,12,4,3,9,0,1,3,0
64,3,3,8,1,2,2,21,1,6,0,0,2,0
70,3,19,7,2,5,9,2,6,9,1,1,1,0
23,1,12,14,2,4,10,1,6,8,1,1,2,0
29,1,5,16,1,2,3,23,2,10,0,1,2,0
30,1,13,2,1,3,4,17,1,6,0,0,2,1
43,1,2,5,2,1,7,22,4,12,0,1,1,0
45,1,6,18,2,4,10,13,4,6,0,0,1,0
46,1,18,13,2,1,5,10,6,5,1,0,1,0
54,1,19,7,2,4,10,13,5,8,1,0,3,0
67,1,18,13,2,2,12,12,0,5,0,0,1,0
28,2,18,13,1,2,3,9,6,10,1,0,1,0
30,2,19,7,2,5,11,16,0,7,0,0,1,1
37,2,20,9,2,5,11,2,6,4,1,1,1,0
43,2,7,20,2,3,8,19,2,5,0,0,1,0
46,2,4,11,2,1,7,12,1,10,0,0,1,0
56,2,11,17,1,1,5,3,6,4,1,1,2,0
65,2,3,8,1,2,12,21,0,6,0,0,2,0
68,2,12,14,1,5,11,14,5,9,1,0,1,0
26,3,19,7,2,1,6,23,3,12,0,1,3,0
30,3,14,12,2,2,3,14,4,8,0,0,1,1
54,3,19,7,1,5,1,19,5,5,1,0,3,0
68,3,9,10,1,4,10,5,1,8,0,1,1,0
70,3,9,10,1,1,7,0,4,10,0,1,1,0
20,1,5,16,2,1,6,21,6,10,1,0,2,0
30,1,15,1,2,1,6,3,4,6,0,1,2,1
38,1,15,1,2,4,10,20,6,6,1,0,1,0
43,1,5,16,1,2,2,22,4,7,0,1,1,0
70,1,8,3,1,5,1,15,2,11,0,0,2,0
30,2,12,14,1,2,12,3,0,1,0,1,3,1
47,2,19,7,2,2,2,21,3,12,0,0,2,0
56,2,14,12,1,2,2,7,5,7,1,0,1,0
68,2,17,6,2,2,2,7,5,5,1,0,2,1
69,2,19,7,2,2,2,2,3,11,0,1,1,0
30,3,5,16,2,1,6,5,1,7,0,1,3,1
46,3,6,18,1,3,4,7,3,7,0,0,2,0
67,3,8,3,1,2,12,9,2,4,0,0,3,0
19,1,19,7,1,2,3,14,6,5,1,0,1,0
22,1,18,13,1,4,10,10,6,9,1,0,3,0
30,1,17,6,2,4,10,5,1,5,0,1,2,1
31,1,13,2,1,1,6,3,6,1,1,1,1,0
55,1,11,17,2,5,11,1,2,1,0,1,2,0
67,1,1,19,2,4,10,1,4,6,0,1,2,0
74,1,7,20,1,1,7,14,6,7,1,0,3,0
19,2,5,16,1,5,11,19,3,7,0,0,1,0
21,2,7,20,1,3,4,9,0,11,0,0,1,0
23,2,10,15,1,3,8,23,0,4,0,1,2,0
30,2,6,18,2,5,11,17,0,7,0,0,1,1
35,2,4,11,1,2,3,1,5,7,1,1,1,0
36,2,13,2,1,5,11,6,4,12,0,0,3,0
41,2,11,17,1,2,2,9,4,5,0,0,1,0
53,2,18,13,2,5,9,0,4,5,0,1,1,0
54,2,9,10,1,5,11,9,6,9,1,0,1,0
57,2,1,19,1,2,2,1,0,4,0,1,3,0
73,2,2,5,1,5,1,1,2,10,0,1,3,0
30,3,1,19,2,1,7,23,1,4,0,1,3,1
33,3,6,18,1,2,3,17,0,1,0,0,1,0
67,3,10,15,1,1,5,17,0,5,0,0,3,0
74,3,8,3,2,2,3,17,0,10,0,0,3,0
19,1,4,11,1,1,6,3,1,11,0,1,1,0
30,1,11,17,2,1,6,21,6,3,1,0,2,1
35,1,16,4,2,5,9,23,3,5,0,1,2,0
39,1,19,7,2,1,7,6,3,10,0,0,1,0
52,1,14,12,2,2,3,13,0,1,0,0,1,1
61,1,11,17,2,1,5,11,4,9,0,0,2,0
63,1,3,8,1,3,4,23,4,10,0,1,2,0
67,1,11,17,2,1,6,7,1,5,0,0,3,0
30,2,2,5,1,5,11,1,3,6,0,1,3,1
48,2,14,12,2,5,11,8,3,5,0,0,2,0
49,2,16,4,2,5,11,9,3,11,0,0,1,0
53,2,16,4,1,3,4,19,5,4,1,0,1,0
55,2,7,20,1,5,11,6,4,4,0,0,1,0
71,2,18,13,2,2,3,12,4,3,0,0,1,0
21,3,9,10,1,1,6,6,3,10,0,0,1,0
30,3,5,16,2,3,4,12,0,9,0,0,3,1
44,3,10,15,1,2,2,18,3,1,0,0,3,0
49,3,20,9,2,5,9,22,6,3,1,1,2,1
51,3,3,8,1,5,9,10,3,11,0,0,1,0
65,3,10,15,1,4,10,5,4,6,0,1,2,0
30,1,12,14,1,3,8,13,2,4,0,0,1,1
34,1,13,2,2,2,12,3,4,10,0,1,2,0
57,1,7,20,1,4,10,13,6,9,1,0,2,0
27,2,8,3,2,3,8,9,4,3,0,0,2,0
30,2,12,14,2,2,12,16,4,2,0,0,3,1
39,2,15,1,2,2,12,15,1,12,0,0,1,0
65,2,2,5,2,3,8,8,0,6,0,0,1,0
69,2,15,1,2,1,7,0,4,3,0,1,3,0
70,2,15,1,2,5,9,13,5,5,1,0,2,0
30,3,9,10,2,1,6,12,3,11,0,0,1,1
39,3,19,7,2,3,8,14,6,3,1,0,2,0
42,3,14,12,1,3,4,13,3,7,0,0,2,0
46,3,20,9,1,3,4,4,0,1,0,1,1,0
47,3,17,6,2,1,5,1,5,5,1,1,1,0
55,3,7,20,1,1,7,14,2,8,0,0,1,0
57,3,20,9,1,5,9,4,3,7,0,1,1,0
18,1,16,4,2,4,10,6,0,9,0,0,2,0
30,1,6,18,1,5,11,14,3,1,0,0,3,1
32,1,2,5,1,5,11,12,2,1,0,0,1,0
37,1,19,7,2,2,3,10,3,2,0,0,2,0
44,1,2,5,2,3,4,16,1,7,0,0,3,0
51,1,10,15,2,2,12,3,4,2,0,1,2,0
69,1,11,17,2,2,3,18,0,3,0,0,3,0
22,2,17,6,1,1,7,5,6,5,1,1,2,0
30,2,20,9,1,1,5,17,3,2,0,0,2,1
37,2,3,8,2,3,8,12,2,3,0,0,2,1
40,2,8,3,2,1,7,20,2,3,0,0,1,0
43,2,5,16,2,2,3,3,3,2,0,1,3,0
49,2,15,1,1,2,3,6,2,12,0,0,2,0
30,3,8,3,1,3,8,3,2,5,0,1,1,1
31,3,8,3,2,1,7,9,0,5,0,0,2,0
34,3,17,6,1,3,4,3,4,9,0,1,1,0
60,3,8,3,2,4,10,22,1,1,0,1,3,0
22,1,4,11,2,5,9,3,3,2,0,1,1,0
28,1,6,18,2,1,5,14,6,9,1,0,2,0
30,1,3,8,2,3,4,22,2,9,0,1,1,1
37,1,15,1,2,4,10,14,5,10,1,0,3,1
46,1,10,15,1,5,1,19,1,7,0,0,1,0
61,1,13,2,1,5,11,21,3,7,0,0,2,0
28,2,10,15,1,5,1,9,2,10,0,0,2,0
30,2,10,15,2,1,5,19,4,1,0,0,3,1
31,2,2,5,1,1,5,2,5,2,1,1,1,0
39,2,16,4,1,1,7,13,4,9,0,0,3,0
41,2,3,8,1,2,12,5,5,4,1,1,3,0
67,2,15,1,2,2,2,6,5,10,1,0,1,0
74,2,6,18,1,1,6,15,0,11,0,0,2,0
18,3,18,13,1,5,1,9,3,8,0,0,2,0
30,3,19,7,1,3,4,3,5,1,1,1,2,1
31,3,19,7,2,2,12,7,5,7,1,0,2,0
41,3,2,5,1,5,1,12,1,6,0,0,1,0
52,3,20,9,1,5,1,0,1,10,0,1,3,0
58,3,9,10,1,1,5,23,1,6,0,1,3,0
70,3,19,7,2,2,2,16,6,11,1,0,1,1
75,3,6,18,1,5,9,22,3,2,0,1,3,0
24,1,8,3,2,4,10,5,1,9,0,1,1,0
30,1,1,19,2,1,7,13,3,4,0,0,2,1
36,1,9,10,2,1,7,8,6,6,1,0,2,0
41,1,11,17,1,1,6,12,3,4,0,0,1,0
47,1,20,9,2,5,9,13,6,6,1,0,1,0
66,1,1,19,1,1,6,21,5,12,1,0,2,0
18,2,11,17,2,3,8,21,2,5,0,0,2,0
30,2,19,7,2,1,6,23,3,12,0,1,3,1
31,2,16,4,1,3,8,2,6,6,1,1,2,0
33,2,19,7,1,3,4,12,4,7,0,0,1,0
35,2,3,8,2,1,5,11,2,9,0,0,1,0
40,2,18,13,2,1,6,4,5,8,1,1,2,0
30,3,2,5,1,2,12,13,1,5,0,0,1,1
60,3,7,20,2,5,11,21,4,5,0,0,2,0
61,3,19,7,1,1,5,14,2,3,0,0,3,0
72,3,20,9,2,1,7,12,0,4,0,0,1,0
21,1,16,4,2,2,2,10,1,3,0,0,2,0
30,1,2,5,2,3,8,15,2,9,0,0,1,1
60,1,16,4,2,5,9,17,1,8,0,0,2,0
72,1,18,13,1,5,9,21,3,10,0,0,1,1
19,2,13,2,1,5,1,7,6,9,1,0,3,0
20,2,6,18,1,1,7,11,4,3,0,0,2,0
28,2,3,8,2,5,11,16,1,9,0,0,2,0
30,2,20,9,2,2,12,6,2,10,0,0,1,1
47,2,17,6,2,1,6,1,5,6,1,1,1,0
54,2,18,13,1,5,11,19,4,5,0,0,2,1
56,2,15,1,1,3,8,5,0,1,0,1,1,0
62,2,8,3,2,3,8,8,3,9,0,0,3,0
65,2,15,1,2,4,10,17,1,3,0,0,1,0
74,2,4,11,2,5,11,18,4,7,0,0,1,0
20,3,20,9,1,1,6,22,6,6,1,1,2,0
22,3,1,19,1,1,5,8,4,4,0,0,2,0
24,3,16,4,2,2,12,12,3,8,0,0,1,0
30,3,17,6,1,4,10,19,1,4,0,0,3,1
31,3,18,13,2,4,10,19,0,3,0,0,1,0
46,3,4,11,1,1,5,16,1,11,0,0,1,0
53,3,20,9,2,3,8,17,3,5,0,0,1,0
59,3,19,7,1,5,9,22,6,6,1,1,1,0
20,1,8,3,1,4,10,2,2,6,0,1,2,0
30,1,6,18,1,5,9,7,5,8,1,0,1,1
32,1,4,11,1,2,12,23,6,2,1,1,1,0
43,1,16,4,1,4,10,16,3,3,0,0,3,0
47,1,18,13,2,2,3,15,6,4,1,0,1,0
49,1,12,14,1,4,10,9,3,8,0,0,2,0
53,1,15,1,2,1,7,13,6,2,1,0,1,0
54,1,10,15,2,2,12,0,1,7,0,1,2,0
27,2,16,4,1,1,5,12,0,9,0,0,1,0
29,2,1,19,2,2,12,20,5,7,1,0,2,1
30,2,18,13,1,1,7,13,4,11,0,0,3,1
34,2,7,20,2,5,11,16,3,3,0,0,3,0
36,2,14,12,1,1,6,20,3,9,0,0,2,0
47,2,18,13,2,3,8,17,6,4,1,0,3,0
50,2,7,20,2,1,7,10,4,10,0,0,2,0
52,2,18,13,1,1,7,13,0,7,0,0,1,0
72,2,13,2,1,3,8,7,6,12,1,0,2,0
25,3,17,6,2,2,2,7,5,5,1,0,2,0
28,3,19,7,2,1,5,20,4,9,0,0,1,0
29,3,1,19,2,5,11,7,4,4,0,0,3,0
30,3,6,18,1,1,5,13,5,4,1,0,1,1
73,3,4,11,1,2,2,4,4,5,0,1,2,0
30,1,1,19,1,1,5,23,1,3,0,1,1,1
37,1,2,5,2,2,12,3,3,9,0,1,1,0
57,1,14,12,2,3,8,10,5,4,1,0,1,0
63,1,7,20,1,2,3,0,2,4,0,1,2,0
64,1,4,11,1,1,6,1,2,1,0,1,2,0
72,1,12,14,2,5,9,3,3,8,0,1,2,0
75,1,19,7,1,1,5,19,0,10,0,0,2,0
30,2,5,16,1,5,11,0,5,6,1,1,1,1
33,2,2,5,1,3,8,2,5,3,1,1,2,0
67,2,15,1,2,1,6,3,0,11,0,1,1,0
73,2,12,14,1,2,12,2,6,9,1,1,1,0
74,2,9,10,1,3,8,1,0,2,0,1,1,0
20,3,3,8,2,3,8,17,0,6,0,0,2,0
30,3,3,8,2,2,3,1,6,1,1,1,3,1
32,3,18,13,2,5,11,17,3,2,0,0,1,0
40,3,6,18,2,2,2,4,1,7,0,1,2,0
53,3,5,16,2,2,2,10,3,3,0,0,1,0
67,3,17,6,2,5,9,17,0,6,0,0,2,0
22,1,14,12,1,3,4,14,1,10,0,0,1,1
30,1,5,16,2,3,8,11,3,3,0,0,2,1
37,1,14,12,2,2,12,0,6,7,1,1,2,0
53,1,4,11,1,1,6,21,0,7,0,0,1,0
62,1,13,2,1,2,2,17,3,12,0,0,1,0
19,2,20,9,1,3,4,3,3,6,0,1,2,0
26,2,13,2,2,4,10,17,4,1,0,0,1,0
27,2,17,6,2,1,7,19,1,8,0,0,3,0
28,2,12,14,2,3,4,6,2,3,0,0,2,0
30,2,5,16,1,5,1,10,0,10,0,0,3,1
31,2,10,15,1,2,2,22,4,5,0,1,1,0
39,2,15,1,1,1,5,9,1,3,0,0,3,0
44,2,15,1,2,2,2,2,4,2,0,1,1,0
46,2,20,9,2,1,5,5,3,6,0,1,1,0
68,2,17,6,1,1,7,3,6,6,1,1,1,0
27,3,20,9,1,3,4,4,6,5,1,1,2,0
29,3,18,13,1,3,4,22,6,7,1,1,1,0
30,3,17,6,1,5,9,15,1,3,0,0,1,1
37,3,17,6,2,1,5,1,4,5,0,1,2,0
40,3,17,6,1,3,8,13,4,3,0,0,2,1
42,3,15,1,1,3,8,22,3,8,0,1,2,0
43,3,20,9,2,4,10,11,2,7,0,0,1,0
45,3,9,10,1,5,9,23,3,7,0,1,3,0
58,3,11,17,1,3,8,3,0,5,0,1,1,0
22,1,17,6,1,3,8,13,0,2,0,0,1,0
26,1,18,13,1,2,2,2,4,6,0,1,1,1
28,1,8,3,1,2,12,23,0,4,0,1,3,0
30,1,2,5,1,1,6,15,3,2,0,0,1,1
41,1,19,7,2,2,12,13,3,12,0,0,2,0
50,1,17,6,1,1,7,9,6,4,1,0,3,0
74,1,3,8,2,5,9,8,0,1,0,0,3,0
23,2,1,19,2,2,3,5,3,6,0,1,3,0
26,2,1,19,2,5,1,15,5,1,1,0,2,0
29,2,5,16,1,3,8,22,2,6,0,1,1,0
30,2,19,7,1,1,6,10,2,3,0,0,1,1
34,2,3,8,1,5,1,21,5,5,1,0,1,0
49,2,19,7,1,3,4,2,1,5,0,1,3,0
68,2,1,19,2,4,10,11,5,9,1,0,3,1
70,2,10,15,2,1,6,5,5,5,1,1,2,0
30,3,11,17,2,4,10,14,4,4,0,0,1,1
38,3,4,11,1,5,11,13,5,3,1,0,1,0
41,3,20,9,2,1,6,8,3,6,0,0,1,0
66,3,20,9,2,1,7,19,6,5,1,0,1,0
74,3,6,18,1,1,5,0,4,5,0,1,1,0
75,3,3,8,1,5,9,13,5,1,1,0,1,0
25,1,8,3,1,1,7,20,3,1,0,0,1,0
30,1,16,4,1,3,4,20,1,2,0,0,3,1
33,1,7,20,2,2,12,21,2,10,0,0,2,0
40,1,13,2,2,5,11,3,2,11,0,1,1,0
47,1,5,16,1,4,10,20,3,10,0,0,1,0
48,1,5,16,1,3,8,10,3,2,0,0,1,0
52,1,4,11,1,1,5,9,4,4,0,0,1,0
56,1,10,15,1,5,11,13,2,3,0,0,2,0
30,2,11,17,2,2,2,15,6,6,1,0,3,1
31,2,12,14,2,3,4,22,3,10,0,1,2,0
50,2,18,13,2,3,4,22,2,3,0,1,2,0
53,2,6,18,2,5,11,3,3,9,0,1,1,0
20,3,11,17,2,1,5,10,0,10,0,0,1,0
30,3,6,18,2,1,7,20,5,3,1,0,3,0
31,3,19,7,2,5,9,8,5,6,1,0,1,0
61,3,3,8,1,5,1,20,2,3,0,0,1,0
66,3,4,11,2,1,7,19,5,3,1,0,2,0
67,3,15,1,2,5,1,2,5,4,1,1,3,0
70,3,14,12,1,4,10,16,2,7,0,0,2,0
74,3,7,20,2,2,12,21,2,10,0,0,2,0
26,1,12,14,2,2,3,8,4,4,0,0,2,0
30,1,12,14,2,2,12,4,6,2,1,1,2,1
38,1,4,11,2,1,7,22,3,8,0,1,1,0
48,1,17,6,1,5,9,4,2,12,0,1,3,0
53,1,4,11,1,1,7,20,1,5,0,0,2,0
73,1,19,7,2,3,4,16,3,2,0,0,3,0
24,2,15,1,1,1,7,0,0,1,0,1,1,0
27,2,15,1,1,5,11,17,3,1,0,0,1,0
30,2,5,16,1,1,6,21,3,3,0,0,2,1
50,2,8,3,2,5,9,21,5,12,1,0,2,0
54,2,11,17,2,5,11,17,3,7,0,0,1,0
66,2,17,6,1,3,8,11,0,8,0,0,1,0
74,2,5,16,2,4,10,3,1,10,0,1,3,0
24,3,3,8,1,1,6,17,2,3,0,0,3,0
30,3,8,3,1,4,10,20,6,4,1,0,1,1
32,3,2,5,2,1,7,17,1,7,0,0,3,1
39,3,15,1,2,5,1,22,0,2,0,1,3,0
19,1,13,2,1,2,3,12,2,3,0,0,2,0
20,1,10,15,1,3,8,12,4,2,0,0,2,0
22,1,8,3,2,5,9,22,1,10,0,1,2,0
30,1,18,13,2,5,9,0,2,2,0,1,2,1
39,1,14,12,2,1,5,21,5,8,1,0,2,0
43,1,14,12,1,5,11,23,6,1,1,1,1,0
55,1,18,13,1,3,4,22,6,1,1,1,1,0
75,1,6,18,2,1,5,10,5,3,1,0,1,0
29,2,10,15,1,3,8,10,4,5,0,0,1,0
30,2,8,3,1,3,4,22,0,1,0,1,1,1
40,2,14,12,1,3,8,18,5,1,1,0,1,0
64,2,1,19,1,3,4,3,3,10,0,1,2,0
65,2,9,10,2,4,10,13,6,9,1,0,2,0
71,2,1,19,2,1,7,23,1,4,0,1,3,0
19,3,14,12,1,2,12,15,4,10,0,0,1,0
20,3,1,19,2,1,6,8,6,8,1,0,1,0
30,3,9,10,2,1,7,10,2,6,0,0,2,1
33,3,20,9,2,1,6,16,6,4,1,0,2,0
51,3,17,6,1,5,9,1,0,3,0,1,3,0
62,3,13,2,1,2,2,23,1,8,0,1,2,0
72,3,8,3,1,1,7,22,2,11,0,1,2,0
23,1,17,6,1,3,4,16,0,10,0,0,2,0
28,1,2,5,2,1,6,18,4,9,0,0,2,0
30,1,15,1,1,3,8,0,6,1,1,1,1,1
31,1,8,3,2,3,4,11,6,1,1,0,1,0
43,1,15,1,2,4,10,11,6,1,1,0,3,0
59,1,13,2,1,5,11,14,2,4,0,0,1,0
60,1,14,12,2,3,8,11,5,8,1,0,3,0
68,1,14,12,2,1,7,16,5,7,1,0,1,0
69,1,18,13,2,1,6,23,3,11,0,1,1,0
71,1,19,7,2,2,2,5,1,3,0,1,1,0
18,2,7,20,2,2,3,12,6,9,1,0,1,0
30,2,9,10,2,1,5,4,1,2,0,1,3,1
32,2,12,14,1,5,9,9,3,5,0,0,1,0
37,2,12,14,1,1,7,18,1,3,0,0,2,0
44,2,8,3,2,5,11,6,5,1,1,0,1,0
53,2,1,19,2,2,2,4,0,4,0,1,2,0
57,2,3,8,2,1,6,21,5,6,1,0,1,0
58,2,10,15,1,2,2,23,1,8,0,1,2,0
67,2,14,12,2,2,12,17,3,9,0,0,1,0
20,3,20,9,2,1,6,7,2,6,0,0,1,0
25,3,2,5,1,1,7,22,6,11,1,1,3,0
30,3,10,15,2,1,5,2,1,8,0,1,3,1
44,3,14,12,2,1,5,23,5,1,1,1,2,0
51,3,17,6,1,2,12,5,0,11,0,1,1,0
72,3,9,10,1,2,2,19,1,5,0,0,1,0
30,1,9,10,2,2,3,4,6,8,1,1,1,1
33,1,6,18,2,2,12,7,3,1,0,0,1,0
34,1,8,3,1,1,5,6,3,5,0,0,1,0
69,1,11,17,1,1,7,20,5,4,1,0,2,0
70,1,7,20,2,2,2,3,2,11,0,1,1,0
25,2,16,4,2,2,12,5,2,3,0,1,3,0
27,2,16,4,2,1,5,0,1,11,0,1,1,1
30,2,14,12,2,1,5,17,4,2,0,0,1,1
32,2,17,6,2,5,11,10,2,5,0,0,2,0
33,2,8,3,2,5,11,23,2,4,0,1,1,0
34,2,9,10,2,3,4,4,1,4,0,1,2,0
35,2,10,15,1,5,1,18,3,9,0,0,2,0
52,2,10,15,2,2,2,23,2,10,0,1,3,0
59,2,6,18,1,3,8,8,6,3,1,0,2,0
18,3,4,11,1,2,12,10,4,5,0,0,1,0
30,3,5,16,1,5,1,20,4,1,0,0,3,1
65,3,3,8,1,1,5,12,1,9,0,0,2,0
72,3,6,18,2,2,2,1,5,2,1,1,3,1
75,3,2,5,2,3,8,21,3,2,0,0,1,0
30,1,17,6,2,2,3,14,5,4,1,0,1,1
41,1,14,12,2,2,3,11,2,7,0,0,3,0
63,1,2,5,1,4,10,15,0,12,0,0,3,0
66,1,10,15,1,5,11,0,0,3,0,1,3,0
30,2,15,1,1,5,11,19,3,7,0,0,1,1
31,2,16,4,1,5,1,2,2,7,0,1,2,1
35,2,19,7,2,1,7,23,3,1,0,1,2,0
54,2,4,11,1,1,6,12,2,8,0,0,3,0
23,3,2,5,2,2,12,22,4,4,0,1,1,0
30,3,7,20,2,2,3,6,5,7,1,0,3,1
34,3,17,6,1,4,10,15,3,10,0,0,2,0
47,3,16,4,2,2,3,4,6,8,1,1,1,0
53,3,6,18,1,1,6,14,2,9,0,0,3,0
58,3,9,10,1,1,7,20,5,10,1,0,2,0
74,3,9,10,2,4,10,10,6,7,1,0,2,0
28,1,17,6,2,5,1,13,0,10,0,0,3,0
30,1,15,1,1,1,5,19,5,5,1,0,3,1
42,1,2,5,1,5,11,13,2,4,0,0,1,0
72,1,18,13,2,3,4,2,2,8,0,1,1,0
22,2,20,9,2,1,7,12,0,4,0,0,2,0
30,2,9,10,1,2,12,15,1,11,0,0,3,1
32,2,1,19,2,5,11,4,5,8,1,1,1,0
42,2,2,5,1,5,9,11,1,8,0,0,1,0
66,2,1,19,1,4,10,0,6,9,1,1,2,0
71,2,19,7,2,4,10,6,3,2,0,0,1,0
18,3,19,7,1,5,1,1,6,8,1,1,1,0
21,3,11,17,2,3,8,14,1,1,0,0,2,0
30,3,5,16,1,2,3,15,4,5,0,0,1,1
36,3,4,11,1,5,11,8,6,8,1,0,2,0
48,3,16,4,1,2,3,9,2,11,0,0,1,0
55,3,1,19,2,4,10,3,1,8,0,1,2,0
65,3,16,4,2,5,9,14,6,1,1,0,3,1
72,3,10,15,1,1,7,10,6,8,1,0,2,0
25,1,8,3,2,3,4,0,4,10,0,1,2,1
30,1,3,8,1,2,3,8,3,4,0,0,2,1
37,1,20,9,1,5,1,18,2,11,0,0,2,0
38,1,8,3,2,2,12,8,4,10,0,0,1,0
46,1,2,5,1,3,8,5,6,9,1,1,1,0
50,1,10,15,2,1,5,3,2,9,0,1,1,0
73,1,14,12,2,2,3,21,5,11,1,0,1,0
74,1,12,14,2,4,10,18,2,2,0,0,2,0
26,2,17,6,1,2,3,1,5,12,1,1,2,0
30,2,2,5,1,1,6,1,3,3,0,1,3,1
45,2,10,15,1,3,4,18,6,3,1,0,3,0
60,2,18,13,1,5,9,17,0,3,0,0,2,0
71,2,15,1,2,3,4,22,2,3,0,1,2,0
30,3,5,16,2,2,2,16,3,11,0,0,1,1
40,3,10,15,1,1,7,5,0,9,0,1,1,0
69,3,1,19,1,5,11,15,3,2,0,0,1,0
30,1,6,18,2,1,5,23,6,6,1,1,2,1
37,1,20,9,1,1,7,5,1,5,0,1,2,0
38,1,11,17,1,2,2,16,5,4,1,0,1,0
51,1,12,14,2,4,10,22,0,12,0,1,1,1
53,1,17,6,1,2,12,23,5,1,1,1,3,0
30,2,20,9,1,1,5,1,1,7,0,1,2,1
70,2,20,9,1,1,6,23,2,5,0,1,2,0
74,2,10,15,1,1,5,1,0,1,0,1,1,0
30,3,5,16,1,3,4,14,4,1,0,0,1,1
31,3,17,6,2,4,10,6,4,2,0,0,1,0
46,3,4,11,1,1,7,20,1,5,0,0,2,0
18,1,9,10,1,3,4,17,5,9,1,0,1,0
30,1,10,15,2,2,2,0,1,9,0,1,1,1
55,1,10,15,2,2,2,21,5,10,1,0,1,0
61,1,4,11,2,4,10,19,3,4,0,0,2,0
28,2,2,5,2,2,2,6,2,4,0,0,1,0
30,2,20,9,2,3,8,19,6,1,1,0,3,1
40,2,17,6,2,1,5,18,2,6,0,0,1,0
43,2,8,3,1,1,7,9,2,1,0,0,3,0
53,2,3,8,1,5,1,17,1,9,0,0,1,0
54,2,10,15,2,5,1,6,6,5,1,0,2,0
56,2,5,16,1,2,3,22,1,9,0,1,3,0
66,2,18,13,1,3,8,22,1,10,0,1,1,0
73,2,4,11,1,1,5,22,0,1,0,1,1,0
18,3,15,1,2,4,10,0,6,9,1,1,1,0
19,3,1,19,1,1,7,17,3,2,0,0,1,0
30,3,17,6,1,2,2,9,1,4,0,0,2,1
35,3,19,7,1,2,3,7,1,11,0,0,1,0
54,3,12,14,1,5,11,20,4,7,0,0,2,0
58,3,6,18,2,3,8,3,2,5,0,1,1,0
18,1,6,18,1,4,10,7,5,10,1,0,2,0
25,1,7,20,1,5,11,4,0,11,0,1,2,0
30,1,11,17,1,4,10,2,4,2,0,1,2,1
38,1,17,6,2,1,6,8,0,1,0,0,1,0
46,1,6,18,2,5,9,7,3,6,0,0,2,0
48,1,10,15,2,2,2,3,6,11,1,1,1,0
50,1,19,7,2,5,11,9,2,4,0,0,1,0
53,1,3,8,1,5,1,12,3,2,0,0,2,0
30,2,8,3,2,2,12,12,5,12,1,0,2,1
39,2,18,13,2,1,7,11,3,2,0,0,1,0
50,2,6,18,1,1,7,0,6,10,1,1,2,0
51,2,13,2,1,2,2,23,1,5,0,1,1,0
63,2,4,11,1,5,1,4,6,3,1,1,1,0
75,2,8,3,2,3,4,18,2,12,0,0,1,0
28,3,18,13,1,3,4,17,3,12,0,0,2,0
30,3,12,14,2,1,5,2,4,1,0,1,1,1
32,3,20,9,2,3,4,21,3,5,0,0,1,0
40,3,11,17,2,2,3,13,5,9,1,0,1,0
42,3,4,11,2,2,12,11,0,7,0,0,1,0
51,3,3,8,1,3,4,15,5,2,1,0,3,0
67,3,7,20,1,3,8,3,1,4,0,1,2,0
75,3,11,17,1,1,5,9,6,3,1,0,1,0
29,1,15,1,1,2,3,11,2,4,0,0,2,0
30,1,7,20,2,2,12,0,4,2,0,1,2,1
37,1,9,10,1,5,1,17,3,9,0,0,2,0
39,1,5,16,2,3,4,17,5,10,1,0,1,0
55,1,1,19,2,1,7,13,3,4,0,0,2,0
59,1,14,12,2,2,3,14,6,1,1,0,3,0
63,1,7,20,1,5,9,20,5,4,1,0,2,0
73,1,15,1,1,2,3,13,5,7,1,0,3,0
21,2,17,6,2,1,7,7,2,10,0,0,1,1
27,2,6,18,1,4,10,1,2,8,0,1,1,0
30,2,17,6,2,3,8,5,6,5,1,1,2,1
43,2,6,18,2,2,12,2,5,4,1,1,1,0
61,2,17,6,1,2,2,23,5,3,1,1,2,0
71,2,10,15,2,3,8,16,5,1,1,0,1,0
75,2,10,15,2,2,12,23,6,1,1,1,2,0
18,3,11,17,1,1,7,0,0,5,0,1,1,0
19,3,14,12,2,2,2,1,3,6,0,1,3,0
30,3,9,10,1,4,10,16,5,12,1,0,1,1
31,3,4,11,2,5,9,9,0,4,0,0,2,0
39,3,15,1,1,5,1,6,4,9,0,0,1,0
47,3,9,10,1,3,8,8,6,4,1,0,2,0
58,3,14,12,2,1,6,13,6,10,1,0,1,0
64,3,4,11,1,5,1,23,5,9,1,1,3,0
19,1,2,5,2,3,4,17,5,4,1,0,1,0
27,1,12,14,2,5,1,1,0,6,0,1,1,0
30,1,16,4,2,5,9,17,2,10,0,0,1,1
35,1,5,16,2,2,3,8,2,2,0,0,3,0
42,1,9,10,1,1,5,7,6,3,1,0,1,0
52,1,17,6,1,5,1,2,4,1,0,1,1,0
65,1,3,8,2,5,9,19,2,4,0,0,2,0
70,1,1,19,1,1,7,16,5,2,1,0,3,0
30,2,20,9,2,2,12,17,1,7,0,0,3,1
41,2,15,1,2,5,9,0,4,10,0,1,1,0
53,2,16,4,1,2,12,12,2,3,0,0,1,0
55,2,14,12,2,3,4,4,3,3,0,1,3,1
62,2,1,19,1,5,9,6,0,12,0,0,2,0
67,2,10,15,1,5,11,0,0,3,0,1,3,0
70,2,3,8,1,3,4,6,0,9,0,0,2,0
30,3,15,1,1,5,1,14,3,7,0,0,1,1
35,3,10,15,1,5,9,14,4,7,0,0,2,1
43,3,5,16,2,1,7,8,2,10,0,0,2,1
48,3,1,19,1,2,2,1,5,4,1,1,2,0
67,3,14,12,1,5,11,21,1,11,0,0,1,0
69,3,8,3,1,3,8,3,0,5,0,1,3,0
72,3,7,20,2,5,9,4,5,10,1,1,1,0
27,1,10,15,1,5,11,3,4,3,0,1,1,0
30,1,4,11,1,2,12,3,2,5,0,1,1,1
59,1,9,10,2,5,9,14,1,4,0,0,2,0
22,2,12,14,1,1,7,7,0,8,0,0,1,0
30,2,10,15,1,5,1,3,6,6,1,1,1,1
32,2,9,10,1,5,11,4,5,2,1,1,1,0
33,2,2,5,1,1,7,10,0,11,0,0,1,0
38,2,20,9,2,2,2,9,3,9,0,0,2,0
42,2,15,1,1,2,3,12,5,3,1,0,2,0
46,2,15,1,2,1,6,21,2,9,0,0,1,0
47,2,13,2,1,2,2,23,5,1,1,1,2,0
51,2,12,14,2,1,6,19,3,1,0,0,1,0
26,3,20,9,1,1,5,9,5,10,1,0,2,0
29,3,9,10,1,1,5,19,2,9,0,0,3,0
30,3,20,9,1,5,9,23,6,10,1,1,2,1
44,3,3,8,1,5,1,19,2,3,0,0,1,0
56,3,11,17,2,1,7,7,2,12,0,0,3,0
64,3,3,8,1,3,8,21,4,4,0,0,3,0
74,3,14,12,1,1,5,5,4,9,0,1,1,0
18,1,13,2,2,5,1,15,5,9,1,0,3,0
26,1,17,6,1,5,11,13,3,5,0,0,2,0
30,1,6,18,1,3,4,7,3,7,0,0,2,1
40,1,20,9,2,5,1,10,5,4,1,0,3,0
41,1,18,13,2,1,6,13,1,8,0,0,1,0
56,1,12,14,2,5,1,18,6,2,1,0,3,0
21,2,5,16,2,1,5,6,3,4,0,0,2,0
22,2,2,5,1,3,4,11,5,10,1,0,1,1
30,2,1,19,1,4,10,7,5,5,1,0,1,1
33,2,12,14,1,1,6,1,3,11,0,1,1,0
42,2,20,9,2,3,4,4,3,5,0,1,1,0
60,2,10,15,2,5,9,15,6,10,1,0,1,0
61,2,10,15,1,2,2,18,1,7,0,0,1,0
66,2,16,4,2,2,3,10,2,8,0,0,3,0
67,2,2,5,2,1,5,19,2,8,0,0,1,0
70,2,10,15,1,5,11,7,2,1,0,0,1,0
30,3,3,8,2,5,1,20,5,9,1,0,3,1
31,3,1,19,1,3,8,23,5,3,1,1,1,0
72,3,8,3,2,3,8,6,2,8,0,0,1,0
28,1,4,11,2,1,5,0,1,2,0,1,2,0
30,1,11,17,1,1,7,2,4,6,0,1,1,1
40,1,19,7,1,2,12,0,4,8,0,1,2,0
60,1,7,20,1,5,11,21,5,3,1,0,1,0
68,1,15,1,1,1,5,4,2,9,0,1,2,0
73,1,15,1,1,1,5,3,1,3,0,1,1,0
22,2,4,11,2,5,1,20,5,3,1,0,1,0
26,2,1,19,2,5,11,19,3,6,0,0,1,0
30,2,15,1,1,3,4,10,5,1,1,0,1,0
45,2,4,11,1,3,8,20,0,4,0,0,2,0
53,2,6,18,1,5,11,22,0,3,0,1,3,0
59,2,9,10,1,5,1,6,6,12,1,0,1,0
61,2,2,5,1,3,8,4,2,7,0,1,1,0
62,2,16,4,2,2,3,4,4,10,0,1,3,0
66,2,19,7,2,1,5,6,5,12,1,0,3,0
30,3,8,3,1,1,5,4,1,6,0,1,1,1
37,3,16,4,2,4,10,18,3,1,0,0,2,0
38,3,4,11,1,1,7,0,1,6,0,1,1,1
68,3,10,15,1,3,8,12,4,2,0,0,2,0
69,3,10,15,1,1,7,3,5,4,1,1,1,0
30,1,6,18,1,5,1,1,3,1,0,1,1,1
33,1,20,9,1,3,8,22,5,7,1,1,2,0
34,1,10,15,1,1,6,5,4,9,0,1,1,0
39,1,2,5,1,1,6,1,3,3,0,1,3,0
40,1,14,12,2,4,10,6,5,3,1,0,1,1
61,1,16,4,2,2,3,0,3,5,0,1,1,0
71,1,4,11,1,5,1,3,4,10,0,1,3,0
30,2,10,15,2,5,11,7,2,4,0,0,1,1
39,2,18,13,1,3,8,5,0,7,0,1,1,0
46,2,1,19,1,5,1,3,6,5,1,1,2,0
58,2,18,13,2,1,6,9,1,10,0,0,2,0
74,2,7,20,2,1,6,0,3,9,0,1,1,0
20,3,19,7,2,2,12,21,0,6,0,0,2,0
28,3,8,3,2,5,11,13,3,6,0,0,1,0
30,3,10,15,1,2,3,13,6,3,1,0,3,1
32,3,20,9,1,1,7,18,6,12,1,0,1,0
38,3,2,5,2,5,1,2,3,1,0,1,2,0
43,3,14,12,1,2,3,14,5,1,1,0,1,0
61,3,20,9,1,2,2,14,2,12,0,0,2,0
71,3,5,16,2,2,12,21,1,5,0,0,1,0
72,3,15,1,1,4,10,14,2,4,0,0,1,0
75,3,16,4,2,1,7,2,0,10,0,1,3,0
27,1,7,20,2,2,3,21,5,3,1,0,2,0
30,1,19,7,1,1,6,1,1,7,0,1,1,1
37,1,2,5,2,4,10,22,5,7,1,1,1,0
38,1,17,6,2,2,12,18,3,2,0,0,2,0
69,1,20,9,1,4,10,18,4,5,0,0,3,0
70,1,4,11,1,2,12,19,1,3,0,0,1,0
22,2,5,16,2,2,12,3,0,8,0,1,1,0
30,2,8,3,1,5,9,12,1,5,0,0,1,1
32,2,14,12,1,2,12,16,2,12,0,0,1,0
52,2,4,11,1,1,6,14,6,11,1,0,1,0
57,2,10,15,2,1,5,18,4,4,0,0,1,0
67,2,15,1,1,5,9,8,6,11,1,0,3,0
24,3,16,4,2,1,5,0,4,1,0,1,1,0
32,3,12,14,1,4,10,8,2,3,0,0,1,0
42,3,10,15,2,1,7,6,3,9,0,0,2,0
18,1,5,16,2,5,11,6,5,9,1,0,3,0
27,1,7,20,1,4,10,11,0,3,0,0,3,0
28,1,2,5,2,1,5,10,2,12,0,0,2,0
30,1,6,18,2,3,4,22,1,3,0,1,2,1
60,1,4,11,1,5,1,20,4,9,0,0,2,0
71,1,1,19,1,1,7,4,6,5,1,1,1,0
20,2,17,6,2,4,10,18,6,7,1,0,1,0
27,2,3,8,1,4,10,12,1,6,0,0,1,0
30,2,8,3,1,3,8,4,6,9,1,1,2,1
69,2,5,16,1,2,2,22,5,8,1,1,3,0
23,3,2,5,1,2,2,1,1,12,0,1,2,0
30,3,12,14,2,3,8,11,6,1,1,0,1,1
40,3,8,3,1,2,2,19,6,11,1,0,2,0
41,3,10,15,1,2,3,0,5,6,1,1,3,0
52,3,4,11,2,2,3,4,6,4,1,1,1,0
29,1,10,15,1,1,6,1,3,1,0,1,3,0
30,1,19,7,1,2,12,11,1,11,0,0,1,1
55,1,14,12,1,1,6,8,4,6,0,0,3,0
62,1,14,12,2,1,7,9,1,9,0,0,2,0
28,2,19,7,1,2,12,23,3,6,0,1,2,0
30,2,3,8,1,1,7,4,6,9,1,1,3,0
38,2,13,2,1,5,1,8,5,10,1,0,3,0
44,2,17,6,1,1,6,7,2,11,0,0,1,0
45,2,5,16,1,2,12,17,5,9,1,0,1,0
50,2,19,7,1,5,9,2,6,6,1,1,1,0
65,2,14,12,2,3,4,20,5,5,1,0,3,0
72,2,18,13,2,2,3,9,0,11,0,0,1,0
75,2,2,5,1,1,6,19,6,10,1,0,2,0
22,3,19,7,2,1,5,15,1,6,0,0,1,0
23,3,17,6,2,2,3,6,5,9,1,0,2,0
27,3,8,3,2,3,4,7,0,3,0,0,1,0
28,3,7,20,1,5,9,8,6,2,1,0,1,0
30,3,14,12,2,5,1,3,4,12,0,1,3,1
39,3,5,16,1,1,6,5,4,12,0,1,1,0
56,3,4,11,1,5,11,20,1,1,0,0,3,0
65,3,15,1,1,1,5,16,3,5,0,0,1,0
74,3,14,12,2,2,2,23,4,7,0,1,2,0
18,1,5,16,2,5,11,13,3,4,0,0,3,0
21,1,11,17,1,4,10,4,0,3,0,1,3,0
30,1,8,3,2,1,5,18,4,3,0,0,3,1
33,1,4,11,2,5,1,8,5,7,1,0,1,0
37,1,13,2,2,5,9,10,3,2,0,0,3,0
57,1,16,4,2,5,1,5,0,9,0,1,2,1
58,1,12,14,2,3,4,14,5,5,1,0,3,0
61,1,6,18,2,4,10,15,6,8,1,0,1,0
27,2,6,18,1,3,8,8,6,3,1,0,2,0
30,2,15,1,1,2,12,6,2,6,0,0,3,1
32,2,10,15,2,1,7,16,5,6,1,0,3,0
35,2,1,19,2,4,10,2,1,6,0,1,2,0
38,2,14,12,1,5,1,20,2,2,0,0,2,0
40,2,3,8,2,5,1,5,6,11,1,1,2,0
67,2,11,17,1,1,7,13,5,6,1,0,2,0
23,3,2,5,2,1,6,19,2,8,0,0,2,0
27,3,3,8,2,4,10,2,0,1,0,1,1,0
30,3,5,16,1,1,7,14,4,6,0,0,3,1
31,3,5,16,2,5,1,3,1,3,0,1,1,0
38,3,7,20,1,5,1,4,1,7,0,1,3,0
39,3,3,8,1,5,1,16,6,6,1,0,1,0
53,3,18,13,2,2,2,18,6,8,1,0,2,1
54,3,20,9,2,5,9,10,1,9,0,0,2,0
18,1,9,10,1,1,7,8,0,12,0,0,2,0
28,1,20,9,2,5,11,18,0,1,0,0,3,0
30,1,11,17,2,5,1,7,2,2,0,0,1,1
53,1,2,5,1,5,9,5,6,8,1,1,1,0
61,1,18,13,2,1,6,20,0,12,0,0,1,0
70,1,5,16,1,5,9,20,3,9,0,0,1,0
75,1,9,10,2,5,11,10,5,3,1,0,1,0
21,2,2,5,1,3,8,8,0,8,0,0,2,0
30,2,12,14,2,5,9,16,2,4,0,0,2,1
40,2,8,3,1,2,12,23,0,4,0,1,3,0
52,2,1,19,1,5,1,1,3,9,0,1,1,0
70,2,7,20,1,2,2,20,4,8,0,0,1,0
18,3,20,9,2,1,6,8,2,8,0,0,1,0
25,3,4,11,1,3,8,2,2,6,0,1,2,0
30,3,15,1,1,1,6,3,3,4,0,1,1,1
34,3,16,4,2,5,11,6,0,10,0,0,1,0
43,3,18,13,1,1,5,7,6,4,1,0,1,0
48,3,5,16,2,2,12,14,4,8,0,0,2,0
72,3,5,16,2,1,6,17,4,1,0,0,3,0
75,3,12,14,1,2,2,10,0,10,0,0,2,0
28,1,13,2,2,5,9,20,5,2,1,0,3,0
30,1,10,15,1,1,6,5,0,3,0,1,1,1
31,1,6,18,2,3,4,15,0,6,0,0,1,1
43,1,2,5,2,2,3,0,2,6,0,1,1,0
53,1,18,13,2,1,6,5,3,1,0,1,1,0
61,1,18,13,1,2,2,6,1,9,0,0,1,0
70,1,2,5,2,5,11,11,3,10,0,0,2,0
18,2,3,8,1,5,9,5,5,1,1,1,1,0
27,2,4,11,2,1,6,22,1,4,0,1,1,0
30,2,5,16,2,5,11,6,5,9,1,0,3,1
50,2,6,18,1,2,12,3,0,8,0,1,1,0
57,2,19,7,1,1,6,3,0,11,0,1,2,0
66,2,14,12,1,2,2,20,2,12,0,0,1,0
23,3,12,14,1,5,11,1,6,5,1,1,1,0
30,3,3,8,1,1,7,19,6,6,1,0,3,1
31,3,14,12,1,2,2,23,6,6,1,1,1,0
27,1,7,20,1,3,8,16,1,1,0,0,1,0
28,1,7,20,2,5,1,13,4,8,0,0,2,0
30,1,6,18,2,4,10,12,0,11,0,0,2,1
45,1,19,7,1,1,7,0,3,1,0,1,1,1
47,1,8,3,1,2,12,7,5,6,1,0,2,0
51,1,8,3,2,2,12,10,0,8,0,0,1,0
55,1,6,18,1,5,9,14,4,12,0,0,3,0
60,1,19,7,1,5,11,2,3,10,0,1,3,0
61,1,14,12,1,3,4,10,4,5,0,0,1,0
21,2,6,18,2,3,8,11,0,11,0,0,1,0
30,2,14,12,1,5,1,8,6,8,1,0,2,1
45,2,6,18,2,1,6,1,4,3,0,1,1,0
51,2,2,5,1,5,1,12,5,6,1,0,1,0
23,3,15,1,1,1,5,11,1,5,0,0,2,0
27,3,14,12,1,5,9,15,6,5,1,0,1,0
30,3,17,6,1,5,1,7,0,5,0,0,1,1
34,3,18,13,2,5,9,4,1,1,0,1,2,0
36,3,6,18,1,2,2,15,4,10,0,0,3,0
39,3,8,3,2,5,11,5,6,2,1,1,1,1
47,3,16,4,1,2,2,14,2,7,0,0,2,0
53,3,16,4,2,3,4,1,4,1,0,1,1,0
18,1,18,13,1,2,12,11,1,8,0,0,2,0
29,1,13,2,2,2,3,23,4,2,0,1,1,0
30,1,20,9,1,1,7,3,4,3,0,1,1,1
50,1,18,13,1,4,10,1,4,6,0,1,2,0
72,1,6,18,2,5,9,22,2,6,0,1,1,0
19,2,19,7,2,3,8,1,2,11,0,1,2,0
25,2,11,17,1,2,2,3,2,8,0,1,2,0
29,2,19,7,1,1,6,17,3,6,0,0,2,0
30,2,19,7,2,2,3,4,2,5,0,1,2,1
37,2,13,2,2,2,12,18,5,3,1,0,2,0
39,2,8,3,1,1,7,17,6,6,1,0,1,0
40,2,19,7,2,1,5,21,5,3,1,0,2,0
49,2,15,1,2,4,10,22,4,12,0,1,2,0
63,2,20,9,2,5,1,10,0,10,0,0,1,0
69,2,6,18,1,1,7,2,1,1,0,1,3,0
70,2,6,18,2,1,7,8,0,4,0,0,2,0
30,3,15,1,1,3,8,4,2,6,0,1,1,1
44,3,13,2,1,5,11,22,4,11,0,1,3,0
49,3,1,19,2,5,1,5,0,9,0,1,1,0
63,3,17,6,1,5,1,6,1,1,0,0,2,0
71,3,17,6,1,3,8,23,2,5,0,1,2,0
30,1,3,8,2,1,7,14,0,1,0,0,1,1
46,1,2,5,2,3,8,6,5,10,1,0,1,0
65,1,11,17,2,3,4,12,2,5,0,0,1,0
30,2,8,3,2,5,1,12,1,1,0,0,1,1
52,2,19,7,1,5,1,12,3,9,0,0,1,0
66,2,6,18,2,1,7,3,0,5,0,1,1,0
67,2,15,1,1,4,10,10,1,10,0,0,1,0
73,2,12,14,2,5,9,3,5,1,1,1,1,0
26,3,2,5,1,3,4,19,1,4,0,0,2,0
30,3,18,13,2,4,10,7,5,1,1,0,2,1
33,3,7,20,2,3,4,1,4,10,0,1,1,0
39,3,4,11,2,5,11,0,0,10,0,1,2,0
46,3,7,20,1,1,6,9,3,7,0,0,2,0
51,3,11,17,2,1,6,23,1,11,0,1,3,0
53,3,9,10,2,3,4,12,4,6,0,0,3,0
75,3,20,9,1,1,7,3,2,8,0,1,1,0
23,1,11,17,1,1,7,2,6,8,1,1,3,0
30,1,20,9,2,5,1,2,0,12,0,1,3,1
53,1,6,18,2,3,4,21,2,1,0,0,3,0
30,2,15,1,2,1,7,10,6,1,1,0,3,1
43,2,5,16,2,2,2,16,2,8,0,0,2,0
50,2,6,18,1,3,8,3,3,11,0,1,1,0
51,2,15,1,1,5,1,15,2,10,0,0,3,0
60,2,11,17,2,5,1,10,5,5,1,0,3,0
72,2,14,12,2,1,6,16,1,4,0,0,3,1
75,2,16,4,2,2,2,12,3,6,0,0,1,0
21,3,16,4,2,2,3,14,2,6,0,0,1,0
23,3,3,8,1,5,1,17,3,12,0,0,1,0
30,3,12,14,2,3,8,11,0,4,0,0,1,1
41,3,14,12,2,3,8,15,0,2,0,0,1,0
61,3,6,18,2,4,10,1,6,2,1,1,1,0
30,1,11,17,1,1,5,13,3,6,0,0,1,1
69,1,13,2,2,1,7,4,2,7,0,1,2,0
18,2,14,12,1,1,6,18,5,6,1,0,1,0
25,2,3,8,2,5,1,1,5,2,1,1,3,0
26,2,17,6,1,3,8,10,1,5,0,0,1,0
28,2,17,6,1,5,9,9,5,7,1,0,3,0
29,2,16,4,1,1,6,7,1,4,0,0,1,0
30,2,8,3,2,2,2,5,4,1,0,1,2,1
40,2,11,17,2,3,8,20,5,10,1,0,2,1
60,2,13,2,1,5,11,6,4,12,0,0,3,0
70,2,12,14,1,1,6,13,5,5,1,0,3,0
18,3,17,6,1,1,6,17,6,8,1,0,1,0
30,3,4,11,2,3,4,8,6,8,1,0,1,1
34,3,19,7,2,1,6,23,3,12,0,1,3,0
57,3,14,12,1,5,9,23,0,9,0,1,1,0
73,3,4,11,2,4,10,2,6,10,1,1,2,0
30,1,12,14,1,2,12,20,5,1,1,0,1,1
38,1,1,19,1,5,9,10,4,1,0,0,1,0
51,1,11,17,1,2,2,5,1,7,0,1,3,0
63,1,6,18,2,4,10,18,0,11,0,0,3,0
64,1,5,16,1,4,10,19,5,11,1,0,2,0
70,1,10,15,2,2,3,18,5,10,1,0,1,0
75,1,7,20,2,2,2,10,5,10,1,0,2,0
26,2,16,4,2,5,9,9,4,12,0,0,1,0
30,2,3,8,1,2,12,8,2,7,0,0,3,1
39,2,2,5,2,2,3,22,5,5,1,1,1,0
52,2,19,7,1,2,12,7,6,5,1,0,1,0
56,2,6,18,2,3,4,11,4,4,0,0,1,0
64,2,18,13,2,5,9,5,4,3,0,1,1,0
72,2,6,18,2,1,7,1,2,2,0,1,1,0
22,3,2,5,1,4,10,19,5,9,1,0,2,0
30,3,4,11,2,5,11,18,2,7,0,0,3,1
31,3,16,4,1,5,9,9,3,11,0,0,3,0
37,3,10,15,2,5,1,4,5,1,1,1,2,0
45,3,16,4,2,1,7,7,5,2,1,0,2,0
53,3,4,11,1,2,2,1,1,1,0,1,1,0
30,1,11,17,2,4,10,14,5,3,1,0,1,1
43,1,15,1,1,2,2,21,4,4,0,0,1,0
45,1,1,19,1,2,2,13,0,12,0,0,2,1
47,1,15,1,1,4,10,5,2,8,0,1,1,0
73,1,3,8,1,3,8,11,3,7,0,0,2,0
30,2,3,8,1,1,6,22,2,1,0,1,1,1
51,2,4,11,2,5,1,14,1,7,0,0,1,0
59,2,5,16,2,1,6,19,3,12,0,0,2,0
61,2,16,4,2,5,1,5,1,5,0,1,2,0
63,2,5,16,1,4,10,15,1,6,0,0,2,0
65,2,18,13,1,2,12,22,6,7,1,1,2,0
74,2,7,20,2,1,7,4,3,3,0,1,3,0
22,3,16,4,2,1,5,10,4,4,0,0,2,1
27,3,16,4,1,4,10,23,6,1,1,1,3,0
30,3,12,14,2,3,4,16,0,4,0,0,1,1
33,3,20,9,1,4,10,8,3,9,0,0,1,0
60,3,11,17,1,1,7,23,4,4,0,1,1,1
68,3,6,18,2,5,11,7,2,10,0,0,1,0
74,3,13,2,2,1,5,17,6,7,1,0,1,0
75,3,13,2,2,2,3,8,5,10,1,0,2,0
19,1,3,8,1,1,5,13,0,5,0,0,1,1
21,1,19,7,1,5,11,1,1,3,0,1,1,0
22,1,5,16,1,2,3,9,1,5,0,0,1,0
25,1,2,5,2,2,3,0,0,6,0,1,1,1
30,1,7,20,2,2,2,14,6,4,1,0,2,1
37,1,5,16,2,5,9,1,4,2,0,1,1,0
42,1,18,13,1,1,7,21,0,3,0,0,2,0
67,1,16,4,1,3,8,0,5,12,1,1,1,0
73,1,8,3,2,1,7,3,6,8,1,1,2,0
74,1,19,7,1,5,9,14,5,1,1,0,2,0
30,2,16,4,1,5,1,7,5,11,1,0,1,1
48,2,18,13,2,1,5,4,3,4,0,1,3,0
61,2,3,8,1,1,6,10,6,6,1,0,1,0
63,2,7,20,2,3,4,15,4,1,0,0,2,0
64,2,11,17,1,2,12,20,2,1,0,0,1,0
72,2,18,13,2,2,3,17,6,2,1,0,3,0
30,3,18,13,1,5,1,6,3,12,0,0,1,1
33,3,7,20,1,3,4,6,3,10,0,0,1,1
41,3,8,3,1,4,10,5,0,6,0,1,3,0
46,3,17,6,2,2,2,13,4,7,0,0,2,0
50,3,5,16,2,2,3,0,5,3,1,1,3,0
59,3,15,1,2,5,11,23,0,8,0,1,2,0
30,1,5,16,1,2,3,18,2,9,0,0,1,1
50,1,10,15,2,5,11,9,0,7,0,0,1,0
69,1,8,3,1,5,11,16,4,10,0,0,1,1
71,1,2,5,2,4,10,20,5,5,1,0,1,0
18,2,6,18,2,1,7,6,1,7,0,0,2,0
30,2,5,16,1,3,8,16,4,2,0,0,1,1
44,2,14,12,2,2,3,18,2,2,0,0,2,0
56,2,12,14,1,5,1,1,4,3,0,1,2,0
58,2,12,14,1,2,2,13,3,2,0,0,1,0
19,3,14,12,1,2,3,7,6,11,1,0,2,0
21,3,11,17,2,4,10,14,0,5,0,0,1,0
30,3,16,4,2,5,9,10,1,10,0,0,1,1
37,3,7,20,2,2,12,17,4,4,0,0,1,0
40,3,12,14,2,2,3,2,6,12,1,1,1,0
43,3,10,15,2,5,1,10,3,6,0,0,3,0
48,3,14,12,1,2,12,12,2,5,0,0,1,0
68,3,13,2,2,1,7,15,3,12,0,0,3,0
30,1,10,15,2,5,11,19,2,11,0,0,2,1
33,1,20,9,1,3,8,22,1,10,0,1,2,0
43,1,15,1,1,5,11,16,6,5,1,0,1,0
46,1,4,11,1,1,6,15,4,4,0,0,2,0
58,1,9,10,1,2,2,21,0,4,0,0,1,0
72,1,19,7,1,1,6,19,5,10,1,0,1,0
30,2,10,15,2,5,1,6,6,5,1,0,2,1
34,2,8,3,1,5,1,10,0,3,0,0,2,0
36,2,20,9,1,5,1,22,1,9,0,1,2,0
55,2,3,8,1,5,11,4,5,8,1,1,3,0
57,2,11,17,2,3,8,16,3,8,0,0,1,1
61,2,11,17,1,1,6,21,2,4,0,0,3,0
67,2,3,8,2,3,4,10,1,2,0,0,3,0
68,2,7,20,1,3,4,21,6,11,1,0,1,0
69,2,2,5,2,2,3,20,6,5,1,0,3,0
28,3,11,17,2,2,3,6,2,3,0,0,2,0
30,3,13,2,2,2,2,6,1,4,0,0,1,1
37,3,12,14,1,3,4,9,3,9,0,0,1,0
42,3,10,15,1,1,6,6,0,6,0,0,2,0
45,3,12,14,2,2,2,20,3,8,0,0,2,0
52,3,18,13,1,3,8,14,2,2,0,0,1,0
54,3,14,12,2,3,4,4,3,3,0,1,3,0
65,3,1,19,1,5,9,20,4,10,0,0,2,0
18,1,12,14,1,3,4,12,5,3,1,0,2,0
19,1,4,11,2,1,6,21,5,8,1,0,3,0
30,1,15,1,1,2,3,2,0,8,0,1,2,1
44,1,6,18,2,3,4,13,0,8,0,0,3,0
52,1,2,5,2,4,10,17,1,1,0,0,1,0
58,1,1,19,2,5,1,15,5,1,1,0,2,0
68,1,14,12,1,1,6,2,3,12,0,1,1,0
75,1,7,20,2,3,8,18,0,1,0,0,2,0
30,2,7,20,2,3,4,7,2,5,0,0,1,1
36,2,2,5,2,5,11,20,4,8,0,0,3,0
47,2,13,2,2,1,5,4,3,6,0,1,2,0
56,2,17,6,2,2,3,11,2,2,0,0,2,0
60,2,17,6,1,4,10,14,2,7,0,0,3,0
23,3,9,10,2,3,8,7,5,12,1,0,2,0
30,3,19,7,1,2,12,13,4,2,0,0,1,1
50,3,17,6,2,3,4,15,6,11,1,0,1,0
60,3,5,16,1,2,2,0,6,7,1,1,2,0
68,3,19,7,2,2,2,11,1,7,0,0,2,1
71,3,3,8,1,1,5,13,0,8,0,0,3,0
19,1,6,18,1,2,2,21,3,2,0,0,1,0
26,1,16,4,1,5,9,17,1,7,0,0,3,0
30,1,6,18,1,5,11,6,2,3,0,0,1,1
35,1,9,10,1,2,12,7,5,8,1,0,1,0
55,1,8,3,1,3,8,4,4,9,0,1,2,0
57,1,14,12,1,2,2,16,5,2,1,0,2,0
66,1,6,18,2,5,11,15,3,6,0,0,1,1
70,1,5,16,2,5,1,2,2,3,0,1,3,0
19,2,8,3,2,5,1,10,1,6,0,0,3,0
20,2,8,3,1,3,8,0,2,5,0,1,1,0
22,2,9,10,1,1,6,4,0,2,0,1,3,0
27,2,13,2,1,5,11,6,1,9,0,0,1,1
30,2,5,16,1,3,8,6,5,11,1,0,2,1
32,2,12,14,2,5,1,6,3,7,0,0,2,0
18,3,12,14,2,2,2,11,2,11,0,0,2,0
19,3,13,2,2,1,5,9,3,1,0,0,1,0
30,3,3,8,2,2,12,6,0,2,0,0,3,1
35,3,14,12,1,5,1,17,3,7,0,0,1,0
36,3,17,6,2,5,9,3,0,7,0,1,3,0
47,3,20,9,1,1,5,15,5,1,1,0,3,0
50,3,2,5,1,4,10,11,2,10,0,0,3,0
58,3,14,12,2,2,12,12,4,2,0,0,2,0
59,3,15,1,2,2,2,2,4,5,0,1,1,0
66,3,18,13,1,1,6,1,1,3,0,1,2,0
72,3,10,15,1,1,7,8,6,8,1,0,1,0
75,3,16,4,2,1,5,4,2,8,0,1,2,0
19,1,19,7,2,2,2,9,3,1,0,0,2,0
30,1,11,17,2,2,3,15,0,2,0,0,1,1
31,1,11,17,1,5,9,16,0,10,0,0,1,0
43,1,19,7,1,3,8,0,6,3,1,1,2,0
45,1,2,5,1,1,7,1,6,2,1,1,3,0
53,1,2,5,2,1,6,22,6,1,1,1,1,1
18,2,13,2,2,3,8,2,6,12,1,1,3,0
19,2,6,18,1,5,1,16,0,9,0,0,2,0
30,2,3,8,1,5,9,14,1,7,0,0,3,1
32,2,15,1,2,2,3,3,6,2,1,1,2,0
37,2,7,20,2,1,6,19,4,10,0,0,1,0
43,2,17,6,1,3,4,6,6,4,1,0,3,0
44,2,17,6,2,5,11,7,2,10,0,0,1,0
47,2,14,12,2,4,10,7,1,10,0,0,1,0
50,2,5,16,1,2,3,11,4,11,0,0,3,0
55,2,19,7,1,5,1,23,0,8,0,1,2,0
60,2,13,2,1,1,6,22,6,4,1,1,3,0
71,2,3,8,1,1,7,18,1,8,0,0,1,0
30,3,11,17,2,1,5,17,1,6,0,0,2,1
45,3,20,9,1,1,7,0,2,6,0,1,1,1
57,3,4,11,1,3,4,0,1,8,0,1,1,0
65,3,19,7,1,2,2,11,6,9,1,0,1,0
19,1,3,8,1,5,1,0,6,5,1,1,1,0
30,1,18,13,1,5,9,11,6,1,1,0,1,1
49,1,11,17,1,3,4,9,0,7,0,0,1,0
50,1,14,12,2,1,6,10,4,8,0,0,2,0
51,1,11,17,2,4,10,9,2,5,0,0,2,0
60,1,7,20,2,5,9,22,4,7,0,1,1,0
21,2,10,15,1,2,3,0,5,6,1,1,3,0
24,2,6,18,2,3,4,4,3,12,0,1,2,0
30,2,19,7,1,2,2,10,3,2,0,0,3,1
50,2,3,8,1,5,1,20,1,11,0,0,1,0
53,2,5,16,2,1,7,14,1,4,0,0,1,0
75,2,9,10,1,1,6,16,6,8,1,0,3,0
18,3,15,1,2,3,4,5,2,6,0,1,1,1
28,3,6,18,1,2,2,17,6,11,1,0,2,0
30,3,16,4,1,4,10,5,1,11,0,1,2,1
49,3,20,9,1,3,4,10,5,2,1,0,1,0
72,3,15,1,2,1,7,0,6,6,1,1,3,0
25,1,12,14,1,2,12,18,6,6,1,0,1,0
30,1,9,10,2,1,6,6,2,5,0,0,2,1
56,1,14,12,1,2,2,10,3,2,0,0,1,0
59,1,15,1,1,1,5,7,4,9,0,0,2,0
60,1,14,12,1,2,2,5,6,9,1,1,2,0
62,1,6,18,2,5,1,5,1,7,0,1,2,0
69,1,12,14,2,5,11,19,5,11,1,0,1,0
70,1,17,6,2,2,2,17,6,12,1,0,1,0
19,2,8,3,1,1,6,13,2,5,0,0,1,0
26,2,12,14,1,4,10,10,5,11,1,0,2,0
27,2,1,19,1,2,3,6,0,1,0,0,2,0
30,2,17,6,1,3,8,3,1,4,0,1,1,1
40,2,16,4,1,4,10,7,1,5,0,0,2,0
42,2,4,11,1,3,4,7,0,5,0,0,1,0
45,2,2,5,2,2,12,11,6,2,1,0,2,0
22,3,12,14,2,3,8,7,1,4,0,0,2,0
30,3,9,10,2,1,6,17,5,2,1,0,1,1
66,3,15,1,2,4,10,9,0,12,0,0,1,0
72,3,1,19,1,2,12,0,6,12,1,1,1,0
30,1,17,6,2,5,1,3,0,3,0,1,2,1
31,1,19,7,2,3,4,10,6,10,1,0,3,0
38,1,8,3,2,3,8,15,1,11,0,0,1,0
59,1,18,13,2,5,9,23,6,7,1,1,3,0
62,1,20,9,2,3,4,20,2,5,0,0,3,0
25,2,15,1,2,2,2,10,3,3,0,0,3,0
30,2,10,15,2,4,10,13,0,1,0,0,1,1
43,2,17,6,1,1,5,23,4,7,0,1,1,0
46,2,12,14,1,1,6,19,6,12,1,0,1,0
64,2,7,20,2,1,6,16,3,7,0,0,1,0
30,3,12,14,1,5,9,0,5,1,1,1,2,1
45,3,12,14,2,2,2,8,5,7,1,0,2,0
50,3,8,3,1,2,2,18,5,10,1,0,2,0
59,3,7,20,2,2,2,14,4,9,0,0,1,0
28,1,6,18,1,2,12,14,6,11,1,0,1,0
29,1,8,3,1,2,2,17,0,1,0,0,1,0
30,1,1,19,1,1,7,15,3,10,0,0,2,1
35,1,12,14,2,1,5,16,2,12,0,0,2,0
64,1,8,3,1,3,8,18,5,4,1,0,1,0
69,1,17,6,1,5,11,0,0,4,0,1,2,1
70,1,5,16,1,2,2,0,6,7,1,1,2,0
72,1,2,5,1,5,1,7,5,5,1,0,3,0
24,2,2,5,1,2,2,17,0,3,0,0,2,0
25,2,2,5,1,2,12,5,0,5,0,1,3,1
26,2,18,13,1,4,10,21,4,1,0,0,1,0
28,2,12,14,1,5,1,7,0,9,0,0,3,0
30,2,10,15,2,4,10,22,2,1,0,1,3,1
34,2,18,13,2,5,11,13,2,2,0,0,2,0
55,2,6,18,1,4,10,21,3,2,0,0,2,0
25,3,10,15,1,5,9,17,5,4,1,0,3,0
30,3,20,9,2,4,10,5,0,11,0,1,2,1
32,3,14,12,2,2,3,13,1,8,0,0,2,0
47,3,5,16,1,1,5,21,3,10,0,0,2,1
51,3,5,16,1,5,1,10,0,10,0,0,3,0
53,3,9,10,1,3,8,9,1,3,0,0,1,0
67,3,10,15,1,2,3,0,2,4,0,1,1,0
69,3,8,3,2,1,7,13,6,12,1,0,2,0
71,3,6,18,1,1,6,0,3,12,0,1,3,0
20,1,14,12,2,2,12,16,4,6,0,0,1,0
30,1,17,6,2,5,11,3,6,1,1,1,1,1
39,1,9,10,1,3,4,10,2,10,0,0,3,0
48,1,18,13,2,3,4,20,5,3,1,0,1,0
51,1,18,13,1,4,10,6,2,2,0,0,2,0
56,1,11,17,2,5,9,11,1,6,0,0,3,0
57,1,9,10,2,3,8,3,3,6,0,1,2,0
63,1,8,3,2,2,3,19,0,12,0,0,2,0
72,1,5,16,2,1,7,4,0,6,0,1,1,0
74,1,16,4,2,2,3,9,5,9,1,0,1,0
75,1,15,1,2,1,7,23,6,1,1,1,2,0
23,2,4,11,1,1,5,17,3,6,0,0,2,0
25,2,19,7,2,4,10,12,2,8,0,0,1,0
30,2,5,16,1,2,2,16,4,5,0,0,3,1
32,2,10,15,2,1,5,0,1,4,0,1,2,0
48,2,10,15,1,2,3,9,2,6,0,0,1,0
73,2,12,14,1,3,8,8,6,12,1,0,1,0
30,3,8,3,2,5,9,6,4,5,0,0,2,1
38,3,14,12,2,5,11,0,3,3,0,1,1,0
40,3,3,8,1,3,8,0,2,6,0,1,1,0
47,3,17,6,1,1,7,14,6,1,1,0,1,0
64,3,4,11,1,3,8,0,5,7,1,1,1,0
30,1,16,4,2,1,6,12,6,5,1,0,2,1
31,1,11,17,2,1,6,7,1,5,0,0,3,0
32,1,11,17,1,1,6,21,2,6,0,0,2,0
34,1,2,5,2,1,7,9,2,10,0,0,1,0
37,1,5,16,1,5,1,15,5,5,1,0,2,0
38,1,20,9,2,1,6,16,6,4,1,0,2,0
43,1,3,8,1,3,4,1,3,3,0,1,2,0
46,1,13,2,2,1,5,7,5,2,1,0,2,0
50,1,6,18,1,5,11,14,3,1,0,0,3,0
59,1,14,12,1,2,3,17,6,10,1,0,1,0
20,2,4,11,2,1,6,22,1,4,0,1,1,0
21,2,12,14,2,5,9,3,3,8,0,1,2,0
30,2,20,9,1,5,9,0,4,2,0,1,3,1
37,2,2,5,2,3,4,12,2,5,0,0,2,0
47,2,3,8,1,2,3,13,2,11,0,0,3,0
63,2,19,7,2,3,4,7,6,9,1,0,2,0
66,2,13,2,2,3,4,14,6,5,1,0,2,0
70,2,19,7,2,3,4,10,6,10,1,0,3,0
24,3,19,7,1,5,9,16,5,5,1,0,1,1
25,3,4,11,1,3,4,17,6,12,1,0,2,0
30,3,15,1,1,3,8,3,4,4,0,1,1,1
49,3,18,13,2,5,11,7,2,11,0,0,1,0
51,3,10,15,2,1,7,13,5,1,1,0,3,0
70,3,11,17,1,2,2,16,3,9,0,0,1,0
18,1,7,20,2,5,9,21,5,7,1,0,1,0
30,1,8,3,1,2,2,23,4,2,0,1,1,1
47,1,20,9,2,5,9,22,0,11,0,1,1,0
49,1,15,1,2,1,6,2,0,9,0,1,3,0
57,1,13,2,2,1,7,15,3,12,0,0,3,0
69,1,8,3,1,3,8,12,5,5,1,0,2,0
70,1,10,15,2,5,9,21,6,2,1,0,1,1
72,1,18,13,2,1,5,1,4,10,0,1,2,0
20,2,14,12,2,1,5,0,1,5,0,1,2,0
27,2,18,13,2,2,3,18,1,6,0,0,1,0
30,2,8,3,1,2,2,11,3,3,0,0,2,1
44,2,14,12,1,5,9,6,0,1,0,0,2,0
46,2,4,11,1,3,4,7,0,4,0,0,2,0
59,2,16,4,1,1,6,15,0,11,0,0,2,0
67,2,12,14,2,3,8,13,0,6,0,0,3,0
75,2,8,3,1,2,12,22,2,10,0,1,1,0
20,3,1,19,1,4,10,10,5,6,1,0,1,0
27,3,6,18,2,1,6,2,4,1,0,1,1,0
30,3,14,12,2,3,8,1,4,1,0,1,3,1
40,3,10,15,1,1,7,0,3,4,0,1,1,0
60,3,9,10,2,2,12,22,6,9,1,1,1,0
63,3,12,14,1,1,5,1,2,5,0,1,3,0
30,1,9,10,2,3,4,9,1,3,0,0,1,1
49,1,10,15,1,5,9,17,2,11,0,0,2,0
67,1,16,4,1,2,3,11,0,4,0,0,2,0
74,1,8,3,1,2,12,14,4,1,0,0,2,0
75,1,7,20,2,5,11,17,1,4,0,0,1,0
21,2,8,3,1,5,1,5,4,9,0,1,1,0
22,2,7,20,1,5,1,8,0,10,0,0,1,0
27,2,9,10,2,3,4,8,2,5,0,0,1,0
30,2,10,15,2,3,8,8,5,7,1,0,2,1
31,2,20,9,1,1,6,23,2,5,0,1,2,0
33,2,14,12,1,1,5,15,5,2,1,0,1,0
34,2,16,4,1,1,5,1,2,3,0,1,3,1
43,2,8,3,2,2,2,9,3,8,0,0,1,0
30,3,12,14,2,3,4,9,3,3,0,0,1,1
63,3,2,5,1,3,4,20,0,4,0,0,1,0
74,3,17,6,2,1,6,15,3,9,0,0,3,0
18,1,1,19,1,1,7,11,2,7,0,0,1,0
30,1,2,5,1,1,6,2,1,1,0,1,2,1
42,1,8,3,2,2,3,11,3,2,0,0,3,1
45,1,14,12,1,3,4,21,3,7,0,0,1,0
54,1,13,2,2,1,5,21,4,3,0,0,1,0
57,1,19,7,1,5,11,2,3,10,0,1,3,0
30,2,5,16,1,4,10,0,1,8,0,1,1,1
31,2,14,12,1,2,3,10,0,10,0,0,1,0
42,2,7,20,2,2,3,18,6,8,1,0,3,0
45,2,13,2,1,2,2,14,5,3,1,0,1,0
47,2,4,11,2,1,5,10,1,1,0,0,2,0
56,2,11,17,2,3,4,10,0,4,0,0,1,0
71,2,6,18,1,2,3,16,2,1,0,0,2,0
27,3,15,1,2,2,3,18,2,4,0,0,3,0
30,3,6,18,2,1,5,15,1,3,0,0,2,1
34,3,18,13,2,2,2,19,6,6,1,0,1,0
38,3,1,19,1,2,3,7,5,5,1,0,1,0
46,3,7,20,2,5,11,16,3,3,0,0,3,0
64,3,6,18,2,5,9,13,1,9,0,0,1,0
75,3,17,6,1,3,4,2,2,12,0,1,1,0
22,1,9,10,2,1,5,22,1,7,0,1,2,0
26,1,1,19,1,1,7,12,2,1,0,0,1,0
30,1,6,18,2,4,10,17,1,2,0,0,2,1
40,1,12,14,2,3,8,19,0,2,0,0,2,0
54,1,17,6,2,3,4,19,3,12,0,0,1,0
60,1,2,5,2,2,2,1,0,1,0,1,1,0
62,1,15,1,1,4,10,13,0,6,0,0,2,0
66,1,6,18,2,5,9,21,5,3,1,0,1,1
69,1,4,11,2,5,9,15,2,6,0,0,3,0
70,1,16,4,1,3,8,20,4,9,0,0,3,0
25,2,18,13,1,1,5,6,2,7,0,0,1,0
30,2,3,8,1,5,1,18,2,3,0,0,2,1
37,2,19,7,2,2,2,10,3,6,0,0,2,0
38,2,3,8,2,1,5,10,0,8,0,0,2,0
44,2,4,11,2,3,8,6,4,6,0,0,1,0
47,2,12,14,1,1,7,11,0,9,0,0,2,0
49,2,15,1,1,5,11,14,5,6,1,0,2,0
63,2,17,6,1,1,6,5,5,6,1,1,1,1
64,2,20,9,1,2,3,23,2,9,0,1,2,0
70,2,3,8,2,5,9,3,1,7,0,1,2,1
30,3,5,16,2,2,2,16,0,2,0,0,1,1
42,3,2,5,2,3,4,20,2,12,0,0,2,0
52,3,4,11,1,1,5,8,6,5,1,0,3,0
59,3,19,7,2,1,5,14,2,3,0,0,1,0
65,3,4,11,1,5,1,3,4,10,0,1,3,0
21,1,12,14,2,3,4,10,2,11,0,0,3,0
30,1,1,19,1,5,11,20,3,8,0,0,1,1
38,1,19,7,1,2,2,20,3,4,0,0,1,0
49,1,12,14,2,4,10,22,4,3,0,1,2,0
60,1,17,6,2,5,9,16,6,9,1,0,2,0
63,1,12,14,1,2,12,5,1,12,0,1,1,0
65,1,6,18,1,3,4,21,2,6,0,0,1,0
70,1,5,16,1,1,7,22,1,7,0,1,2,1
24,2,17,6,2,3,8,8,2,10,0,0,1,0
28,2,18,13,2,5,11,4,2,3,0,1,3,0
30,2,15,1,1,1,5,16,3,6,0,0,1,1
43,2,3,8,2,1,7,19,1,5,0,0,1,0
50,2,10,15,2,2,2,4,2,4,0,1,1,0
59,2,1,19,2,5,1,0,3,5,0,1,3,0
60,2,18,13,1,1,5,10,1,5,0,0,3,0
63,2,4,11,1,1,7,21,6,4,1,0,1,0
64,2,2,5,2,1,6,12,5,11,1,0,2,1
24,3,18,13,2,1,5,4,3,4,0,1,3,0
30,3,17,6,2,5,11,14,4,3,0,0,1,1
52,3,12,14,1,2,3,9,4,8,0,0,1,0
53,3,7,20,1,2,2,12,1,2,0,0,3,0
61,3,12,14,2,2,3,7,5,5,1,0,1,0
72,3,5,16,2,2,2,14,6,1,1,0,1,0
30,1,8,3,1,3,4,19,5,11,1,0,2,1
31,1,13,2,1,2,12,4,3,12,0,1,3,0
48,1,11,17,1,2,12,12,0,2,0,0,3,0
52,1,8,3,1,5,9,6,1,1,0,0,1,0
53,1,7,20,1,1,5,18,2,3,0,0,1,0
54,1,18,13,2,1,7,0,2,1,0,1,1,0
56,1,3,8,1,5,1,9,3,3,0,0,2,0
29,2,16,4,1,5,11,2,2,5,0,1,1,0
30,2,17,6,1,5,1,19,3,3,0,0,1,1
64,2,2,5,2,1,7,5,3,1,0,1,3,0
66,2,2,5,2,1,7,19,2,1,0,0,1,0
71,2,18,13,2,3,4,23,1,2,0,1,2,0
73,2,16,4,2,1,7,9,2,3,0,0,1,0
21,3,19,7,1,3,8,7,5,12,1,0,2,0
30,3,10,15,2,5,11,7,4,9,0,0,3,1
34,3,5,16,2,1,5,0,1,5,0,1,2,0
49,3,1,19,2,3,4,6,5,8,1,0,1,0
51,3,9,10,1,3,8,21,0,8,0,0,1,0
68,3,15,1,1,2,3,13,3,12,0,0,2,0
71,3,14,12,2,5,9,4,3,9,0,1,2,0
74,3,12,14,2,1,6,8,3,1,0,0,3,0
21,1,3,8,1,1,5,1,6,7,1,1,1,0
30,1,2,5,1,1,7,15,6,12,1,0,1,1
36,1,15,1,1,2,12,15,0,3,0,0,3,0
50,1,13,2,1,3,4,4,0,6,0,1,1,0
51,1,10,15,1,1,6,8,6,9,1,0,3,0
58,1,17,6,1,2,2,15,4,1,0,0,2,0
74,1,15,1,1,2,2,10,6,10,1,0,1,0
30,2,12,14,2,4,10,2,2,2,0,1,2,1
36,2,17,6,2,2,2,23,3,7,0,1,2,0
48,2,13,2,2,2,12,14,4,12,0,0,1,0
56,2,5,16,2,5,1,13,3,8,0,0,1,0
62,2,17,6,2,2,2,8,2,10,0,0,2,0
71,2,11,17,2,3,8,3,2,1,0,1,1,0
18,3,5,16,1,2,2,22,0,9,0,1,3,0
19,3,10,15,1,5,11,13,2,3,0,0,2,0
30,3,4,11,1,5,9,12,2,5,0,0,2,1
37,3,5,16,2,5,9,0,6,4,1,1,1,0
41,3,14,12,1,1,5,4,5,6,1,1,3,0
53,3,4,11,1,2,12,11,6,10,1,0,1,0
60,3,7,20,2,3,8,23,2,5,0,1,1,1
74,3,3,8,1,1,6,2,6,1,1,1,1,0
19,1,1,19,1,2,2,23,4,7,0,1,1,0
25,1,2,5,2,2,12,7,6,8,1,0,3,0
27,1,11,17,2,2,12,19,6,12,1,0,3,0
29,1,5,16,2,1,5,19,1,6,0,0,3,0
30,1,18,13,2,2,3,5,1,2,0,1,1,1
53,1,1,19,2,2,3,12,1,5,0,0,2,0
54,1,7,20,2,1,6,11,3,12,0,0,1,0
59,1,12,14,1,3,8,22,5,7,1,1,2,0
73,1,2,5,1,3,4,23,0,3,0,1,1,0
24,2,7,20,2,5,11,13,1,8,0,0,3,0
30,2,2,5,1,2,3,7,1,12,0,0,1,1
35,2,14,12,2,2,3,13,3,9,0,0,2,0
46,2,5,16,2,1,5,10,4,5,0,0,2,0
25,3,6,18,2,3,4,21,2,1,0,0,3,0
30,3,6,18,1,2,3,13,5,1,1,0,2,1
38,3,4,11,2,5,11,13,0,12,0,0,3,0
40,3,19,7,2,3,4,10,6,12,1,0,2,0
46,3,14,12,1,5,1,11,6,12,1,0,1,0
53,3,15,1,1,2,2,1,6,5,1,1,2,0
55,3,19,7,1,2,3,10,6,7,1,0,1,0
68,3,2,5,2,5,1,11,5,7,1,0,2,0
70,3,12,14,2,1,7,3,2,4,0,1,3,0
29,1,18,13,1,5,1,18,3,6,0,0,1,0
30,1,19,7,2,4,10,11,4,2,0,0,1,1
62,1,5,16,1,1,7,2,1,3,0,1,1,1
65,1,4,11,2,4,10,8,2,5,0,0,1,1
67,1,2,5,1,5,1,16,1,11,0,0,3,0
20,2,17,6,1,3,4,20,3,8,0,0,1,0
22,2,14,12,2,1,7,22,0,7,0,1,1,0
28,2,15,1,2,1,6,22,6,10,1,1,2,0
30,2,18,13,1,2,3,4,6,3,1,1,1,1
36,2,8,3,2,1,6,20,0,1,0,0,2,0
40,2,12,14,2,2,12,19,4,8,0,0,2,0
41,2,10,15,1,1,6,8,4,11,0,0,3,0
62,2,15,1,1,3,4,4,6,8,1,1,2,0
67,2,10,15,1,2,3,19,3,7,0,0,3,0
69,2,3,8,1,2,2,1,0,10,0,1,2,0
75,2,9,10,1,1,7,10,5,5,1,0,2,0
25,3,9,10,2,5,9,2,1,5,0,1,1,0
27,3,2,5,1,1,5,22,1,8,0,1,2,0
30,3,20,9,2,2,12,18,5,7,1,0,1,1
43,3,1,19,1,5,1,9,0,1,0,0,1,0
51,3,20,9,2,2,12,9,6,9,1,0,1,0
53,3,10,15,2,5,1,13,6,8,1,0,1,0
64,3,14,12,2,1,5,7,5,2,1,0,3,0
22,1,19,7,1,2,3,4,1,8,0,1,3,0
30,1,18,13,2,2,3,20,6,9,1,0,1,1
36,1,5,16,1,5,1,20,0,5,0,0,1,0
44,1,5,16,1,5,1,13,5,1,1,0,1,0
48,1,8,3,1,1,5,13,3,7,0,0,1,0
67,1,20,9,2,2,12,0,4,10,0,1,2,0
69,1,9,10,2,1,7,17,6,1,1,0,1,0
70,1,11,17,1,5,9,0,2,4,0,1,1,0
71,1,11,17,2,3,4,13,5,1,1,0,1,0
73,1,8,3,2,3,4,5,3,2,0,1,3,0
30,2,5,16,2,2,2,17,1,9,0,0,3,1
47,2,18,13,1,3,8,2,4,2,0,1,1,0
55,2,6,18,1,1,6,7,1,11,0,0,1,0
62,2,15,1,2,3,8,14,2,4,0,0,2,0
69,2,2,5,1,5,1,6,6,1,1,0,1,0
75,2,12,14,1,1,6,9,0,10,0,0,2,0
27,3,16,4,1,3,8,12,5,6,1,0,1,0
30,3,9,10,1,2,12,10,6,3,1,0,3,1
39,3,17,6,2,5,11,18,3,3,0,0,1,0
54,3,6,18,1,2,3,12,2,11,0,0,1,0
61,3,9,10,2,5,11,20,1,10,0,0,2,0
69,3,5,16,1,2,3,18,4,4,0,0,1,0
21,1,20,9,1,5,1,11,2,9,0,0,1,0
30,1,3,8,1,5,1,13,2,1,0,0,1,1
31,1,8,3,2,1,7,21,2,6,0,0,1,0
38,1,20,9,2,3,4,12,6,7,1,0,1,0
57,1,7,20,1,1,7,15,5,11,1,0,1,0
58,1,5,16,2,3,4,9,3,1,0,0,2,0
30,2,18,13,1,1,7,5,5,1,1,1,1,1
44,2,9,10,1,5,11,18,5,3,1,0,1,0
60,2,18,13,2,2,12,21,6,5,1,0,3,0
27,3,7,20,2,5,11,13,5,10,1,0,2,0
28,3,18,13,2,4,10,5,4,9,0,1,2,0
30,3,18,13,1,5,9,19,4,8,0,0,2,1
33,3,12,14,2,5,9,6,1,12,0,0,3,0
43,3,4,11,2,5,1,2,1,1,0,1,2,0
47,3,20,9,1,5,9,14,6,4,1,0,3,0
54,3,10,15,2,5,11,20,2,10,0,0,1,0
75,3,9,10,2,3,4,15,1,6,0,0,3,0
22,1,19,7,2,3,4,10,3,1,0,0,1,0
25,1,10,15,1,3,8,10,2,1,0,0,1,0
27,1,14,12,1,2,2,22,0,5,0,1,1,0
30,1,15,1,2,1,7,21,3,5,0,0,1,1
51,1,12,14,2,5,1,10,5,2,1,0,2,0
58,1,14,12,1,2,2,10,0,5,0,0,1,0
63,1,16,4,2,2,12,22,3,10,0,1,3,0
28,2,12,14,1,1,5,13,2,4,0,0,2,0
30,2,20,9,2,1,7,12,0,4,0,0,2,1
37,2,11,17,2,1,5,0,0,8,0,1,1,0
38,2,10,15,2,1,5,4,3,10,0,1,1,0
49,2,19,7,1,3,8,16,1,9,0,0,2,0
53,2,18,13,2,2,2,22,6,3,1,1,1,0
63,2,7,20,2,3,8,23,2,10,0,1,2,0
75,2,5,16,2,1,7,20,2,2,0,0,1,0
30,3,19,7,2,2,2,23,3,1,0,1,1,1
38,3,1,19,2,1,5,19,2,4,0,0,3,0
55,3,1,19,1,2,3,21,5,1,1,0,2,0
56,3,20,9,2,1,7,22,5,6,1,1,3,0
64,3,5,16,2,2,3,21,2,10,0,0,1,0
74,3,15,1,1,3,8,4,6,11,1,1,3,0
24,1,9,10,2,2,2,9,6,1,1,0,2,0
29,1,18,13,2,5,9,20,3,1,0,0,1,0
30,1,14,12,2,5,11,0,5,7,1,1,1,1
54,1,1,19,1,1,7,21,1,4,0,0,2,0
55,1,2,5,2,5,11,13,0,11,0,0,1,0
60,1,5,16,1,5,9,18,5,3,1,0,1,0
66,1,10,15,1,1,7,22,1,3,0,1,1,0
68,1,10,15,1,3,8,2,0,8,0,1,2,0
69,1,20,9,2,4,10,5,4,7,0,1,1,0
26,2,9,10,2,3,4,11,1,12,0,0,2,0
30,2,12,14,1,3,8,22,5,3,1,1,3,1
42,2,9,10,2,3,4,20,4,1,0,0,1,0
45,2,3,8,2,3,8,10,3,9,0,0,2,0
51,2,12,14,1,3,4,15,4,9,0,0,1,0
61,2,4,11,1,2,2,9,1,5,0,0,1,0
71,2,20,9,1,2,2,6,5,2,1,0,1,0
28,3,9,10,2,5,9,16,1,5,0,0,1,0
29,3,3,8,1,1,6,17,2,3,0,0,3,0
30,3,11,17,2,4,10,11,5,3,1,0,2,1
35,3,5,16,1,2,3,11,3,6,0,0,2,0
42,3,13,2,2,3,4,3,5,5,1,1,2,0
60,3,13,2,2,2,12,9,0,5,0,0,3,0
65,3,1,19,2,5,1,11,5,5,1,0,2,0
66,3,19,7,2,1,6,7,0,8,0,0,1,0
25,1,3,8,2,4,10,17,5,8,1,0,1,0
30,1,12,14,1,1,6,9,0,10,0,0,2,1
35,1,20,9,1,1,5,12,1,12,0,0,1,0
30,2,20,9,2,3,8,19,6,1,1,0,3,1
55,2,18,13,1,5,9,4,6,1,1,1,1,1
57,2,14,12,1,3,4,7,1,1,0,0,1,0
68,2,7,20,1,2,3,2,1,3,0,1,1,0
73,2,3,8,2,3,8,14,4,4,0,0,1,0
18,3,13,2,2,3,8,6,2,9,0,0,2,0
26,3,18,13,2,5,9,22,1,6,0,1,3,0
30,3,2,5,1,2,12,19,1,2,0,0,2,1
62,3,1,19,1,5,1,1,4,5,0,1,3,0
30,1,5,16,1,1,5,2,1,12,0,1,1,1
43,1,5,16,2,3,4,20,5,2,1,0,1,0
54,1,18,13,1,1,7,17,2,4,0,0,1,0
30,2,10,15,1,3,8,12,0,4,0,0,2,1
41,2,10,15,2,5,9,2,1,8,0,1,3,0
64,2,10,15,1,2,2,5,5,3,1,1,3,0
69,2,19,7,2,1,5,4,6,9,1,1,1,0
74,2,15,1,1,1,7,6,4,6,0,0,1,0
26,3,13,2,1,1,6,15,1,8,0,0,3,0
30,3,11,17,2,1,6,5,4,11,0,1,1,1
40,3,18,13,2,5,11,20,6,5,1,0,1,0
41,3,7,20,2,5,1,1,4,6,0,1,2,0
53,3,6,18,1,4,10,23,6,1,1,1,2,0
56,3,7,20,1,1,6,10,0,3,0,0,2,0
65,3,3,8,2,5,9,0,4,1,0,1,1,0
72,3,16,4,2,4,10,20,5,4,1,0,3,0
75,3,16,4,1,3,4,20,3,2,0,0,1,0
23,1,10,15,2,3,8,14,0,11,0,0,1,0
28,1,12,14,2,2,12,19,4,8,0,0,2,0
30,1,4,11,2,3,8,3,6,7,1,1,3,1
40,1,1,19,1,5,1,2,1,10,0,1,3,1
44,1,18,13,2,2,2,22,1,7,0,1,2,0
51,1,6,18,1,3,8,11,0,9,0,0,3,0
52,1,16,4,1,5,9,3,6,8,1,1,1,0
30,2,1,19,2,2,12,22,1,8,0,1,2,1
32,2,13,2,2,1,6,19,0,9,0,0,1,0
39,2,8,3,1,5,1,21,5,10,1,0,1,0
45,2,6,18,1,4,10,9,3,5,0,0,1,0
46,2,20,9,2,2,2,6,5,1,1,0,1,0
56,2,8,3,1,1,5,4,6,8,1,1,2,0
59,2,5,16,2,1,5,0,3,3,0,1,3,0
18,3,14,12,1,1,7,11,3,4,0,0,3,0
30,3,16,4,2,3,4,20,3,10,0,0,3,1
43,3,4,11,2,5,11,0,0,4,0,1,1,0
49,3,10,15,2,3,8,7,2,5,0,0,2,1
61,3,12,14,2,1,6,11,3,7,0,0,2,0
71,3,20,9,1,2,3,10,1,9,0,0,2,0
19,1,16,4,1,1,5,11,6,4,1,0,1,0
24,1,18,13,1,2,2,14,2,3,0,0,1,1
30,1,8,3,1,2,3,12,3,2,0,0,1,1
50,1,13,2,2,2,3,4,6,9,1,1,1,0
55,1,9,10,2,1,5,8,6,11,1,0,2,0
65,1,7,20,2,1,6,17,3,3,0,0,1,0
67,1,6,18,1,1,6,22,0,12,0,1,1,0
70,1,7,20,1,2,2,4,5,12,1,1,1,0
19,2,11,17,1,4,10,15,5,5,1,0,3,0
30,2,5,16,2,2,2,12,4,4,0,0,1,1
44,2,6,18,1,4,10,8,2,5,0,0,3,1
46,2,16,4,2,1,6,7,0,2,0,0,1,0
55,2,20,9,1,4,10,20,2,12,0,0,1,0
62,2,19,7,1,1,6,9,1,1,0,0,1,0
67,2,15,1,2,1,5,11,0,6,0,0,2,0
71,2,8,3,1,2,3,21,3,1,0,0,3,1
18,3,14,12,2,2,3,11,5,8,1,0,1,0
30,3,20,9,1,5,1,2,0,9,0,1,2,1
33,3,12,14,2,1,7,21,0,4,0,0,2,0
37,3,20,9,2,3,8,19,5,4,1,0,1,0
51,3,12,14,2,1,5,1,1,9,0,1,2,0
53,3,17,6,1,5,9,8,6,3,1,0,2,0
69,3,3,8,2,5,1,21,1,1,0,0,1,0
71,3,19,7,1,2,3,23,2,3,0,1,3,0
30,1,10,15,1,2,2,5,5,3,1,1,3,1
41,1,15,1,2,4,10,20,5,4,1,0,2,0
42,1,13,2,1,2,12,19,4,8,0,0,1,0
53,1,3,8,1,1,6,0,3,1,0,1,3,0
57,1,2,5,2,5,1,11,5,7,1,0,2,0
61,1,7,20,2,2,3,6,6,10,1,0,2,0
66,1,9,10,1,1,5,12,4,10,0,0,2,0
68,1,14,12,1,1,5,4,5,6,1,1,3,0
30,2,8,3,2,1,6,17,1,7,0,0,2,1
36,2,6,18,2,1,5,20,2,2,0,0,1,0
63,2,16,4,2,2,2,15,6,10,1,0,3,0
65,2,2,5,1,5,1,7,5,5,1,0,3,1
30,3,11,17,2,5,1,11,6,8,1,0,1,1
66,3,17,6,1,2,3,10,0,4,0,0,1,0
69,3,6,18,2,1,6,6,3,8,0,0,1,0
18,1,5,16,1,3,4,17,5,1,1,0,1,0
27,1,9,10,2,3,4,17,0,9,0,0,2,0
30,1,1,19,1,1,5,15,1,5,0,0,1,1
55,1,13,2,2,1,7,18,5,9,1,0,3,0
26,2,20,9,2,2,2,14,1,10,0,0,3,0
28,2,9,10,2,3,8,14,4,9,0,0,1,0
30,2,8,3,2,2,12,10,2,6,0,0,2,1
34,2,13,2,2,1,7,2,6,9,1,1,3,0
36,2,15,1,1,5,1,15,3,4,0,0,2,0
42,2,5,16,2,5,9,14,6,6,1,0,1,0
47,2,3,8,2,1,5,1,6,11,1,1,1,0
61,2,10,15,2,5,1,14,5,4,1,0,1,0
64,2,9,10,1,3,4,1,3,2,0,1,1,0
30,3,19,7,2,3,8,10,2,2,0,0,3,1
34,3,6,18,1,3,4,5,5,9,1,1,1,1
50,3,18,13,2,3,4,10,6,11,1,0,1,0
60,3,7,20,1,5,1,2,2,5,0,1,3,0
72,3,8,3,2,5,9,12,5,4,1,0,1,0
73,3,6,18,1,2,12,14,5,5,1,0,3,0
19,1,13,2,1,5,11,12,4,9,0,0,1,0
24,1,16,4,2,1,5,16,2,11,0,0,2,0
30,1,17,6,2,1,7,10,0,6,0,0,2,1
47,1,7,20,2,5,9,8,2,10,0,0,3,0
49,1,7,20,2,1,7,10,1,11,0,0,2,0
52,1,8,3,2,2,2,5,1,10,0,1,2,0
64,1,17,6,2,2,3,7,4,6,0,0,2,1
22,2,6,18,2,5,11,12,1,12,0,0,1,0
28,2,14,12,2,2,3,1,1,6,0,1,1,0
30,2,17,6,2,1,7,12,4,2,0,0,2,1
32,2,9,10,2,5,11,16,6,6,1,0,2,0
33,2,11,17,2,1,5,20,3,1,0,0,2,0
55,2,3,8,1,5,1,12,4,7,0,0,2,0
58,2,8,3,1,4,10,22,6,1,1,1,1,0
73,2,4,11,2,5,11,23,5,1,1,1,1,0
19,3,9,10,2,5,11,18,2,8,0,0,1,0
25,3,2,5,2,1,6,19,3,6,0,0,1,0
29,3,6,18,2,4,10,3,5,10,1,1,1,0
30,3,7,20,2,2,3,12,0,4,0,0,2,1
31,3,10,15,2,5,1,15,2,9,0,0,1,0
39,3,3,8,2,2,12,21,1,1,0,0,1,0
51,3,7,20,1,3,8,19,6,2,1,0,1,0
58,3,9,10,2,2,3,5,6,7,1,1,2,0
43,1,20,9,2,5,9,7,6,4,1,0,2,0
48,1,7,20,2,4,10,8,2,4,0,0,1,0
19,2,20,9,1,1,5,15,5,1,1,0,3,0
30,2,16,4,2,2,2,4,2,6,0,1,3,1
33,2,9,10,2,3,8,23,2,1,0,1,1,0
43,2,12,14,2,2,3,17,0,10,0,0,1,0
57,2,14,12,2,3,8,15,3,4,0,0,2,0
60,2,15,1,2,3,4,23,0,5,0,1,1,0
61,2,18,13,1,3,4,0,1,5,0,1,2,0
28,3,13,2,1,2,3,17,3,10,0,0,1,0
29,3,17,6,1,5,9,3,4,12,0,1,1,0
30,3,6,18,2,2,2,5,4,4,0,1,1,1
41,3,14,12,1,1,5,2,1,4,0,1,2,0
55,3,4,11,1,2,2,18,5,12,1,0,2,0
59,3,8,3,1,5,1,18,2,5,0,0,1,0
70,3,7,20,1,4,10,22,5,4,1,1,2,0
72,3,12,14,2,5,11,7,1,9,0,0,3,0
18,1,13,2,1,1,7,3,2,9,0,1,2,0
19,1,17,6,2,5,11,15,4,5,0,0,1,0
22,1,5,16,1,5,9,13,3,3,0,0,1,0
26,1,17,6,1,3,4,5,4,2,0,1,3,0
30,1,19,7,1,5,11,3,2,1,0,1,3,1
32,1,7,20,2,2,3,11,5,6,1,0,1,0
43,1,1,19,2,1,6,5,5,7,1,1,1,0
52,1,10,15,1,5,11,12,5,11,1,0,1,0
61,1,10,15,2,3,4,10,2,9,0,0,3,0
73,1,1,19,2,3,8,9,2,8,0,0,1,0
74,1,7,20,1,1,6,1,5,11,1,1,1,1
20,2,10,15,2,5,11,6,1,1,0,0,1,0
23,2,12,14,1,1,7,3,6,2,1,1,3,0
30,2,16,4,1,5,9,6,4,3,0,0,2,1
45,2,13,2,2,2,12,16,3,5,0,0,1,0
48,2,15,1,1,1,6,0,5,4,1,1,1,0
60,2,19,7,2,5,1,21,0,11,0,0,1,0
61,2,7,20,2,4,10,8,6,2,1,0,1,0
27,3,4,11,2,2,3,14,0,4,0,0,2,0
30,3,4,11,2,5,9,12,6,6,1,0,1,1
48,3,2,5,2,1,7,1,1,8,0,1,1,0
51,3,1,19,2,2,12,5,0,1,0,1,3,0
52,3,15,1,2,2,3,0,3,10,0,1,1,0
53,3,17,6,2,1,6,10,1,9,0,0,3,0
61,3,16,4,2,1,7,12,3,12,0,0,3,0
73,3,10,15,2,5,1,4,1,8,0,1,3,0
74,3,3,8,1,2,3,19,3,5,0,0,1,0
75,3,11,17,2,3,4,10,4,1,0,0,1,0
27,1,17,6,2,2,2,17,4,2,0,0,2,0
28,1,3,8,1,1,6,10,1,2,0,0,3,0
30,1,18,13,2,3,8,6,2,1,0,0,1,1
45,1,4,11,1,1,5,7,3,4,0,0,1,0
21,2,13,2,2,1,7,5,4,2,0,1,1,0
26,2,8,3,1,5,11,16,4,11,0,0,1,0
30,2,9,10,1,2,3,7,1,3,0,0,3,1
31,2,19,7,2,4,10,19,5,8,1,0,1,0
37,2,11,17,1,2,2,21,2,4,0,0,2,0
45,2,1,19,2,4,10,5,0,3,0,1,1,0
64,2,3,8,1,1,6,23,2,8,0,1,1,1
67,2,2,5,2,5,11,20,6,2,1,0,1,0
74,2,10,15,2,5,1,19,4,5,0,0,2,0
19,3,17,6,2,2,3,11,1,2,0,0,1,0
20,3,14,12,2,2,2,12,6,5,1,0,1,0
21,3,15,1,1,2,3,2,2,2,0,1,2,0
30,3,5,16,2,1,5,5,3,4,0,1,2,1
42,3,14,12,1,3,8,3,6,1,1,1,1,0
43,3,20,9,2,4,10,17,2,5,0,0,2,0
46,3,11,17,2,5,9,4,2,6,0,1,3,0
48,3,20,9,2,5,1,6,1,2,0,0,2,0
58,3,9,10,1,1,7,10,1,2,0,0,1,0
68,3,16,4,2,4,10,6,3,9,0,0,3,0
19,1,2,5,2,1,6,2,5,7,1,1,1,1
30,1,7,20,2,3,8,18,0,1,0,0,2,1
38,1,7,20,2,5,9,15,2,7,0,0,1,0
53,1,9,10,1,1,6,21,2,4,0,0,3,0
27,2,3,8,2,4,10,2,5,10,1,1,2,0
30,2,9,10,2,1,7,9,4,4,0,0,1,1
40,2,15,1,2,2,12,6,2,7,0,0,2,0
52,2,9,10,2,1,6,9,0,2,0,0,3,0
63,2,3,8,1,1,7,15,1,10,0,0,2,0
19,3,7,20,2,1,5,9,2,10,0,0,1,0
23,3,8,3,1,2,2,11,0,1,0,0,1,0
25,3,9,10,2,2,12,4,6,12,1,1,3,0
30,3,6,18,1,3,4,11,4,12,0,0,3,1
35,3,12,14,2,5,1,21,2,7,0,0,2,0
46,3,5,16,2,5,9,5,3,8,0,1,1,0
47,3,11,17,2,2,2,3,3,5,0,1,2,0
55,3,16,4,2,2,3,23,0,10,0,1,2,0
63,3,15,1,1,1,6,13,2,11,0,0,1,0
26,1,10,15,2,1,6,9,3,6,0,0,1,0
28,1,3,8,2,3,4,0,4,5,0,1,2,0
29,1,12,14,1,5,1,5,5,1,1,1,2,0
30,1,15,1,1,4,10,18,3,7,0,0,3,0
32,1,20,9,2,3,8,4,0,12,0,1,3,0
33,1,17,6,1,1,6,21,4,8,0,0,1,0
35,1,17,6,1,4,10,18,3,6,0,0,2,0
56,1,18,13,1,5,11,8,6,6,1,0,2,0
64,1,12,14,1,2,12,17,0,10,0,0,2,0
65,1,17,6,1,1,7,16,0,10,0,0,3,0
68,1,13,2,1,4,10,15,2,12,0,0,1,0
33,2,7,20,1,4,10,6,1,9,0,0,2,0
48,2,17,6,2,2,3,15,6,8,1,0,2,0
54,2,4,11,2,1,5,17,5,1,1,0,3,0
72,2,6,18,2,3,8,22,6,8,1,1,1,0
18,3,15,1,1,5,9,5,2,5,0,1,1,0
30,3,20,9,2,3,4,12,3,2,0,0,2,1
40,3,6,18,2,2,12,12,1,6,0,0,2,0
48,3,11,17,2,5,1,8,4,10,0,0,2,0
30,1,13,2,1,1,6,20,6,3,1,0,2,1
32,1,12,14,1,4,10,2,6,12,1,1,1,0
36,1,2,5,1,5,1,9,4,9,0,0,2,0
38,1,2,5,1,5,9,8,1,6,0,0,1,0
56,1,9,10,1,3,8,10,4,3,0,0,1,0
65,1,6,18,1,4,10,8,0,8,0,0,1,0
71,1,2,5,2,5,11,9,2,4,0,0,1,0
20,2,6,18,2,3,4,21,1,12,0,0,3,0
24,2,4,11,2,5,1,6,6,5,1,0,1,0
30,2,13,2,2,2,2,6,5,1,1,0,1,1
38,2,2,5,2,4,10,15,0,2,0,0,3,0
44,2,1,19,1,5,9,12,2,11,0,0,2,0
47,2,11,17,1,2,2,4,1,12,0,1,2,0
21,3,2,5,2,4,10,17,1,4,0,0,2,0
24,3,14,12,2,1,5,13,5,4,1,0,2,0
26,3,12,14,1,5,9,7,0,10,0,0,1,0
30,3,13,2,1,3,8,21,5,12,1,0,1,1
34,3,2,5,2,2,3,12,6,6,1,0,1,0
46,3,5,16,1,5,9,16,6,4,1,0,2,0
69,3,9,10,2,2,3,14,3,3,0,0,2,0
70,3,2,5,1,1,6,0,3,2,0,1,2,0
25,1,8,3,2,2,2,6,0,12,0,0,1,0
30,1,6,18,2,4,10,14,5,8,1,0,1,1
43,1,13,2,2,1,6,15,6,1,1,0,1,0
59,1,14,12,1,1,5,14,5,9,1,0,3,0
69,1,20,9,2,2,12,2,4,10,0,1,1,0
71,1,1,19,1,5,9,21,0,2,0,0,2,0
74,1,13,2,2,2,2,16,3,7,0,0,2,0
28,2,18,13,2,5,9,11,2,6,0,0,2,0
30,2,1,19,2,2,3,0,0,11,0,1,1,1
43,2,19,7,1,5,1,18,1,1,0,0,3,0
58,2,14,12,1,3,4,8,2,10,0,0,1,0
64,2,7,20,1,3,4,12,0,4,0,0,1,0
29,3,14,12,1,3,4,0,0,7,0,1,2,0
30,3,18,13,2,2,3,0,2,1,0,1,2,1
37,3,7,20,1,1,7,15,4,4,0,0,2,0
47,3,19,7,2,2,12,21,5,2,1,0,3,0
66,3,13,2,1,4,10,20,3,2,0,0,1,0
68,3,10,15,2,2,12,0,1,7,0,1,2,0
23,1,15,1,1,2,3,7,5,9,1,0,2,0
30,1,7,20,1,1,6,23,3,9,0,1,1,0
52,1,1,19,1,2,2,2,2,4,0,1,1,1
54,1,8,3,1,1,7,10,4,2,0,0,2,0
63,1,18,13,1,2,12,8,2,10,0,0,1,0
66,1,1,19,1,1,6,3,2,3,0,1,3,0
30,2,12,14,1,4,10,23,4,2,0,1,1,1
39,2,5,16,1,2,12,3,2,8,0,1,1,0
53,2,15,1,1,4,10,14,2,8,0,0,1,0
67,2,1,19,2,5,9,3,3,7,0,1,2,0
69,2,8,3,2,1,7,2,0,10,0,1,1,0
30,3,10,15,2,5,11,7,4,9,0,0,3,1
38,3,8,3,2,5,11,14,6,8,1,0,1,0
41,3,6,18,1,5,1,5,1,11,0,1,1,1
61,3,12,14,1,2,3,0,6,5,1,1,1,0
19,1,12,14,2,1,5,21,6,12,1,0,1,0
21,1,6,18,2,2,12,14,1,12,0,0,1,0
22,1,18,13,1,3,8,19,2,1,0,0,1,0
30,1,1,19,1,3,8,22,3,5,0,1,2,1
39,1,7,20,2,2,3,23,3,5,0,1,2,0
49,1,7,20,1,1,5,16,5,5,1,0,2,0
59,1,10,15,2,1,7,6,4,6,0,0,3,0
20,2,10,15,2,5,9,10,1,5,0,0,1,1
30,2,2,5,2,2,2,9,6,2,1,0,1,1
38,2,17,6,1,3,4,19,6,1,1,0,1,0
42,2,12,14,2,1,6,22,6,6,1,1,3,0
49,2,16,4,1,3,4,20,1,2,0,0,3,0
57,2,7,20,2,2,2,7,3,10,0,0,2,0
63,2,7,20,2,2,3,2,0,8,0,1,1,1
75,2,7,20,1,1,5,8,2,9,0,0,1,0
30,3,10,15,1,1,6,13,2,12,0,0,1,1
34,3,19,7,2,1,7,20,6,12,1,0,1,0
43,3,4,11,1,1,7,9,2,4,0,0,3,0
47,3,6,18,2,1,5,11,4,6,0,0,1,0
51,3,16,4,1,2,3,23,3,7,0,1,1,1
62,3,19,7,2,3,8,9,5,12,1,0,1,0
19,1,14,12,2,4,10,22,3,5,0,1,2,0
30,1,4,11,2,3,8,17,2,10,0,0,2,1
38,1,6,18,2,3,8,3,1,7,0,1,1,0
51,1,3,8,1,3,8,18,3,2,0,0,1,0
60,1,11,17,2,4,10,23,1,7,0,1,1,0
62,1,16,4,2,2,3,17,5,11,1,0,1,0
72,1,19,7,1,5,9,22,4,10,0,1,2,0
21,2,8,3,2,4,10,17,1,11,0,0,2,0
30,2,2,5,2,1,6,21,6,2,1,0,1,1
40,2,4,11,1,5,9,6,6,2,1,0,2,0
41,2,20,9,2,2,2,16,5,8,1,0,1,0
52,2,2,5,1,3,8,23,3,4,0,1,2,0
22,3,17,6,2,1,6,14,3,9,0,0,2,0
30,3,18,13,2,2,3,14,3,2,0,0,2,1
31,3,17,6,2,5,1,15,2,1,0,0,1,0
35,3,11,17,2,5,9,11,4,10,0,0,1,0
47,3,16,4,1,5,1,1,2,1,0,1,2,0
57,3,1,19,1,1,7,12,6,6,1,0,1,0
68,3,1,19,2,5,1,22,2,7,0,1,1,0
25,1,19,7,2,2,12,7,5,7,1,0,2,1
30,1,16,4,2,1,5,10,4,4,0,0,2,1
37,1,3,8,2,5,1,20,6,6,1,0,2,0
41,1,8,3,1,1,6,0,2,9,0,1,1,0
49,1,20,9,2,1,5,9,2,3,0,0,1,0
68,1,18,13,2,2,2,12,0,9,0,0,2,0
73,1,18,13,2,5,11,18,5,5,1,0,2,0
23,2,16,4,2,2,12,19,5,8,1,0,3,0
24,2,12,14,1,1,5,18,4,1,0,0,1,0
29,2,18,13,2,2,12,4,1,6,0,1,3,0
30,2,20,9,2,2,2,21,4,12,0,0,1,1
33,2,13,2,2,2,3,14,3,9,0,0,2,0
52,2,17,6,2,3,8,7,6,5,1,0,1,0
19,3,1,19,2,5,1,3,2,7,0,1,3,0
25,3,17,6,2,5,11,20,0,7,0,0,3,0
30,3,17,6,2,3,4,0,5,1,1,1,1,1
34,3,18,13,1,5,1,5,6,11,1,1,1,0
43,3,14,12,2,2,3,4,1,1,0,1,1,0
44,3,19,7,1,5,11,18,6,10,1,0,1,0
53,3,17,6,2,2,2,4,1,7,0,1,2,0
62,3,10,15,1,1,6,17,4,5,0,0,1,0
69,3,15,1,1,2,2,2,6,8,1,1,1,0
30,1,6,18,1,5,1,20,4,6,0,0,1,1
31,1,2,5,2,3,8,4,3,8,0,1,3,0
38,1,9,10,2,1,7,9,4,10,0,0,1,0
41,1,2,5,2,1,6,3,3,9,0,1,1,0
53,1,18,13,2,2,12,0,0,6,0,1,2,0
65,1,19,7,2,2,2,16,1,2,0,0,3,0
75,1,13,2,1,4,10,1,2,8,0,1,1,0
30,2,9,10,1,4,10,15,2,1,0,0,1,1
31,2,10,15,1,2,2,8,4,9,0,0,2,0
40,2,2,5,1,1,6,15,6,7,1,0,1,0
42,2,11,17,1,5,1,0,1,4,0,1,3,0
43,2,1,19,2,4,10,2,5,7,1,1,1,0
52,2,7,20,1,1,6,5,1,9,0,1,3,0
69,2,9,10,1,1,6,22,3,9,0,1,1,0
30,3,17,6,1,1,6,10,2,4,0,0,1,1
66,3,9,10,2,3,4,7,1,2,0,0,1,0
67,3,6,18,2,1,6,14,0,4,0,0,1,0
75,3,8,3,1,3,8,3,2,8,0,1,2,1
30,1,18,13,1,1,6,2,5,9,1,1,2,1
33,1,12,14,1,1,6,7,6,3,1,0,2,0
37,1,16,4,1,3,4,19,3,6,0,0,3,0
46,1,3,8,2,2,3,20,1,3,0,0,1,1
56,1,4,11,2,2,2,2,0,10,0,1,3,0
57,1,17,6,2,3,8,23,1,1,0,1,1,1
30,2,18,13,1,3,4,6,2,4,0,0,1,1
61,2,16,4,2,1,6,11,2,12,0,0,2,0
72,2,7,20,2,2,12,14,0,10,0,0,2,0
18,3,19,7,1,1,5,21,3,12,0,0,2,0
28,3,17,6,2,1,6,22,4,8,0,1,1,0
30,3,13,2,2,2,2,4,3,4,0,1,2,1
32,3,6,18,1,2,2,6,1,1,0,0,1,0
38,3,14,12,1,2,3,19,6,8,1,0,1,0
40,3,12,14,1,2,12,11,4,5,0,0,1,0
57,3,7,20,2,2,3,3,3,6,0,1,1,0
62,3,5,16,1,1,5,3,1,6,0,1,3,0
30,1,15,1,1,1,7,0,2,12,0,1,1,1
39,1,8,3,1,2,2,9,1,9,0,0,3,0
46,1,3,8,2,2,3,10,6,8,1,0,1,0
49,1,1,19,1,3,8,12,3,3,0,0,2,0
50,1,11,17,1,1,6,20,5,4,1,0,1,0
58,1,4,11,1,2,3,1,3,1,0,1,1,0
63,1,20,9,1,1,6,17,0,6,0,0,1,0
67,1,7,20,2,5,9,0,6,11,1,1,1,0
68,1,18,13,1,1,6,5,5,11,1,1,3,0
72,1,13,2,1,2,12,13,4,12,0,0,2,0
23,2,2,5,2,5,9,19,6,4,1,0,1,0
30,2,15,1,1,2,2,6,2,2,0,0,1,1
40,2,10,15,2,2,3,22,6,11,1,1,1,0
51,2,2,5,1,5,9,1,1,5,0,1,1,0
57,2,8,3,1,2,3,4,1,3,0,1,3,0
22,3,5,16,1,2,2,22,0,9,0,1,3,0
24,3,9,10,1,2,12,10,4,2,0,0,2,0
30,3,8,3,1,2,3,18,4,1,0,0,1,1
32,3,16,4,2,1,7,22,5,11,1,1,3,0
41,3,5,16,2,1,6,10,0,9,0,0,3,0
63,3,1,19,1,2,2,13,6,3,1,0,1,0
71,3,6,18,2,1,5,14,0,8,0,0,1,0
24,1,19,7,2,2,12,3,1,4,0,1,2,0
30,1,18,13,2,2,3,0,2,1,0,1,2,1
31,1,14,12,2,1,5,10,4,3,0,0,3,0
37,1,13,2,2,3,4,22,5,1,1,1,1,0
47,1,20,9,1,2,12,7,0,7,0,0,2,0
50,1,9,10,2,4,10,13,6,12,1,0,1,0
28,2,2,5,2,1,7,17,1,7,0,0,1,0
30,2,17,6,1,3,4,23,6,11,1,1,2,1
47,2,20,9,2,1,6,17,5,7,1,0,1,0
49,2,15,1,1,5,1,21,3,9,0,0,2,0
60,2,9,10,1,2,2,18,5,1,1,0,2,0
67,2,19,7,1,1,6,11,3,5,0,0,2,0
71,2,12,14,2,1,6,9,6,2,1,0,2,0
18,3,13,2,2,3,8,15,6,12,1,0,3,0
28,3,10,15,2,2,12,23,6,1,1,1,2,0
30,3,7,20,2,2,2,13,0,12,0,0,1,1
37,3,12,14,2,3,4,0,2,6,0,1,1,1
56,3,5,16,2,1,6,10,0,9,0,0,3,0
18,1,16,4,2,2,3,17,6,7,1,0,3,0
30,1,11,17,1,1,7,2,6,8,1,1,3,1
32,1,7,20,1,1,5,2,1,9,0,1,1,0
40,1,5,16,1,1,7,0,3,2,0,1,1,0
45,1,14,12,2,1,5,3,5,6,1,1,2,0
47,1,9,10,1,5,9,12,6,2,1,0,2,0
51,1,5,16,1,2,3,3,3,5,0,1,1,0
53,1,5,16,2,3,8,19,1,12,0,0,3,0
56,1,3,8,1,2,2,11,6,12,1,0,3,0
61,1,2,5,1,5,1,5,1,4,0,1,1,1
29,2,11,17,1,2,2,5,1,7,0,1,3,0
30,2,19,7,2,5,11,20,4,5,0,0,1,1
36,2,11,17,1,3,8,11,3,8,0,0,1,0
37,2,5,16,1,5,9,11,1,2,0,0,1,0
53,2,5,16,1,2,2,4,1,8,0,1,1,0
54,2,11,17,2,2,3,18,0,3,0,0,3,0
67,2,9,10,1,5,11,2,4,8,0,1,2,0
70,2,6,18,2,5,9,2,2,4,0,1,1,0
18,3,13,2,1,2,12,6,1,1,0,0,3,0
30,3,20,9,2,3,8,16,5,2,1,0,1,1
32,3,8,3,1,1,7,12,6,3,1,0,3,0
36,3,14,12,2,1,7,13,5,1,1,0,1,0
38,3,10,15,2,5,1,19,4,8,0,0,1,0
51,3,2,5,2,1,7,2,0,12,0,1,2,0
59,3,3,8,2,2,12,21,1,2,0,0,3,0
30,1,6,18,2,5,9,7,3,6,0,0,2,1
48,1,7,20,1,1,6,5,0,2,0,1,1,0
68,1,14,12,2,5,1,10,6,8,1,0,1,0
71,1,4,11,2,3,4,10,3,9,0,0,1,0
73,1,19,7,1,2,12,8,4,12,0,0,2,0
74,1,9,10,2,4,10,6,3,2,0,0,2,0
27,2,9,10,1,1,5,14,5,4,1,0,2,0
30,2,15,1,1,1,5,19,5,5,1,0,3,1
46,2,11,17,1,1,5,7,6,3,1,0,3,0
52,2,17,6,2,2,12,16,6,12,1,0,2,0
21,3,10,15,1,2,12,22,4,2,0,1,1,0
29,3,15,1,2,3,4,18,5,1,1,0,3,0
30,3,13,2,2,1,5,5,5,8,1,1,1,1
37,3,6,18,2,4,10,13,5,8,1,0,1,0
43,3,11,17,1,1,7,2,6,8,1,1,3,0
48,3,16,4,2,2,3,11,2,4,0,0,1,0
61,3,4,11,2,1,7,15,1,1,0,0,1,0
65,3,12,14,2,5,1,13,6,7,1,0,1,0
30,1,1,19,1,5,11,22,6,6,1,1,1,1
38,1,2,5,2,5,9,22,1,12,0,1,1,0
50,1,14,12,1,2,2,1,5,8,1,1,3,0
52,1,6,18,1,2,12,20,5,3,1,0,1,0
56,1,18,13,2,3,4,21,3,10,0,0,2,0
20,2,17,6,1,5,1,12,5,4,1,0,1,0
30,2,11,17,1,1,6,13,3,1,0,0,2,1
38,2,1,19,1,2,2,9,2,6,0,0,2,0
39,2,10,15,2,5,11,3,6,7,1,1,3,0
44,2,3,8,2,2,12,3,0,9,0,1,2,0
55,2,13,2,1,5,11,8,3,8,0,0,3,0
70,2,2,5,1,2,3,2,6,1,1,1,2,0
75,2,12,14,2,2,2,7,5,4,1,0,3,0
23,3,16,4,2,2,3,14,6,9,1,0,2,0
30,3,12,14,2,5,11,15,6,7,1,0,2,1
37,3,16,4,1,1,5,1,3,12,0,1,3,0
30,1,14,12,2,5,11,9,5,12,1,0,1,0
38,1,11,17,2,1,5,6,1,3,0,0,2,0
41,1,1,19,1,5,1,12,4,6,0,0,1,0
54,1,15,1,1,4,10,11,6,3,1,0,1,0
26,2,20,9,2,1,5,6,2,2,0,0,1,0
30,2,6,18,1,1,7,14,2,7,0,0,1,1
58,2,17,6,1,1,7,9,6,4,1,0,3,0
30,3,2,5,2,5,1,13,6,4,1,0,2,1
32,3,5,16,2,5,9,20,5,4,1,0,3,0
36,3,16,4,2,3,4,6,3,6,0,0,1,0
37,3,16,4,1,5,9,2,2,6,0,1,2,0
51,3,15,1,1,5,9,22,5,7,1,1,2,0
52,3,7,20,2,3,4,1,0,11,0,1,1,0
55,3,4,11,2,2,2,9,1,6,0,0,3,0
72,3,20,9,2,1,6,23,0,1,0,1,1,0
18,1,11,17,2,1,5,23,5,10,1,1,2,0
24,1,19,7,2,2,12,12,1,6,0,0,2,1
25,1,4,11,2,1,7,8,2,3,0,0,2,0
27,1,14,12,1,2,3,23,3,5,0,1,1,0
30,1,9,10,2,5,11,3,5,3,1,1,1,1
34,1,9,10,2,2,2,9,1,12,0,0,1,0
38,1,4,11,1,1,5,2,5,6,1,1,3,0
71,1,4,11,2,4,10,22,3,6,0,1,1,0
72,1,14,12,1,3,4,16,0,4,0,0,1,0
22,2,16,4,1,2,3,2,5,7,1,1,2,0
25,2,15,1,1,4,10,19,3,4,0,0,2,0
30,2,12,14,1,3,8,1,4,2,0,1,1,1
51,2,13,2,2,5,11,22,3,9,0,1,1,0
54,2,10,15,2,1,7,23,6,6,1,1,3,0
63,2,11,17,2,5,1,19,4,12,0,0,1,0
30,3,14,12,2,2,2,14,3,5,0,0,2,1
42,3,16,4,1,2,2,0,6,9,1,1,1,0
46,3,8,3,2,1,5,2,0,5,0,1,1,0
48,3,5,16,2,5,1,20,4,2,0,0,2,0
54,3,11,17,1,3,8,1,1,11,0,1,2,1
59,3,8,3,1,3,4,17,1,12,0,0,3,0
67,3,4,11,2,5,1,17,1,10,0,0,2,0
19,1,11,17,2,4,10,6,5,7,1,0,1,0
30,1,6,18,1,4,10,10,6,1,1,0,1,1
34,1,14,12,2,2,12,13,5,11,1,0,1,0
37,1,4,11,1,2,2,21,1,6,0,0,1,0
38,1,4,11,2,1,6,15,4,12,0,0,1,0
45,1,10,15,2,2,12,10,0,12,0,0,2,0
48,1,13,2,2,1,6,10,6,3,1,0,1,0
57,1,3,8,1,2,12,1,6,4,1,1,3,0
21,2,5,16,1,5,1,14,4,3,0,0,3,0
28,2,14,12,1,3,8,4,0,8,0,1,2,0
30,2,1,19,1,3,4,3,5,12,1,1,1,1
48,2,12,14,1,4,10,16,5,4,1,0,3,0
57,2,19,7,2,3,8,5,4,10,0,1,1,0
22,3,19,7,2,5,11,19,4,2,0,0,1,0
24,3,9,10,1,4,10,20,2,7,0,0,1,0
26,3,3,8,1,1,6,2,0,11,0,1,3,0
30,3,16,4,2,2,2,2,5,6,1,1,2,1
32,3,19,7,2,3,8,0,2,4,0,1,2,0
57,3,18,13,2,2,12,9,6,12,1,0,1,1
19,1,12,14,1,5,1,5,5,1,1,1,2,0
30,1,9,10,2,5,11,22,4,5,0,1,1,1
31,1,17,6,1,1,6,10,6,12,1,0,1,0
48,1,15,1,1,3,4,21,1,10,0,0,3,0
50,1,20,9,2,2,3,15,0,2,0,0,1,0
73,1,9,10,2,1,7,15,6,4,1,0,1,0
21,2,6,18,1,3,4,9,4,9,0,0,1,0
30,2,16,4,1,5,9,20,6,1,1,0,1,1
58,2,14,12,1,3,8,6,0,4,0,0,3,0
19,3,7,20,1,5,9,7,0,10,0,0,2,0
30,3,18,13,2,2,3,14,3,2,0,0,2,1
60,3,16,4,1,3,4,18,0,11,0,0,1,0
68,3,20,9,2,5,1,17,4,3,0,0,3,0
19,1,13,2,2,2,3,14,3,9,0,0,2,0
30,1,4,11,2,3,4,6,3,5,0,0,2,1
35,1,5,16,2,5,11,14,0,12,0,0,3,0
56,1,14,12,2,5,11,8,3,5,0,0,2,0
70,1,2,5,1,1,7,11,6,10,1,0,2,0
25,2,16,4,1,1,6,15,1,5,0,0,1,0
30,2,18,13,1,3,8,2,5,9,1,1,1,1
58,2,12,14,2,4,10,8,0,2,0,0,2,0
68,2,17,6,1,4,10,19,1,6,0,0,1,1
73,2,18,13,2,2,12,7,5,1,1,0,1,0
30,3,2,5,2,2,2,22,0,4,0,1,2,1
32,3,18,13,1,3,4,5,2,10,0,1,1,0
40,3,11,17,2,3,8,21,6,5,1,0,2,0
42,3,6,18,2,1,5,5,5,2,1,1,1,0
45,3,6,18,1,1,5,23,1,4,0,1,3,0
49,3,8,3,2,4,10,2,0,3,0,1,1,0
62,3,20,9,1,2,12,22,4,9,0,1,3,0
65,3,16,4,2,2,3,12,4,2,0,0,2,0
21,1,8,3,2,2,3,16,3,10,0,0,1,0
30,1,11,17,1,5,9,22,5,6,1,1,3,1
38,1,11,17,1,1,5,23,2,11,0,1,1,0
39,1,9,10,2,5,9,3,0,7,0,1,2,0
63,1,4,11,1,2,3,20,6,5,1,0,1,0
19,2,17,6,2,2,12,14,1,4,0,0,2,0
20,2,7,20,2,1,7,10,1,11,0,0,2,0
30,2,10,15,1,5,1,4,5,1,1,1,1,1
44,2,11,17,2,2,12,18,6,1,1,0,1,0
47,2,15,1,2,3,4,22,2,3,0,1,2,0
60,2,20,9,1,5,9,3,1,4,0,1,2,0
61,2,15,1,1,5,1,5,5,10,1,1,3,0
18,3,1,19,2,5,11,7,4,4,0,0,3,0
30,3,18,13,2,5,1,9,4,3,0,0,2,1
34,3,1,19,2,2,12,16,6,1,1,0,2,0
48,3,2,5,1,5,11,6,5,9,1,0,2,0
50,3,12,14,1,1,5,1,2,5,0,1,3,0
55,3,15,1,2,3,4,22,6,5,1,1,2,0
75,3,13,2,2,3,8,15,5,5,1,0,2,0
22,1,1,19,1,1,6,3,5,3,1,1,3,0
26,1,15,1,1,1,5,1,3,3,0,1,2,0
30,1,13,2,2,5,1,3,0,7,0,1,2,1
40,1,17,6,1,1,7,11,5,9,1,0,2,0
42,1,12,14,2,4,10,13,4,11,0,0,2,0
50,1,12,14,2,3,8,9,0,12,0,0,1,0
56,1,8,3,2,1,7,21,0,7,0,0,2,0
62,1,18,13,1,2,3,0,3,6,0,1,2,0
21,2,20,9,2,3,8,21,1,9,0,0,2,0
30,2,3,8,1,2,3,8,3,4,0,0,2,1
40,2,12,14,2,2,2,16,3,6,0,0,1,0
70,2,9,10,1,2,3,9,3,7,0,0,1,0
23,3,5,16,2,3,8,21,6,1,1,0,2,0
29,3,14,12,1,5,1,6,1,2,0,0,1,1
30,3,7,20,2,3,8,17,3,4,0,0,1,1
35,3,19,7,2,5,9,8,4,5,0,0,1,0
38,3,19,7,2,3,4,15,4,12,0,0,3,1
57,3,1,19,1,5,1,3,2,10,0,1,3,0
68,3,18,13,2,2,12,3,5,6,1,1,1,0
24,1,19,7,1,2,3,21,5,12,1,0,3,0
30,1,8,3,2,1,6,5,4,2,0,1,2,1
37,1,20,9,2,5,11,13,6,1,1,0,2,0
39,1,13,2,2,5,9,13,2,11,0,0,1,0
58,1,17,6,2,5,11,11,1,11,0,0,2,0
74,1,14,12,1,4,10,16,3,11,0,0,1,0
24,2,1,19,1,2,12,12,0,9,0,0,2,0
30,2,9,10,1,3,8,17,3,12,0,0,1,1
61,2,10,15,1,5,9,17,2,11,0,0,2,1
67,2,5,16,1,1,5,20,5,3,1,0,2,0
21,3,10,15,1,3,4,1,1,5,0,1,2,0
30,3,13,2,1,2,12,23,4,10,0,1,2,1
35,3,12,14,2,2,3,10,2,11,0,0,2,0
46,3,12,14,2,5,11,16,0,1,0,0,1,0
53,3,20,9,1,1,5,9,4,2,0,0,3,0
72,3,7,20,2,1,5,8,2,5,0,0,1,0
21,1,9,10,2,3,4,4,1,4,0,1,2,0
23,1,12,14,1,1,6,13,5,5,1,0,3,0
28,1,18,13,1,5,11,2,0,10,0,1,2,0
30,1,6,18,2,2,3,14,6,1,1,0,2,1
35,1,19,7,1,2,12,0,3,6,0,1,3,0
43,1,14,12,1,3,8,1,0,3,0,1,1,0
64,1,17,6,2,5,1,3,5,4,1,1,2,0
66,1,15,1,2,5,1,0,1,2,0,1,3,0
18,2,19,7,2,1,6,18,5,9,1,0,2,0
30,2,17,6,2,2,12,23,5,4,1,1,2,1
38,2,12,14,1,2,2,23,3,5,0,1,1,0
50,2,19,7,1,3,8,7,5,8,1,0,1,0
62,2,12,14,2,5,1,19,3,5,0,0,2,0
69,2,18,13,2,5,11,19,3,2,0,0,1,0
20,3,18,13,1,2,3,23,2,1,0,1,3,0
24,3,15,1,2,1,5,7,3,1,0,0,3,0
27,3,1,19,1,4,10,12,5,7,1,0,1,0
30,3,9,10,1,4,10,13,2,11,0,0,2,1
41,3,13,2,2,1,7,2,6,9,1,1,3,0
49,3,6,18,2,3,4,4,3,12,0,1,2,0
51,3,3,8,2,2,3,1,1,11,0,1,1,0
60,3,9,10,1,5,9,10,1,6,0,0,2,0
67,3,4,11,2,5,9,11,2,12,0,0,2,0
72,3,8,3,1,5,9,7,5,4,1,0,1,0
29,1,2,5,1,5,1,11,6,2,1,0,2,0
30,1,9,10,1,3,8,16,2,6,0,0,2,1
46,1,17,6,2,4,10,20,4,10,0,0,1,0
47,1,15,1,2,1,6,1,4,8,0,1,2,0
56,1,9,10,2,5,11,9,2,7,0,0,2,0
75,1,17,6,2,1,6,23,2,3,0,1,3,0
30,2,16,4,2,1,6,12,4,7,0,0,3,1
34,2,18,13,1,1,6,23,5,4,1,1,1,1
39,2,9,10,2,1,6,22,5,4,1,1,2,0
49,2,14,12,2,3,4,21,4,12,0,0,1,0
57,2,18,13,2,2,3,20,6,12,1,0,1,0
74,2,20,9,1,1,6,6,6,2,1,0,2,0
25,3,18,13,1,1,6,15,5,11,1,0,1,0
30,3,12,14,1,1,5,1,2,5,0,1,3,0
39,3,11,17,2,5,9,14,0,4,0,0,2,1
42,3,8,3,2,1,6,2,4,5,0,1,1,0
46,3,15,1,2,2,12,13,4,3,0,0,1,0
58,3,12,14,2,1,5,19,5,10,1,0,3,1
64,3,12,14,1,2,12,7,4,2,0,0,2,0
23,1,12,14,1,1,6,10,3,7,0,0,2,0
30,1,19,7,2,2,12,1,6,12,1,1,1,1
49,1,11,17,2,5,9,0,4,5,0,1,1,0
58,1,14,12,1,3,4,12,2,6,0,0,3,0
25,2,11,17,1,4,10,6,6,5,1,0,2,0
30,2,6,18,1,2,3,1,2,4,0,1,1,1
46,2,16,4,2,5,9,21,2,9,0,0,2,0
54,2,6,18,1,5,9,19,3,4,0,0,1,1
72,2,5,16,2,1,7,23,3,5,0,1,3,0
21,3,9,10,2,5,9,8,4,9,0,0,1,0
25,3,11,17,1,2,12,12,0,2,0,0,3,0
30,3,2,5,1,1,6,16,3,8,0,0,1,1
61,3,6,18,1,5,9,1,3,11,0,1,2,0
67,3,19,7,2,3,8,7,0,3,0,0,1,0
68,3,19,7,1,5,11,1,5,12,1,1,2,0
30,1,9,10,1,5,9,23,0,3,0,1,2,1
45,1,14,12,1,3,8,18,0,1,0,0,2,0
57,1,18,13,1,3,8,7,1,1,0,0,1,0
60,1,18,13,2,5,9,15,6,12,1,0,3,0
30,2,12,14,2,5,1,7,2,11,0,0,2,1
33,2,1,19,1,3,4,22,3,1,0,1,1,0
34,2,5,16,2,5,1,10,5,9,1,0,1,0
42,2,5,16,2,2,12,15,1,2,0,0,1,0
50,2,10,15,1,5,1,9,3,3,0,0,3,0
53,2,3,8,2,4,10,15,0,4,0,0,1,0
66,2,8,3,1,4,10,6,3,5,0,0,2,1
67,2,18,13,1,2,3,2,3,11,0,1,3,0
71,2,16,4,1,1,7,7,0,12,0,0,3,0
18,3,12,14,1,3,4,12,5,3,1,0,2,0
26,3,8,3,1,1,7,3,2,3,0,1,1,0
30,3,13,2,1,2,12,15,0,1,0,0,2,1
50,3,2,5,1,5,11,19,5,12,1,0,2,0
67,3,20,9,2,4,10,21,6,1,1,0,1,0
30,1,10,15,2,2,3,22,0,3,0,1,2,1
38,1,15,1,2,2,2,1,1,10,0,1,1,0
43,1,11,17,1,3,4,18,2,12,0,0,2,1
70,1,1,19,1,1,5,14,1,7,0,0,1,0
22,2,4,11,1,1,7,1,0,6,0,1,1,0
30,2,12,14,2,1,7,21,0,4,0,0,2,1
44,2,4,11,1,2,2,16,6,9,1,0,1,0
45,2,1,19,2,2,12,17,4,7,0,0,1,0
49,2,15,1,2,3,8,2,2,11,0,1,3,0
73,2,18,13,2,3,8,14,0,6,0,0,2,0
19,3,4,11,2,1,6,21,2,10,0,0,1,0
21,3,16,4,2,2,2,19,6,4,1,0,3,0
28,3,20,9,2,1,7,3,2,8,0,1,2,0
30,3,1,19,1,1,5,0,2,9,0,1,1,1
43,3,17,6,1,5,11,3,1,6,0,1,1,0
47,3,6,18,2,5,1,8,1,3,0,0,2,0
50,3,8,3,2,3,8,21,1,9,0,0,2,0
58,3,12,14,1,1,7,11,0,9,0,0,2,0
62,3,18,13,2,3,4,10,2,8,0,0,3,0
64,3,13,2,1,3,4,20,5,11,1,0,2,0
65,3,18,13,2,2,3,8,2,10,0,0,2,0
69,3,13,2,2,5,9,20,0,2,0,0,3,0
27,1,14,12,1,1,6,11,0,9,0,0,2,0
30,1,14,12,2,4,10,6,5,5,1,0,2,1
47,1,16,4,1,2,3,7,3,2,0,0,1,1
59,1,8,3,2,5,11,22,1,1,0,1,2,0
64,1,15,1,2,3,8,19,2,12,0,0,2,1
28,2,7,20,2,3,8,17,6,2,1,0,1,0
30,2,19,7,1,4,10,14,3,1,0,0,1,1
33,2,19,7,1,4,10,16,5,2,1,0,1,0
44,2,8,3,1,4,10,18,6,3,1,0,2,0
55,2,8,3,1,2,12,3,1,2,0,1,1,0
74,2,15,1,1,1,6,18,6,8,1,0,1,0
19,3,17,6,1,5,9,10,6,10,1,0,3,0
22,3,12,14,1,1,6,14,0,7,0,0,1,0
30,3,10,15,2,4,10,15,4,2,0,0,2,1
45,3,9,10,1,1,7,20,5,10,1,0,2,0
56,3,19,7,1,1,6,10,5,2,1,0,3,0
62,3,9,10,1,5,1,7,0,4,0,0,2,0
66,3,7,20,1,2,12,5,2,10,0,1,2,0
71,3,12,14,1,5,11,9,6,7,1,0,1,0
28,1,16,4,2,1,6,6,6,11,1,0,2,0
29,1,3,8,2,1,5,8,2,7,0,0,1,0
30,1,11,17,2,2,12,19,3,1,0,0,1,1
34,1,3,8,2,2,12,13,6,8,1,0,1,0
42,1,19,7,2,3,4,1,6,4,1,1,2,0
47,1,7,20,1,1,7,18,0,1,0,0,1,1
56,1,5,16,2,1,5,0,3,3,0,1,3,0
62,1,18,13,2,2,3,11,6,12,1,0,1,0
72,1,1,19,1,4,10,16,3,1,0,0,2,0
19,2,1,19,1,2,3,23,6,9,1,1,3,0
27,2,13,2,1,5,11,7,3,2,0,0,3,0
29,2,5,16,2,2,12,13,5,10,1,0,2,0
30,2,6,18,1,4,10,13,3,2,0,0,3,1
32,2,3,8,1,2,3,22,0,9,0,1,3,0
54,2,5,16,1,5,1,20,5,5,1,0,2,0
68,2,10,15,1,5,1,9,2,11,0,0,2,0
19,3,3,8,1,3,8,5,6,4,1,1,1,0
25,3,15,1,1,2,2,23,6,3,1,1,3,1
29,3,19,7,1,1,7,22,4,3,0,1,2,0
30,3,6,18,2,1,7,14,1,4,0,0,1,1
31,3,14,12,1,1,6,23,3,6,0,1,1,0
32,3,20,9,2,1,5,21,1,3,0,0,2,0
38,3,16,4,2,2,3,8,5,6,1,0,3,0
39,3,10,15,2,1,6,6,4,7,0,0,2,0
55,3,13,2,1,2,3,13,1,10,0,0,3,0
69,3,10,15,1,4,10,21,5,1,1,0,2,0
72,3,2,5,2,2,2,8,2,6,0,0,1,0
30,1,3,8,1,3,4,1,2,3,0,1,1,1
35,1,12,14,2,2,12,16,4,10,0,0,2,0
42,1,18,13,2,5,1,8,1,6,0,0,2,0
47,1,19,7,2,1,6,5,4,9,0,1,1,0
48,1,8,3,2,4,10,9,6,1,1,0,2,0
52,1,7,20,2,5,11,23,5,11,1,1,1,0
54,1,6,18,1,2,12,21,6,7,1,0,2,1
57,1,16,4,1,4,10,19,5,1,1,0,2,0
58,1,15,1,2,1,5,3,0,6,0,1,3,0
60,1,11,17,2,4,10,11,4,1,0,0,1,0
61,1,18,13,2,5,11,8,5,12,1,0,3,0
74,1,2,5,2,1,6,20,2,2,0,0,1,0
27,2,15,1,2,4,10,23,2,8,0,1,1,0
30,2,1,19,1,3,8,7,6,4,1,0,3,1
40,2,12,14,1,1,7,20,5,11,1,0,1,0
46,2,3,8,2,3,4,5,4,12,0,1,2,0
48,2,17,6,2,2,3,21,3,7,0,0,1,1
62,2,1,19,2,5,9,15,1,5,0,0,3,0
64,2,4,11,2,1,5,2,2,3,0,1,3,0
71,2,13,2,1,2,12,19,2,4,0,0,2,0
20,3,6,18,1,2,12,18,3,8,0,0,1,0
24,3,18,13,2,1,7,0,1,1,0,1,2,0
27,3,12,14,2,1,7,9,4,11,0,0,1,0
28,3,19,7,2,3,8,1,2,11,0,1,2,0
30,3,11,17,1,1,5,7,6,3,1,0,3,1
42,3,15,1,1,2,2,23,4,6,0,1,1,0
54,3,2,5,1,1,6,3,2,9,0,1,1,0
63,3,5,16,1,3,8,10,6,11,1,0,2,0
69,3,13,2,1,1,7,13,2,6,0,0,3,0
22,1,9,10,2,1,5,15,6,7,1,0,1,0
25,1,14,12,1,2,2,15,4,9,0,0,2,1
27,1,14,12,1,1,6,20,5,5,1,0,2,0
30,1,14,12,1,4,10,14,1,4,0,0,2,1
37,1,15,1,1,1,6,1,1,10,0,1,1,0
38,1,17,6,2,1,7,19,0,4,0,0,2,1
39,1,14,12,1,3,4,19,5,6,1,0,1,0
58,1,5,16,1,5,11,15,1,2,0,0,3,0
67,1,2,5,2,5,9,10,0,4,0,0,3,0
72,1,1,19,2,1,5,7,0,1,0,0,1,1
73,1,1,19,2,5,1,6,2,11,0,0,2,0
74,1,13,2,1,1,5,20,6,4,1,0,1,0
75,1,6,18,1,4,10,20,2,7,0,0,1,0
21,2,14,12,2,5,1,4,1,3,0,1,1,0
24,2,4,11,2,5,9,15,6,5,1,0,1,0
29,2,13,2,1,5,11,11,5,4,1,0,2,0
30,2,1,19,1,1,6,12,5,7,1,0,3,1
33,2,17,6,2,2,3,3,6,12,1,1,2,0
41,2,8,3,1,2,2,5,1,10,0,1,2,0
66,2,1,19,2,1,7,0,3,7,0,1,3,0
74,2,15,1,2,4,10,1,5,10,1,1,1,0
30,3,19,7,1,1,6,3,2,4,0,1,2,1
36,3,13,2,2,5,11,16,0,4,0,0,1,0
41,3,17,6,1,3,8,6,2,12,0,0,1,0
47,3,15,1,2,1,6,3,2,9,0,1,1,0
49,3,10,15,2,3,4,11,0,7,0,0,2,0
22,1,10,15,2,2,12,1,0,6,0,1,3,0
25,1,18,13,1,5,9,6,6,6,1,0,2,0
26,1,8,3,2,3,4,8,5,5,1,0,1,0
30,1,7,20,2,2,2,6,6,7,1,0,1,1
56,1,20,9,2,2,3,6,0,5,0,0,2,0
75,1,3,8,1,2,3,9,0,1,0,0,3,0
19,2,10,15,1,5,9,19,6,6,1,0,1,0
30,2,11,17,2,2,12,6,6,1,1,0,2,1
45,2,9,10,1,1,5,0,0,1,0,1,2,0
46,2,2,5,1,2,3,20,6,6,1,0,1,0
59,2,14,12,1,1,7,13,6,2,1,0,2,0
64,2,15,1,1,1,5,11,1,5,0,0,2,0
73,2,9,10,2,2,3,20,2,2,0,0,1,0
30,3,14,12,2,2,2,2,3,11,0,1,3,1
48,3,12,14,2,5,11,17,2,5,0,0,1,0
52,3,2,5,2,2,12,0,5,3,1,1,1,0
18,1,12,14,2,1,7,21,0,11,0,0,3,0
30,1,6,18,2,3,8,21,1,12,0,0,2,1
34,1,9,10,1,5,1,9,3,9,0,0,2,0
49,1,7,20,1,2,12,14,6,9,1,0,3,0
51,1,7,20,1,4,10,9,1,3,0,0,3,0
57,1,16,4,2,3,4,0,4,8,0,1,1,0
59,1,18,13,2,3,8,7,6,6,1,0,2,0
71,1,18,13,1,2,12,12,1,3,0,0,1,0
30,2,16,4,2,2,3,20,2,2,0,0,2,1
43,2,17,6,1,3,4,14,0,9,0,0,3,0
48,2,13,2,1,4,10,8,4,6,0,0,1,0
59,2,5,16,1,5,1,15,3,9,0,0,2,0
75,2,18,13,2,1,5,15,5,11,1,0,2,0
30,3,12,14,1,2,2,20,1,8,0,0,3,1
36,3,6,18,2,3,4,0,6,8,1,1,2,0
46,3,20,9,1,5,1,20,3,3,0,0,3,0
56,3,6,18,2,2,3,5,4,2,0,1,3,1
65,3,20,9,1,1,6,4,6,10,1,1,1,0
75,3,10,15,1,4,10,2,2,11,0,1,2,0
21,1,3,8,1,1,6,1,3,1,0,1,1,0
30,1,18,13,1,1,6,17,2,7,0,0,3,1
43,1,4,11,1,2,2,14,6,7,1,0,1,0
46,1,7,20,1,1,6,4,6,11,1,1,3,0
49,1,4,11,1,3,4,10,4,1,0,0,3,0
27,2,15,1,1,5,11,7,1,10,0,0,2,0
30,2,8,3,1,1,7,7,6,8,1,0,1,1
34,2,8,3,1,5,9,3,5,1,1,1,2,0
35,2,2,5,1,5,11,11,6,12,1,0,1,0
58,2,17,6,1,5,1,19,4,7,0,0,1,0
30,3,6,18,2,1,5,23,3,8,0,1,2,1
34,3,18,13,2,1,5,4,2,4,0,1,1,0
52,3,3,8,1,3,4,20,2,8,0,0,2,0
59,3,1,19,2,1,7,8,6,6,1,0,2,0
60,3,1,19,2,2,12,13,2,11,0,0,2,0
70,3,9,10,2,2,3,2,6,4,1,1,2,0
21,1,9,10,2,2,12,16,0,5,0,0,3,0
30,1,12,14,1,1,5,16,1,9,0,0,3,1
36,1,9,10,1,3,8,22,4,3,0,1,2,0
43,1,16,4,1,3,4,8,0,5,0,0,2,0
22,2,16,4,2,2,2,4,0,8,0,1,1,0
25,2,15,1,1,4,10,17,3,10,0,0,1,0
30,2,17,6,2,5,9,23,2,5,0,1,1,1
41,2,4,11,1,5,9,7,4,4,0,0,3,0
42,2,2,5,1,5,1,1,2,10,0,1,3,0
58,2,20,9,2,1,6,17,4,6,0,0,1,0
72,2,5,16,2,5,1,6,0,5,0,0,3,0
30,3,2,5,1,3,4,20,4,7,0,0,3,1
47,3,1,19,1,2,3,14,1,3,0,0,3,0
63,3,14,12,2,1,7,17,0,2,0,0,1,0
71,3,7,20,1,3,4,15,2,7,0,0,2,1
19,1,7,20,2,3,4,21,0,3,0,0,2,0
21,1,16,4,1,5,1,22,1,11,0,1,3,0
30,1,7,20,2,1,5,23,2,3,0,1,1,1
33,1,15,1,2,3,4,10,0,4,0,0,1,1
34,1,3,8,2,1,7,22,6,5,1,1,1,0
73,1,14,12,2,1,6,16,1,10,0,0,1,0
24,2,9,10,2,4,10,9,3,6,0,0,3,0
30,2,8,3,2,2,12,17,6,11,1,0,2,1
33,2,16,4,1,5,1,5,6,9,1,1,1,0
38,2,17,6,2,2,2,22,5,5,1,1,1,0
45,2,5,16,2,1,5,1,1,1,0,1,1,0
64,2,6,18,1,3,8,5,0,9,0,1,1,0
70,2,17,6,1,1,7,5,6,5,1,1,2,0
30,3,3,8,2,5,1,23,5,7,1,1,1,1
46,3,12,14,1,4,10,9,3,8,0,0,2,0
59,3,19,7,1,5,1,4,6,1,1,1,1,0
64,3,3,8,2,5,11,16,1,9,0,0,2,0
30,1,20,9,2,1,6,6,4,5,0,0,1,1
37,1,18,13,2,1,7,16,6,9,1,0,1,0
44,1,14,12,1,5,1,3,2,8,0,1,1,0
46,1,19,7,1,2,2,18,6,2,1,0,1,0
59,1,10,15,1,1,7,19,0,5,0,0,3,0
69,1,5,16,1,5,11,15,3,6,0,0,2,0
30,2,6,18,1,1,7,12,5,5,1,0,2,1
38,2,1,19,1,4,10,9,6,6,1,0,1,0
42,2,10,15,1,4,10,9,1,12,0,0,2,0
43,2,6,18,2,1,6,16,3,2,0,0,1,0
49,2,15,1,2,1,5,0,2,2,0,1,2,0
57,2,1,19,2,5,1,19,3,10,0,0,2,0
30,3,18,13,2,5,1,12,6,11,1,0,3,1
41,3,4,11,1,2,2,8,3,8,0,0,1,0
44,3,18,13,1,5,9,9,3,10,0,0,1,0
21,1,12,14,2,2,3,21,5,6,1,0,3,0
23,1,20,9,1,5,9,15,5,7,1,0,1,0
29,1,6,18,2,5,1,7,4,2,0,0,1,1
30,1,5,16,1,1,7,14,4,6,0,0,3,1
42,1,19,7,2,1,5,0,2,8,0,1,1,0
51,1,19,7,1,3,4,21,4,5,0,0,1,0
52,1,1,19,1,1,5,12,3,6,0,0,3,0
57,1,9,10,2,5,11,7,2,2,0,0,1,0
62,1,18,13,2,2,3,0,1,4,0,1,1,0
67,1,4,11,1,2,2,4,4,5,0,1,2,0
25,2,8,3,2,1,5,17,3,8,0,0,3,0
30,2,7,20,1,3,4,20,1,12,0,0,1,1
31,2,6,18,1,2,3,2,3,10,0,1,2,0
33,2,16,4,2,1,6,21,4,9,0,0,2,0
36,2,17,6,1,2,12,5,5,12,1,1,2,1
39,2,7,20,1,1,6,13,3,2,0,0,1,0
43,2,16,4,1,4,10,11,3,3,0,0,2,0
44,2,18,13,2,5,11,4,2,6,0,1,1,0
64,2,18,13,2,4,10,6,6,6,1,0,1,0
67,2,18,13,1,2,2,11,3,9,0,0,2,0
75,2,18,13,1,2,12,4,4,9,0,1,1,0
18,3,15,1,2,3,8,7,2,10,0,0,2,0
28,3,8,3,2,5,9,16,1,6,0,0,1,0
30,3,5,16,2,2,2,10,4,5,0,0,2,1
43,3,9,10,2,3,4,6,3,12,0,0,3,1
52,3,10,15,2,1,5,21,5,5,1,0,3,0
70,3,6,18,1,1,5,21,0,12,0,0,1,0
30,1,18,13,2,3,4,12,5,12,1,0,2,1
37,1,1,19,2,3,4,22,6,8,1,1,1,0
48,1,18,13,2,3,8,18,2,4,0,0,1,0
54,1,19,7,1,5,9,10,1,9,0,0,2,0
57,1,9,10,1,2,2,11,6,10,1,0,2,0
65,1,15,1,2,5,9,2,3,12,0,1,2,0
68,1,5,16,1,1,6,21,3,3,0,0,2,0
69,1,5,16,1,5,11,14,3,10,0,0,1,0
73,1,15,1,2,5,1,5,6,8,1,1,3,0
74,1,3,8,2,3,4,12,1,8,0,0,2,0
30,2,20,9,1,1,5,2,5,1,1,1,1,1
40,2,20,9,2,5,1,18,6,3,1,0,2,0
48,2,3,8,2,2,3,8,0,4,0,0,3,0
53,2,10,15,1,1,6,21,2,1,0,0,3,0
65,2,11,17,1,2,12,6,1,10,0,0,1,0
30,3,1,19,1,2,12,11,3,3,0,0,2,1
32,3,13,2,2,1,7,2,6,4,1,1,2,0
38,3,1,19,2,2,12,2,1,2,0,1,1,0
43,3,9,10,2,5,11,4,4,9,0,1,1,0
45,3,16,4,2,2,12,18,2,6,0,0,2,0
48,3,2,5,2,1,6,1,4,8,0,1,2,0
52,3,13,2,2,3,8,0,1,1,0,1,1,0
64,3,11,17,1,5,11,23,0,4,0,1,1,0
19,1,18,13,1,3,8,0,5,4,1,1,3,0
20,1,18,13,2,1,6,12,6,12,1,0,1,0
28,1,13,2,1,1,5,3,2,2,0,1,2,0
30,1,17,6,2,3,8,5,6,5,1,1,2,1
39,1,13,2,1,1,5,10,3,7,0,0,1,0
69,1,5,16,2,1,7,22,1,5,0,1,3,0
24,2,2,5,1,4,10,20,4,4,0,0,1,0
30,2,11,17,2,4,10,21,1,6,0,0,3,1
49,2,5,16,1,1,5,20,5,3,1,0,2,0
53,2,9,10,2,5,11,6,5,12,1,0,2,1
54,2,19,7,1,1,5,6,1,9,0,0,2,0
56,2,11,17,1,2,3,5,0,5,0,1,3,0
23,3,16,4,2,3,8,16,1,10,0,0,3,0
30,3,11,17,1,4,10,19,2,5,0,0,2,1
56,3,2,5,2,1,7,16,0,4,0,0,1,0
58,3,4,11,2,5,1,7,2,12,0,0,1,0
65,3,12,14,1,2,12,13,0,5,0,0,1,0
69,3,13,2,2,3,4,21,0,7,0,0,3,0
73,3,10,15,2,1,6,8,0,11,0,0,1,0
20,1,20,9,2,5,11,6,1,1,0,0,1,0
23,1,7,20,2,2,3,23,2,6,0,1,1,0
25,1,18,13,1,3,8,20,4,3,0,0,3,0
27,1,15,1,2,5,11,0,3,10,0,1,3,0
30,1,8,3,2,2,12,16,6,5,1,0,1,1
44,1,20,9,1,4,10,2,5,4,1,1,1,0
47,1,2,5,2,2,2,21,5,11,1,0,1,0
50,1,1,19,1,1,7,14,6,6,1,0,2,0
58,1,4,11,2,1,6,4,4,8,0,1,1,0
62,1,9,10,2,1,6,13,1,7,0,0,1,0
66,1,17,6,2,1,6,20,3,1,0,0,2,0
28,2,20,9,1,1,6,4,3,7,0,1,3,1
30,2,3,8,2,1,7,22,1,7,0,1,1,1
37,2,15,1,1,1,5,19,5,6,1,0,2,0
50,2,7,20,1,3,8,10,4,5,0,0,2,0
55,2,12,14,1,1,5,20,2,1,0,0,2,0
23,3,9,10,1,2,3,6,1,10,0,0,2,0
30,3,14,12,2,3,8,0,2,5,0,1,1,1
31,3,5,16,1,3,8,5,2,1,0,1,2,0
42,3,20,9,1,1,7,16,2,2,0,0,1,0
57,3,14,12,2,5,9,17,3,1,0,0,1,0
66,3,11,17,2,2,3,0,3,8,0,1,1,0
75,3,19,7,2,2,12,18,3,6,0,0,1,0
30,1,8,3,1,4,10,3,2,7,0,1,3,1
45,1,14,12,1,2,2,1,2,3,0,1,1,0
58,1,16,4,2,2,2,1,5,8,1,1,1,0
61,1,17,6,1,1,7,15,5,3,1,0,3,0
62,1,6,18,2,5,11,21,3,12,0,0,1,0
68,1,7,20,1,2,3,3,0,5,0,1,1,0
74,1,18,13,1,1,5,3,3,4,0,1,2,0
18,2,3,8,2,5,9,23,0,9,0,1,1,0
22,2,4,11,2,5,11,1,1,6,0,1,1,1
30,2,17,6,2,5,1,8,5,3,1,0,2,1
38,2,12,14,2,5,11,7,1,9,0,0,3,0
42,2,8,3,2,3,4,19,2,8,0,0,1,0
53,2,1,19,1,1,7,23,5,3,1,1,3,0
60,2,3,8,2,1,5,5,5,12,1,1,1,0
67,2,1,19,2,5,11,3,0,9,0,1,1,1
23,3,5,16,1,2,3,22,1,9,0,1,3,0
27,3,13,2,2,1,7,0,1,8,0,1,3,0
30,3,5,16,2,3,8,7,6,2,1,0,3,1
34,3,1,19,1,5,1,5,6,5,1,1,1,0
35,3,3,8,2,1,7,21,1,10,0,0,3,1
54,3,18,13,1,5,11,14,2,12,0,0,2,0
57,3,9,10,1,1,6,21,2,9,0,0,1,0
60,3,17,6,1,5,9,12,4,2,0,0,1,0
70,3,9,10,2,5,11,12,5,9,1,0,1,0
19,1,8,3,1,4,10,2,6,6,1,1,3,0
27,1,20,9,2,5,11,12,3,8,0,0,1,0
30,1,19,7,1,2,3,21,3,1,0,0,1,1
55,1,12,14,2,1,6,21,0,8,0,0,2,0
56,1,6,18,2,5,1,2,1,11,0,1,1,0
69,1,9,10,1,1,6,10,2,8,0,0,1,0
75,1,20,9,2,5,9,14,3,3,0,0,3,0
25,2,1,19,2,1,6,22,1,5,0,1,1,0
30,2,7,20,1,1,5,14,0,8,0,0,1,1
34,2,20,9,2,2,3,20,2,1,0,0,1,0
35,2,12,14,1,2,12,1,0,10,0,1,2,0
60,2,6,18,2,5,9,9,4,3,0,0,1,0
61,2,5,16,2,1,5,6,3,4,0,0,2,0
62,2,9,10,1,4,10,17,6,3,1,0,1,0
65,2,2,5,1,1,6,5,1,9,0,1,2,0
73,2,14,12,1,3,8,8,4,1,0,0,1,0
18,3,3,8,1,2,3,7,0,10,0,0,1,0
30,3,8,3,1,3,4,16,0,4,0,0,2,1
38,3,1,19,2,2,3,17,0,1,0,0,1,1
48,3,20,9,1,4,10,2,6,10,1,1,1,0
53,3,13,2,1,5,9,22,3,4,0,1,1,0
58,3,2,5,1,5,9,8,1,3,0,0,3,0
70,3,15,1,2,2,3,16,6,6,1,0,1,0
21,1,4,11,1,1,7,2,6,1,1,1,3,0
24,1,6,18,2,1,7,20,5,3,1,0,3,0
30,1,6,18,1,5,11,20,6,4,1,0,1,1
32,1,4,11,2,5,11,5,6,7,1,1,1,0
43,1,13,2,1,2,2,2,5,6,1,1,1,0
47,1,8,3,1,1,6,21,6,3,1,0,1,0
53,1,3,8,1,5,9,0,4,2,0,1,1,0
56,1,18,13,1,2,12,23,0,4,0,1,2,0
63,1,16,4,1,4,10,8,4,11,0,0,1,0
68,1,14,12,1,4,10,14,1,4,0,0,2,0
30,2,3,8,1,2,3,23,4,4,0,1,1,1
31,2,14,12,2,2,2,3,1,3,0,1,2,0
33,2,5,16,1,3,8,22,6,5,1,1,1,0
34,2,14,12,2,5,11,16,3,10,0,0,1,0
39,2,5,16,1,3,4,0,6,8,1,1,1,0
45,2,5,16,1,1,5,2,6,11,1,1,1,0
48,2,20,9,2,1,7,8,4,7,0,0,2,0
72,2,7,20,2,5,9,21,1,8,0,0,2,0
24,3,5,16,1,5,11,15,2,7,0,0,1,0
30,3,13,2,1,1,6,18,6,2,1,0,2,1
46,3,10,15,1,1,7,9,6,7,1,0,2,0
47,3,13,2,1,3,8,2,3,1,0,1,3,0
53,3,2,5,1,1,5,6,4,12,0,0,1,0
58,3,1,19,1,2,12,1,6,11,1,1,1,0
20,1,14,12,2,5,1,17,0,8,0,0,1,0
30,1,8,3,1,5,1,5,4,12,0,1,1,1
32,1,4,11,2,3,8,23,0,3,0,1,2,0
35,1,10,15,2,1,7,2,2,9,0,1,1,0
43,1,15,1,2,5,11,13,5,10,1,0,2,0
18,2,4,11,1,2,12,15,3,3,0,0,1,0
26,2,18,13,1,3,8,13,2,11,0,0,1,0
30,2,18,13,1,2,3,22,2,2,0,1,3,1
32,2,16,4,2,5,1,10,5,2,1,0,1,0
38,2,11,17,2,1,5,17,1,10,0,0,2,0
44,2,6,18,2,2,3,7,5,11,1,0,1,0
52,2,11,17,1,5,9,12,5,9,1,0,2,0
21,3,6,18,1,3,4,4,3,10,0,1,3,0
23,3,7,20,2,5,11,22,4,2,0,1,1,0
29,3,7,20,2,1,7,23,3,2,0,1,1,0
30,3,12,14,1,1,6,16,5,3,1,0,1,1
31,3,12,14,1,5,9,8,6,11,1,0,2,0
41,3,17,6,1,1,7,3,5,9,1,1,1,0
56,3,18,13,2,4,10,16,3,8,0,0,2,0
18,1,3,8,2,2,12,13,2,10,0,0,1,0
27,1,8,3,2,3,8,18,4,1,0,0,1,0
30,1,7,20,2,1,6,14,2,3,0,0,1,1
47,1,3,8,2,1,5,11,4,10,0,0,1,0
49,1,19,7,2,5,9,6,4,7,0,0,1,0
51,1,8,3,1,5,1,23,5,11,1,1,2,0
59,1,4,11,1,5,11,20,1,1,0,0,3,0
60,1,1,19,1,2,3,9,6,3,1,0,3,0
69,1,12,14,1,2,12,2,6,2,1,1,3,0
72,1,7,20,1,1,5,17,6,3,1,0,2,1
18,2,19,7,1,4,10,18,1,5,0,0,1,0
20,2,4,11,1,1,6,15,5,4,1,0,1,0
30,2,2,5,2,1,7,12,3,5,0,0,2,1
56,2,9,10,2,2,3,10,1,4,0,0,1,0
57,2,8,3,2,5,1,12,6,7,1,0,1,0
60,2,17,6,2,5,1,10,3,3,0,0,1,0
63,2,17,6,1,3,8,1,5,8,1,1,1,0
72,2,10,15,2,2,2,7,3,1,0,0,1,0
21,3,13,2,2,2,3,21,5,9,1,0,1,0
30,3,15,1,1,2,2,11,4,9,0,0,2,1
32,3,5,16,1,1,6,21,4,5,0,0,1,0
71,3,6,18,1,2,2,17,3,6,0,0,1,0
72,3,20,9,1,5,9,9,2,11,0,0,1,0
20,1,14,12,1,1,5,2,1,4,0,1,2,0
30,1,10,15,2,5,1,4,1,8,0,1,3,1
46,1,18,13,1,5,9,0,6,11,1,1,1,0
56,1,1,19,1,2,12,12,0,9,0,0,2,0
25,2,1,19,1,3,8,9,5,1,1,0,2,0
30,2,14,12,2,1,5,15,2,10,0,0,1,1
31,2,10,15,1,2,2,8,2,10,0,0,1,0
34,2,18,13,2,2,12,4,1,6,0,1,3,0
39,2,14,12,1,1,7,23,1,4,0,1,3,0
44,2,20,9,1,2,3,6,2,9,0,0,1,0
52,2,20,9,2,4,10,22,5,9,1,1,3,0
60,2,20,9,1,1,6,0,3,3,0,1,1,0
73,2,6,18,1,5,9,22,3,2,0,1,3,0
20,3,7,20,2,1,5,18,4,8,0,0,1,0
30,3,16,4,1,5,11,0,4,2,0,1,2,1
45,3,20,9,1,1,6,3,3,4,0,1,1,0
61,3,3,8,1,5,1,21,3,10,0,0,1,0
67,3,18,13,1,2,12,6,0,9,0,0,3,0
69,3,1,19,1,4,10,16,5,3,1,0,2,0
70,3,4,11,1,3,4,20,4,8,0,0,1,0
75,3,15,1,2,5,9,20,5,5,1,0,3,0
30,1,12,14,1,5,9,0,4,1,0,1,1,1
33,1,17,6,1,1,6,4,1,1,0,1,1,0
41,1,6,18,1,4,10,17,0,12,0,0,2,0
47,1,15,1,2,5,11,20,6,3,1,0,2,0
50,1,20,9,2,1,6,23,6,1,1,1,1,0
52,1,9,10,1,2,12,13,0,5,0,0,1,0
18,2,6,18,1,5,9,13,3,4,0,0,1,0
26,2,4,11,2,3,4,21,6,6,1,0,1,0
30,2,8,3,2,4,10,23,0,10,0,1,1,1
33,2,10,15,2,3,4,18,5,11,1,0,1,0
55,2,9,10,1,4,10,16,6,12,1,0,2,0
62,2,5,16,2,5,9,23,5,1,1,1,1,0
64,2,19,7,2,4,10,12,4,2,0,0,1,0
20,3,2,5,2,2,12,4,3,5,0,1,2,0
21,3,5,16,1,3,8,22,1,7,0,1,3,0
25,3,5,16,2,2,12,23,3,9,0,1,1,0
30,3,8,3,2,5,1,7,4,1,0,0,1,1
32,3,14,12,1,5,1,13,1,4,0,0,2,0
35,3,19,7,1,4,10,1,3,1,0,1,1,0
41,3,6,18,2,1,5,15,1,3,0,0,2,0
43,3,8,3,1,1,6,13,5,10,1,0,3,0
50,3,4,11,1,2,12,12,3,10,0,0,2,0
65,3,8,3,1,4,10,13,2,8,0,0,1,0
73,3,19,7,2,1,6,9,3,12,0,0,1,0
30,1,18,13,2,4,10,11,0,1,0,0,1,1
40,1,11,17,1,1,6,20,2,12,0,0,1,0
47,1,16,4,2,3,8,19,3,10,0,0,1,0
65,1,5,16,1,2,3,9,0,1,0,0,2,0
68,1,5,16,1,1,7,7,6,2,1,0,1,0
24,2,15,1,2,1,7,8,5,2,1,0,1,0
26,2,20,9,1,1,6,1,4,9,0,1,1,0
27,2,7,20,2,3,8,20,3,3,0,0,3,0
30,2,3,8,1,3,4,6,2,1,0,0,3,1
31,2,4,11,2,3,4,9,1,6,0,0,1,0
36,2,19,7,2,2,12,2,5,6,1,1,1,0
56,2,13,2,1,5,1,18,3,4,0,0,2,0
57,2,18,13,2,1,7,18,3,8,0,0,2,0
30,3,12,14,1,5,1,7,0,1,0,0,1,1
32,3,15,1,1,2,12,2,5,1,1,1,3,0
69,3,8,3,2,1,6,7,2,4,0,0,1,0
30,1,16,4,1,5,1,9,0,3,0,0,3,1
33,1,9,10,2,5,9,21,4,7,0,0,2,0
38,1,4,11,2,5,11,11,2,4,0,0,3,0
66,1,13,2,2,5,9,4,1,8,0,1,1,0
67,1,10,15,1,5,9,4,0,1,0,1,3,0
21,2,1,19,2,1,6,22,6,7,1,1,1,0
30,2,6,18,2,3,8,3,5,5,1,1,1,1
41,2,2,5,2,1,6,16,3,6,0,0,2,0
43,2,10,15,1,2,12,2,6,11,1,1,2,0
49,2,9,10,2,1,6,19,4,3,0,0,1,0
54,2,10,15,2,5,11,5,4,5,0,1,3,0
63,2,9,10,2,1,7,19,0,12,0,0,3,0
19,3,3,8,1,2,3,1,1,10,0,1,1,0
21,3,15,1,1,1,7,2,1,4,0,1,1,1
30,3,8,3,2,2,3,11,0,3,0,0,1,1
33,3,4,11,1,2,3,9,0,10,0,0,3,0
36,3,17,6,2,5,11,18,1,11,0,0,3,0
41,3,10,15,2,5,11,15,5,1,1,0,2,0
49,3,11,17,1,5,1,12,3,12,0,0,1,1
54,3,18,13,2,1,7,22,2,8,0,1,2,0
59,3,3,8,1,1,7,10,3,1,0,0,1,0
25,1,13,2,2,4,10,15,1,1,0,0,1,0
30,1,15,1,1,1,5,19,5,5,1,0,3,1
70,1,11,17,2,2,3,9,6,5,1,0,2,0
30,2,18,13,1,3,8,12,2,9,0,0,2,1
36,2,19,7,2,1,6,12,4,12,0,0,1,0
44,2,6,18,1,5,1,4,0,9,0,1,1,0
45,2,20,9,2,1,6,0,5,4,1,1,1,0
63,2,20,9,1,1,5,1,1,7,0,1,2,0
70,2,9,10,1,2,12,17,4,3,0,0,3,1
72,2,2,5,2,3,8,10,6,9,1,0,3,0
73,2,9,10,2,5,11,10,6,3,1,0,1,0
24,3,9,10,1,1,5,0,0,1,0,1,2,1
25,3,5,16,2,1,5,19,1,6,0,0,3,0
30,3,4,11,1,5,11,16,1,3,0,0,1,1
43,3,13,2,2,4,10,10,3,8,0,0,1,0
30,1,19,7,1,3,8,15,0,2,0,0,3,1
45,1,7,20,1,1,7,13,1,1,0,0,2,0
57,1,1,19,2,2,3,10,0,10,0,0,2,0
68,1,1,19,1,5,1,3,3,6,0,1,3,0
30,2,11,17,2,5,11,9,6,5,1,0,3,1
46,2,2,5,1,2,12,5,0,5,0,1,3,0
57,2,10,15,2,1,7,16,5,6,1,0,3,0
66,2,4,11,2,5,9,23,5,3,1,1,1,0
19,3,14,12,1,5,9,2,5,1,1,1,1,0
20,3,4,11,1,4,10,16,0,11,0,0,2,1
29,3,14,12,1,4,10,6,1,8,0,0,1,0
30,3,15,1,1,3,4,11,2,3,0,0,1,1
32,3,7,20,2,1,5,8,1,6,0,0,3,0
55,3,4,11,1,1,7,12,5,3,1,0,1,0
75,3,19,7,1,5,9,16,0,6,0,0,2,0
22,1,14,12,1,4,10,11,4,12,0,0,2,0
30,1,4,11,1,1,5,2,6,1,1,1,2,1
43,1,1,19,1,5,11,6,0,2,0,0,1,0
53,1,16,4,1,1,5,18,3,7,0,0,1,0
63,1,8,3,1,2,2,11,3,4,0,0,1,0
70,1,9,10,2,5,11,0,1,7,0,1,3,0
25,2,18,13,2,1,6,18,4,6,0,0,2,1
30,2,17,6,2,2,12,11,6,10,1,0,3,1
31,2,8,3,2,3,4,6,6,12,1,0,1,0
33,2,9,10,2,1,6,6,2,5,0,0,2,0
34,2,5,16,2,2,2,17,1,9,0,0,3,0
35,2,2,5,1,5,9,23,3,9,0,1,1,0
41,2,9,10,2,2,2,0,4,2,0,1,2,0
22,3,10,15,1,2,12,17,6,9,1,0,3,0
25,3,6,18,1,1,6,23,1,5,0,1,1,0
30,3,19,7,1,5,11,3,2,1,0,1,3,1
45,3,20,9,1,1,6,16,2,10,0,0,2,0
49,3,19,7,1,5,1,18,1,1,0,0,3,0
64,3,7,20,1,1,7,23,2,11,0,1,3,0
68,3,14,12,1,3,4,10,5,4,1,0,1,0
72,3,10,15,1,2,12,4,1,12,0,1,2,0
75,3,10,15,2,1,5,7,1,4,0,0,2,0
23,1,20,9,2,1,5,12,4,1,0,0,1,0
26,1,5,16,1,2,12,0,0,3,0,1,2,0
30,1,14,12,2,5,11,13,6,4,1,0,1,1
34,1,18,13,2,2,3,13,1,2,0,0,1,0
42,1,14,12,2,3,4,1,3,11,0,1,1,0
56,1,8,3,2,4,10,5,5,8,1,1,2,0
57,1,6,18,2,5,1,9,4,10,0,0,3,0
59,1,10,15,2,2,12,19,6,5,1,0,1,0
68,1,4,11,2,2,12,23,1,5,0,1,1,0
18,2,9,10,2,3,8,6,5,3,1,0,2,0
30,2,14,12,1,2,2,16,2,4,0,0,2,1
44,2,11,17,2,2,2,5,1,3,0,1,1,0
58,2,10,15,1,1,7,2,1,8,0,1,1,0
64,2,1,19,1,1,5,18,0,9,0,0,1,0
28,3,2,5,2,5,1,14,1,2,0,0,3,0
30,3,3,8,1,1,5,16,1,1,0,0,3,1
32,3,8,3,1,5,11,5,3,7,0,1,2,0
44,3,17,6,1,2,3,1,5,12,1,1,2,0
48,3,16,4,1,1,6,5,0,11,0,1,2,0
61,3,4,11,1,2,2,20,5,5,1,0,1,0
74,3,6,18,1,3,8,12,3,10,0,0,2,0
24,1,20,9,1,2,12,15,5,8,1,0,2,0
25,1,16,4,2,2,12,11,4,10,0,0,1,0
30,1,8,3,1,3,4,7,4,2,0,0,1,1
34,1,11,17,1,5,11,16,1,2,0,0,2,0
36,1,15,1,1,3,4,23,1,10,0,1,1,0
30,2,19,7,1,2,12,16,5,8,1,0,3,1
34,2,3,8,1,5,1,16,3,9,0,0,2,0
39,2,13,2,2,2,3,12,6,9,1,0,2,0
50,2,10,15,1,3,8,15,2,1,0,0,3,0
55,2,1,19,2,2,2,15,6,3,1,0,1,0
56,2,8,3,2,2,3,4,5,5,1,1,3,0
58,2,11,17,2,1,6,1,6,3,1,1,2,0
65,2,18,13,1,2,12,2,2,6,0,1,1,1
18,3,11,17,2,1,5,7,3,3,0,0,1,1
27,3,1,19,2,5,9,6,3,10,0,0,2,0
30,3,5,16,1,2,3,15,1,5,0,0,2,1
69,3,7,20,2,4,10,23,5,5,1,1,2,0
73,3,20,9,1,1,6,4,5,12,1,1,1,0
30,1,8,3,1,5,9,10,6,1,1,0,1,1
40,1,11,17,1,2,12,2,2,8,0,1,3,0
58,1,18,13,1,1,5,3,3,9,0,1,2,0
21,2,14,12,1,3,8,5,3,7,0,1,1,0
30,2,7,20,1,4,10,11,2,7,0,0,1,1
34,2,1,19,1,1,5,7,5,1,1,0,1,0
44,2,18,13,2,3,4,3,5,2,1,1,1,0
49,2,8,3,2,1,6,7,6,1,1,0,3,0
64,2,16,4,2,2,2,16,2,7,0,0,2,0
65,2,13,2,2,1,7,4,3,11,0,1,1,0
72,2,19,7,1,5,11,14,0,3,0,0,3,0
29,3,7,20,1,5,1,19,6,10,1,0,1,0
30,3,14,12,1,1,6,22,1,8,0,1,3,1
33,3,20,9,2,5,9,7,4,2,0,0,2,0
49,3,13,2,2,2,2,17,5,8,1,0,1,0
52,3,7,20,2,3,8,1,4,3,0,1,3,0
59,3,11,17,2,2,2,7,4,7,0,0,2,0
63,3,4,11,1,5,9,16,4,7,0,0,1,0
21,1,18,13,1,2,2,0,4,8,0,1,1,0
24,1,16,4,1,3,8,15,4,10,0,0,2,0
28,1,19,7,1,4,10,1,3,7,0,1,1,0
30,1,6,18,1,2,3,10,0,4,0,0,3,1
35,1,15,1,1,5,11,1,6,3,1,1,2,0
47,1,4,11,1,5,9,7,0,9,0,0,3,0
56,1,7,20,2,5,11,13,1,8,0,0,3,0
62,1,18,13,2,4,10,16,3,8,0,0,2,0
26,2,12,14,1,5,11,18,2,3,0,0,2,0
30,2,4,11,2,1,5,17,5,9,1,0,3,1
42,2,20,9,1,2,2,15,4,2,0,0,3,0
47,2,20,9,2,2,2,5,0,10,0,1,2,0
51,2,19,7,1,1,6,9,2,7,0,0,2,1
68,2,18,13,1,4,10,12,2,3,0,0,1,0
74,2,2,5,2,5,11,9,6,3,1,0,2,0
24,3,19,7,1,2,2,4,5,2,1,1,3,0
30,3,16,4,1,4,10,6,4,9,0,0,1,1
31,3,8,3,2,5,1,16,5,6,1,0,1,0
44,3,7,20,1,3,4,6,1,5,0,0,1,0
46,3,2,5,2,2,12,11,2,7,0,0,1,0
52,3,14,12,1,1,6,23,0,7,0,1,3,0
57,3,7,20,1,2,12,14,6,9,1,0,3,0
70,3,7,20,1,5,1,6,2,2,0,0,1,0
22,1,12,14,2,5,1,7,1,7,0,0,1,0
26,1,8,3,2,5,11,10,6,2,1,0,3,0
30,1,20,9,1,3,4,5,5,9,1,1,2,1
41,1,4,11,2,5,11,1,4,7,0,1,2,0
42,1,3,8,1,2,2,16,2,6,0,0,2,0
47,1,2,5,1,4,10,1,4,12,0,1,2,0
52,1,19,7,2,3,8,10,2,2,0,0,3,0
55,1,18,13,1,1,7,21,4,10,0,0,1,0
56,1,16,4,1,3,4,22,0,1,0,1,1,0
61,1,12,14,1,5,11,19,4,6,0,0,1,0
63,1,9,10,1,5,1,0,1,7,0,1,2,0
64,1,15,1,2,5,11,22,4,12,0,1,1,0
66,1,14,12,2,5,1,12,0,12,0,0,2,0
30,2,4,11,2,4,10,5,4,4,0,1,1,1
42,2,15,1,1,2,2,8,4,4,0,0,1,0
58,2,5,16,2,5,1,14,3,4,0,0,2,0
18,3,17,6,1,3,4,19,0,3,0,0,3,0
30,3,7,20,2,1,7,6,6,3,1,0,2,1
38,3,9,10,2,4,10,21,0,4,0,0,2,0
44,3,18,13,2,2,3,8,2,10,0,0,2,0
54,3,16,4,2,5,11,12,2,7,0,0,2,0
65,3,18,13,1,1,5,23,2,12,0,1,1,0
74,3,11,17,2,5,9,2,5,5,1,1,2,0
28,1,15,1,1,2,12,14,0,4,0,0,2,0
30,1,2,5,1,1,6,1,3,3,0,1,3,1
34,1,18,13,2,5,1,3,4,8,0,1,2,0
38,1,6,18,2,2,3,5,4,7,0,1,1,0
45,1,12,14,2,3,8,13,0,6,0,0,3,0
50,1,4,11,2,5,1,21,4,11,0,0,1,0
61,1,1,19,2,4,10,1,4,6,0,1,2,0
65,1,18,13,2,5,1,9,4,12,0,0,1,1
20,2,12,14,2,1,7,9,1,11,0,0,1,1
21,2,2,5,2,5,1,0,5,7,1,1,2,0
27,2,12,14,1,3,4,8,5,11,1,0,1,0
30,2,10,15,1,1,5,22,5,6,1,1,1,1
42,2,14,12,1,1,5,23,0,5,0,1,3,0
59,2,16,4,2,1,5,19,3,7,0,0,2,0
62,2,11,17,2,5,1,1,3,11,0,1,1,0
64,2,10,15,2,3,4,14,3,6,0,0,1,0
19,3,14,12,1,1,5,6,3,11,0,0,1,0
21,3,18,13,2,3,4,3,1,11,0,1,3,0
30,3,17,6,2,5,9,9,5,9,1,0,1,1
48,3,3,8,2,2,3,14,2,5,0,0,1,1
68,3,17,6,1,1,5,22,2,11,0,1,3,0
71,3,3,8,2,5,1,12,5,1,1,0,1,0
19,1,1,19,2,1,5,9,2,9,0,0,1,0
24,1,16,4,2,1,6,21,4,9,0,0,2,0
30,1,8,3,2,2,3,17,3,4,0,0,1,1
42,1,12,14,2,4,10,18,2,2,0,0,2,1
45,1,2,5,1,3,4,1,4,1,0,1,1,0
48,1,2,5,1,1,5,7,6,1,1,0,1,0
51,1,6,18,2,2,2,19,5,8,1,0,1,0
65,1,15,1,1,2,12,19,3,7,0,0,3,0
27,2,11,17,2,2,12,17,5,2,1,0,3,0
30,2,17,6,2,2,2,15,6,6,1,0,2,1
46,2,7,20,1,3,4,12,1,12,0,0,2,0
47,2,3,8,2,4,10,6,2,6,0,0,1,0
50,2,3,8,1,3,4,6,2,1,0,0,3,1
71,2,8,3,2,3,4,14,4,12,0,0,3,0
20,3,10,15,1,5,11,5,6,5,1,1,3,0
27,3,11,17,1,5,1,10,5,10,1,0,1,0
30,3,5,16,2,4,10,2,4,3,0,1,1,1
33,3,10,15,2,2,3,23,5,2,1,1,3,0
37,3,1,19,2,5,9,6,3,10,0,0,2,0
55,3,18,13,1,2,2,4,2,11,0,1,1,0
71,3,17,6,1,5,11,12,1,9,0,0,1,0
30,1,4,11,1,2,3,9,0,10,0,0,3,1
37,1,13,2,1,2,12,15,0,1,0,0,2,0
39,1,19,7,1,4,10,8,6,8,1,0,3,0
59,1,17,6,1,1,6,11,2,9,0,0,2,0
70,1,6,18,2,5,9,9,0,10,0,0,2,0
23,2,15,1,2,1,7,15,3,1,0,0,2,0
30,2,12,14,2,5,11,19,6,2,1,0,1,1
43,2,4,11,2,5,11,7,2,10,0,0,1,0
51,2,5,16,1,5,1,0,5,5,1,1,2,0
60,2,1,19,1,5,11,16,4,5,0,0,3,1
63,2,14,12,1,3,8,13,5,10,1,0,1,0
70,2,3,8,1,2,3,15,3,9,0,0,1,0
30,3,17,6,1,3,4,5,4,2,0,1,3,1
40,3,9,10,2,1,5,2,3,9,0,1,2,0
42,3,18,13,2,1,5,6,6,8,1,0,1,0
48,3,10,15,1,5,11,2,4,5,0,1,1,0
53,3,19,7,2,1,6,9,1,12,0,0,2,0
66,3,9,10,1,2,3,22,1,12,0,1,2,0
67,3,8,3,2,5,9,18,2,5,0,0,1,0
71,3,6,18,1,3,8,21,6,2,1,0,1,0
21,1,20,9,1,3,4,19,3,12,0,0,1,0
30,1,10,15,2,5,11,22,0,10,0,1,1,0
46,1,4,11,2,5,9,18,2,11,0,0,1,0
50,1,16,4,1,4,10,0,3,6,0,1,1,0
67,1,5,16,1,1,7,9,1,8,0,0,3,0
72,1,8,3,1,5,1,11,4,5,0,0,3,0
30,2,5,16,1,5,11,4,6,9,1,1,1,1
30,3,10,15,2,5,1,22,0,7,0,1,1,1
39,3,9,10,2,5,11,0,3,8,0,1,3,0
42,3,20,9,1,5,9,13,0,7,0,0,1,1
54,3,8,3,2,4,10,18,4,10,0,0,1,0
56,3,5,16,2,2,12,18,4,9,0,0,1,0
70,3,18,13,1,5,11,13,0,6,0,0,2,0
30,1,4,11,2,5,11,15,2,6,0,0,1,1
33,1,16,4,2,4,10,17,4,5,0,0,2,0
44,1,6,18,1,1,6,15,0,11,0,0,2,0
47,1,11,17,1,3,4,18,2,12,0,0,2,0
51,1,17,6,2,2,2,18,0,3,0,0,1,0
70,1,7,20,1,5,1,19,2,2,0,0,1,0
18,2,12,14,1,5,1,22,4,9,0,1,3,0
30,2,13,2,1,4,10,18,4,3,0,0,1,1
43,2,2,5,2,5,9,0,4,12,0,1,1,0
61,2,6,18,2,2,2,17,0,9,0,0,1,0
30,3,2,5,1,2,2,11,6,6,1,0,3,1
32,3,13,2,1,3,4,1,1,8,0,1,1,0
33,3,9,10,2,5,1,5,0,4,0,1,3,0
38,3,10,15,1,4,10,19,6,1,1,0,1,1
39,3,10,15,2,5,1,22,5,5,1,1,2,0
62,3,7,20,2,1,6,7,4,11,0,0,1,0
75,3,2,5,1,2,2,0,0,12,0,1,1,0
30,1,11,17,2,5,11,9,6,5,1,0,3,1
33,1,17,6,1,5,1,23,0,9,0,1,1,0
37,1,17,6,2,1,6,18,2,4,0,0,2,0
41,1,7,20,1,1,7,22,6,6,1,1,1,0
48,1,1,19,2,5,1,20,4,8,0,0,1,0
50,1,11,17,1,3,4,12,4,9,0,0,1,0
58,1,13,2,2,5,11,20,1,5,0,0,2,0
26,2,5,16,1,3,8,20,3,4,0,0,3,0
30,2,9,10,1,1,7,16,6,5,1,0,3,1
33,2,8,3,1,1,7,10,5,7,1,0,2,0
35,2,9,10,2,1,7,5,3,7,0,1,2,0
41,2,4,11,1,2,3,9,3,8,0,0,1,0
45,2,1,19,2,1,6,20,6,4,1,0,1,0
52,2,11,17,2,1,5,5,3,6,0,1,2,0
63,2,12,14,1,5,11,13,4,1,0,0,1,1
66,2,18,13,1,1,5,7,5,6,1,0,1,0
75,2,10,15,2,5,1,21,0,10,0,0,3,0
30,3,14,12,2,1,7,13,6,11,1,0,1,1
35,3,16,4,2,1,7,12,3,12,0,0,3,0
36,3,12,14,2,2,2,3,4,4,0,1,2,0
37,3,18,13,2,5,9,22,0,8,0,1,1,0
49,3,16,4,1,1,5,12,2,4,0,0,2,0
58,3,5,16,1,5,1,5,4,4,0,1,1,0
70,3,2,5,2,2,12,23,4,6,0,1,2,0
18,1,2,5,2,4,10,10,6,6,1,0,1,0
30,1,19,7,1,2,3,2,1,9,0,1,2,1
59,1,1,19,2,2,2,15,5,6,1,0,1,0
69,1,11,17,1,2,12,4,0,9,0,1,1,0
18,2,13,2,1,4,10,3,6,1,1,1,1,0
23,2,8,3,2,3,4,16,1,6,0,0,3,0
27,2,6,18,1,2,2,22,5,4,1,1,2,0
30,2,6,18,2,5,1,21,5,2,1,0,3,1
31,2,17,6,1,5,11,15,0,12,0,0,1,0
50,2,1,19,1,1,6,7,5,12,1,0,1,0
60,2,20,9,2,5,11,7,0,8,0,0,2,0
71,2,6,18,1,1,7,3,5,6,1,1,2,0
30,3,20,9,2,5,1,18,1,1,0,0,1,1
32,3,14,12,2,5,9,1,3,3,0,1,2,0
43,3,4,11,2,2,2,0,3,2,0,1,3,0
74,3,11,17,2,2,12,22,5,9,1,1,1,0
30,1,8,3,2,3,4,5,3,2,0,1,3,1
37,1,5,16,2,1,6,21,4,11,0,0,1,0
38,1,2,5,2,1,7,2,0,12,0,1,2,0
44,1,16,4,2,1,5,23,1,9,0,1,1,0
46,1,2,5,1,5,1,7,4,3,0,0,1,0
27,2,10,15,1,1,7,11,1,2,0,0,2,0
30,2,1,19,1,1,7,12,6,7,1,0,3,1
71,2,1,19,1,2,3,14,0,9,0,0,1,0
30,3,7,20,2,2,2,15,5,1,1,0,1,1
39,3,3,8,1,4,10,0,2,8,0,1,1,0
52,3,12,14,1,2,3,1,0,6,0,1,2,1
55,3,17,6,2,5,1,5,5,12,1,1,1,0
59,3,18,13,1,2,12,22,0,4,0,1,1,1
67,3,1,19,1,3,8,13,2,3,0,0,1,0
25,1,1,19,1,4,10,19,5,10,1,0,1,0
30,1,13,2,1,5,11,20,4,1,0,0,2,1
69,1,7,20,2,2,3,8,3,5,0,0,3,0
70,1,18,13,1,1,5,6,6,7,1,0,3,0
27,2,7,20,1,2,2,7,3,1,0,0,1,0
29,2,11,17,2,1,6,23,1,11,0,1,3,0
30,2,7,20,2,3,8,20,3,3,0,0,3,1
48,2,8,3,2,2,2,3,3,10,0,1,2,0
56,2,5,16,1,5,9,10,2,12,0,0,2,0
59,2,19,7,2,2,12,21,5,2,1,0,3,0
63,2,5,16,1,1,7,6,4,9,0,0,1,0
74,2,19,7,1,1,7,16,3,4,0,0,2,0
24,3,14,12,1,3,4,18,3,8,0,0,1,0
30,3,12,14,2,5,9,14,3,9,0,0,1,1
31,3,8,3,1,5,9,23,1,6,0,1,1,0
37,3,8,3,1,1,6,15,1,4,0,0,3,0
41,3,7,20,1,1,7,15,6,5,1,0,1,0
42,3,9,10,1,2,2,19,0,9,0,0,1,0
56,3,15,1,2,3,8,1,0,3,0,1,1,1
30,1,1,19,2,3,4,16,5,4,1,0,2,1
51,1,5,16,2,2,3,9,3,7,0,0,1,0
30,2,1,19,2,1,5,16,1,5,0,0,3,1
35,2,4,11,1,3,4,3,2,7,0,1,1,0
38,2,4,11,1,1,6,9,4,7,0,0,1,0
39,2,12,14,1,5,9,15,0,6,0,0,2,0
42,2,4,11,2,2,3,19,3,3,0,0,1,0
45,2,15,1,1,2,3,22,5,8,1,1,1,0
65,2,17,6,1,3,8,6,2,1,0,0,1,0
68,2,20,9,2,1,7,3,2,8,0,1,2,0
72,2,11,17,2,2,12,14,4,1,0,0,2,1
75,2,4,11,1,5,11,14,4,2,0,0,1,1
22,3,8,3,2,5,1,3,0,10,0,1,2,0
30,3,15,1,1,3,8,18,3,4,0,0,1,1
33,3,18,13,1,2,12,22,2,11,0,1,1,0
19,1,4,11,2,2,2,5,3,1,0,1,2,0
25,1,4,11,2,2,3,4,1,4,0,1,1,1
28,1,18,13,1,5,11,11,2,12,0,0,2,0
30,1,14,12,2,3,4,2,0,9,0,1,2,1
40,1,15,1,2,4,10,18,5,1,1,0,2,0
20,2,20,9,1,2,2,23,1,4,0,1,1,0
30,2,12,14,2,2,12,4,6,2,1,1,2,1
33,2,5,16,1,5,9,10,1,9,0,0,3,0
43,2,20,9,1,3,4,23,3,1,0,1,1,0
56,2,6,18,2,4,10,19,5,6,1,0,1,0
60,2,19,7,2,1,5,4,2,2,0,1,2,0
30,3,2,5,2,4,10,23,5,12,1,1,1,1
32,3,11,17,1,2,2,11,5,3,1,0,3,0
43,3,10,15,1,2,12,4,3,5,0,1,1,0
45,3,11,17,1,1,7,18,3,10,0,0,1,0
58,3,1,19,2,3,4,8,1,11,0,0,1,0
30,1,13,2,1,3,8,12,0,12,0,0,2,1
39,1,19,7,1,2,3,20,1,1,0,0,1,0
43,1,16,4,2,4,10,7,5,6,1,0,3,0
49,1,3,8,1,5,9,14,1,7,0,0,3,0
50,1,4,11,1,3,4,6,2,8,0,0,2,0
19,2,5,16,2,1,5,7,1,4,0,0,3,0
27,2,7,20,1,2,12,21,5,7,1,0,2,0
30,2,18,13,2,4,10,15,1,3,0,0,1,1
55,2,12,14,1,5,1,6,0,6,0,0,1,0
56,2,6,18,1,2,12,11,0,1,0,0,1,0
62,2,12,14,2,2,3,4,4,2,0,1,2,0
65,2,12,14,2,5,11,2,1,7,0,1,2,0
74,2,15,1,1,2,3,3,0,7,0,1,1,0
23,3,18,13,2,1,5,1,4,10,0,1,2,0
30,3,6,18,1,3,8,17,3,4,0,0,1,1
33,3,13,2,1,1,6,22,6,4,1,1,3,0
39,3,2,5,1,3,4,17,4,6,0,0,2,0
47,3,14,12,1,1,7,14,0,8,0,0,2,0
53,3,12,14,1,1,7,12,0,3,0,0,2,1
59,3,6,18,1,1,6,5,2,9,0,1,2,0
61,3,4,11,2,1,5,3,5,5,1,1,1,0
72,3,11,17,1,5,11,13,2,2,0,0,2,0
73,3,7,20,2,1,7,23,2,11,0,1,1,0
30,1,6,18,2,5,9,3,6,4,1,1,1,1
42,1,18,13,2,2,12,13,2,7,0,0,2,0
61,1,3,8,1,2,2,6,1,9,0,0,2,0
70,1,17,6,2,1,5,11,1,1,0,0,2,0
73,1,16,4,1,2,3,2,0,4,0,1,1,0
30,2,12,14,1,5,9,8,2,2,0,0,2,1
38,2,15,1,1,5,9,4,1,12,0,1,2,0
41,2,8,3,2,3,4,16,1,6,0,0,3,0
48,2,14,12,2,1,5,23,5,1,1,1,2,0
64,2,8,3,2,2,12,19,6,11,1,0,2,0
75,2,10,15,1,1,6,10,4,1,0,0,1,0
19,3,18,13,2,1,6,1,5,1,1,1,2,0
30,3,13,2,1,2,12,15,1,2,0,0,2,1
45,3,4,11,1,5,9,6,5,11,1,0,2,0
75,3,5,16,1,3,4,21,1,2,0,0,1,0
18,1,6,18,2,3,4,0,6,10,1,1,2,0
20,1,8,3,2,4,10,22,3,11,0,1,2,0
30,1,9,10,1,2,3,3,2,11,0,1,2,1
32,1,10,15,1,1,6,8,4,11,0,0,3,0
53,1,2,5,2,3,8,0,3,12,0,1,1,0
57,1,13,2,2,3,4,21,0,7,0,0,3,0
61,1,9,10,2,4,10,10,0,8,0,0,2,0
22,2,6,18,2,1,7,20,5,3,1,0,3,0
30,2,19,7,1,4,10,8,4,11,0,0,3,1
33,2,11,17,1,1,5,0,2,7,0,1,1,0
37,2,9,10,2,5,11,0,1,7,0,1,3,1
44,2,8,3,1,1,7,8,2,8,0,0,1,0
18,3,18,13,2,4,10,16,1,8,0,0,3,0
30,3,8,3,2,5,1,18,4,2,0,0,3,1
32,3,15,1,1,1,5,5,5,10,1,1,3,0
33,3,20,9,2,3,4,9,3,12,0,0,1,0
37,3,13,2,2,2,12,9,4,7,0,0,1,0
41,3,9,10,2,1,5,4,2,10,0,1,1,0
50,3,19,7,1,1,6,6,3,1,0,0,1,0
62,3,16,4,2,2,2,22,2,1,0,1,3,1
64,3,19,7,1,5,9,19,6,5,1,0,2,0
27,1,19,7,1,2,3,7,6,6,1,0,2,1
30,1,8,3,1,5,11,2,6,4,1,1,1,1
33,1,11,17,1,3,8,3,3,6,0,1,1,0
36,1,11,17,2,2,2,19,6,4,1,0,1,0
43,1,7,20,2,3,8,3,4,10,0,1,1,0
51,1,17,6,2,4,10,22,1,5,0,1,3,0
55,1,8,3,1,1,7,6,2,11,0,0,2,0
59,1,9,10,1,1,6,10,3,7,0,0,3,0
75,1,4,11,2,5,9,2,4,8,0,1,3,0
21,2,20,9,2,2,3,21,2,3,0,0,2,0
28,2,14,12,1,2,12,0,0,12,0,1,1,0
30,2,13,2,1,2,2,8,5,2,1,0,1,1
35,2,1,19,2,5,1,11,5,11,1,0,3,0
39,2,3,8,2,3,8,15,6,12,1,0,1,1
43,2,3,8,1,1,6,16,2,7,0,0,1,0
65,2,7,20,1,5,1,11,5,7,1,0,1,0
67,2,12,14,1,1,5,16,1,9,0,0,3,0
19,3,1,19,1,5,9,21,0,2,0,0,2,0
30,3,1,19,1,5,9,6,2,8,0,0,2,1
61,3,9,10,1,5,9,6,4,1,0,0,2,0
70,3,5,16,2,4,10,19,1,4,0,0,1,0
23,1,12,14,2,4,10,0,1,1,0,1,1,0
29,1,18,13,1,4,10,4,5,11,1,1,2,0
30,1,14,12,2,5,11,8,4,3,0,0,2,1
54,1,1,19,1,3,4,7,3,4,0,0,1,0
63,1,15,1,2,5,9,14,2,7,0,0,1,0
20,2,11,17,1,4,10,4,0,3,0,1,3,0
25,2,8,3,2,2,3,18,3,9,0,0,2,0
27,2,8,3,2,4,10,9,2,10,0,0,1,0
30,2,16,4,1,5,1,22,1,11,0,1,3,1
42,2,2,5,1,5,9,19,2,10,0,0,1,0
47,2,6,18,2,5,1,20,5,12,1,0,2,1
60,2,19,7,2,5,1,15,6,8,1,0,1,0
70,2,4,11,1,3,8,4,2,1,0,1,2,0
20,3,19,7,1,5,1,13,3,6,0,0,3,0
21,3,12,14,2,3,8,13,0,6,0,0,3,0
22,3,1,19,1,5,9,3,5,1,1,1,1,0
29,3,16,4,2,1,6,13,4,11,0,0,3,0
30,3,17,6,1,2,12,10,5,4,1,0,1,1
44,3,10,15,2,4,10,2,0,7,0,1,2,0
46,3,14,12,1,5,9,21,3,5,0,0,1,1
54,3,5,16,1,5,9,5,5,7,1,1,1,0
30,1,18,13,1,5,11,19,3,6,0,0,2,1
47,1,7,20,2,5,11,21,0,10,0,0,1,0
66,1,1,19,1,2,2,9,0,10,0,0,1,0
70,1,13,2,2,3,4,21,0,7,0,0,3,0
73,1,18,13,1,3,4,6,5,7,1,0,1,0
30,2,16,4,1,1,5,5,3,1,0,1,1,1
47,2,16,4,2,3,8,18,0,6,0,0,3,0
51,2,16,4,1,4,10,16,3,3,0,0,3,0
59,2,12,14,1,1,7,0,0,3,0,1,1,0
61,2,14,12,1,3,8,16,5,12,1,0,1,0
67,2,13,2,2,5,11,8,4,4,0,0,1,0
75,2,4,11,1,1,6,6,2,8,0,0,2,0
29,3,14,12,2,2,2,19,4,2,0,0,1,0
30,3,6,18,2,1,5,14,3,4,0,0,1,1
48,3,12,14,1,4,10,16,5,4,1,0,3,0
50,3,8,3,2,5,11,0,4,4,0,1,1,0
51,3,2,5,1,1,7,2,6,7,1,1,1,1
75,3,19,7,2,3,8,18,3,7,0,0,3,0
23,1,8,3,2,5,1,19,4,8,0,0,1,0
30,1,7,20,2,1,7,8,6,2,1,0,1,1
31,1,8,3,2,1,6,3,1,10,0,1,3,0
43,1,5,16,1,5,9,13,1,11,0,0,1,0
53,1,2,5,2,2,12,14,6,3,1,0,2,0
58,1,11,17,1,2,12,15,1,5,0,0,1,0
64,1,13,2,1,2,3,23,3,1,0,1,2,0
22,2,10,15,1,5,1,18,3,9,0,0,2,0
26,2,14,12,2,2,12,1,6,1,1,1,3,0
30,2,10,15,2,1,6,7,3,2,0,0,1,1
52,2,13,2,1,4,10,22,5,11,1,1,2,0
56,2,14,12,1,1,7,3,3,10,0,1,1,0
62,2,3,8,2,1,6,13,6,3,1,0,1,1
27,3,3,8,2,2,3,17,5,1,1,0,2,0
30,3,3,8,1,1,6,22,1,10,0,1,3,1
36,3,7,20,1,3,4,19,1,7,0,0,1,0
41,3,10,15,2,4,10,13,0,1,0,0,1,0
42,3,7,20,2,5,11,6,6,1,1,0,3,0
61,3,7,20,1,5,1,4,3,6,0,1,1,0
63,3,3,8,2,2,3,9,2,9,0,0,1,0
66,3,14,12,1,3,4,3,4,2,0,1,3,0
22,1,9,10,2,2,12,15,6,10,1,0,1,0
30,1,19,7,2,1,6,19,5,6,1,0,1,1
56,1,16,4,1,1,5,1,3,12,0,1,3,0
57,1,3,8,1,1,6,4,4,12,0,1,3,0
24,2,18,13,1,1,7,10,1,9,0,0,1,0
30,2,6,18,2,1,5,23,2,6,0,1,2,1
35,2,10,15,2,2,2,0,4,12,0,1,1,0
52,2,1,19,1,2,12,9,2,1,0,0,2,0
57,2,8,3,2,1,6,7,3,8,0,0,1,0
63,2,17,6,2,2,12,16,3,11,0,0,3,0
73,2,2,5,1,2,3,6,4,9,0,0,3,0
30,3,14,12,1,2,2,23,4,9,0,1,1,1
31,3,8,3,2,1,7,14,2,3,0,0,1,0
44,3,2,5,1,2,3,6,4,9,0,0,3,1
45,3,13,2,1,4,10,10,1,2,0,0,1,1
53,3,5,16,2,4,10,15,3,5,0,0,3,0
54,3,14,12,2,5,11,9,1,4,0,0,2,0
59,3,7,20,2,2,2,14,3,8,0,0,1,0
65,3,14,12,2,3,8,7,1,4,0,0,3,0
66,3,15,1,2,2,2,19,3,9,0,0,3,0
70,3,15,1,1,5,9,6,3,12,0,0,1,0
18,1,7,20,2,1,7,14,1,3,0,0,3,0
19,1,8,3,2,5,9,7,6,8,1,0,3,0
21,1,9,10,2,3,8,9,1,8,0,0,2,0
29,1,18,13,1,1,6,14,0,10,0,0,1,0
30,1,10,15,2,5,9,14,3,6,0,0,2,1
41,1,1,19,2,2,2,11,6,11,1,0,2,0
68,1,1,19,1,5,1,3,6,5,1,1,2,0
71,1,2,5,1,2,12,5,0,5,0,1,3,0
19,2,19,7,1,5,11,3,6,7,1,1,2,0
30,2,15,1,2,2,12,17,2,10,0,0,1,1
45,2,20,9,2,3,8,22,3,8,0,1,1,0
51,2,13,2,2,3,8,16,4,9,0,0,1,0
72,2,17,6,1,2,12,18,0,5,0,0,2,0
75,2,5,16,2,5,1,0,3,10,0,1,2,0
27,3,1,19,2,1,7,1,4,4,0,1,3,0
30,3,6,18,2,5,9,13,6,2,1,0,1,1
59,3,18,13,2,5,1,12,6,11,1,0,3,0
63,3,5,16,2,1,7,23,3,5,0,1,3,0
68,3,11,17,1,2,2,23,2,7,0,1,1,0
21,1,16,4,1,2,3,7,5,8,1,0,1,1
30,1,19,7,1,2,12,5,4,2,0,1,1,1
33,1,19,7,1,3,4,19,0,7,0,0,2,0
36,1,3,8,1,2,3,5,2,1,0,1,3,0
39,1,15,1,1,5,9,18,6,1,1,0,1,0
41,1,10,15,1,5,11,15,1,11,0,0,1,0
50,1,15,1,2,2,3,7,6,2,1,0,1,0
59,1,20,9,1,5,11,20,5,7,1,0,2,0
68,1,3,8,1,5,1,9,0,7,0,0,2,0
30,2,7,20,1,1,7,13,1,1,0,0,2,1
44,2,2,5,2,3,4,22,6,3,1,1,3,0
54,2,14,12,2,5,9,5,0,7,0,1,2,0
68,2,15,1,1,5,11,11,2,12,0,0,3,0
21,3,19,7,2,5,9,14,0,2,0,0,1,0
30,3,5,16,2,2,2,20,5,3,1,0,2,1
39,3,13,2,1,5,1,16,6,5,1,0,2,0
59,3,16,4,2,1,6,5,1,5,0,1,2,0
63,3,2,5,1,3,4,14,1,11,0,0,1,0
69,3,18,13,1,2,2,19,6,2,1,0,1,0
23,1,18,13,2,4,10,17,6,7,1,0,2,0
30,1,11,17,1,2,2,15,1,6,0,0,2,1
51,1,16,4,1,3,8,0,4,1,0,1,1,0
52,1,4,11,1,5,11,21,4,12,0,0,2,0
18,2,8,3,1,2,3,3,1,8,0,1,1,0
30,2,13,2,1,2,12,4,3,12,0,1,3,1
38,2,8,3,2,4,10,22,3,11,0,1,2,0
46,2,3,8,2,3,8,15,5,7,1,0,1,0
71,2,10,15,2,2,3,17,4,12,0,0,3,0
74,2,5,16,2,3,4,19,2,4,0,0,2,0
20,3,8,3,1,2,2,11,0,9,0,0,1,0
30,3,20,9,2,4,10,7,6,4,1,0,1,1
31,3,4,11,1,2,2,16,1,8,0,0,1,0
43,3,16,4,2,3,8,4,6,9,1,1,3,0
48,3,5,16,1,2,3,1,3,11,0,1,1,0
50,3,4,11,1,1,5,10,6,3,1,0,1,0
53,3,2,5,2,5,11,22,5,9,1,1,1,0
56,3,15,1,2,3,8,19,2,12,0,0,2,0
58,3,2,5,1,1,5,18,6,3,1,0,1,0
74,3,5,16,1,1,6,15,4,10,0,0,3,0
75,3,9,10,1,5,1,21,1,4,0,0,1,0
30,1,3,8,2,2,12,6,4,2,0,0,2,1
33,1,15,1,2,5,9,19,4,6,0,0,2,0
40,1,17,6,1,5,1,11,4,5,0,0,3,0
45,1,14,12,2,1,7,9,3,1,0,0,1,1
52,1,2,5,1,4,10,5,0,4,0,1,1,0
68,1,13,2,2,5,9,1,6,3,1,1,1,0
71,1,7,20,2,3,4,17,5,3,1,0,1,0
75,1,18,13,1,2,12,12,3,1,0,0,3,0
25,2,12,14,1,1,5,18,2,4,0,0,1,0
30,2,11,17,1,3,8,12,6,11,1,0,3,1
46,2,19,7,2,1,6,0,0,5,0,1,2,0
70,2,5,16,2,1,6,17,5,8,1,0,1,0
23,3,11,17,2,1,5,13,0,7,0,0,1,0
30,3,15,1,2,1,6,5,6,2,1,1,1,1
35,3,6,18,2,1,6,21,4,11,0,0,2,0
41,3,20,9,2,1,7,1,2,1,0,1,2,0
46,3,10,15,1,5,11,6,6,2,1,0,2,0
60,3,18,13,1,5,11,8,6,6,1,0,2,0
20,1,7,20,2,2,2,12,0,6,0,0,1,0
30,1,3,8,1,1,6,21,4,12,0,0,2,1
33,1,15,1,2,3,8,2,0,10,0,1,3,0
35,1,6,18,1,3,4,5,0,6,0,1,1,0
54,1,8,3,2,5,1,3,0,10,0,1,2,0
62,1,6,18,2,5,9,2,4,4,0,1,1,0
68,1,5,16,2,2,2,9,3,7,0,0,2,0
20,2,17,6,2,1,5,15,0,8,0,0,1,0
30,2,10,15,2,1,6,1,6,10,1,1,1,1
32,2,19,7,1,5,11,21,3,7,0,0,1,0
42,2,18,13,1,1,6,21,4,6,0,0,1,0
51,2,16,4,2,5,11,2,0,8,0,1,1,0
53,2,1,19,1,1,5,18,0,4,0,0,1,0
18,3,5,16,1,5,11,4,6,4,1,1,1,1
20,3,1,19,2,3,8,4,2,8,0,1,1,0
30,3,10,15,2,1,5,19,4,1,0,0,3,1
37,3,8,3,2,2,3,2,3,6,0,1,2,0
39,3,11,17,1,5,11,22,3,5,0,1,3,0
43,3,5,16,2,1,7,3,6,1,1,1,1,0
62,3,4,11,2,1,7,14,0,10,0,0,2,0
23,1,17,6,2,2,3,2,3,4,0,1,1,0
30,1,9,10,2,3,4,5,5,7,1,1,1,1
59,1,10,15,1,4,10,3,6,6,1,1,3,0
67,1,6,18,2,2,2,15,5,8,1,0,1,0
30,2,5,16,1,5,1,20,0,1,0,0,2,1
34,2,11,17,2,5,9,22,2,2,0,1,2,0
44,2,6,18,1,1,7,16,2,5,0,0,1,0
51,2,11,17,1,3,8,11,4,10,0,0,3,0
59,2,17,6,1,3,4,10,1,7,0,0,2,0
30,3,19,7,2,3,4,10,6,10,1,0,2,1
38,3,7,20,1,2,12,1,0,10,0,1,1,0
42,3,19,7,2,5,1,21,1,2,0,0,1,0
45,3,8,3,2,3,4,3,2,9,0,1,1,0
50,3,2,5,2,5,11,9,6,3,1,0,2,1
52,3,17,6,2,1,5,15,0,1,0,0,1,1
55,3,18,13,2,3,8,23,4,9,0,1,1,1
67,3,15,1,2,3,4,19,2,5,0,0,2,0
18,1,19,7,2,3,4,12,0,4,0,0,2,0
30,1,8,3,1,5,1,19,2,4,0,0,3,1
55,1,18,13,1,3,4,21,5,3,1,0,2,0
18,2,5,16,2,5,1,0,6,12,1,1,2,0
24,2,15,1,2,2,2,23,1,10,0,1,2,0
30,2,19,7,1,5,1,3,4,2,0,1,1,1
32,2,12,14,2,3,4,14,5,5,1,0,3,0
50,2,20,9,1,3,4,19,3,7,0,0,1,0
51,2,2,5,2,5,9,10,0,4,0,0,3,0
56,2,19,7,1,1,7,6,5,3,1,0,3,0
30,3,11,17,1,2,3,5,6,1,1,1,3,1
41,3,13,2,2,3,8,21,5,6,1,0,1,0
49,3,2,5,2,1,5,13,1,1,0,0,1,0
54,3,18,13,2,1,6,4,4,3,0,1,3,0
56,3,14,12,1,4,10,2,1,10,0,1,1,0
59,3,18,13,1,3,4,19,6,3,1,0,1,0
61,3,19,7,1,5,11,20,4,6,0,0,2,0
68,3,18,13,1,3,8,3,4,6,0,1,3,0
72,3,2,5,1,2,2,16,0,4,0,0,1,0
73,3,2,5,1,2,2,7,5,11,1,0,3,0
24,1,15,1,2,3,4,18,5,1,1,0,3,0
30,1,20,9,1,3,4,13,0,4,0,0,2,1
51,1,2,5,2,5,1,15,6,6,1,0,2,0
56,1,8,3,1,3,4,7,2,6,0,0,1,0
71,1,17,6,1,2,12,1,2,3,0,1,2,0
30,2,17,6,1,3,8,20,0,10,0,0,3,1
34,2,2,5,1,5,1,9,4,9,0,0,2,0
40,2,13,2,1,5,1,1,3,2,0,1,2,0
45,2,12,14,2,4,10,15,3,12,0,0,1,0
55,2,17,6,2,3,4,2,2,6,0,1,2,0
71,2,12,14,1,2,3,6,0,6,0,0,1,0
75,2,13,2,2,5,1,3,5,4,1,1,3,0
22,3,3,8,2,2,12,16,6,3,1,0,1,0
28,3,4,11,2,2,12,17,2,1,0,0,1,0
30,3,1,19,2,2,12,13,4,8,0,0,1,1
42,3,16,4,2,1,6,11,2,12,0,0,2,0
70,3,8,3,2,1,7,15,6,8,1,0,1,0
73,3,17,6,2,3,4,3,2,12,0,1,1,0
18,1,9,10,1,3,4,11,6,1,1,0,2,0
28,1,10,15,2,3,4,10,2,9,0,0,3,0
30,1,9,10,2,2,2,9,6,9,1,0,3,1
33,1,1,19,2,2,2,7,2,3,0,0,1,0
36,1,5,16,1,2,2,20,1,1,0,0,1,0
43,1,15,1,1,1,6,15,2,11,0,0,1,0
73,1,20,9,2,3,8,3,4,6,0,1,3,1
19,2,9,10,2,4,10,13,6,9,1,0,2,0
30,2,12,14,1,2,3,19,3,8,0,0,2,1
41,2,3,8,1,2,3,2,5,8,1,1,3,0
69,2,15,1,2,5,9,20,2,5,0,0,1,0
70,2,16,4,2,2,3,5,5,12,1,1,1,0
26,3,17,6,2,3,8,14,1,3,0,0,2,0
30,3,19,7,2,1,7,13,1,11,0,0,3,1
32,3,19,7,2,2,3,3,5,5,1,1,2,0
33,3,4,11,2,2,12,21,0,8,0,0,3,0
52,3,1,19,2,5,9,15,1,5,0,0,3,0
69,3,11,17,1,2,12,23,2,1,0,1,3,0
30,1,17,6,1,5,9,1,0,3,0,1,3,1
31,1,13,2,1,1,6,19,6,7,1,0,2,0
47,1,15,1,1,1,7,21,5,8,1,0,2,0
24,2,17,6,1,1,7,16,0,10,0,0,3,0
26,2,13,2,1,5,9,0,2,2,0,1,2,0
30,2,13,2,1,2,2,14,0,1,0,0,2,1
45,2,2,5,1,5,9,15,4,10,0,0,1,0
47,2,5,16,1,3,4,1,2,1,0,1,2,0
59,2,3,8,1,5,11,15,0,3,0,0,1,1
65,2,17,6,1,2,3,15,0,12,0,0,1,0
71,2,9,10,1,5,9,6,5,12,1,0,2,0
19,3,20,9,1,4,10,21,2,1,0,0,1,0
30,3,15,1,2,4,10,5,0,1,0,1,1,1
34,3,18,13,2,1,6,15,1,6,0,0,1,0
43,3,14,12,1,2,3,5,3,6,0,1,2,0
46,3,1,19,2,2,2,14,0,7,0,0,3,0
49,3,18,13,1,1,5,1,0,9,0,1,3,0
51,3,17,6,2,2,12,6,4,9,0,0,1,0
52,3,9,10,2,5,11,23,6,12,1,1,1,0
69,3,9,10,1,2,3,20,4,2,0,0,2,0
70,3,1,19,1,5,1,6,3,1,0,0,2,0
23,1,3,8,1,1,7,1,6,9,1,1,2,0
30,1,14,12,2,3,8,3,1,6,0,1,1,1
37,1,1,19,1,3,8,13,3,7,0,0,1,0
43,1,20,9,2,2,2,19,2,1,0,0,1,0
30,2,7,20,2,2,12,0,4,2,0,1,2,1
40,2,11,17,2,3,4,14,3,10,0,0,2,0
48,2,1,19,2,5,11,2,1,8,0,1,3,0
57,2,12,14,1,1,7,10,2,9,0,0,2,0
18,3,5,16,2,2,2,4,3,9,0,1,1,0
30,3,1,19,2,3,8,5,2,1,0,1,1,1
44,3,12,14,2,1,6,14,2,10,0,0,3,0
48,3,8,3,1,5,1,11,0,10,0,0,1,0
54,3,15,1,1,2,12,18,5,6,1,0,1,0
55,3,4,11,2,5,11,13,3,2,0,0,2,0
75,3,11,17,2,5,11,19,4,7,0,0,1,0
20,1,18,13,1,1,6,4,1,8,0,1,1,0
30,1,3,8,1,4,10,15,5,8,1,0,2,1
33,1,8,3,1,2,2,9,1,9,0,0,3,0
56,1,14,12,1,1,6,20,3,9,0,0,2,0
19,2,17,6,1,3,4,3,6,8,1,1,2,0
30,2,20,9,1,2,12,19,4,5,0,0,2,1
42,2,7,20,1,2,3,8,6,12,1,0,1,0
57,2,8,3,2,2,2,19,4,6,0,0,1,0
62,2,10,15,2,1,5,21,5,4,1,0,2,0
63,2,7,20,2,3,4,23,1,5,0,1,2,0
72,2,8,3,2,1,7,20,4,3,0,0,2,0
18,3,16,4,1,2,3,7,6,3,1,0,3,0
21,3,14,12,1,5,1,9,6,6,1,0,1,0
30,3,1,19,2,1,7,1,4,4,0,1,3,1
40,3,15,1,2,3,4,13,2,2,0,0,1,1
47,3,19,7,1,2,12,9,4,9,0,0,3,0
52,3,9,10,1,3,4,15,0,4,0,0,1,0
55,3,11,17,1,1,5,4,2,2,0,1,3,0
68,3,15,1,1,1,6,11,3,8,0,0,1,0
20,1,15,1,2,2,12,18,1,12,0,0,3,0
27,1,9,10,1,1,7,7,5,10,1,0,1,0
30,1,6,18,1,5,9,11,3,6,0,0,1,1
38,1,14,12,2,2,2,3,2,6,0,1,1,0
44,1,16,4,1,1,7,9,4,8,0,0,2,0
46,1,15,1,2,2,12,23,2,3,0,1,3,0
47,1,14,12,1,2,2,3,5,4,1,1,2,0
50,1,3,8,1,3,4,17,2,6,0,0,3,0
19,2,15,1,2,2,3,11,2,8,0,0,1,0
24,2,18,13,2,5,1,2,6,5,1,1,2,1
30,2,4,11,1,1,7,6,6,3,1,0,3,1
35,2,3,8,1,3,4,22,3,2,0,1,3,1
46,2,6,18,2,1,5,8,5,9,1,0,2,0
64,2,16,4,1,4,10,19,5,1,1,0,2,0
67,2,9,10,2,3,4,16,0,12,0,0,2,0
69,2,15,1,1,5,1,12,3,12,0,0,3,0
74,2,6,18,1,3,8,2,1,9,0,1,3,0
27,3,12,14,1,5,11,18,2,3,0,0,2,0
30,3,15,1,1,2,2,11,4,9,0,0,2,1
43,3,1,19,2,2,2,4,0,4,0,1,2,0
46,3,19,7,1,1,6,4,0,2,0,1,1,0
60,3,2,5,1,5,11,3,0,4,0,1,2,0
65,3,12,14,1,5,11,14,2,3,0,0,1,0
66,3,19,7,2,4,10,3,2,12,0,1,3,0
19,1,8,3,1,1,7,13,0,9,0,0,1,0
30,1,19,7,2,5,11,15,0,11,0,0,1,1
53,1,12,14,1,2,2,11,1,4,0,0,2,0
28,2,2,5,1,1,7,22,6,11,1,1,3,0
30,2,16,4,1,5,1,1,2,1,0,1,2,1
36,2,14,12,1,2,2,12,0,12,0,0,2,0
44,2,15,1,1,2,12,1,0,5,0,1,1,0
46,2,3,8,2,2,3,13,2,9,0,0,3,0
54,2,11,17,2,5,9,2,5,5,1,1,2,0
70,2,14,12,1,5,1,11,5,1,1,0,1,0
29,3,10,15,2,1,5,10,2,1,0,0,1,0
30,3,13,2,2,2,3,21,1,9,0,0,1,1
34,3,19,7,1,1,6,9,2,7,0,0,2,0
59,3,12,14,1,2,12,23,5,9,1,1,3,0
67,3,8,3,1,3,4,13,5,8,1,0,2,0
26,1,14,12,1,5,1,11,2,7,0,0,3,0
30,1,20,9,2,1,7,18,0,10,0,0,3,1
40,1,10,15,1,1,6,11,1,10,0,0,3,0
43,1,13,2,1,1,6,11,6,3,1,0,1,0
48,1,4,11,2,4,10,22,6,2,1,1,1,0
71,1,2,5,2,3,4,12,2,5,0,0,2,0
30,2,2,5,2,5,9,5,2,12,0,1,3,1
38,2,16,4,2,2,12,22,3,2,0,1,1,0
62,2,18,13,1,2,12,0,0,11,0,1,3,0
21,3,16,4,1,5,11,0,0,3,0,1,2,0
23,3,2,5,1,5,1,20,3,3,0,0,1,0
26,3,17,6,1,3,8,19,3,6,0,0,1,0
30,3,20,9,2,5,11,23,5,4,1,1,1,1
31,3,6,18,2,5,9,19,2,11,0,0,2,0
33,3,14,12,1,5,11,5,4,3,0,1,1,0
35,3,5,16,2,2,3,5,3,2,0,1,2,0
37,3,14,12,1,2,2,6,2,6,0,0,2,0
45,3,5,16,2,1,6,12,1,11,0,0,1,0
69,3,4,11,2,2,2,10,4,9,0,0,1,0
72,3,19,7,1,2,2,22,3,1,0,1,1,0
75,3,11,17,1,5,9,1,0,10,0,1,3,0
30,1,13,2,2,4,10,22,6,6,1,1,3,1
31,1,11,17,2,2,3,23,0,7,0,1,2,0
40,1,8,3,1,2,12,10,5,12,1,0,2,0
44,1,12,14,2,4,10,23,3,1,0,1,2,0
63,1,9,10,2,1,5,19,0,3,0,0,2,0
67,1,16,4,1,3,8,9,2,5,0,0,2,0
23,2,17,6,2,2,12,23,1,6,0,1,1,0
30,2,20,9,1,2,12,2,6,1,1,1,2,1
39,2,13,2,1,5,9,22,5,3,1,1,1,0
44,2,15,1,1,3,8,21,2,5,0,0,1,0
50,2,20,9,1,3,4,3,3,6,0,1,2,0
55,2,5,16,2,3,4,19,2,10,0,0,1,0
64,2,6,18,1,4,10,21,3,2,0,0,2,0
73,2,12,14,2,1,5,9,2,1,0,0,1,0
30,3,6,18,2,3,8,1,3,3,0,1,1,1
35,3,6,18,1,5,11,8,2,9,0,0,2,0
39,3,9,10,2,1,7,23,5,7,1,1,1,0
41,3,17,6,2,3,8,2,2,8,0,1,3,1
49,3,19,7,1,2,2,2,0,2,0,1,2,0
51,3,3,8,2,2,3,15,4,9,0,0,1,0
57,3,3,8,1,3,4,15,2,1,0,0,1,0
62,3,6,18,1,2,12,14,5,5,1,0,3,0
68,3,15,1,2,2,3,6,1,7,0,0,1,0
30,1,20,9,1,4,10,8,1,2,0,0,1,1
37,1,3,8,2,3,4,19,6,2,1,0,1,0
43,1,13,2,2,2,3,0,2,2,0,1,1,0
45,1,13,2,1,2,3,12,2,8,0,0,2,0
56,1,1,19,2,5,9,5,0,1,0,1,1,0
62,1,10,15,1,3,8,18,2,11,0,0,1,0
19,2,2,5,1,2,2,18,0,5,0,0,2,0
23,2,20,9,2,1,6,2,2,7,0,1,1,0
29,2,11,17,1,2,12,2,2,8,0,1,3,0
30,2,16,4,2,3,4,22,6,2,1,1,2,1
47,2,4,11,1,1,7,2,5,12,1,1,1,0
50,2,14,12,2,5,11,19,3,11,0,0,2,0
63,2,14,12,2,3,8,16,6,5,1,0,2,0
64,2,9,10,2,3,4,17,2,7,0,0,2,1
71,2,20,9,1,3,4,6,5,12,1,0,1,0
22,3,14,12,2,1,5,0,1,5,0,1,2,0
30,3,6,18,1,1,7,6,0,1,0,0,1,1
41,3,20,9,1,1,5,12,5,6,1,0,1,1
23,1,8,3,2,5,11,16,4,11,0,0,2,0
24,1,9,10,1,4,10,10,3,8,0,0,1,0
30,1,2,5,1,5,11,1,3,6,0,1,3,1
32,1,17,6,2,5,11,2,6,4,1,1,2,0
40,1,6,18,2,1,7,9,1,6,0,0,1,0
50,1,17,6,2,1,5,6,3,8,0,0,1,0
51,1,8,3,2,4,10,4,0,8,0,1,1,0
52,1,9,10,1,1,7,18,3,5,0,0,3,0
55,1,1,19,2,5,11,2,1,8,0,1,3,0
65,1,4,11,1,2,3,21,2,4,0,0,1,0
69,1,15,1,1,5,11,3,3,7,0,1,1,0
30,2,14,12,1,4,10,21,4,8,0,0,3,1
31,2,15,1,2,2,3,22,1,11,0,1,2,0
32,2,8,3,2,5,9,19,4,9,0,0,1,1
41,2,8,3,2,2,2,17,4,7,0,0,2,0
46,2,10,15,1,5,11,16,2,7,0,0,1,0
58,2,10,15,2,1,6,8,5,2,1,0,1,0
28,3,6,18,1,1,5,16,6,5,1,0,1,0
30,3,5,16,2,2,12,7,0,2,0,0,1,1
32,3,5,16,1,4,10,12,1,2,0,0,2,0
42,3,16,4,2,2,3,18,6,4,1,0,2,0
50,3,19,7,2,2,12,5,3,7,0,1,2,0
30,1,10,15,2,3,4,19,2,11,0,0,1,1
35,1,6,18,1,5,11,10,5,3,1,0,1,0
56,1,19,7,2,1,5,20,0,9,0,0,1,0
60,1,11,17,1,5,9,4,1,10,0,1,2,0
65,1,4,11,2,5,11,18,5,8,1,0,1,0
69,1,10,15,2,2,12,1,6,10,1,1,2,1
18,2,17,6,1,3,4,13,6,7,1,0,1,0
30,2,17,6,2,3,8,23,0,6,0,1,1,1
47,2,11,17,1,3,8,6,0,11,0,0,1,0
56,2,20,9,2,1,7,11,2,10,0,0,2,0
58,2,6,18,2,2,12,22,4,11,0,1,1,0
63,2,20,9,1,1,6,21,1,3,0,0,2,0
67,2,5,16,1,3,4,18,0,3,0,0,1,0
26,3,8,3,1,2,2,11,2,9,0,0,1,0
30,3,20,9,2,1,7,6,2,8,0,0,1,1
52,3,19,7,2,1,6,11,4,10,0,0,2,0
56,3,6,18,2,2,12,9,3,11,0,0,1,0
74,3,1,19,1,5,11,9,3,7,0,0,1,0
19,1,17,6,1,2,12,22,6,3,1,1,2,0
20,1,15,1,1,5,1,7,5,11,1,0,2,0
23,1,18,13,1,3,8,19,3,7,0,0,3,0
30,1,8,3,2,1,5,16,6,5,1,0,1,1
46,1,1,19,2,1,6,0,6,10,1,1,1,0
54,1,17,6,2,2,2,1,4,9,0,1,3,0
62,1,3,8,2,3,4,15,2,4,0,0,2,1
66,1,9,10,1,2,2,14,3,3,0,0,2,0
75,1,18,13,2,2,12,4,2,12,0,1,1,0
30,2,17,6,1,1,5,7,5,10,1,0,1,1
37,2,7,20,1,3,4,19,3,7,0,0,2,0
44,2,20,9,1,5,11,9,0,4,0,0,1,1
51,2,12,14,1,2,12,0,0,9,0,1,1,0
56,2,5,16,2,5,11,6,5,9,1,0,3,0
57,2,10,15,1,1,6,23,0,8,0,1,1,0
75,2,2,5,2,5,11,3,1,6,0,1,1,0
30,3,17,6,1,4,10,7,1,3,0,0,2,1
36,3,15,1,1,4,10,6,5,9,1,0,3,0
49,3,19,7,2,3,8,4,2,7,0,1,1,0
54,3,1,19,2,2,12,1,0,1,0,1,1,0
57,3,13,2,1,1,6,8,0,2,0,0,1,1
59,3,1,19,1,1,7,7,2,2,0,0,1,0
22,1,1,19,1,4,10,16,5,3,1,0,2,0
30,1,15,1,2,5,11,13,6,7,1,0,3,1
31,1,8,3,1,5,1,20,3,2,0,0,1,0
33,1,18,13,1,2,12,20,6,4,1,0,3,1
66,1,11,17,2,1,6,23,4,10,0,1,1,0
72,1,6,18,2,5,11,4,0,5,0,1,1,0
74,1,6,18,2,5,11,12,2,2,0,0,1,0
75,1,14,12,1,4,10,10,6,9,1,0,3,0
19,2,12,14,2,3,8,9,3,3,0,0,1,0
26,2,9,10,1,2,12,1,5,7,1,1,1,0
30,2,4,11,2,3,8,18,0,5,0,0,3,1
39,2,3,8,1,5,9,11,3,1,0,0,3,0
59,2,4,11,2,3,8,19,6,10,1,0,1,0
66,2,10,15,1,2,3,9,0,7,0,0,1,0
30,3,17,6,1,5,9,1,3,4,0,1,3,1
18,1,1,19,1,1,7,4,3,1,0,1,2,0
21,1,17,6,2,4,10,15,4,5,0,0,2,0
24,1,5,16,1,5,1,18,6,6,1,0,1,0
30,1,10,15,1,2,12,11,2,4,0,0,2,1
37,1,3,8,2,1,5,22,6,1,1,1,2,0
53,1,3,8,2,4,10,11,5,11,1,0,1,0
60,1,17,6,2,4,10,15,4,4,0,0,1,0
61,1,1,19,1,1,6,3,2,3,0,1,3,0
66,1,14,12,2,3,4,10,4,11,0,0,3,0
70,1,4,11,1,5,11,22,6,12,1,1,2,1
71,1,13,2,2,5,11,1,4,6,0,1,2,0
72,1,6,18,2,2,2,15,6,4,1,0,1,0
30,2,9,10,2,2,3,20,3,5,0,0,3,1
69,2,9,10,2,2,3,9,0,1,0,0,2,0
71,2,14,12,1,1,7,0,4,10,0,1,1,0
75,2,18,13,1,3,8,19,3,7,0,0,3,0
29,3,14,12,1,1,6,19,2,8,0,0,2,0
30,3,18,13,1,1,5,10,5,1,1,0,3,1
45,3,11,17,1,4,10,0,6,2,1,1,2,0
48,3,18,13,2,5,1,18,3,2,0,0,1,0
61,3,4,11,2,2,3,19,4,7,0,0,3,0
18,1,19,7,1,5,11,13,0,10,0,0,1,0
21,1,14,12,2,1,5,3,5,6,1,1,2,0
30,1,18,13,2,1,5,4,3,4,0,1,3,1
34,1,9,10,2,4,10,21,0,4,0,0,2,0
59,1,7,20,2,3,4,9,3,3,0,0,2,0
67,1,5,16,2,5,9,18,4,3,0,0,1,0
72,1,13,2,2,5,11,12,4,9,0,0,2,0
74,1,2,5,2,1,5,10,2,12,0,0,2,0
22,2,13,2,2,5,11,1,1,2,0,1,1,0
30,2,18,13,1,3,8,15,1,1,0,0,2,1
38,2,5,16,1,2,2,22,5,8,1,1,3,0
40,2,13,2,1,2,2,18,5,5,1,0,1,0
60,2,12,14,2,1,6,1,5,3,1,1,3,0
68,2,10,15,2,1,6,19,4,7,0,0,1,0
69,2,11,17,1,5,9,16,4,12,0,0,1,0
71,2,4,11,2,3,8,12,0,7,0,0,1,0
30,3,6,18,1,4,10,15,5,2,1,0,1,1
47,3,5,16,1,3,4,1,2,1,0,1,2,0
53,3,1,19,1,5,9,12,0,9,0,0,1,0
64,3,3,8,1,2,3,13,2,11,0,0,3,0
28,1,5,16,1,2,12,20,0,10,0,0,2,0
29,1,13,2,2,1,6,18,0,1,0,0,1,1
30,1,7,20,1,2,12,5,2,10,0,1,2,1
36,1,10,15,2,3,8,3,5,7,1,1,3,0
61,1,3,8,2,1,7,15,1,5,0,0,2,1
70,1,19,7,1,1,5,15,3,2,0,0,1,1
72,1,2,5,2,2,3,5,2,1,0,1,1,0
28,2,5,16,1,5,1,20,4,1,0,0,3,0
29,2,19,7,1,2,12,7,2,9,0,0,2,0
30,2,2,5,1,2,2,21,3,10,0,0,2,1
40,2,16,4,2,1,7,9,1,1,0,0,2,0
42,2,10,15,2,1,6,3,3,7,0,1,1,0
44,2,4,11,1,5,11,1,5,2,1,1,1,0
64,2,4,11,1,5,9,0,6,4,1,1,1,0
68,2,17,6,1,2,3,22,6,8,1,1,1,0
74,2,15,1,2,1,7,15,3,1,0,0,2,0
27,3,5,16,1,3,4,23,1,2,0,1,1,0
30,3,4,11,1,2,3,2,6,2,1,1,1,1
45,3,7,20,1,1,6,8,0,3,0,0,2,0
50,3,18,13,1,2,12,23,0,5,0,1,1,0
55,3,17,6,1,4,10,14,2,8,0,0,1,0
56,3,9,10,1,5,11,11,3,1,0,0,1,0
65,3,2,5,2,2,12,21,3,7,0,0,1,0
25,1,6,18,2,1,5,5,5,9,1,1,1,0
30,1,18,13,2,1,5,18,6,1,1,0,2,1
63,1,16,4,1,3,4,3,1,4,0,1,2,0
26,2,12,14,2,5,11,14,6,9,1,0,2,0
30,2,3,8,1,2,12,8,2,7,0,0,3,1
69,2,12,14,1,3,4,10,5,9,1,0,1,0
18,3,9,10,2,2,12,15,0,11,0,0,3,0
30,3,17,6,2,2,2,9,6,5,1,0,1,1
41,3,11,17,2,2,3,3,2,2,0,1,2,0
52,3,6,18,2,5,11,12,2,7,0,0,1,0
55,3,15,1,2,4,10,11,6,1,1,0,3,0
30,1,12,14,2,1,5,1,1,3,0,1,1,1
41,1,17,6,1,2,2,6,5,1,1,0,1,0
49,1,16,4,2,2,3,20,5,8,1,0,2,0
67,1,1,19,2,3,4,5,3,9,0,1,1,0
68,1,9,10,2,2,2,11,3,8,0,0,2,0
75,1,3,8,1,2,12,0,0,12,0,1,3,0
19,2,9,10,2,5,1,13,6,7,1,0,3,0
23,2,3,8,1,5,1,13,5,3,1,0,1,0
30,2,7,20,2,5,9,2,1,2,0,1,1,1
32,2,2,5,2,4,10,5,0,4,0,1,1,0
37,2,13,2,1,5,1,4,4,7,0,1,2,0
55,2,17,6,2,4,10,22,3,8,0,1,2,0
57,2,10,15,1,2,2,2,4,6,0,1,1,0
65,2,7,20,1,3,8,19,0,4,0,0,1,0
22,3,15,1,2,2,2,7,1,4,0,0,2,0
29,3,2,5,2,5,1,21,6,10,1,0,3,0
30,3,2,5,2,1,5,8,1,6,0,0,3,1
50,3,13,2,1,5,11,22,4,11,0,1,3,0
54,3,2,5,2,1,6,12,5,11,1,0,2,0
70,3,7,20,2,1,6,20,0,7,0,0,1,0
30,1,13,2,1,1,6,6,2,9,0,0,1,1
19,2,17,6,1,3,4,0,2,1,0,1,2,0
30,2,19,7,1,3,4,6,5,9,1,0,1,1
40,2,19,7,1,3,8,15,0,2,0,0,3,0
52,2,7,20,2,1,6,19,6,8,1,0,1,0
69,2,10,15,1,1,5,13,6,6,1,0,3,0
19,3,8,3,1,1,6,5,0,4,0,1,2,0
28,3,8,3,2,2,3,1,3,5,0,1,1,0
29,3,8,3,1,5,1,14,4,9,0,0,2,0
30,3,9,10,2,2,12,20,6,7,1,0,3,1
31,3,12,14,1,2,3,1,0,6,0,1,2,0
47,3,4,11,1,4,10,8,5,2,1,0,1,0
50,3,11,17,1,2,3,2,1,11,0,1,2,0
52,3,20,9,1,2,12,19,3,9,0,0,1,0
56,3,20,9,1,5,9,14,6,4,1,0,3,0
74,3,11,17,1,5,11,14,2,10,0,0,3,0
24,1,5,16,2,3,8,5,2,9,0,1,1,0
30,1,10,15,2,1,5,2,2,4,0,1,1,1
32,1,10,15,1,3,4,20,4,7,0,0,3,0
38,1,9,10,1,5,11,21,4,6,0,0,1,0
58,1,6,18,1,3,8,11,0,9,0,0,3,0
70,1,14,12,2,2,3,2,3,3,0,1,2,0
30,2,8,3,1,1,6,11,6,5,1,0,1,1
37,2,16,4,1,2,12,4,1,9,0,1,2,0
40,2,4,11,2,5,11,3,0,8,0,1,2,1
51,2,14,12,2,4,10,13,1,3,0,0,2,0
55,2,4,11,2,1,5,3,1,7,0,1,1,0
59,2,15,1,1,2,12,2,5,1,1,1,3,0
72,2,9,10,2,5,9,11,1,12,0,0,1,0
21,3,8,3,2,2,12,3,0,6,0,1,1,0
30,3,7,20,1,3,4,18,2,8,0,0,1,1
37,3,10,15,1,1,7,17,4,12,0,0,2,0
56,3,1,19,2,3,8,16,5,6,1,0,2,1
57,3,17,6,2,1,6,5,1,3,0,1,3,0
65,3,5,16,1,2,2,16,4,5,0,0,3,0
73,3,12,14,2,1,6,21,0,8,0,0,2,0
18,1,4,11,2,2,2,6,1,12,0,0,3,0
30,1,5,16,2,5,1,8,2,12,0,0,1,1
41,1,15,1,2,3,4,14,5,3,1,0,3,0
66,1,6,18,2,3,4,13,4,5,0,0,3,0
18,2,1,19,2,4,10,9,5,11,1,0,1,0
21,2,4,11,2,2,12,8,3,9,0,0,1,0
23,2,9,10,1,1,6,5,4,4,0,1,1,0
26,2,16,4,2,5,9,14,3,2,0,0,1,0
30,2,19,7,2,2,3,4,2,5,0,1,2,1
38,2,11,17,1,4,10,4,0,3,0,1,3,0
41,2,19,7,2,1,5,0,6,5,1,1,1,0
47,2,19,7,1,1,7,17,2,4,0,0,1,0
56,2,10,15,1,3,8,3,0,1,0,1,2,0
28,3,2,5,1,3,4,1,2,5,0,1,3,0
30,3,8,3,1,2,3,21,1,8,0,0,2,1
38,3,5,16,2,2,2,9,1,8,0,0,1,0
49,3,14,12,2,1,5,19,1,11,0,0,2,0
55,3,16,4,2,3,4,22,5,4,1,1,1,0
67,3,8,3,1,1,5,11,4,11,0,0,1,0
20,1,20,9,1,5,9,14,3,8,0,0,2,0
25,1,19,7,2,4,10,16,4,4,0,0,2,0
26,1,5,16,1,4,10,19,0,8,0,0,1,0
27,1,19,7,2,2,3,21,5,2,1,0,1,0
30,1,3,8,2,1,7,9,5,3,1,0,3,1
33,1,2,5,1,2,3,12,3,5,0,0,1,0
49,1,2,5,1,3,4,1,2,5,0,1,3,0
50,1,7,20,2,1,6,2,1,12,0,1,1,0
30,2,19,7,1,5,11,13,3,9,0,0,1,1
43,2,1,19,2,5,1,13,6,7,1,0,3,0
50,2,12,14,2,3,8,18,1,10,0,0,1,0
70,2,5,16,2,3,8,19,1,12,0,0,3,0
71,2,15,1,2,5,9,13,5,5,1,0,2,0
19,3,9,10,2,2,12,12,6,5,1,0,1,1
26,3,4,11,2,3,8,2,6,5,1,1,2,0
30,3,17,6,2,5,1,4,6,4,1,1,1,1
37,3,8,3,1,1,5,10,5,2,1,0,2,0
39,3,14,12,1,2,3,3,6,7,1,1,1,1
43,3,18,13,2,5,1,15,2,11,0,0,2,0
47,3,3,8,1,2,3,12,1,10,0,0,1,0
62,3,5,16,2,5,1,15,2,5,0,0,2,0
72,3,1,19,1,2,3,2,6,3,1,1,1,0
30,1,19,7,2,4,10,8,5,2,1,0,2,1
56,1,7,20,1,3,4,20,3,8,0,0,2,0
57,1,7,20,1,2,3,11,4,5,0,0,3,0
62,1,7,20,1,1,6,12,0,2,0,0,1,0
64,1,2,5,2,5,11,14,6,6,1,0,1,0
24,2,3,8,2,2,2,14,6,7,1,0,1,0
30,2,3,8,2,3,8,12,2,3,0,0,2,1
53,2,18,13,2,2,12,8,1,6,0,0,1,0
75,2,20,9,2,1,6,5,2,8,0,1,1,0
20,3,4,11,1,2,3,12,2,11,0,0,1,0
25,3,17,6,1,5,9,19,4,5,0,0,1,0
27,3,9,10,1,1,5,23,3,5,0,1,2,0
30,3,17,6,2,4,10,19,2,2,0,0,1,1
34,3,9,10,2,5,11,4,1,3,0,1,2,0
48,3,14,12,2,3,8,21,4,5,0,0,2,0
53,3,6,18,2,2,2,11,4,7,0,0,2,0
64,3,7,20,2,5,9,11,3,12,0,0,2,1
23,1,12,14,1,2,3,1,0,4,0,1,2,0
24,1,3,8,2,5,11,8,5,1,1,0,1,0
27,1,6,18,1,2,2,12,1,4,0,0,2,0
30,1,14,12,1,3,4,3,3,2,0,1,1,1
37,1,2,5,1,5,11,10,3,10,0,0,3,0
47,1,20,9,2,5,9,13,1,1,0,0,3,0
51,1,3,8,2,2,2,1,6,10,1,1,1,0
54,1,10,15,1,4,10,12,0,4,0,0,3,0
64,1,7,20,1,5,1,15,0,1,0,0,2,0
25,2,12,14,1,2,12,5,2,6,0,1,2,0
30,2,14,12,1,3,8,0,0,2,0,1,2,1
33,2,18,13,2,3,4,23,1,2,0,1,2,0
46,2,13,2,2,2,2,21,5,12,1,0,2,0
47,2,15,1,2,2,12,1,3,6,0,1,1,0
66,2,9,10,2,2,12,8,0,7,0,0,1,0
68,2,9,10,2,2,2,6,4,11,0,0,3,0
19,3,9,10,1,2,3,23,6,8,1,1,2,0
23,3,13,2,2,5,9,5,1,3,0,1,2,0
30,3,1,19,1,1,7,2,6,3,1,1,2,1
52,3,13,2,1,3,8,15,2,6,0,0,1,0
59,3,19,7,1,2,12,16,5,8,1,0,3,0
60,3,9,10,2,1,5,1,4,7,0,1,3,0
70,3,4,11,1,3,8,19,2,2,0,0,2,1
20,1,13,2,2,1,7,21,0,8,0,0,2,0
24,1,5,16,1,2,3,12,4,10,0,0,1,0
30,1,6,18,2,5,9,22,6,11,1,1,2,1
47,1,7,20,1,1,7,18,0,1,0,0,1,0
30,2,14,12,1,3,4,17,0,6,0,0,1,1
36,2,19,7,1,1,6,9,1,9,0,0,1,0
41,2,8,3,1,1,7,16,2,7,0,0,2,0
45,2,4,11,1,1,5,7,5,12,1,0,2,1
53,2,20,9,2,1,5,16,3,7,0,0,1,0
64,2,8,3,1,2,3,23,3,8,0,1,3,0
67,2,19,7,1,1,6,5,3,11,0,1,1,0
73,2,3,8,2,1,7,19,2,10,0,0,1,0
21,3,5,16,1,1,7,21,5,5,1,0,1,0
29,3,18,13,2,1,6,0,5,5,1,1,1,0
30,3,12,14,1,1,7,17,3,5,0,0,2,1
40,3,18,13,2,2,12,16,0,4,0,0,1,0
52,3,3,8,1,5,11,18,2,3,0,0,1,0
53,3,13,2,1,2,12,23,0,5,0,1,2,0
54,3,6,18,1,2,12,10,3,7,0,0,2,0
55,3,19,7,1,2,12,16,5,8,1,0,3,0
64,3,5,16,1,2,12,11,2,3,0,0,2,0
68,3,17,6,1,5,11,16,1,4,0,0,1,0
19,1,19,7,2,1,6,23,0,11,0,1,1,0
20,1,8,3,1,1,7,9,2,1,0,0,3,0
25,1,16,4,1,3,8,20,4,9,0,0,3,0
26,1,7,20,2,5,9,8,1,8,0,0,1,0
30,1,19,7,2,4,10,6,6,8,1,0,1,1
42,1,16,4,1,5,1,23,5,10,1,1,1,0
61,1,8,3,1,3,8,22,5,2,1,1,2,0
67,1,3,8,1,3,8,10,3,8,0,0,1,0
71,1,5,16,2,1,6,5,1,7,0,1,3,0
18,2,1,19,1,5,1,20,2,2,0,0,2,0
22,2,12,14,1,2,12,10,0,9,0,0,2,0
30,2,15,1,1,3,4,12,1,12,0,0,1,1
37,2,8,3,1,5,11,4,0,4,0,1,1,0
45,2,2,5,1,1,7,21,1,1,0,0,1,0
48,2,3,8,2,1,7,0,3,6,0,1,1,0
50,2,1,19,1,4,10,20,2,5,0,0,3,0
52,2,4,11,1,4,10,23,2,10,0,1,2,0
65,2,17,6,2,3,4,10,3,5,0,0,2,0
66,2,2,5,2,1,6,16,3,6,0,0,2,1
70,2,16,4,1,1,7,0,4,2,0,1,3,0
19,3,8,3,2,3,8,7,0,6,0,0,1,0
30,3,2,5,2,3,8,4,5,10,1,1,2,1
41,3,11,17,1,5,1,6,2,4,0,0,1,0
59,3,8,3,2,2,3,0,5,10,1,1,2,0
62,3,10,15,2,3,8,13,6,10,1,0,2,0
19,1,15,1,2,5,11,12,3,4,0,0,1,0
29,1,15,1,2,1,7,7,2,11,0,0,1,0
30,1,6,18,1,2,3,0,3,1,0,1,1,1
33,1,6,18,1,1,7,3,5,6,1,1,2,0
44,1,12,14,2,2,12,8,4,11,0,0,1,0
49,1,10,15,1,2,12,17,6,9,1,0,3,0
57,1,13,2,1,5,9,20,4,1,0,0,2,0
68,1,7,20,2,1,5,6,6,11,1,0,1,0
23,2,12,14,1,3,4,18,0,5,0,0,1,0
27,2,10,15,2,2,3,1,4,9,0,1,2,0
30,2,20,9,2,2,3,3,6,5,1,1,2,0
60,2,11,17,1,2,2,14,2,7,0,0,1,0
71,2,10,15,2,1,5,12,0,5,0,0,1,0
30,3,17,6,2,3,8,0,1,5,0,1,1,1
43,3,19,7,2,3,4,11,2,6,0,0,1,0
47,3,18,13,1,1,7,8,2,7,0,0,1,0
63,3,5,16,1,1,5,4,5,11,1,1,2,0
24,1,8,3,1,5,9,3,3,3,0,1,1,0
26,1,6,18,2,1,5,22,5,8,1,1,3,0
27,1,11,17,2,3,4,22,0,4,0,1,3,0
30,1,2,5,1,2,3,9,3,1,0,0,2,1
33,1,3,8,2,2,2,20,5,9,1,0,1,1
45,1,6,18,1,4,10,0,6,4,1,1,1,0
51,1,11,17,2,1,7,7,1,2,0,0,1,0
60,1,16,4,1,5,1,3,4,8,0,1,1,0
18,2,15,1,1,2,12,11,3,7,0,0,2,0
21,2,5,16,1,2,12,2,5,9,1,1,3,0
30,2,6,18,1,4,10,23,0,8,0,1,3,1
39,2,12,14,2,5,1,15,6,8,1,0,1,0
46,2,19,7,1,5,9,19,4,4,0,0,2,0
53,2,9,10,1,1,5,1,0,11,0,1,2,0
58,2,2,5,2,5,9,10,6,8,1,0,3,0
67,2,4,11,2,2,2,11,2,10,0,0,1,0
71,2,9,10,1,1,6,13,1,9,0,0,3,0
18,3,12,14,1,4,10,17,1,1,0,0,2,0
24,3,17,6,1,1,5,23,0,10,0,1,2,0
30,3,11,17,2,2,12,14,4,1,0,0,2,1
46,3,20,9,2,3,4,9,4,7,0,0,1,0
56,3,10,15,2,3,8,6,5,4,1,0,1,0
60,3,1,19,1,3,8,8,2,12,0,0,2,0
23,1,5,16,2,2,3,18,2,2,0,0,1,0
26,1,3,8,2,5,9,0,2,12,0,1,2,0
30,1,3,8,1,1,6,0,5,2,1,1,2,1
37,1,19,7,2,4,10,9,4,3,0,0,2,0
49,1,19,7,1,1,6,16,5,10,1,0,2,0
58,1,19,7,1,2,3,16,3,6,0,0,3,0
61,1,10,15,2,1,5,19,1,3,0,0,3,0
74,1,8,3,2,3,8,19,4,9,0,0,1,0
20,2,20,9,2,5,9,17,4,11,0,0,2,0
26,2,18,13,2,4,10,22,3,9,0,1,3,0
30,2,18,13,1,2,2,17,6,1,1,0,1,1
34,2,11,17,2,2,2,13,1,5,0,0,3,0
38,2,4,11,1,2,2,10,4,11,0,0,1,0
39,2,15,1,2,2,2,8,5,11,1,0,3,0
56,2,8,3,1,2,2,0,2,3,0,1,1,0
59,2,13,2,2,5,11,4,3,1,0,1,2,0
75,2,1,19,1,2,12,21,3,10,0,0,2,1
21,3,9,10,2,2,3,16,0,8,0,0,2,0
24,3,16,4,2,4,10,6,4,5,0,0,2,0
30,3,19,7,1,1,6,20,4,4,0,0,2,1
38,3,3,8,1,5,1,11,6,5,1,0,2,0
40,3,15,1,2,3,8,8,3,1,0,0,1,0
64,3,9,10,1,4,10,14,1,7,0,0,1,0
72,3,11,17,1,2,2,21,2,4,0,0,2,0
18,1,4,11,2,1,7,3,1,12,0,1,2,0
25,1,11,17,2,5,9,5,4,1,0,1,3,0
30,1,10,15,1,2,2,1,4,2,0,1,1,1
41,1,20,9,2,2,12,0,4,10,0,1,2,0
60,1,9,10,1,2,3,22,1,12,0,1,2,0
19,2,19,7,1,2,3,1,6,7,1,1,2,0
30,2,15,1,2,2,3,14,1,4,0,0,2,1
32,2,8,3,1,1,5,16,2,3,0,0,2,1
38,2,9,10,2,3,8,13,1,9,0,0,3,0
41,2,13,2,1,5,9,1,3,12,0,1,1,0
45,2,17,6,1,3,4,22,1,12,0,1,2,0
46,2,10,15,1,1,7,19,6,8,1,0,1,0
57,2,6,18,1,5,1,15,6,4,1,0,1,0
61,2,3,8,1,5,11,19,6,1,1,0,1,1
74,2,17,6,1,3,4,4,5,1,1,1,1,0
30,3,9,10,2,2,2,6,1,2,0,0,2,1
33,3,14,12,1,1,5,6,4,7,0,0,1,0
34,3,12,14,2,2,3,1,3,11,0,1,1,0
38,3,1,19,1,3,8,4,6,6,1,1,1,0
54,3,7,20,2,3,4,0,1,8,0,1,1,0
61,3,4,11,2,2,2,20,2,10,0,0,1,0
65,3,18,13,1,5,9,17,1,7,0,0,3,0
70,3,15,1,1,5,1,22,5,6,1,1,2,0
74,3,14,12,1,1,7,21,6,6,1,0,2,0
26,1,13,2,1,3,4,15,1,10,0,0,2,1
30,1,15,1,1,1,6,21,0,6,0,0,3,1
33,1,12,14,1,1,6,8,5,7,1,0,2,0
56,1,5,16,1,5,1,17,1,9,0,0,2,0
60,1,17,6,2,2,2,4,3,10,0,1,1,0
18,2,3,8,2,5,9,8,1,8,0,0,1,0
30,2,1,19,2,5,9,16,1,4,0,0,1,1
32,2,1,19,2,4,10,7,6,7,1,0,3,0
38,2,9,10,2,5,9,23,5,8,1,1,1,0
45,2,14,12,1,2,3,22,6,8,1,1,3,0
68,2,2,5,1,1,7,1,6,2,1,1,3,0
74,2,1,19,2,5,11,12,3,8,0,0,1,0
75,2,9,10,2,2,12,15,0,11,0,0,3,0
19,3,20,9,2,2,12,21,4,10,0,0,2,0
21,3,7,20,2,3,4,12,0,2,0,0,1,0
24,3,12,14,1,2,12,8,2,5,0,0,3,0
30,3,20,9,2,1,6,10,3,3,0,0,1,1
73,3,1,19,1,2,3,21,5,1,1,0,2,0
75,3,10,15,2,1,6,11,0,7,0,0,1,0
22,1,16,4,2,4,10,3,1,9,0,1,3,0
30,1,1,19,1,1,5,7,6,12,1,0,2,1
31,1,3,8,1,3,8,5,2,11,0,1,2,0
33,1,7,20,1,3,4,7,5,5,1,0,1,0
36,1,16,4,2,3,4,20,3,10,0,0,3,0
38,1,3,8,2,2,12,22,5,4,1,1,3,0
41,1,20,9,1,2,2,15,2,5,0,0,2,1
60,1,16,4,1,1,7,13,5,5,1,0,2,0
72,1,8,3,2,3,8,7,0,5,0,0,1,0
74,1,7,20,2,4,10,4,0,3,0,1,1,0
18,2,5,16,1,1,6,18,6,8,1,0,3,0
28,2,15,1,1,2,2,7,1,8,0,0,2,0
29,2,15,1,1,4,10,22,1,8,0,1,1,0
30,2,10,15,2,1,7,9,0,1,0,0,1,1
34,2,19,7,2,4,10,20,3,8,0,0,2,0
37,2,12,14,2,1,6,7,1,5,0,0,1,0
54,2,17,6,1,3,4,3,5,2,1,1,1,0
58,2,12,14,2,1,6,9,0,7,0,0,3,0
60,2,16,4,2,5,1,23,4,5,0,1,2,0
20,3,6,18,1,1,5,1,1,6,0,1,1,0
21,3,11,17,1,3,8,21,0,1,0,0,1,0
30,3,11,17,1,2,2,3,4,7,0,1,1,1
42,3,9,10,2,2,2,6,4,11,0,0,3,0
44,3,2,5,1,4,10,3,1,9,0,1,1,0
48,3,20,9,2,3,4,4,4,1,0,1,2,0
51,3,20,9,1,1,6,4,6,6,1,1,2,0
56,3,17,6,2,2,3,5,4,8,0,1,2,0
25,1,12,14,2,1,7,21,6,5,1,0,1,0
30,1,8,3,2,2,3,4,5,5,1,1,3,1
38,1,10,15,2,2,12,2,2,2,0,1,1,0
61,1,15,1,1,1,7,22,2,11,0,1,3,0
71,1,5,16,2,3,8,23,2,9,0,1,1,0
18,2,16,4,1,4,10,16,3,3,0,0,3,0
19,2,14,12,2,1,7,7,1,3,0,0,2,0
25,2,12,14,2,1,6,23,2,4,0,1,3,0
30,2,1,19,2,1,6,14,4,12,0,0,1,1
31,2,17,6,1,2,2,11,3,8,0,0,1,0
33,2,11,17,1,2,3,19,5,6,1,0,1,0
52,2,11,17,2,2,3,9,6,5,1,0,2,0
63,2,7,20,2,1,6,0,5,6,1,1,1,0
64,2,5,16,2,3,8,8,4,5,0,0,2,0
66,2,3,8,2,1,5,22,1,1,0,1,3,0
68,2,4,11,1,5,9,2,1,12,0,1,1,0
69,2,18,13,2,1,5,3,3,5,0,1,3,0
71,2,3,8,2,2,3,4,0,10,0,1,3,0
22,3,13,2,1,3,4,17,0,4,0,0,1,0
26,3,11,17,2,2,3,23,0,7,0,1,2,0
30,3,11,17,2,3,4,20,1,11,0,0,1,1
44,3,5,16,1,1,7,6,1,3,0,0,1,0
51,3,15,1,2,2,2,4,5,4,1,1,1,0
58,3,7,20,2,5,11,15,6,11,1,0,2,0
59,3,10,15,1,1,6,22,1,5,0,1,1,0
71,3,10,15,1,5,9,0,5,1,1,1,2,0
30,1,11,17,2,4,10,8,1,11,0,0,1,1
39,1,15,1,2,5,11,17,2,3,0,0,1,1
45,1,11,17,1,2,12,7,2,10,0,0,3,0
53,1,1,19,2,2,2,3,4,6,0,1,1,0
56,1,6,18,1,4,10,15,2,9,0,0,1,0
73,1,17,6,2,1,5,4,5,2,1,1,2,0
29,2,7,20,2,1,6,2,3,12,0,1,2,0
30,2,20,9,2,2,2,8,6,1,1,0,2,1
36,2,11,17,1,2,3,20,6,1,1,0,3,0
48,2,15,1,2,3,4,18,6,2,1,0,2,0
54,2,5,16,2,1,7,6,2,7,0,0,3,0
57,2,3,8,1,4,10,18,1,2,0,0,1,0
58,2,9,10,2,1,5,12,0,7,0,0,3,1
65,2,16,4,2,1,6,12,3,4,0,0,1,0
23,3,8,3,1,5,1,12,1,8,0,0,1,0
27,3,6,18,1,4,10,8,2,5,0,0,3,1
30,3,17,6,1,3,4,15,4,5,0,0,2,1
39,3,3,8,1,5,1,2,2,3,0,1,1,0
47,3,10,15,2,3,8,4,1,9,0,1,3,0
57,3,1,19,2,1,7,2,6,1,1,1,1,0
73,3,20,9,2,5,9,11,5,12,1,0,2,0
23,1,1,19,1,1,7,0,5,6,1,1,1,0
30,1,6,18,2,1,5,14,4,4,0,0,1,1
37,1,14,12,1,2,2,1,5,8,1,1,3,0
61,1,6,18,2,1,7,2,4,1,0,1,1,0
21,2,18,13,1,2,12,12,3,1,0,0,3,0
30,2,17,6,2,5,11,20,5,11,1,0,3,1
55,2,6,18,1,2,2,19,3,6,0,0,2,0
56,2,10,15,2,4,10,2,0,7,0,1,2,0
58,2,4,11,2,5,11,7,3,4,0,0,2,0
60,2,12,14,1,4,10,10,4,9,0,0,3,0
21,3,2,5,1,5,1,1,2,10,0,1,3,0
23,3,18,13,1,1,6,5,5,11,1,1,3,0
25,3,2,5,2,2,2,5,6,11,1,1,1,0
30,3,5,16,2,2,3,16,6,6,1,0,2,1
31,3,16,4,1,3,8,11,6,2,1,0,1,0
36,3,4,11,1,5,11,4,2,10,0,1,2,0
39,3,19,7,2,5,9,7,0,8,0,0,2,0
43,3,20,9,1,1,6,4,3,7,0,1,3,0
54,3,1,19,2,1,6,15,0,8,0,0,1,0
60,3,8,3,2,2,3,7,3,2,0,0,2,0
64,3,20,9,1,2,12,0,0,5,0,1,2,0
30,1,9,10,1,2,12,12,4,3,0,0,2,1
39,1,14,12,1,1,5,20,4,5,0,0,1,0
51,1,11,17,2,2,2,7,3,4,0,0,1,0
66,1,8,3,1,1,5,9,1,12,0,0,1,0
69,1,9,10,1,2,3,20,6,12,1,0,2,0
22,2,17,6,1,1,6,1,0,7,0,1,3,0
25,2,20,9,2,2,3,10,6,3,1,0,1,0
28,2,11,17,2,2,12,5,6,2,1,1,2,0
30,2,10,15,1,2,2,1,2,2,0,1,1,1
32,2,11,17,1,5,1,20,2,4,0,0,1,0
57,2,11,17,1,5,1,18,2,10,0,0,2,0
61,2,7,20,2,5,9,12,1,1,0,0,3,0
63,2,8,3,2,2,3,22,5,1,1,1,2,0
20,3,9,10,1,2,12,9,4,10,0,0,1,0
22,3,9,10,1,2,3,3,2,11,0,1,2,0
30,3,2,5,2,2,12,15,1,5,0,0,2,1
42,3,19,7,2,3,4,1,2,2,0,1,3,0
43,3,15,1,2,1,5,12,1,10,0,0,1,0
71,3,18,13,1,2,3,12,2,6,0,0,2,0
72,3,2,5,2,1,5,0,2,6,0,1,1,0
19,1,10,15,1,2,12,12,0,9,0,0,1,0
30,1,1,19,2,1,7,6,4,2,0,0,2,1
32,1,12,14,1,4,10,9,4,7,0,0,1,0
42,1,20,9,2,5,11,20,4,12,0,0,1,0
51,1,2,5,1,1,7,17,3,10,0,0,1,0
60,1,19,7,2,4,10,14,4,4,0,0,2,0
62,1,15,1,1,5,9,8,6,11,1,0,3,0
63,1,10,15,2,2,12,16,4,4,0,0,3,0
67,1,20,9,2,2,3,21,2,3,0,0,2,0
68,1,2,5,1,5,11,0,3,7,0,1,1,0
72,1,12,14,2,3,4,0,2,12,0,1,1,0
75,1,19,7,1,3,4,3,3,12,0,1,1,0
22,2,16,4,2,3,8,4,1,8,0,1,1,0
25,2,2,5,1,5,9,10,1,2,0,0,1,0
30,2,8,3,2,5,9,1,6,8,1,1,1,1
40,2,16,4,2,5,9,5,4,1,0,1,1,0
43,2,3,8,1,1,6,17,1,7,0,0,1,0
45,2,13,2,1,1,6,3,6,1,1,1,1,0
47,2,14,12,2,3,4,23,6,12,1,1,3,0
52,2,15,1,1,1,6,7,2,6,0,0,1,0
60,2,10,15,2,3,4,2,4,9,0,1,2,0
63,2,2,5,2,2,3,20,6,5,1,0,3,0
75,2,6,18,2,1,6,16,3,12,0,0,1,0
30,3,3,8,2,5,1,0,1,8,0,1,1,1
35,3,13,2,2,3,4,10,0,11,0,0,1,0
47,3,18,13,1,1,6,3,6,2,1,1,3,0
57,3,6,18,1,2,2,22,5,4,1,1,1,0
61,3,9,10,2,2,2,4,0,5,0,1,1,0
67,3,8,3,1,1,6,12,1,5,0,0,1,0
69,3,4,11,2,5,11,17,0,7,0,0,3,0
28,1,8,3,2,2,2,10,1,8,0,0,2,0
30,1,19,7,2,2,3,3,5,5,1,1,2,1
35,1,13,2,2,2,2,4,6,10,1,1,2,0
36,1,12,14,2,1,6,19,2,10,0,0,2,0
61,1,8,3,1,2,3,21,3,1,0,0,3,1
64,1,8,3,1,1,6,13,5,10,1,0,3,0
69,1,7,20,2,2,3,20,1,8,0,0,1,0
71,1,19,7,1,2,2,2,0,2,0,1,2,0
21,2,6,18,2,2,2,14,3,6,0,0,2,0
22,2,16,4,2,5,11,16,4,2,0,0,3,0
28,2,14,12,2,3,4,13,3,8,0,0,1,0
30,2,15,1,1,2,12,5,1,11,0,1,2,1
40,2,16,4,2,5,11,22,1,5,0,1,2,0
51,2,19,7,2,2,3,18,3,3,0,0,1,0
59,2,4,11,2,5,9,16,5,1,1,0,2,0
70,2,12,14,1,1,7,2,0,3,0,1,1,0
30,3,14,12,1,2,12,0,4,12,0,1,1,1
31,3,9,10,2,2,2,7,2,10,0,0,1,0
35,3,10,15,1,2,12,4,1,7,0,1,2,0
41,3,15,1,2,5,1,2,0,8,0,1,1,0
49,3,6,18,2,5,1,9,5,6,1,0,3,0
50,3,1,19,2,2,3,21,1,12,0,0,1,0
61,3,1,19,2,2,3,21,3,8,0,0,2,0
64,3,5,16,2,4,10,17,6,7,1,0,1,0
67,3,11,17,1,3,8,1,5,8,1,1,1,0
69,3,11,17,2,2,12,17,5,2,1,0,3,0
73,3,6,18,1,2,3,20,4,8,0,0,1,0
74,3,4,11,2,3,8,13,0,10,0,0,2,0
30,1,2,5,2,2,3,21,0,1,0,0,2,1
44,1,3,8,1,2,2,12,1,1,0,0,1,0
45,1,13,2,1,2,3,10,6,9,1,0,2,0
30,2,5,16,2,2,12,6,1,6,0,0,2,1
36,2,2,5,1,1,7,17,2,7,0,0,1,0
69,2,10,15,1,2,3,23,1,11,0,1,2,0
75,2,11,17,1,2,12,7,2,10,0,0,3,0
29,3,4,11,1,2,3,21,6,1,1,0,3,0
30,3,16,4,1,1,7,5,1,1,0,1,2,1
35,3,14,12,2,2,2,17,3,11,0,0,2,0
38,3,16,4,2,2,2,18,1,11,0,0,2,0
42,3,1,19,2,5,9,1,2,12,0,1,1,0
50,3,6,18,2,2,3,0,2,6,0,1,1,0
52,3,9,10,2,5,9,6,5,4,1,0,3,0
54,3,15,1,1,3,8,0,5,5,1,1,1,0
26,1,12,14,2,3,4,19,2,4,0,0,1,0
30,1,6,18,1,1,5,8,6,1,1,0,1,1
32,1,20,9,1,5,9,19,3,8,0,0,2,0
35,1,4,11,2,1,5,17,3,1,0,0,3,0
36,1,19,7,1,2,3,21,5,12,1,0,3,0
43,1,16,4,1,4,10,6,2,3,0,0,2,0
45,1,3,8,2,1,7,15,1,5,0,0,2,0
58,1,17,6,2,5,1,7,5,8,1,0,1,0
59,1,13,2,2,1,7,22,3,8,0,1,1,0
25,2,13,2,1,5,1,20,5,7,1,0,1,0
30,2,11,17,1,4,10,19,2,5,0,0,2,1
34,2,18,13,2,2,3,21,2,11,0,0,1,0
46,2,8,3,1,2,12,23,0,4,0,1,3,0
52,2,15,1,1,5,9,13,2,3,0,0,1,0
69,2,15,1,2,1,5,13,5,2,1,0,3,0
70,2,17,6,1,4,10,8,2,10,0,0,2,0
72,2,16,4,1,3,8,19,4,12,0,0,1,1
27,3,20,9,2,2,3,10,2,5,0,0,1,0
30,3,5,16,2,4,10,15,3,5,0,0,3,1
33,3,9,10,1,3,4,20,0,7,0,0,2,0
36,3,13,2,2,5,9,10,3,2,0,0,3,0
43,3,16,4,1,2,12,7,4,7,0,0,1,0
48,3,10,15,1,2,3,9,4,8,0,0,2,0
64,3,8,3,2,5,11,21,1,9,0,0,1,0
69,3,19,7,1,2,3,18,2,3,0,0,1,0
70,3,10,15,1,5,9,14,0,1,0,0,3,0
72,3,20,9,2,1,7,20,4,12,0,0,2,0
26,1,10,15,2,1,6,2,3,2,0,1,1,0
30,1,5,16,1,2,2,22,6,1,1,1,2,1
34,1,9,10,1,1,7,16,6,5,1,0,3,0
40,1,19,7,1,1,5,15,2,5,0,0,1,0
42,1,4,11,2,5,9,16,0,6,0,0,2,0
60,1,7,20,1,2,3,4,3,3,0,1,2,0
23,2,18,13,2,2,2,22,1,7,0,1,2,0
28,2,15,1,1,5,1,1,6,1,1,1,1,0
30,2,18,13,2,2,2,2,6,2,1,1,1,1
42,2,2,5,2,5,9,5,0,2,0,1,2,0
43,2,13,2,1,2,2,21,2,1,0,0,1,0
50,2,14,12,1,1,7,9,2,5,0,0,3,0
56,2,2,5,2,4,10,2,0,2,0,1,1,0
67,2,14,12,2,5,1,22,5,3,1,1,1,0
21,3,19,7,2,3,8,16,5,3,1,0,1,1
30,3,5,16,1,4,10,9,0,1,0,0,1,1
33,3,17,6,2,4,10,10,0,10,0,0,1,0
39,3,14,12,1,2,3,19,6,4,1,0,1,0
66,3,15,1,1,3,4,13,0,9,0,0,1,0
68,3,6,18,2,1,6,16,5,4,1,0,1,0
72,3,18,13,2,2,3,4,4,3,0,1,1,0
21,1,12,14,2,4,10,5,4,5,0,1,1,0
22,1,12,14,1,5,9,0,5,3,1,1,1,0
30,1,1,19,1,4,10,19,3,3,0,0,2,1
34,1,17,6,1,1,5,20,0,8,0,0,1,0
45,1,20,9,2,1,6,12,0,9,0,0,1,0
51,1,18,13,2,4,10,16,2,6,0,0,1,0
21,2,13,2,1,3,8,17,0,2,0,0,2,0
30,2,13,2,1,3,4,7,4,3,0,0,2,1
34,2,1,19,1,2,2,22,6,3,1,1,1,0
51,2,5,16,2,1,6,12,1,8,0,0,3,0
64,2,9,10,2,3,4,18,2,10,0,0,1,0
23,3,11,17,2,2,12,5,6,2,1,1,2,0
26,3,15,1,1,5,11,18,2,7,0,0,1,0
27,3,7,20,2,2,12,22,2,7,0,1,2,0
30,3,17,6,2,2,12,5,2,2,0,1,1,1
37,3,5,16,2,2,2,2,4,7,0,1,2,0
41,3,13,2,2,2,2,15,4,5,0,0,2,0
44,3,5,16,2,2,3,0,5,3,1,1,3,0
45,3,11,17,1,2,2,15,1,6,0,0,2,0
54,3,18,13,2,5,1,22,6,5,1,1,1,0
18,1,18,13,1,1,7,11,0,5,0,0,2,0
30,1,8,3,1,2,2,3,3,5,0,1,1,1
33,1,4,11,2,5,11,10,0,11,0,0,2,0
39,1,7,20,1,4,10,4,0,10,0,1,1,0
51,1,5,16,2,3,8,22,3,3,0,1,2,0
62,1,3,8,1,1,6,21,3,3,0,0,2,0
66,1,14,12,1,2,12,22,5,3,1,1,2,0
71,1,2,5,2,1,6,7,5,7,1,0,1,0
18,2,13,2,1,5,1,18,5,5,1,0,3,0
25,2,5,16,1,1,5,11,3,2,0,0,1,0
26,2,3,8,1,1,5,12,1,9,0,0,2,0
30,2,11,17,1,2,3,5,6,1,1,1,3,1
35,2,1,19,1,1,7,13,1,1,0,0,1,0
69,2,17,6,2,2,3,23,0,2,0,1,2,0
30,3,15,1,2,2,3,14,1,4,0,0,2,1
31,3,6,18,2,2,3,19,0,9,0,0,3,0
34,3,19,7,2,1,6,18,5,9,1,0,2,0
35,3,4,11,1,5,9,12,0,2,0,0,1,0
37,3,20,9,1,2,12,4,4,12,0,1,3,0
63,3,16,4,1,3,8,6,1,1,0,0,1,0
20,1,6,18,2,5,11,2,3,8,0,1,1,0
30,1,17,6,2,3,8,17,1,4,0,0,1,1
40,1,13,2,1,1,5,15,4,9,0,0,2,1
44,1,9,10,1,2,12,10,6,3,1,0,3,0
48,1,11,17,2,1,5,14,3,7,0,0,1,0
30,2,12,14,1,1,5,12,3,8,0,0,2,1
35,2,5,16,2,5,1,11,4,2,0,0,1,1
49,2,16,4,2,2,2,18,1,11,0,0,2,0
52,2,16,4,2,4,10,20,4,4,0,0,2,0
61,2,15,1,2,3,4,12,5,12,1,0,1,0
63,2,11,17,1,2,3,5,0,5,0,1,3,0
68,2,15,1,2,3,4,3,0,10,0,1,1,0
70,2,1,19,2,5,1,21,0,7,0,0,3,0
28,3,12,14,1,1,6,10,5,12,1,0,1,0
30,3,2,5,2,3,8,5,0,2,0,1,1,1
58,3,3,8,2,2,3,19,3,1,0,0,1,0
69,3,9,10,2,1,7,19,0,12,0,0,3,0
20,1,4,11,2,3,4,5,2,11,0,1,1,0
30,1,10,15,1,1,6,0,0,12,0,1,3,1
39,1,5,16,2,4,10,3,3,4,0,1,1,0
72,1,7,20,1,5,11,1,3,9,0,1,3,0
73,1,6,18,2,1,5,23,3,8,0,1,2,0
20,2,16,4,2,5,11,17,1,12,0,0,2,0
30,2,18,13,1,3,4,2,6,4,1,1,2,1
31,2,15,1,1,3,4,7,1,12,0,0,1,0
45,2,6,18,2,5,11,15,6,8,1,0,1,0
54,2,15,1,1,2,3,14,2,6,0,0,3,0
56,2,18,13,2,1,6,1,5,1,1,1,2,0
61,2,15,1,2,5,11,11,4,5,0,0,1,0
24,3,14,12,1,2,3,17,4,2,0,0,2,0
30,3,1,19,1,5,1,2,1,10,0,1,3,1
47,3,17,6,1,5,9,10,2,10,0,0,1,0
74,3,16,4,2,3,8,9,1,3,0,0,1,0
30,1,5,16,1,5,1,10,0,10,0,0,3,1
51,1,7,20,2,1,6,9,6,3,1,0,2,0
53,1,10,15,1,2,2,5,5,3,1,1,3,0
30,2,2,5,1,5,11,10,3,10,0,0,3,1
36,2,19,7,2,1,7,18,2,9,0,0,1,0
37,2,12,14,2,5,11,14,6,9,1,0,2,0
41,2,4,11,2,1,7,17,3,5,0,0,1,0
56,2,1,19,2,1,5,19,2,4,0,0,3,0
59,2,11,17,2,3,4,11,3,10,0,0,2,0
62,2,16,4,2,1,7,19,5,6,1,0,3,0
27,3,12,14,2,3,8,12,3,4,0,0,2,0
30,3,17,6,2,5,1,10,1,3,0,0,3,1
33,3,16,4,2,3,8,8,4,5,0,0,1,0
43,3,5,16,1,2,3,9,0,1,0,0,2,0
57,3,9,10,1,1,5,19,2,9,0,0,3,0
71,3,11,17,2,1,5,6,1,3,0,0,2,0
72,3,10,15,1,1,7,11,1,2,0,0,2,0
73,3,11,17,2,2,3,0,1,7,0,1,1,0
20,1,15,1,1,5,1,22,2,10,0,1,1,0
30,1,18,13,2,5,9,0,2,2,0,1,2,1
32,1,16,4,2,5,9,10,4,3,0,0,2,0
41,1,3,8,1,1,5,16,1,1,0,0,3,0
51,1,15,1,1,1,6,5,5,10,1,1,2,0
57,1,8,3,2,2,12,20,0,1,0,0,3,0
61,1,20,9,1,3,4,14,2,5,0,0,1,0
30,2,3,8,1,3,4,23,4,10,0,1,2,1
42,2,15,1,2,2,3,3,6,2,1,1,2,0
58,2,11,17,2,1,5,23,5,10,1,1,2,0
67,2,4,11,1,1,7,22,5,6,1,1,1,0
23,3,6,18,1,5,9,22,3,2,0,1,3,0
30,3,19,7,2,4,10,8,4,2,0,0,2,1
39,3,3,8,2,3,4,5,1,1,0,1,1,1
47,3,8,3,2,3,8,21,1,9,0,0,2,0
48,3,8,3,1,5,11,1,5,11,1,1,1,0
54,3,5,16,2,2,3,2,3,9,0,1,1,0
68,3,5,16,2,4,10,9,3,8,0,0,3,0
73,3,18,13,1,2,2,2,4,11,0,1,1,0
22,1,3,8,2,2,3,13,0,2,0,0,1,0
24,1,9,10,2,2,3,11,0,7,0,0,1,0
30,1,15,1,1,4,10,7,0,1,0,0,2,1
45,1,5,16,2,2,2,16,2,8,0,0,2,0
47,1,17,6,2,5,11,22,2,4,0,1,3,0
49,1,17,6,1,4,10,9,6,6,1,0,2,0
52,1,20,9,2,1,7,0,2,10,0,1,2,0
64,1,9,10,2,3,4,5,3,2,0,1,1,0
23,2,12,14,2,3,4,17,6,2,1,0,3,0
29,2,10,15,1,2,2,14,6,4,1,0,2,0
30,2,17,6,1,5,9,13,6,3,1,0,1,1
35,2,19,7,2,5,11,21,4,2,0,0,3,0
39,2,16,4,2,3,4,23,5,11,1,1,1,0
47,2,8,3,1,3,4,20,3,6,0,0,1,0
67,2,17,6,2,5,1,10,1,3,0,0,3,0
68,2,3,8,2,1,7,8,3,5,0,0,2,0
73,2,18,13,1,2,12,5,0,3,0,1,1,0
20,3,11,17,1,2,12,15,3,9,0,0,1,0
27,3,2,5,1,3,4,16,2,5,0,0,3,0
30,3,11,17,2,2,12,18,6,4,1,0,1,1
32,3,19,7,1,2,12,13,6,10,1,0,2,0
35,3,11,17,2,4,10,10,2,8,0,0,3,0
38,3,15,1,1,5,9,15,5,8,1,0,2,0
41,3,6,18,2,2,12,22,6,4,1,1,3,1
58,3,19,7,1,1,6,6,5,8,1,0,3,0
68,3,20,9,2,5,9,11,1,10,0,0,2,0
22,1,12,14,2,3,8,12,2,4,0,0,2,0
24,1,11,17,1,1,6,7,4,11,0,0,2,0
25,1,10,15,1,3,4,18,6,3,1,0,3,0
30,1,4,11,2,5,9,5,1,3,0,1,1,1
54,1,12,14,2,3,8,6,6,4,1,0,2,0
59,1,1,19,2,4,10,20,2,6,0,0,1,0
66,1,2,5,1,4,10,12,1,7,0,0,2,0
30,2,13,2,1,2,2,14,0,1,0,0,2,1
33,2,11,17,1,2,3,11,5,6,1,0,1,0
34,2,13,2,2,3,8,18,0,7,0,0,1,1
38,2,15,1,2,5,1,10,5,6,1,0,3,1
48,2,10,15,1,2,2,4,6,3,1,1,2,0
72,2,5,16,1,5,9,0,4,1,0,1,3,0
21,3,5,16,1,4,10,19,5,11,1,0,2,0
24,3,9,10,2,5,1,1,0,2,0,1,1,0
29,3,4,11,1,2,12,20,1,9,0,0,2,0
30,3,12,14,1,3,8,22,6,1,1,1,3,1
43,3,2,5,1,5,1,4,1,3,0,1,2,0
52,3,10,15,1,4,10,12,0,4,0,0,3,0
27,1,13,2,1,2,2,16,6,7,1,0,2,0
28,1,3,8,2,3,8,23,5,8,1,1,3,0
30,1,3,8,2,1,7,19,3,1,0,0,2,1
32,1,13,2,1,5,9,19,4,10,0,0,3,1
35,1,17,6,2,2,3,3,3,5,0,1,2,0
39,1,12,14,2,3,4,10,2,11,0,0,3,0
42,1,16,4,1,1,6,10,5,7,1,0,3,0
43,1,11,17,1,5,9,12,5,9,1,0,2,0
72,1,3,8,1,1,5,22,5,1,1,1,3,0
73,1,10,15,1,5,1,9,3,3,0,0,3,0
30,2,13,2,1,2,12,18,1,3,0,0,1,1
43,2,8,3,2,5,1,17,0,9,0,0,2,0
50,2,9,10,2,2,2,16,1,1,0,0,2,0
68,2,5,16,2,2,3,22,2,7,0,1,1,0
30,3,3,8,2,2,2,23,3,4,0,1,2,1
35,3,16,4,1,5,1,0,6,6,1,1,2,0
37,3,10,15,2,3,4,20,1,1,0,0,2,0
26,1,7,20,1,5,11,17,0,2,0,0,2,0
30,1,14,12,1,3,4,5,1,7,0,1,2,1
20,2,12,14,1,2,12,15,1,1,0,0,1,0
30,2,13,2,1,2,12,6,1,5,0,0,2,1
34,2,14,12,1,3,8,17,0,5,0,0,1,0
42,2,7,20,1,5,11,3,2,1,0,1,1,0
48,2,20,9,1,1,5,3,3,6,0,1,2,0
56,2,13,2,2,2,12,13,4,1,0,0,3,0
23,3,13,2,1,2,3,13,3,7,0,0,3,0
27,3,8,3,1,5,9,17,2,8,0,0,1,1
30,3,2,5,1,3,8,20,3,3,0,0,2,1
42,3,13,2,2,2,12,17,2,10,0,0,1,0
61,3,19,7,2,1,6,5,3,11,0,1,1,0
74,3,19,7,1,2,12,16,4,7,0,0,2,0
19,1,18,13,1,3,8,15,1,2,0,0,3,0
30,1,3,8,1,3,4,22,3,2,0,1,3,1
41,1,8,3,1,5,11,2,1,12,0,1,1,0
50,1,17,6,2,3,8,2,2,8,0,1,3,0
67,1,10,15,2,2,3,17,4,12,0,0,3,0
71,1,14,12,1,5,1,8,3,9,0,0,1,0
25,2,4,11,2,1,7,10,3,7,0,0,2,0
30,2,14,12,2,1,6,1,3,8,0,1,1,1
46,2,3,8,1,5,1,14,0,5,0,0,1,0
20,3,14,12,1,2,12,19,4,1,0,0,2,0
30,3,13,2,1,2,12,6,1,5,0,0,2,1
47,3,4,11,2,3,4,6,3,5,0,0,2,0
71,3,12,14,2,5,1,0,5,8,1,1,1,0
74,3,10,15,1,1,6,18,3,2,0,0,2,0
19,1,10,15,1,3,4,23,2,2,0,1,2,0
30,1,18,13,1,3,8,17,2,9,0,0,1,1
43,1,1,19,1,1,6,15,2,9,0,0,2,0
48,1,11,17,2,3,4,22,1,9,0,1,1,0
51,1,9,10,1,5,1,3,4,11,0,1,2,0
18,2,2,5,2,4,10,3,0,5,0,1,1,0
25,2,15,1,1,1,6,21,0,6,0,0,3,0
30,2,14,12,1,5,11,4,1,1,0,1,1,1
36,2,17,6,2,2,3,13,2,4,0,0,3,0
51,2,14,12,2,1,5,19,5,3,1,0,2,0
52,2,17,6,1,4,10,5,2,10,0,1,2,0
56,2,17,6,1,2,2,6,0,7,0,0,1,0
69,2,13,2,2,2,2,6,1,2,0,0,1,0
18,3,11,17,1,5,9,22,5,6,1,1,3,0
19,3,6,18,1,3,8,21,6,11,1,0,2,0
20,3,13,2,1,5,1,14,1,11,0,0,1,0
24,3,6,18,1,2,12,7,3,7,0,0,1,0
30,3,2,5,1,2,12,19,3,7,0,0,1,1
35,3,18,13,2,1,7,6,2,7,0,0,3,0
41,3,9,10,2,5,9,21,1,8,0,0,1,0
61,3,14,12,1,1,7,9,2,5,0,0,3,0
21,1,18,13,2,2,12,21,6,5,1,0,3,0
26,1,4,11,2,5,9,2,4,8,0,1,3,0
30,1,5,16,1,3,8,11,6,1,1,0,3,1
52,1,18,13,1,4,10,1,3,8,0,1,2,0
58,1,12,14,1,5,1,8,6,9,1,0,3,0
60,1,5,16,1,3,8,20,3,4,0,0,3,0
25,2,16,4,1,3,8,7,4,2,0,0,2,0
30,2,5,16,2,2,2,20,5,3,1,0,2,1
37,2,18,13,1,1,7,6,6,7,1,0,1,0
50,2,15,1,2,5,9,21,5,5,1,0,1,0
52,2,18,13,2,4,10,12,6,10,1,0,3,0
57,2,4,11,1,1,7,4,1,1,0,1,3,0
68,2,10,15,1,1,7,12,6,12,1,0,3,0
73,2,4,11,1,3,4,11,0,10,0,0,1,0
30,3,14,12,1,2,12,6,6,1,1,0,2,1
49,3,16,4,1,2,2,15,5,2,1,0,1,0
59,3,8,3,1,1,6,15,1,4,0,0,3,0
65,3,16,4,2,2,12,18,5,8,1,0,1,0
68,3,17,6,2,5,1,14,3,10,0,0,3,0
30,1,7,20,1,3,4,4,1,3,0,1,2,1
36,1,12,14,1,2,12,3,4,1,0,1,1,0
53,1,13,2,2,2,2,10,1,1,0,0,2,0
69,1,13,2,1,4,10,8,1,5,0,0,1,0
75,1,12,14,1,2,2,6,0,4,0,0,2,0
30,2,3,8,2,5,1,7,3,1,0,0,1,1
33,2,4,11,2,3,8,22,6,1,1,1,3,0
43,2,18,13,2,5,11,22,4,7,0,1,1,0
45,2,5,16,2,2,2,16,0,8,0,0,2,0
47,2,2,5,2,5,11,5,0,7,0,1,2,0
49,2,7,20,1,2,2,19,4,6,0,0,2,0
50,2,18,13,1,3,4,16,6,6,1,0,3,0
55,2,19,7,1,2,12,4,2,1,0,1,1,1
71,2,1,19,1,2,2,9,2,9,0,0,3,0
26,3,1,19,2,5,9,12,6,11,1,0,2,0
30,3,1,19,2,2,12,15,4,9,0,0,1,1
39,3,10,15,1,5,1,21,4,1,0,0,2,0
45,3,14,12,2,3,4,10,4,11,0,0,3,0
50,3,12,14,2,3,4,7,1,9,0,0,3,0
53,3,2,5,1,3,4,20,4,7,0,0,3,0
55,3,20,9,2,1,6,4,5,2,1,1,2,0
70,3,12,14,1,3,4,16,2,10,0,0,2,0
18,1,5,16,1,1,5,9,2,5,0,0,1,0
30,1,5,16,1,1,6,20,2,12,0,0,1,1
37,1,15,1,2,1,7,21,0,2,0,0,1,0
56,1,7,20,1,3,8,23,0,6,0,1,1,0
65,1,15,1,2,2,12,6,6,6,1,0,1,0
74,1,11,17,2,4,10,20,4,1,0,0,1,0
19,2,13,2,2,2,12,21,1,3,0,0,2,0
23,2,10,15,1,3,8,18,6,12,1,0,3,0
30,2,19,7,2,1,7,11,0,1,0,0,2,1
33,2,8,3,2,4,10,5,1,10,0,1,1,0
36,2,4,11,2,3,4,17,0,2,0,0,1,0
41,2,5,16,2,4,10,8,5,3,1,0,2,0
50,2,3,8,1,5,9,5,3,6,0,1,1,0
60,2,19,7,2,2,2,20,3,10,0,0,2,0
66,2,6,18,1,4,10,20,5,6,1,0,1,0
71,2,19,7,1,1,6,3,3,1,0,1,2,0
18,3,18,13,1,1,7,21,0,3,0,0,2,0
21,3,18,13,2,5,9,11,2,6,0,0,2,0
29,3,2,5,2,5,1,19,4,11,0,0,1,0
30,3,9,10,1,3,8,0,6,4,1,1,1,1
56,3,12,14,1,1,5,8,1,5,0,0,1,0
60,3,16,4,1,1,5,9,0,12,0,0,2,0
61,3,7,20,2,3,8,21,6,8,1,0,1,0
18,1,5,16,1,2,3,14,1,4,0,0,1,0
30,1,1,19,1,3,8,16,3,2,0,0,1,1
39,1,5,16,2,3,8,18,6,2,1,0,1,0
40,1,4,11,2,5,1,2,1,1,0,1,2,0
43,1,8,3,2,3,4,5,5,10,1,1,1,0
50,1,16,4,2,1,6,5,4,12,0,1,2,0
64,1,15,1,2,2,3,16,2,3,0,0,2,0
70,1,9,10,1,5,9,19,3,8,0,0,1,0
73,1,7,20,1,5,11,14,6,8,1,0,1,0
75,1,9,10,1,1,5,14,5,4,1,0,2,0
24,2,3,8,1,3,4,16,6,8,1,0,1,0
26,2,12,14,1,5,9,13,4,9,0,0,1,0
30,2,18,13,1,5,11,6,2,3,0,0,1,1
35,2,17,6,1,1,5,20,2,1,0,0,1,0
43,2,4,11,1,5,11,11,2,10,0,0,2,0
51,2,17,6,2,3,8,4,1,3,0,1,1,0
56,2,16,4,1,2,3,7,6,3,1,0,3,0
59,2,16,4,1,3,4,16,5,6,1,0,3,0
63,2,3,8,2,2,12,13,1,2,0,0,1,0
64,2,12,14,2,1,7,21,0,11,0,0,3,0
67,2,7,20,1,3,4,5,1,5,0,1,2,1
72,2,15,1,2,2,12,18,1,12,0,0,3,0
75,2,8,3,1,5,1,0,6,9,1,1,1,0
29,3,16,4,2,2,2,10,1,3,0,0,2,0
30,3,16,4,1,5,1,9,0,3,0,0,3,1
33,3,11,17,1,5,9,3,2,12,0,1,1,0
35,3,19,7,2,2,3,6,5,7,1,0,3,0
26,1,3,8,2,2,3,7,3,1,0,0,3,0
28,1,17,6,2,5,11,22,2,4,0,1,3,0
30,1,17,6,2,2,2,8,6,6,1,0,3,1
55,1,12,14,1,2,12,17,1,4,0,0,1,0
25,2,16,4,2,5,1,23,4,5,0,1,2,1
30,2,6,18,1,3,4,2,3,6,0,1,1,1
39,2,17,6,1,5,11,7,1,3,0,0,2,0
41,2,18,13,1,2,2,13,6,12,1,0,1,1
74,2,17,6,1,1,6,11,2,9,0,0,2,0
30,3,20,9,2,3,4,0,0,5,0,1,1,1
34,3,11,17,1,4,10,13,5,12,1,0,1,1
41,3,8,3,1,2,3,4,1,3,0,1,3,0
50,3,9,10,1,5,9,12,2,10,0,0,1,0
55,3,19,7,2,3,8,14,4,2,0,0,3,0
19,1,12,14,2,1,7,7,5,6,1,0,3,0
30,1,14,12,2,2,12,12,4,2,0,0,2,1
38,1,20,9,2,2,3,19,3,9,0,0,2,0
62,1,16,4,1,2,12,2,1,4,0,1,1,1
30,2,16,4,1,5,1,4,3,10,0,1,2,1
32,2,4,11,1,3,8,12,4,1,0,0,1,0
56,2,5,16,1,4,10,9,6,11,1,0,2,0
61,2,6,18,1,2,3,19,6,9,1,0,1,1
63,2,2,5,2,2,12,19,1,6,0,0,1,1
70,2,12,14,2,2,3,5,2,5,0,1,2,0
27,3,11,17,1,1,7,12,4,6,0,0,1,0
30,3,8,3,2,2,3,11,3,2,0,0,3,1
36,3,18,13,2,4,10,18,0,1,0,0,3,0
43,3,20,9,2,3,4,19,6,8,1,0,2,0
67,3,4,11,2,5,9,9,0,4,0,0,2,0
71,3,3,8,2,5,1,10,0,8,0,0,1,0
73,3,16,4,1,2,12,0,1,1,0,1,1,0
30,1,16,4,1,1,7,5,1,1,0,1,2,1
31,1,12,14,2,2,2,21,3,4,0,0,3,0
63,1,7,20,2,2,2,11,4,10,0,0,1,0
66,1,5,16,1,1,6,21,1,9,0,0,1,0
71,1,15,1,1,2,12,1,3,2,0,1,2,0
73,1,7,20,2,3,4,4,0,9,0,1,2,0
30,2,19,7,2,2,12,6,5,4,1,0,2,1
44,2,13,2,1,5,9,19,4,11,0,0,1,0
20,3,16,4,2,2,2,20,0,7,0,0,1,0
27,3,17,6,2,1,5,6,6,8,1,0,1,0
30,3,20,9,1,1,7,1,2,2,0,1,1,1
32,3,2,5,2,1,6,4,6,11,1,1,1,0
54,3,10,15,1,2,2,3,0,1,0,1,1,1
63,3,13,2,2,2,3,4,6,8,1,1,1,0
64,3,14,12,1,5,1,3,0,5,0,1,1,0
26,1,6,18,2,2,3,1,6,3,1,1,2,0
29,1,14,12,2,1,6,21,6,8,1,0,1,0
30,1,12,14,1,5,1,10,3,2,0,0,2,1
34,1,8,3,2,3,8,7,3,9,0,0,2,0
39,1,7,20,1,4,10,6,6,6,1,0,2,1
59,1,12,14,1,5,9,18,5,1,1,0,2,0
60,1,4,11,2,3,8,21,0,10,0,0,2,0
24,2,12,14,2,1,6,9,1,12,0,0,1,1
26,2,9,10,2,3,4,17,0,7,0,0,2,0
28,2,17,6,1,5,11,14,5,6,1,0,1,0
30,2,11,17,1,2,2,23,3,1,0,1,1,1
40,2,1,19,2,2,3,1,1,7,0,1,2,0
57,2,8,3,1,1,6,15,3,2,0,0,3,0
58,2,9,10,2,3,8,13,5,4,1,0,3,0
71,2,14,12,1,1,5,18,6,6,1,0,1,0
72,2,7,20,2,5,1,1,1,8,0,1,2,0
30,3,9,10,2,1,7,4,5,4,1,1,1,1
39,3,4,11,2,2,2,12,5,11,1,0,2,0
54,3,7,20,1,3,8,6,4,12,0,0,1,0
58,3,5,16,1,2,12,12,3,11,0,0,1,0
69,3,13,2,1,2,2,19,0,7,0,0,1,0
70,3,16,4,1,4,10,0,5,2,1,1,1,0
71,3,18,13,2,3,8,4,5,5,1,1,3,0
73,3,20,9,1,5,11,15,6,8,1,0,1,0
30,1,19,7,2,1,6,0,0,2,0,1,1,1
43,1,15,1,2,1,7,0,6,6,1,1,3,0
53,1,16,4,2,1,6,14,2,3,0,0,3,0
62,1,4,11,2,1,7,3,4,1,0,1,1,0
23,2,7,20,2,2,2,3,2,1,0,1,2,0
24,2,3,8,1,2,2,6,1,10,0,0,1,0
29,2,12,14,1,2,12,10,5,7,1,0,1,0
30,2,5,16,1,2,3,16,4,2,0,0,1,1
45,2,9,10,1,5,1,7,2,12,0,0,3,0
62,2,11,17,1,1,5,0,4,9,0,1,2,0
70,2,14,12,1,5,1,20,2,8,0,0,1,0
28,3,16,4,1,5,11,5,1,2,0,1,1,0
30,3,20,9,1,2,2,15,4,2,0,0,3,1
33,3,11,17,2,1,5,11,4,9,0,0,2,0
36,3,9,10,1,3,4,7,3,1,0,0,3,1
63,3,11,17,1,3,4,4,1,7,0,1,1,0
75,3,11,17,2,5,9,3,1,8,0,1,1,0
18,1,3,8,1,2,12,10,1,2,0,0,1,0
20,1,11,17,2,3,4,15,3,5,0,0,1,0
30,1,10,15,2,4,10,10,0,5,0,0,1,1
39,1,12,14,1,1,5,3,3,1,0,1,1,0
57,1,4,11,1,4,10,12,5,2,1,0,3,0
61,1,2,5,2,3,4,10,6,12,1,0,2,0
67,1,20,9,2,1,6,13,6,10,1,0,1,0
19,2,15,1,2,1,7,13,5,7,1,0,3,0
22,2,17,6,1,2,12,16,6,5,1,0,1,0
26,2,4,11,1,2,12,9,3,3,0,0,1,0
30,2,2,5,2,2,2,19,0,3,0,0,1,1
35,2,5,16,2,2,12,14,4,8,0,0,2,0
37,2,9,10,2,3,4,8,3,2,0,0,1,0
38,2,16,4,2,3,8,3,2,10,0,1,2,1
44,2,8,3,2,3,8,23,1,4,0,1,1,0
45,2,1,19,2,3,8,23,5,1,1,1,1,0
47,2,19,7,1,1,6,20,0,5,0,0,1,0
49,2,2,5,2,1,6,12,6,6,1,0,1,0
60,2,19,7,2,1,7,7,3,6,0,0,2,0
72,2,19,7,1,1,5,19,5,3,1,0,1,0
73,2,12,14,1,5,9,3,4,12,0,1,2,0
29,3,6,18,2,2,2,4,4,2,0,1,2,0
30,3,7,20,2,5,9,23,4,1,0,1,1,1
31,3,6,18,1,5,11,8,2,7,0,0,2,0
35,3,2,5,2,5,1,6,2,5,0,0,1,0
37,3,8,3,1,3,8,4,4,9,0,1,2,0
52,3,11,17,2,1,6,20,5,9,1,0,3,1
70,3,19,7,1,1,6,1,3,1,0,1,1,0
71,3,6,18,1,1,7,3,6,5,1,1,3,0
28,1,14,12,2,2,12,16,3,3,0,0,2,0
30,1,4,11,2,1,6,17,6,10,1,0,2,1
31,1,4,11,2,1,5,12,4,1,0,0,1,0
32,1,12,14,1,5,1,20,3,3,0,0,2,0
49,1,7,20,2,1,6,2,3,12,0,1,2,0
50,1,19,7,1,5,1,19,5,5,1,0,3,0
54,1,15,1,1,1,7,11,1,7,0,0,1,0
18,2,19,7,2,4,10,3,2,12,0,1,3,0
30,2,7,20,2,1,5,17,1,10,0,0,1,1
31,2,15,1,2,1,5,20,6,12,1,0,1,1
35,2,1,19,2,3,4,19,0,11,0,0,2,0
41,2,15,1,1,2,12,20,1,8,0,0,1,0
51,2,4,11,1,3,4,10,4,1,0,0,3,0
62,2,10,15,2,5,11,13,4,12,0,0,2,0
74,2,6,18,2,1,6,3,4,1,0,1,2,0
22,3,19,7,1,3,8,20,5,10,1,0,1,0
30,3,3,8,2,3,4,13,1,2,0,0,1,1
33,3,10,15,1,1,7,6,6,12,1,0,1,0
58,3,1,19,2,5,1,9,3,10,0,0,1,0
59,3,6,18,1,2,12,14,0,12,0,0,1,0
69,3,5,16,1,1,5,1,0,9,0,1,3,0
27,1,10,15,2,2,3,15,1,2,0,0,1,0
30,1,1,19,1,3,8,7,6,4,1,0,3,1
40,1,20,9,2,5,1,6,1,2,0,0,2,0
47,1,14,12,1,2,2,16,2,4,0,0,2,1
72,1,20,9,2,1,7,22,5,6,1,1,3,0
25,2,4,11,1,5,11,11,1,9,0,0,2,0
30,2,19,7,1,4,10,2,6,1,1,1,1,1
39,2,3,8,1,2,12,0,4,6,0,1,1,0
45,2,13,2,2,3,4,22,0,5,0,1,1,0
46,2,14,12,1,4,10,4,5,10,1,1,2,0
59,2,11,17,1,1,6,0,4,12,0,1,1,0
70,2,19,7,1,5,1,0,2,5,0,1,2,0
28,3,14,12,2,4,10,14,4,9,0,0,1,0
30,3,19,7,2,2,2,1,0,4,0,1,3,1
36,3,11,17,1,2,12,1,2,2,0,1,3,0
39,3,20,9,2,3,8,6,3,7,0,0,1,0
41,3,2,5,1,3,4,1,2,5,0,1,3,0
20,1,10,15,1,3,8,4,1,2,0,1,1,0
26,1,5,16,2,3,8,21,6,1,1,0,2,0
30,1,8,3,2,2,12,20,4,12,0,0,1,1
37,1,7,20,1,1,6,3,6,12,1,1,3,0
52,1,1,19,2,1,6,20,3,4,0,0,2,0
61,1,15,1,2,2,3,16,2,3,0,0,2,0
18,2,18,13,2,2,3,9,4,8,0,0,3,0
20,2,8,3,1,3,8,9,4,1,0,0,2,0
30,2,16,4,1,2,3,3,5,3,1,1,2,1
33,2,13,2,1,5,1,4,5,12,1,1,2,0
62,2,13,2,1,2,3,13,3,7,0,0,3,0
72,2,8,3,2,2,12,21,0,8,0,0,1,0
27,3,19,7,1,1,5,19,6,5,1,0,2,0
28,3,20,9,2,3,4,8,6,11,1,0,1,0
30,3,5,16,1,3,8,11,6,1,1,0,3,1
36,3,3,8,1,5,11,7,0,10,0,0,1,0
53,3,3,8,1,1,5,7,5,9,1,0,1,0
64,3,8,3,1,3,8,6,5,6,1,0,1,1
70,3,18,13,2,2,2,13,5,4,1,0,1,0
