case_category,gravity_offence,case_status,state,district,court,unit_type,unit,officer_kgid,officer_name,officer_rank,officer_designation,officer_dob,officer_gender,officer_blood_group,officer_physically_challenged,officer_appointment_date,crime_no,case_no,registered_date,brief_facts,incident_from_date,incident_to_date,info_received_date,latitude,longitude,occurrence_brief_facts,crime_group_name,crime_head_name,act_code,act_description,short_name,section_code,section_description,act_order,section_order,complainant_name,complainant_age,complainant_occupation,complainant_religion,complainant_caste,complainant_gender,victim_name,victim_age,victim_gender,victim_police,accused_name,accused_age,accused_gender,accused_person_id,arrest_type,arrest_date,arrest_state,arrest_district,arrest_station,arrest_io_kgid,arrest_court,arrest_primary_accused_name,arrest_joint_accused_names,chargesheet_date,chargesheet_type,chargesheet_officer_kgid
UDR,Non-Heinous,Under Investigation,Karnataka,Mysuru,Mysuru District & Sessions Court,Police Station,Saraswathipuram PS,KA63754,Ananya Shetty,Deputy Superintendent,SHO,1996-06-25,Female,A Positive,1,2013-05-05,284479513202400001,202400001,2025-04-03,"On 02-04-2025, a case of Burglary was reported at Saraswathipuram PS, Mysuru district.",2025-04-02T00:00:00,2025-04-02T05:00:00,2025-04-02T22:00:00,12.2571,76.7042,"Incident occurred near coordinates 12.2571, 76.7042 within jurisdiction of Saraswathipuram PS.",Property Crimes,Burglary,IPC,Indian Penal Code,IPC,457,Lurking house-trespass or house-breaking by night,1,1,Esha Gowda,79,Private Employee,Hindu,General,Male,Kavya Kulkarni,44,Male,0,Nikhil Shetty,,Male,A1,1.0,2025-04-10T09:00:00,Karnataka,Mysuru,Saraswathipuram PS,KA63754,Mysuru District & Sessions Court,Nikhil Shetty,,,,
PAR,Heinous,Chargesheet Filed,Karnataka,Hassan,Hassan District & Sessions Court,Police Station,Hassan Town PS,KA76672,Aarav Shenoy,Head Constable,SHO,1989-09-21,Male,AB Negative,0,2018-01-10,359247271202200002,202200002,2025-04-23,"On 19-04-2025, a case of Dark Web Crime was reported at Hassan Town PS, Hassan district.",2025-04-19T20:00:00,2025-04-19T22:00:00,2025-04-20T13:00:00,12.9483,76.0685,"Incident occurred near coordinates 12.9483, 76.0685 within jurisdiction of Hassan Town PS.",Cyber Crime,Dark Web Crime,ITA,"Information Technology Act, 2000",IT Act,67,Publishing/transmitting obscene material electronically,1,1,Deepak Kulkarni,72,Private Employee,Hindu,General,Transgender,Rahul Verma,38,Male,0,Pooja Das,,Male,A1,1.0,2025-04-30T23:00:00,Karnataka,Hassan,Hassan Town PS,KA76672,Hassan District & Sessions Court,Pooja Das,"Aarav Deshmukh,Bhavya Pai",2025-06-19T23:00:00,B,KA76672
PAR,Non-Heinous,Chargesheet Filed,Karnataka,Hassan,Hassan District & Sessions Court,Police Station,Hassan Town PS,KA76672,Aarav Shenoy,Deputy Superintendent,SHO,1978-09-12,Female,O Negative,0,2013-12-21,359247271202200002,202200002,2025-04-23,"On 19-04-2025, a case of Dark Web Crime was reported at Hassan Town PS, Hassan district.",2025-04-19T20:00:00,2025-04-19T22:00:00,2025-04-20T13:00:00,12.9483,76.0685,"Incident occurred near coordinates 12.9483, 76.0685 within jurisdiction of Hassan Town PS.",Cyber Crime,Dark Web Crime,ITA,"Information Technology Act, 2000",IT Act,67,Publishing/transmitting obscene material electronically,1,1,,,,,,,,,,0,Aarav Deshmukh,,Female,A2,,,,,,,,,,,,
PAR,Heinous,Chargesheet Filed,Karnataka,Hassan,Hassan District & Sessions Court,Police Station,Hassan Town PS,KA76672,Aarav Shenoy,Inspector,SHO,1971-07-05,Male,AB Positive,1,2015-06-26,359247271202200002,202200002,2025-04-23,"On 19-04-2025, a case of Dark Web Crime was reported at Hassan Town PS, Hassan district.",2025-04-19T20:00:00,2025-04-19T22:00:00,2025-04-20T13:00:00,12.9483,76.0685,"Incident occurred near coordinates 12.9483, 76.0685 within jurisdiction of Hassan Town PS.",Cyber Crime,Dark Web Crime,ITA,"Information Technology Act, 2000",IT Act,67,Publishing/transmitting obscene material electronically,1,1,,,,,,,,,,0,Bhavya Pai,,Female,A3,,,,,,,,,,,,
FIR,Non-Heinous,Undetected,Karnataka,Udupi,Udupi District & Sessions Court,Police Station,Udupi Town PS,KA96070,Aditi Bhat,Sub-Inspector,Station Writer,1971-05-13,Female,O Positive,0,2005-04-11,175865861202300003,202300003,2024-12-07,"On 02-12-2024, a case of Cheating was reported at Udupi Town PS, Udupi district.",2024-12-02T09:00:00,2024-12-02T10:00:00,2024-12-02T17:00:00,13.3027,74.75,"Incident occurred near coordinates 13.3027, 74.75 within jurisdiction of Udupi Town PS.",Financial Crime,Cheating,IPC,Indian Penal Code,IPC,420,Cheating and dishonestly inducing delivery of property,1,1,Gautam Shenoy,58,Private Employee,Hindu,General,Female,Kiran Pai,33,Female,0,Nikhil Verma,,Female,A1,,,,,,,,,,,,
FIR,Non-Heinous,Undetected,Karnataka,Udupi,Udupi District & Sessions Court,Police Station,Udupi Town PS,KA96070,Aditi Bhat,Head Constable,Investigating Officer,1995-08-25,Female,AB Positive,1,2005-10-17,175865861202300003,202300003,2024-12-07,"On 02-12-2024, a case of Cheating was reported at Udupi Town PS, Udupi district.",2024-12-02T09:00:00,2024-12-02T10:00:00,2024-12-02T17:00:00,13.3027,74.75,"Incident occurred near coordinates 13.3027, 74.75 within jurisdiction of Udupi Town PS.",Financial Crime,Cheating,IPC,Indian Penal Code,IPC,420,Cheating and dishonestly inducing delivery of property,1,1,,,,,,,,,,0,Hari Kumar,,Female,A2,,,,,,,,,,,,
FIR,Heinous,Undetected,Karnataka,Udupi,Udupi District & Sessions Court,Police Station,Udupi Town PS,KA96070,Aditi Bhat,Sub-Inspector,Circle Inspector,1977-05-24,Male,AB Positive,0,2010-10-02,175865861202300003,202300003,2024-12-07,"On 02-12-2024, a case of Cheating was reported at Udupi Town PS, Udupi district.",2024-12-02T09:00:00,2024-12-02T10:00:00,2024-12-02T17:00:00,13.3027,74.75,"Incident occurred near coordinates 13.3027, 74.75 within jurisdiction of Udupi Town PS.",Financial Crime,Cheating,IPC,Indian Penal Code,IPC,420,Cheating and dishonestly inducing delivery of property,1,1,,,,,,,,,,0,Sanjay Rao,28,Male,A3,,,,,,,,,,,,
PAR,Non-Heinous,Report Beece (B-Report),Karnataka,Bidar,Bidar District & Sessions Court,Police Station,Bidar Town PS,KA59561,Farhan Pai,Head Constable,Circle Inspector,1994-08-23,Male,O Positive,0,2013-10-11,350712684202300004,202300004,2024-08-26,"On 24-08-2024, a case of Theft was reported at Bidar Town PS, Bidar district.",2024-08-24T09:00:00,2024-08-24T10:00:00,2024-08-25T00:00:00,17.8561,77.513,"Incident occurred near coordinates 17.8561, 77.513 within jurisdiction of Bidar Town PS.",Property Crimes,Theft,IPC,Indian Penal Code,IPC,379,Punishment for theft,1,1,Anil Kulkarni,40,Private Employee,Hindu,General,Transgender,Tanvi Verma,44,Male,0,Suresh Bhat,34,Transgender,A1,1.0,2024-09-02T18:00:00,Karnataka,Bidar,Bidar Town PS,KA59561,Bidar District & Sessions Court,Suresh Bhat,,,,
Zero FIR,Non-Heinous,Under Investigation,Karnataka,Mangaluru,Dakshina Kannada District & Sessions Court,Police Station,Mangaluru Town PS,KA87275,Siddharth Singh,Sub-Inspector,SHO,1982-01-06,Female,O Positive,0,2011-08-17,834603979202400005,202400005,2024-01-25,"On 24-01-2024, a case of Drug Offence was reported at Mangaluru Town PS, Mangaluru district.",2024-01-24T14:00:00,2024-01-24T16:00:00,2024-01-25T02:00:00,12.9145,74.8168,"Incident occurred near coordinates 12.9145, 74.8168 within jurisdiction of Mangaluru Town PS.",Narcotics,Drug Offence,NDPS,"Narcotic Drugs and Psychotropic Substances Act, 1985",NDPS,20,Punishment for cannabis-related offences,1,1,Divya Shetty,54,Private Employee,Hindu,General,Female,Suresh Das,29,Female,0,Farhan Hegde,,Transgender,A1,1.0,2024-02-01T18:00:00,Karnataka,Mangaluru,Mangaluru Town PS,KA87275,Dakshina Kannada District & Sessions Court,Farhan Hegde,,,,
PAR,Non-Heinous,Undetected,Karnataka,Ballari,Ballari District & Sessions Court,Police Station,Ballari City PS,KA71126,Chirag Verma,Head Constable,Investigating Officer,1972-05-26,Female,A Positive,0,2002-02-21,355223793202300006,202300006,2022-09-23,"On 19-09-2022, a case of Assault was reported at Ballari City PS, Ballari district.",2022-09-19T08:00:00,2022-09-19T11:00:00,2022-09-20T06:00:00,15.1776,76.9638,"Incident occurred near coordinates 15.1776, 76.9638 within jurisdiction of Ballari City PS.",Crimes Against Body,Assault,IPC,Indian Penal Code,IPC,351,Assault,1,1,Chirag Rao,47,Private Employee,Hindu,General,Transgender,Siddharth Pai,32,Female,0,Dev Reddy,24,Transgender,A1,,,,,,,,,,,,
UDR,Non-Heinous,Undetected,Karnataka,Chikkamagaluru,Chikkamagaluru District & Sessions Court,Police Station,Chikkamagaluru PS,KA87353,Suresh Das,Head Constable,SHO,1977-11-21,Female,O Negative,0,2015-10-04,228459574202500007,202500007,2022-06-22,"On 18-06-2022, a case of Murder was reported at Chikkamagaluru PS, Chikkamagaluru district.",2022-06-18T17:00:00,2022-06-18T20:00:00,2022-06-19T09:00:00,13.3754,75.7669,"Incident occurred near coordinates 13.3754, 75.7669 within jurisdiction of Chikkamagaluru PS.",Crimes Against Body,Murder,IPC,Indian Penal Code,IPC,302,Punishment for murder,1,1,Nikhil Hegde,34,Private Employee,Hindu,General,Female,Bhavya Reddy,71,Female,0,Aditi Kulkarni,,Male,A1,,,,,,,,,,,,
FIR,Non-Heinous,Report Beece (B-Report),Karnataka,Mysuru,Mysuru District & Sessions Court,Police Station,Saraswathipuram PS,KA15919,Aditi Kulkarni,Inspector,Circle Inspector,1993-08-19,Female,A Positive,0,2007-04-10,128934056202200008,202200008,2024-01-09,"On 08-01-2024, a case of Money Laundering was reported at Saraswathipuram PS, Mysuru district.",2024-01-08T07:00:00,2024-01-08T14:00:00,2024-01-08T12:00:00,12.2675,76.5651,"Incident occurred near coordinates 12.2675, 76.5651 within jurisdiction of Saraswathipuram PS.",Financial Crime,Money Laundering,PMLA,"Prevention of Money Laundering Act, 2002",PMLA,3,Offence of money laundering,1,1,Farhan Shetty,64,Private Employee,Hindu,General,Transgender,Dev Kamath,59,Male,0,Anil Bhat,65,Transgender,A1,1.0,2024-01-16T11:00:00,Karnataka,Mysuru,Saraswathipuram PS,KA15919,Mysuru District & Sessions Court,Anil Bhat,,,,
Zero FIR,Non-Heinous,Under Investigation,Karnataka,Hassan,Hassan District & Sessions Court,Police Station,Hassan Town PS,KA48112,Priya Gowda,Inspector,SHO,1977-04-28,Male,AB Positive,0,2002-06-03,889321782202600009,202600009,2023-07-31,"On 28-07-2023, a case of Cryptocurrency Crime was reported at Hassan Town PS, Hassan district.",2023-07-28T07:00:00,2023-07-28T08:00:00,2023-07-28T19:00:00,13.038,76.0348,"Incident occurred near coordinates 13.038, 76.0348 within jurisdiction of Hassan Town PS.",Cyber Crime,Cryptocurrency Crime,ITA,"Information Technology Act, 2000",IT Act,66D,Cheating by personation using a computer resource,1,1,Esha Singh,78,Private Employee,Hindu,General,Transgender,Tanvi Shetty,73,Male,0,Dev Reddy,25,Transgender,A1,1.0,2023-08-07T18:00:00,Karnataka,Hassan,Hassan Town PS,KA48112,Hassan District & Sessions Court,Dev Reddy,,,,
FIR,Heinous,Chargesheet Filed,Karnataka,Mandya,Mandya District & Sessions Court,Police Station,Mandya Town PS,KA54431,Meena Bhat,Deputy Superintendent,Investigating Officer,1996-07-22,Male,AB Positive,1,2011-05-12,134826494202600010,202600010,2022-10-27,"On 22-10-2022, a case of Cryptocurrency Crime was reported at Mandya Town PS, Mandya district.",2022-10-22T02:00:00,2022-10-22T08:00:00,2022-10-22T23:00:00,12.4887,76.881,"Incident occurred near coordinates 12.4887, 76.881 within jurisdiction of Mandya Town PS.",Cyber Crime,Cryptocurrency Crime,ITA,"Information Technology Act, 2000",IT Act,66D,Cheating by personation using a computer resource,1,1,Deepak Naik,48,Private Employee,Hindu,General,Male,Isha Patil,62,Male,0,Vikram Das,,Male,A1,1.0,2022-11-03T13:00:00,Karnataka,Mandya,Mandya Town PS,KA54431,Mandya District & Sessions Court,Vikram Das,Bhavya Deshmukh,2022-11-16T13:00:00,B,KA54431
FIR,Heinous,Chargesheet Filed,Karnataka,Mandya,Mandya District & Sessions Court,Police Station,Mandya Town PS,KA54431,Meena Bhat,Constable,Circle Inspector,1980-05-05,Male,O Positive,0,2008-12-27,134826494202600010,202600010,2022-10-27,"On 22-10-2022, a case of Cryptocurrency Crime was reported at Mandya Town PS, Mandya district.",2022-10-22T02:00:00,2022-10-22T08:00:00,2022-10-22T23:00:00,12.4887,76.881,"Incident occurred near coordinates 12.4887, 76.881 within jurisdiction of Mandya Town PS.",Cyber Crime,Cryptocurrency Crime,ITA,"Information Technology Act, 2000",IT Act,66D,Cheating by personation using a computer resource,1,1,,,,,,,,,,0,Bhavya Deshmukh,,Male,A2,,,,,,,,,,,,
PAR,Heinous,Undetected,Karnataka,Mangaluru,Dakshina Kannada District & Sessions Court,Police Station,Mangaluru Town PS,KA30061,Meena Rao,Inspector,Investigating Officer,1984-02-19,Male,B Positive,0,2011-12-09,350666583202200011,202200011,2022-07-23,"On 20-07-2022, a case of Robbery was reported at Mangaluru Town PS, Mangaluru district.",2022-07-20T12:00:00,2022-07-20T19:00:00,2022-07-21T10:00:00,12.9928,74.8653,"Incident occurred near coordinates 12.9928, 74.8653 within jurisdiction of Mangaluru Town PS.",Property Crimes,Robbery,IPC,Indian Penal Code,IPC,392,Punishment for robbery,1,1,Priya Pai,75,Private Employee,Hindu,General,Female,Aditi Verma,74,Transgender,0,Rahul Kumar,25,Male,A1,,,,,,,,,,,,
PAR,Heinous,Undetected,Karnataka,Mangaluru,Dakshina Kannada District & Sessions Court,Police Station,Mangaluru Town PS,KA30061,Meena Rao,Sub-Inspector,SHO,1975-11-23,Female,B Positive,0,2019-10-28,350666583202200011,202200011,2022-07-23,"On 20-07-2022, a case of Robbery was reported at Mangaluru Town PS, Mangaluru district.",2022-07-20T12:00:00,2022-07-20T19:00:00,2022-07-21T10:00:00,12.9928,74.8653,"Incident occurred near coordinates 12.9928, 74.8653 within jurisdiction of Mangaluru Town PS.",Property Crimes,Robbery,IPC,Indian Penal Code,IPC,392,Punishment for robbery,1,1,,,,,,,,,,0,Vikram Gowda,,Male,A2,,,,,,,,,,,,
UDR,Non-Heinous,Under Investigation,Karnataka,Hubballi-Dharwad,Dharwad District & Sessions Court,Police Station,Dharwad Town PS,KA95302,Farhan Bhat,Head Constable,Investigating Officer,1979-10-26,Female,B Negative,0,2009-02-21,258419746202200012,202200012,2022-11-22,"On 19-11-2022, a case of Cryptocurrency Crime was reported at Dharwad Town PS, Hubballi-Dharwad district.",2022-11-19T06:00:00,2022-11-19T07:00:00,2022-11-20T03:00:00,15.3989,75.1981,"Incident occurred near coordinates 15.3989, 75.1981 within jurisdiction of Dharwad Town PS.",Cyber Crime,Cryptocurrency Crime,ITA,"Information Technology Act, 2000",IT Act,66D,Cheating by personation using a computer resource,1,1,Hari Gowda,42,Private Employee,Hindu,General,Male,Bhavya Singh,59,Transgender,0,Rahul Shenoy,39,Transgender,A1,1.0,2022-11-29T16:00:00,Karnataka,Hubballi-Dharwad,Dharwad Town PS,KA95302,Dharwad District & Sessions Court,Rahul Shenoy,,,,
Zero FIR,Non-Heinous,Chargesheet Filed,Karnataka,Ramanagara,Ramanagara District & Sessions Court,Police Station,Ramanagara Town PS,KA40837,Hari Verma,Inspector,Circle Inspector,1993-04-11,Male,AB Negative,0,2013-04-08,858943035202300013,202300013,2022-05-01,"On 28-04-2022, a case of Money Laundering was reported at Ramanagara Town PS, Ramanagara district.",2022-04-28T02:00:00,2022-04-28T04:00:00,2022-04-28T09:00:00,12.7813,77.3082,"Incident occurred near coordinates 12.7813, 77.3082 within jurisdiction of Ramanagara Town PS.",Financial Crime,Money Laundering,PMLA,"Prevention of Money Laundering Act, 2002",PMLA,3,Offence of money laundering,1,1,Vikram Verma,50,Private Employee,Hindu,General,Transgender,Farhan Verma,7,Male,0,Chirag Das,32,Transgender,A1,1.0,2022-05-08T06:00:00,Karnataka,Ramanagara,Ramanagara Town PS,KA40837,Ramanagara District & Sessions Court,Chirag Das,,2022-06-21T06:00:00,A,KA40837
PAR,Non-Heinous,Undetected,Karnataka,Kalaburagi,Kalaburagi District & Sessions Court,Police Station,Kalaburagi City PS,KA17174,Aditi Hegde,Inspector,Circle Inspector,1984-02-27,Female,O Negative,0,2014-01-25,363437606202400014,202400014,2023-02-17,"On 11-02-2023, a case of Burglary was reported at Kalaburagi City PS, Kalaburagi district.",2023-02-11T23:00:00,2023-02-12T03:00:00,2023-02-12T23:00:00,17.3039,76.8884,"Incident occurred near coordinates 17.3039, 76.8884 within jurisdiction of Kalaburagi City PS.",Property Crimes,Burglary,IPC,Indian Penal Code,IPC,457,Lurking house-trespass or house-breaking by night,1,1,Ananya Kumar,30,Private Employee,Hindu,General,Female,Rajesh Naik,58,Female,0,Rahul Kamath,,Female,A1,,,,,,,,,,,,
UDR,Non-Heinous,Report Beece (B-Report),Karnataka,Bagalkote,Bagalkote District & Sessions Court,Police Station,Bagalkote Town PS,KA82592,Esha Shetty,Head Constable,SHO,1972-04-25,Male,B Positive,0,2020-04-26,273023477202600015,202600015,2023-05-22,"On 20-05-2023, a case of Robbery was reported at Bagalkote Town PS, Bagalkote district.",2023-05-20T01:00:00,2023-05-20T06:00:00,2023-05-20T15:00:00,16.1399,75.6828,"Incident occurred near coordinates 16.1399, 75.6828 within jurisdiction of Bagalkote Town PS.",Property Crimes,Robbery,IPC,Indian Penal Code,IPC,392,Punishment for robbery,1,1,Vikram Kamath,21,Private Employee,Hindu,General,Female,Sunil Shetty,73,Male,0,Deepak Kamath,,Transgender,A1,1.0,2023-05-29T03:00:00,Karnataka,Bagalkote,Bagalkote Town PS,KA82592,Bagalkote District & Sessions Court,Deepak Kamath,,,,
PAR,Non-Heinous,Report Beece (B-Report),Karnataka,Ballari,Ballari District & Sessions Court,Police Station,Ballari City PS,KA38711,Manish Verma,Inspector,SHO,1979-01-12,Male,AB Negative,0,2008-06-15,348198725202600016,202600016,2022-11-28,"On 24-11-2022, a case of Drug Offence was reported at Ballari City PS, Ballari district.",2022-11-24T07:00:00,2022-11-24T09:00:00,2022-11-24T11:00:00,15.1676,76.8839,"Incident occurred near coordinates 15.1676, 76.8839 within jurisdiction of Ballari City PS.",Narcotics,Drug Offence,NDPS,"Narcotic Drugs and Psychotropic Substances Act, 1985",NDPS,20,Punishment for cannabis-related offences,1,1,Pooja Kumar,64,Private Employee,Hindu,General,Transgender,Farhan Patil,69,Transgender,0,Ananya Das,67,Male,A1,1.0,2022-12-05T09:00:00,Karnataka,Ballari,Ballari City PS,KA38711,Ballari District & Sessions Court,Ananya Das,Bhavya Singh,,,
PAR,Heinous,Report Beece (B-Report),Karnataka,Ballari,Ballari District & Sessions Court,Police Station,Ballari City PS,KA38711,Manish Verma,Constable,Circle Inspector,1998-05-05,Female,AB Positive,1,2020-03-15,348198725202600016,202600016,2022-11-28,"On 24-11-2022, a case of Drug Offence was reported at Ballari City PS, Ballari district.",2022-11-24T07:00:00,2022-11-24T09:00:00,2022-11-24T11:00:00,15.1676,76.8839,"Incident occurred near coordinates 15.1676, 76.8839 within jurisdiction of Ballari City PS.",Narcotics,Drug Offence,NDPS,"Narcotic Drugs and Psychotropic Substances Act, 1985",NDPS,20,Punishment for cannabis-related offences,1,1,,,,,,,,,,0,Bhavya Singh,,Female,A2,,,,,,,,,,,,
PAR,Heinous,Under Investigation,Karnataka,Bengaluru Urban,"Principal City Civil & Sessions Court, Bengaluru",Police Station,Bengaluru City PS,KA87939,Anil Kulkarni,Sub-Inspector,Circle Inspector,1977-10-15,Male,B Positive,0,2000-03-13,361244510202400017,202400017,2025-09-10,"On 07-09-2025, a case of Cheating was reported at Bengaluru City PS, Bengaluru Urban district.",2025-09-07T10:00:00,2025-09-07T16:00:00,2025-09-07T15:00:00,12.9457,77.6611,"Incident occurred near coordinates 12.9457, 77.6611 within jurisdiction of Bengaluru City PS.",Financial Crime,Cheating,IPC,Indian Penal Code,IPC,420,Cheating and dishonestly inducing delivery of property,1,1,Aditi Das,67,Private Employee,Hindu,General,Transgender,Sanjay Reddy,51,Male,0,Tanvi Patil,34,Transgender,A1,1.0,2025-09-17T16:00:00,Karnataka,Bengaluru Urban,Bengaluru City PS,KA87939,"Principal City Civil & Sessions Court, Bengaluru",Tanvi Patil,,,,
FIR,Heinous,Under Investigation,Karnataka,Chikkamagaluru,Chikkamagaluru District & Sessions Court,Police Station,Chikkamagaluru PS,KA30864,Abhishek Verma,Sub-Inspector,Station Writer,1981-04-09,Female,O Negative,0,2019-10-14,136524528202300018,202300018,2022-07-17,"On 16-07-2022, a case of Robbery was reported at Chikkamagaluru PS, Chikkamagaluru district.",2022-07-16T11:00:00,2022-07-16T17:00:00,2022-07-17T06:00:00,13.2825,75.7158,"Incident occurred near coordinates 13.2825, 75.7158 within jurisdiction of Chikkamagaluru PS.",Property Crimes,Robbery,IPC,Indian Penal Code,IPC,392,Punishment for robbery,1,1,Esha Gowda,49,Private Employee,Hindu,General,Male,Nikhil Das,11,Transgender,0,Vikram Hegde,63,Transgender,A1,1.0,2022-07-24T18:00:00,Karnataka,Chikkamagaluru,Chikkamagaluru PS,KA30864,Chikkamagaluru District & Sessions Court,Vikram Hegde,,,,
FIR,Heinous,Report Beece (B-Report),Karnataka,Bengaluru Rural,Bengaluru Rural District & Sessions Court,Police Station,Bengaluru Rural PS,KA95969,Rahul Gowda,Head Constable,SHO,1978-11-07,Male,AB Positive,0,2001-12-28,125097925202500019,202500019,2023-03-08,"On 04-03-2023, a case of Theft was reported at Bengaluru Rural PS, Bengaluru Rural district.",2023-03-04T19:00:00,2023-03-05T02:00:00,2023-03-04T23:00:00,13.2253,77.4742,"Incident occurred near coordinates 13.2253, 77.4742 within jurisdiction of Bengaluru Rural PS.",Property Crimes,Theft,IPC,Indian Penal Code,IPC,379,Punishment for theft,1,1,Meena Bhat,21,Private Employee,Hindu,General,Transgender,Pooja Joshi,7,Female,0,Rahul Shenoy,,Male,A1,1.0,2023-03-15T23:00:00,Karnataka,Bengaluru Rural,Bengaluru Rural PS,KA95969,Bengaluru Rural District & Sessions Court,Rahul Shenoy,Farhan Shetty,,,
FIR,Non-Heinous,Report Beece (B-Report),Karnataka,Bengaluru Rural,Bengaluru Rural District & Sessions Court,Police Station,Bengaluru Rural PS,KA95969,Rahul Gowda,Constable,Circle Inspector,1986-11-22,Male,O Positive,1,2012-06-13,125097925202500019,202500019,2023-03-08,"On 04-03-2023, a case of Theft was reported at Bengaluru Rural PS, Bengaluru Rural district.",2023-03-04T19:00:00,2023-03-05T02:00:00,2023-03-04T23:00:00,13.2253,77.4742,"Incident occurred near coordinates 13.2253, 77.4742 within jurisdiction of Bengaluru Rural PS.",Property Crimes,Theft,IPC,Indian Penal Code,IPC,379,Punishment for theft,1,1,,,,,,,,,,0,Farhan Shetty,34,Transgender,A2,,,,,,,,,,,,
UDR,Heinous,Chargesheet Filed,Karnataka,Shivamogga,Shivamogga District & Sessions Court,Police Station,Shivamogga Town PS,KA61160,Meena Kulkarni,Head Constable,Station Writer,1971-06-01,Male,O Positive,0,2010-03-23,278358793202500020,202500020,2023-09-22,"On 18-09-2023, a case of Dark Web Crime was reported at Shivamogga Town PS, Shivamogga district.",2023-09-18T02:00:00,2023-09-18T06:00:00,2023-09-18T07:00:00,13.973,75.4942,"Incident occurred near coordinates 13.973, 75.4942 within jurisdiction of Shivamogga Town PS.",Cyber Crime,Dark Web Crime,ITA,"Information Technology Act, 2000",IT Act,67,Publishing/transmitting obscene material electronically,1,1,Sunil Naik,52,Private Employee,Hindu,General,Transgender,Kavya Rao,63,Transgender,0,Esha Kumar,,Male,A1,1.0,2023-09-29T13:00:00,Karnataka,Shivamogga,Shivamogga Town PS,KA61160,Shivamogga District & Sessions Court,Esha Kumar,Kiran Kulkarni,2023-10-28T13:00:00,B,KA61160
UDR,Non-Heinous,Chargesheet Filed,Karnataka,Shivamogga,Shivamogga District & Sessions Court,Police Station,Shivamogga Town PS,KA61160,Meena Kulkarni,Inspector,Investigating Officer,1979-06-10,Female,B Positive,0,2019-05-04,278358793202500020,202500020,2023-09-22,"On 18-09-2023, a case of Dark Web Crime was reported at Shivamogga Town PS, Shivamogga district.",2023-09-18T02:00:00,2023-09-18T06:00:00,2023-09-18T07:00:00,13.973,75.4942,"Incident occurred near coordinates 13.973, 75.4942 within jurisdiction of Shivamogga Town PS.",Cyber Crime,Dark Web Crime,ITA,"Information Technology Act, 2000",IT Act,67,Publishing/transmitting obscene material electronically,1,1,,,,,,,,,,0,Kiran Kulkarni,,Transgender,A2,,,,,,,,,,,,
UDR,Non-Heinous,Under Investigation,Karnataka,Shivamogga,Shivamogga District & Sessions Court,Police Station,Shivamogga Town PS,KA86225,Farhan Pai,Head Constable,Station Writer,1978-10-23,Male,AB Positive,0,2000-09-05,257409710202400021,202400021,2023-03-17,"On 11-03-2023, a case of Burglary was reported at Shivamogga Town PS, Shivamogga district.",2023-03-11T23:00:00,2023-03-12T07:00:00,2023-03-12T10:00:00,13.9295,75.5898,"Incident occurred near coordinates 13.9295, 75.5898 within jurisdiction of Shivamogga Town PS.",Property Crimes,Burglary,IPC,Indian Penal Code,IPC,457,Lurking house-trespass or house-breaking by night,1,1,Siddharth Naik,43,Private Employee,Hindu,General,Transgender,Deepak Reddy,51,Transgender,0,Deepak Verma,,Female,A1,1.0,2023-03-24T01:00:00,Karnataka,Shivamogga,Shivamogga Town PS,KA86225,Shivamogga District & Sessions Court,Deepak Verma,Nikhil Naik,,,
UDR,Heinous,Under Investigation,Karnataka,Shivamogga,Shivamogga District & Sessions Court,Police Station,Shivamogga Town PS,KA86225,Farhan Pai,Constable,Investigating Officer,1992-11-27,Male,O Negative,0,2010-07-20,257409710202400021,202400021,2023-03-17,"On 11-03-2023, a case of Burglary was reported at Shivamogga Town PS, Shivamogga district.",2023-03-11T23:00:00,2023-03-12T07:00:00,2023-03-12T10:00:00,13.9295,75.5898,"Incident occurred near coordinates 13.9295, 75.5898 within jurisdiction of Shivamogga Town PS.",Property Crimes,Burglary,IPC,Indian Penal Code,IPC,457,Lurking house-trespass or house-breaking by night,1,1,,,,,,,,,,0,Nikhil Naik,,Transgender,A2,,,,,,,,,,,,
UDR,Heinous,Report Beece (B-Report),Karnataka,Mangaluru,Dakshina Kannada District & Sessions Court,Police Station,Mangaluru Town PS,KA46532,Vikram Das,Head Constable,Circle Inspector,1971-09-19,Male,B Negative,0,2009-07-01,235499766202300022,202300022,2023-04-05,"On 04-04-2023, a case of Assault was reported at Mangaluru Town PS, Mangaluru district.",2023-04-04T11:00:00,2023-04-04T12:00:00,2023-04-05T00:00:00,12.9929,74.7881,"Incident occurred near coordinates 12.9929, 74.7881 within jurisdiction of Mangaluru Town PS.",Crimes Against Body,Assault,IPC,Indian Penal Code,IPC,351,Assault,1,1,Rahul Joshi,22,Private Employee,Hindu,General,Female,Kiran Joshi,49,Male,0,Dev Singh,63,Female,A1,1.0,2023-04-12T17:00:00,Karnataka,Mangaluru,Mangaluru Town PS,KA46532,Dakshina Kannada District & Sessions Court,Dev Singh,,,,
UDR,Heinous,Under Investigation,Karnataka,Udupi,Udupi District & Sessions Court,Police Station,Udupi Town PS,KA24737,Kavya Bhat,Constable,Investigating Officer,1993-07-19,Female,AB Positive,0,2005-04-03,214993168202200023,202200023,2024-09-14,"On 12-09-2024, a case of Money Laundering was reported at Udupi Town PS, Udupi district.",2024-09-12T03:00:00,2024-09-12T10:00:00,2024-09-13T02:00:00,13.3065,74.7553,"Incident occurred near coordinates 13.3065, 74.7553 within jurisdiction of Udupi Town PS.",Financial Crime,Money Laundering,PMLA,"Prevention of Money Laundering Act, 2002",PMLA,3,Offence of money laundering,1,1,Dev Deshmukh,46,Private Employee,Hindu,General,Male,Rahul Singh,16,Transgender,0,Rajesh Shetty,,Female,A1,1.0,2024-09-21T13:00:00,Karnataka,Udupi,Udupi Town PS,KA24737,Udupi District & Sessions Court,Rajesh Shetty,Bhavya Reddy,,,
UDR,Non-Heinous,Under Investigation,Karnataka,Udupi,Udupi District & Sessions Court,Police Station,Udupi Town PS,KA24737,Kavya Bhat,Head Constable,Station Writer,1993-09-24,Male,AB Negative,1,2017-03-03,214993168202200023,202200023,2024-09-14,"On 12-09-2024, a case of Money Laundering was reported at Udupi Town PS, Udupi district.",2024-09-12T03:00:00,2024-09-12T10:00:00,2024-09-13T02:00:00,13.3065,74.7553,"Incident occurred near coordinates 13.3065, 74.7553 within jurisdiction of Udupi Town PS.",Financial Crime,Money Laundering,PMLA,"Prevention of Money Laundering Act, 2002",PMLA,3,Offence of money laundering,1,1,,,,,,,,,,0,Bhavya Reddy,,Male,A2,,,,,,,,,,,,
UDR,Heinous,Undetected,Karnataka,Kolar,Kolar District & Sessions Court,Police Station,Kolar Town PS,KA80010,Sanjay Das,Head Constable,Station Writer,1980-08-12,Male,AB Positive,0,2007-02-10,244466815202600024,202600024,2023-03-22,"On 20-03-2023, a case of Dark Web Crime was reported at Kolar Town PS, Kolar district.",2023-03-20T10:00:00,2023-03-20T14:00:00,2023-03-21T07:00:00,13.2002,78.1326,"Incident occurred near coordinates 13.2002, 78.1326 within jurisdiction of Kolar Town PS.",Cyber Crime,Dark Web Crime,ITA,"Information Technology Act, 2000",IT Act,67,Publishing/transmitting obscene material electronically,1,1,Sunil Nair,80,Private Employee,Hindu,General,Male,Manish Shenoy,54,Male,0,Hari Patil,47,Transgender,A1,,,,,,,,,,,,
FIR,Non-Heinous,Under Investigation,Karnataka,Kalaburagi,Kalaburagi District & Sessions Court,Police Station,Kalaburagi City PS,KA45556,Rahul Kamath,Deputy Superintendent,SHO,1984-01-06,Female,O Positive,0,2006-07-28,191917590202400025,202400025,2024-04-20,"On 18-04-2024, a case of Drug Offence was reported at Kalaburagi City PS, Kalaburagi district.",2024-04-18T06:00:00,2024-04-18T13:00:00,2024-04-18T21:00:00,17.3347,76.8002,"Incident occurred near coordinates 17.3347, 76.8002 within jurisdiction of Kalaburagi City PS.",Narcotics,Drug Offence,NDPS,"Narcotic Drugs and Psychotropic Substances Act, 1985",NDPS,20,Punishment for cannabis-related offences,1,1,Deepak Pai,32,Private Employee,Hindu,General,Transgender,Ananya Nair,32,Male,0,Farhan Reddy,,Female,A1,1.0,2024-04-27T10:00:00,Karnataka,Kalaburagi,Kalaburagi City PS,KA45556,Kalaburagi District & Sessions Court,Farhan Reddy,,,,
FIR,Non-Heinous,Chargesheet Filed,Karnataka,Mangaluru,Dakshina Kannada District & Sessions Court,Police Station,Mangaluru Town PS,KA54349,Dev Naik,Head Constable,Circle Inspector,1993-04-10,Female,O Positive,1,2005-02-05,197449880202400026,202400026,2023-05-19,"On 15-05-2023, a case of Cyber Crime was reported at Mangaluru Town PS, Mangaluru district.",2023-05-15T05:00:00,2023-05-15T10:00:00,2023-05-16T03:00:00,12.9442,74.8251,"Incident occurred near coordinates 12.9442, 74.8251 within jurisdiction of Mangaluru Town PS.",Cyber Crime,Cyber Crime,ITA,"Information Technology Act, 2000",IT Act,66C,Identity theft using computer resource,1,1,Siddharth Shetty,24,Private Employee,Hindu,General,Transgender,Esha Joshi,20,Male,0,Gautam Kamath,,Female,A1,1.0,2023-05-26T10:00:00,Karnataka,Mangaluru,Mangaluru Town PS,KA54349,Dakshina Kannada District & Sessions Court,Gautam Kamath,Chirag Joshi,2023-07-15T10:00:00,C,KA54349
FIR,Non-Heinous,Chargesheet Filed,Karnataka,Mangaluru,Dakshina Kannada District & Sessions Court,Police Station,Mangaluru Town PS,KA54349,Dev Naik,Constable,Station Writer,1982-08-22,Male,B Positive,1,2006-06-06,197449880202400026,202400026,2023-05-19,"On 15-05-2023, a case of Cyber Crime was reported at Mangaluru Town PS, Mangaluru district.",2023-05-15T05:00:00,2023-05-15T10:00:00,2023-05-16T03:00:00,12.9442,74.8251,"Incident occurred near coordinates 12.9442, 74.8251 within jurisdiction of Mangaluru Town PS.",Cyber Crime,Cyber Crime,ITA,"Information Technology Act, 2000",IT Act,66C,Identity theft using computer resource,1,1,,,,,,,,,,0,Chirag Joshi,49,Transgender,A2,,,,,,,,,,,,
FIR,Non-Heinous,Undetected,Karnataka,Davangere,Davangere District & Sessions Court,Police Station,Davangere Extension PS,KA19905,Aarav Deshmukh,Deputy Superintendent,Circle Inspector,1991-02-16,Female,A Positive,0,2003-08-27,199654209202200027,202200027,2025-08-28,"On 25-08-2025, a case of Cheating was reported at Davangere Extension PS, Davangere district.",2025-08-25T12:00:00,2025-08-25T20:00:00,2025-08-26T05:00:00,14.4418,75.9071,"Incident occurred near coordinates 14.4418, 75.9071 within jurisdiction of Davangere Extension PS.",Financial Crime,Cheating,IPC,Indian Penal Code,IPC,420,Cheating and dishonestly inducing delivery of property,1,1,Rajesh Verma,26,Private Employee,Hindu,General,Transgender,Anil Das,28,Female,0,Kiran Singh,58,Female,A1,,,,,,,,,,,,
UDR,Heinous,Chargesheet Filed,Karnataka,Chikkamagaluru,Chikkamagaluru District & Sessions Court,Police Station,Chikkamagaluru PS,KA18763,Aditi Patil,Head Constable,Station Writer,1984-06-16,Female,B Positive,0,2003-08-16,273063550202600028,202600028,2023-10-22,"On 20-10-2023, a case of Murder was reported at Chikkamagaluru PS, Chikkamagaluru district.",2023-10-20T02:00:00,2023-10-20T03:00:00,2023-10-20T13:00:00,13.376,75.7866,"Incident occurred near coordinates 13.376, 75.7866 within jurisdiction of Chikkamagaluru PS.",Crimes Against Body,Murder,IPC,Indian Penal Code,IPC,302,Punishment for murder,1,1,Dev Shenoy,23,Private Employee,Hindu,General,Transgender,Esha Joshi,71,Male,0,Hari Gowda,73,Female,A1,1.0,2023-10-29T10:00:00,Karnataka,Chikkamagaluru,Chikkamagaluru PS,KA18763,Chikkamagaluru District & Sessions Court,Hari Gowda,,2023-11-28T10:00:00,C,KA18763
Zero FIR,Heinous,Undetected,Karnataka,Mysuru,Mysuru District & Sessions Court,Police Station,Saraswathipuram PS,KA11078,Priya Patil,Deputy Superintendent,Investigating Officer,1995-07-03,Female,O Positive,0,2017-09-14,834421171202300029,202300029,2023-07-03,"On 29-06-2023, a case of Drug Offence was reported at Saraswathipuram PS, Mysuru district.",2023-06-29T16:00:00,2023-06-29T19:00:00,2023-06-30T13:00:00,12.3627,76.6628,"Incident occurred near coordinates 12.3627, 76.6628 within jurisdiction of Saraswathipuram PS.",Narcotics,Drug Offence,NDPS,"Narcotic Drugs and Psychotropic Substances Act, 1985",NDPS,20,Punishment for cannabis-related offences,1,1,Ananya Joshi,40,Private Employee,Hindu,General,Male,Chirag Deshmukh,25,Transgender,0,Kavya Kamath,46,Male,A1,,,,,,,,,,,,
PAR,Heinous,Report Beece (B-Report),Karnataka,Mandya,Mandya District & Sessions Court,Police Station,Mandya Town PS,KA71772,Farhan Sharma,Head Constable,SHO,1990-08-12,Female,B Negative,0,2013-10-26,394933104202400030,202400030,2025-07-06,"On 03-07-2025, a case of Cryptocurrency Crime was reported at Mandya Town PS, Mandya district.",2025-07-03T19:00:00,2025-07-04T01:00:00,2025-07-04T14:00:00,12.5659,76.8652,"Incident occurred near coordinates 12.5659, 76.8652 within jurisdiction of Mandya Town PS.",Cyber Crime,Cryptocurrency Crime,ITA,"Information Technology Act, 2000",IT Act,66D,Cheating by personation using a computer resource,1,1,Dev Hegde,27,Private Employee,Hindu,General,Male,Tanvi Joshi,8,Transgender,0,Meena Shetty,,Female,A1,1.0,2025-07-13T05:00:00,Karnataka,Mandya,Mandya Town PS,KA71772,Mandya District & Sessions Court,Meena Shetty,Isha Singh,,,
PAR,Non-Heinous,Report Beece (B-Report),Karnataka,Mandya,Mandya District & Sessions Court,Police Station,Mandya Town PS,KA71772,Farhan Sharma,Head Constable,Circle Inspector,1970-02-20,Female,B Positive,1,2019-02-20,394933104202400030,202400030,2025-07-06,"On 03-07-2025, a case of Cryptocurrency Crime was reported at Mandya Town PS, Mandya district.",2025-07-03T19:00:00,2025-07-04T01:00:00,2025-07-04T14:00:00,12.5659,76.8652,"Incident occurred near coordinates 12.5659, 76.8652 within jurisdiction of Mandya Town PS.",Cyber Crime,Cryptocurrency Crime,ITA,"Information Technology Act, 2000",IT Act,66D,Cheating by personation using a computer resource,1,1,,,,,,,,,,0,Isha Singh,35,Transgender,A2,,,,,,,,,,,,
FIR,Non-Heinous,Chargesheet Filed,Karnataka,Mandya,Mandya District & Sessions Court,Police Station,Mandya Town PS,KA60332,Vikram Hegde,Sub-Inspector,SHO,1970-02-24,Female,O Positive,0,2017-03-14,174545241202400031,202400031,2024-05-14,"On 11-05-2024, a case of Assault was reported at Mandya Town PS, Mandya district.",2024-05-11T00:00:00,2024-05-11T08:00:00,2024-05-11T06:00:00,12.5962,76.8162,"Incident occurred near coordinates 12.5962, 76.8162 within jurisdiction of Mandya Town PS.",Crimes Against Body,Assault,IPC,Indian Penal Code,IPC,351,Assault,1,1,Siddharth Shetty,80,Private Employee,Hindu,General,Transgender,Kiran Shetty,14,Female,0,Suresh Singh,72,Male,A1,1.0,2024-05-21T11:00:00,Karnataka,Mandya,Mandya Town PS,KA60332,Mandya District & Sessions Court,Suresh Singh,,2024-06-15T11:00:00,A,KA60332
Zero FIR,Heinous,Chargesheet Filed,Karnataka,Mandya,Mandya District & Sessions Court,Police Station,Mandya Town PS,KA38775,Kavya Das,Sub-Inspector,SHO,1995-02-23,Male,B Negative,1,2011-05-14,811721930202300032,202300032,2025-09-08,"On 04-09-2025, a case of Dark Web Crime was reported at Mandya Town PS, Mandya district.",2025-09-04T15:00:00,2025-09-04T18:00:00,2025-09-04T21:00:00,12.4917,76.9026,"Incident occurred near coordinates 12.4917, 76.9026 within jurisdiction of Mandya Town PS.",Cyber Crime,Dark Web Crime,ITA,"Information Technology Act, 2000",IT Act,67,Publishing/transmitting obscene material electronically,1,1,Meena Naik,36,Private Employee,Hindu,General,Female,Hari Shetty,71,Female,0,Ananya Shetty,61,Male,A1,1.0,2025-09-15T19:00:00,Karnataka,Mandya,Mandya Town PS,KA38775,Mandya District & Sessions Court,Ananya Shetty,,2025-10-13T19:00:00,C,KA38775
PAR,Non-Heinous,Under Investigation,Karnataka,Belagavi,Belagavi District & Sessions Court,Police Station,Belagavi City PS,KA15235,Meena Deshmukh,Sub-Inspector,Investigating Officer,1987-09-05,Female,A Negative,0,2015-12-05,324901309202300033,202300033,2023-05-13,"On 12-05-2023, a case of Grievous Hurt was reported at Belagavi City PS, Belagavi district.",2023-05-12T09:00:00,2023-05-12T12:00:00,2023-05-13T06:00:00,15.865,74.4696,"Incident occurred near coordinates 15.865, 74.4696 within jurisdiction of Belagavi City PS.",Crimes Against Body,Grievous Hurt,IPC,Indian Penal Code,IPC,325,Punishment for voluntarily causing grievous hurt,1,1,Bhavya Bhat,45,Private Employee,Hindu,General,Transgender,Isha Pai,39,Transgender,0,Pooja Joshi,,Male,A1,1.0,2023-05-20T12:00:00,Karnataka,Belagavi,Belagavi City PS,KA15235,Belagavi District & Sessions Court,Pooja Joshi,,,,
Zero FIR,Non-Heinous,Under Investigation,Karnataka,Mysuru,Mysuru District & Sessions Court,Police Station,Saraswathipuram PS,KA17328,Rajesh Bhat,Sub-Inspector,Station Writer,1981-05-04,Male,A Positive,0,2009-05-17,814616767202600034,202600034,2023-01-22,"On 19-01-2023, a case of Burglary was reported at Saraswathipuram PS, Mysuru district.",2023-01-19T10:00:00,2023-01-19T14:00:00,2023-01-20T05:00:00,12.219,76.6833,"Incident occurred near coordinates 12.219, 76.6833 within jurisdiction of Saraswathipuram PS.",Property Crimes,Burglary,IPC,Indian Penal Code,IPC,457,Lurking house-trespass or house-breaking by night,1,1,Siddharth Joshi,46,Private Employee,Hindu,General,Male,Abhishek Shenoy,60,Female,0,Aditi Sharma,59,Female,A1,1.0,2023-01-29T12:00:00,Karnataka,Mysuru,Saraswathipuram PS,KA17328,Mysuru District & Sessions Court,Aditi Sharma,"Abhishek Shetty,Bhavya Kumar",,,
Zero FIR,Non-Heinous,Under Investigation,Karnataka,Mysuru,Mysuru District & Sessions Court,Police Station,Saraswathipuram PS,KA17328,Rajesh Bhat,Deputy Superintendent,Investigating Officer,1993-11-19,Female,AB Positive,0,2000-06-17,814616767202600034,202600034,2023-01-22,"On 19-01-2023, a case of Burglary was reported at Saraswathipuram PS, Mysuru district.",2023-01-19T10:00:00,2023-01-19T14:00:00,2023-01-20T05:00:00,12.219,76.6833,"Incident occurred near coordinates 12.219, 76.6833 within jurisdiction of Saraswathipuram PS.",Property Crimes,Burglary,IPC,Indian Penal Code,IPC,457,Lurking house-trespass or house-breaking by night,1,1,,,,,,,,,,0,Abhishek Shetty,37,Female,A2,,,,,,,,,,,,
Zero FIR,Non-Heinous,Under Investigation,Karnataka,Mysuru,Mysuru District & Sessions Court,Police Station,Saraswathipuram PS,KA17328,Rajesh Bhat,Inspector,Investigating Officer,1979-04-14,Female,A Positive,1,2011-10-15,814616767202600034,202600034,2023-01-22,"On 19-01-2023, a case of Burglary was reported at Saraswathipuram PS, Mysuru district.",2023-01-19T10:00:00,2023-01-19T14:00:00,2023-01-20T05:00:00,12.219,76.6833,"Incident occurred near coordinates 12.219, 76.6833 within jurisdiction of Saraswathipuram PS.",Property Crimes,Burglary,IPC,Indian Penal Code,IPC,457,Lurking house-trespass or house-breaking by night,1,1,,,,,,,,,,0,Bhavya Kumar,53,Male,A3,,,,,,,,,,,,
Zero FIR,Non-Heinous,Chargesheet Filed,Karnataka,Chikkamagaluru,Chikkamagaluru District & Sessions Court,Police Station,Chikkamagaluru PS,KA12675,Kiran Patil,Head Constable,SHO,1989-09-28,Male,AB Positive,0,2001-07-20,882019825202200035,202200035,2022-02-28,"On 24-02-2022, a case of Murder was reported at Chikkamagaluru PS, Chikkamagaluru district.",2022-02-24T07:00:00,2022-02-24T14:00:00,2022-02-24T20:00:00,13.3583,75.7257,"Incident occurred near coordinates 13.3583, 75.7257 within jurisdiction of Chikkamagaluru PS.",Crimes Against Body,Murder,IPC,Indian Penal Code,IPC,302,Punishment for murder,1,1,Sunil Shenoy,36,Private Employee,Hindu,General,Transgender,Deepak Kamath,74,Transgender,0,Priya Shenoy,,Male,A1,1.0,2022-03-07T13:00:00,Karnataka,Chikkamagaluru,Chikkamagaluru PS,KA12675,Chikkamagaluru District & Sessions Court,Priya Shenoy,,2022-03-30T13:00:00,A,KA12675
Zero FIR,Heinous,Chargesheet Filed,Karnataka,Ramanagara,Ramanagara District & Sessions Court,Police Station,Ramanagara Town PS,KA31073,Kavya Pai,Sub-Inspector,Station Writer,1997-12-17,Female,AB Positive,0,2013-09-14,825312724202400036,202400036,2024-02-21,"On 16-02-2024, a case of Drug Offence was reported at Ramanagara Town PS, Ramanagara district.",2024-02-16T17:00:00,2024-02-16T21:00:00,2024-02-17T14:00:00,12.6951,77.2801,"Incident occurred near coordinates 12.6951, 77.2801 within jurisdiction of Ramanagara Town PS.",Narcotics,Drug Offence,NDPS,"Narcotic Drugs and Psychotropic Substances Act, 1985",NDPS,20,Punishment for cannabis-related offences,1,1,Siddharth Deshmukh,73,Private Employee,Hindu,General,Female,Rajesh Naik,72,Female,0,Rahul Kulkarni,47,Male,A1,1.0,2024-02-28T20:00:00,Karnataka,Ramanagara,Ramanagara Town PS,KA31073,Ramanagara District & Sessions Court,Rahul Kulkarni,,2024-03-21T20:00:00,B,KA31073
Zero FIR,Non-Heinous,Chargesheet Filed,Karnataka,Kalaburagi,Kalaburagi District & Sessions Court,Police Station,Kalaburagi City PS,KA44509,Aarav Deshmukh,Sub-Inspector,SHO,1979-07-23,Male,A Negative,0,2020-04-05,826726532202200037,202200037,2023-12-04,"On 02-12-2023, a case of Assault was reported at Kalaburagi City PS, Kalaburagi district.",2023-12-02T22:00:00,2023-12-03T01:00:00,2023-12-03T15:00:00,17.4078,76.8355,"Incident occurred near coordinates 17.4078, 76.8355 within jurisdiction of Kalaburagi City PS.",Crimes Against Body,Assault,IPC,Indian Penal Code,IPC,351,Assault,1,1,Rahul Rao,69,Private Employee,Hindu,General,Male,Rajesh Sharma,9,Female,0,Isha Gowda,,Transgender,A1,1.0,2023-12-11T07:00:00,Karnataka,Kalaburagi,Kalaburagi City PS,KA44509,Kalaburagi District & Sessions Court,Isha Gowda,,2024-01-29T07:00:00,B,KA44509
UDR,Non-Heinous,Under Investigation,Karnataka,Bagalkote,Bagalkote District & Sessions Court,Police Station,Bagalkote Town PS,KA51628,Esha Joshi,Inspector,SHO,1979-03-16,Male,O Negative,1,2008-10-23,256455034202600038,202600038,2022-06-23,"On 18-06-2022, a case of Grievous Hurt was reported at Bagalkote Town PS, Bagalkote district.",2022-06-18T10:00:00,2022-06-18T15:00:00,2022-06-19T01:00:00,16.1508,75.6886,"Incident occurred near coordinates 16.1508, 75.6886 within jurisdiction of Bagalkote Town PS.",Crimes Against Body,Grievous Hurt,IPC,Indian Penal Code,IPC,325,Punishment for voluntarily causing grievous hurt,1,1,Suresh Singh,28,Private Employee,Hindu,General,Male,Rahul Kulkarni,11,Transgender,0,Nikhil Das,53,Transgender,A1,1.0,2022-06-30T19:00:00,Karnataka,Bagalkote,Bagalkote Town PS,KA51628,Bagalkote District & Sessions Court,Nikhil Das,,,,
FIR,Non-Heinous,Undetected,Karnataka,Mysuru,Mysuru District & Sessions Court,Police Station,Saraswathipuram PS,KA26302,Aditi Sharma,Sub-Inspector,Investigating Officer,1971-06-20,Female,O Positive,0,2015-01-14,112261158202200039,202200039,2024-01-16,"On 12-01-2024, a case of Assault was reported at Saraswathipuram PS, Mysuru district.",2024-01-12T13:00:00,2024-01-12T15:00:00,2024-01-12T22:00:00,12.2707,76.7097,"Incident occurred near coordinates 12.2707, 76.7097 within jurisdiction of Saraswathipuram PS.",Crimes Against Body,Assault,IPC,Indian Penal Code,IPC,351,Assault,1,1,Rahul Reddy,55,Private Employee,Hindu,General,Female,Sanjay Verma,30,Female,0,Abhishek Shenoy,65,Female,A1,,,,,,,,,,,,
FIR,Non-Heinous,Undetected,Karnataka,Mysuru,Mysuru District & Sessions Court,Police Station,Saraswathipuram PS,KA26302,Aditi Sharma,Sub-Inspector,SHO,1992-04-15,Male,O Positive,0,2017-02-14,112261158202200039,202200039,2024-01-16,"On 12-01-2024, a case of Assault was reported at Saraswathipuram PS, Mysuru district.",2024-01-12T13:00:00,2024-01-12T15:00:00,2024-01-12T22:00:00,12.2707,76.7097,"Incident occurred near coordinates 12.2707, 76.7097 within jurisdiction of Saraswathipuram PS.",Crimes Against Body,Assault,IPC,Indian Penal Code,IPC,351,Assault,1,1,,,,,,,,,,0,Chirag Das,58,Male,A2,,,,,,,,,,,,
PAR,Heinous,Under Investigation,Karnataka,Tumakuru,Tumakuru District & Sessions Court,Police Station,Tumakuru Town PS,KA31613,Dev Kumar,Sub-Inspector,Circle Inspector,1974-01-23,Female,O Positive,0,2000-07-06,350416049202600040,202600040,2022-12-25,"On 24-12-2022, a case of Grievous Hurt was reported at Tumakuru Town PS, Tumakuru district.",2022-12-24T09:00:00,2022-12-24T14:00:00,2022-12-25T01:00:00,13.3066,77.1288,"Incident occurred near coordinates 13.3066, 77.1288 within jurisdiction of Tumakuru Town PS.",Crimes Against Body,Grievous Hurt,IPC,Indian Penal Code,IPC,325,Punishment for voluntarily causing grievous hurt,1,1,Vikram Pai,32,Private Employee,Hindu,General,Female,Ananya Shetty,5,Transgender,0,Vikram Singh,,Female,A1,1.0,2023-01-01T12:00:00,Karnataka,Tumakuru,Tumakuru Town PS,KA31613,Tumakuru District & Sessions Court,Vikram Singh,Divya Bhat,,,
PAR,Non-Heinous,Under Investigation,Karnataka,Tumakuru,Tumakuru District & Sessions Court,Police Station,Tumakuru Town PS,KA31613,Dev Kumar,Sub-Inspector,SHO,1976-09-07,Male,B Negative,0,2019-09-28,350416049202600040,202600040,2022-12-25,"On 24-12-2022, a case of Grievous Hurt was reported at Tumakuru Town PS, Tumakuru district.",2022-12-24T09:00:00,2022-12-24T14:00:00,2022-12-25T01:00:00,13.3066,77.1288,"Incident occurred near coordinates 13.3066, 77.1288 within jurisdiction of Tumakuru Town PS.",Crimes Against Body,Grievous Hurt,IPC,Indian Penal Code,IPC,325,Punishment for voluntarily causing grievous hurt,1,1,,,,,,,,,,0,Divya Bhat,62,Male,A2,,,,,,,,,,,,
PAR,Heinous,Report Beece (B-Report),Karnataka,Shivamogga,Shivamogga District & Sessions Court,Police Station,Shivamogga Town PS,KA50980,Sanjay Kumar,Deputy Superintendent,Station Writer,1995-04-26,Female,AB Positive,1,2001-07-08,341051024202200041,202200041,2022-01-13,"On 08-01-2022, a case of Drug Offence was reported at Shivamogga Town PS, Shivamogga district.",2022-01-08T15:00:00,2022-01-08T23:00:00,2022-01-09T10:00:00,13.8506,75.5055,"Incident occurred near coordinates 13.8506, 75.5055 within jurisdiction of Shivamogga Town PS.",Narcotics,Drug Offence,NDPS,"Narcotic Drugs and Psychotropic Substances Act, 1985",NDPS,20,Punishment for cannabis-related offences,1,1,Kavya Bhat,52,Private Employee,Hindu,General,Male,Esha Nair,6,Female,0,Meena Hegde,,Female,A1,1.0,2022-01-20T23:00:00,Karnataka,Shivamogga,Shivamogga Town PS,KA50980,Shivamogga District & Sessions Court,Meena Hegde,,,,
PAR,Non-Heinous,Report Beece (B-Report),Karnataka,Bengaluru Rural,Bengaluru Rural District & Sessions Court,Police Station,Bengaluru Rural PS,KA12114,Isha Reddy,Deputy Superintendent,Investigating Officer,1989-09-15,Male,O Negative,0,2008-02-12,397047044202200042,202200042,2023-09-05,"On 01-09-2023, a case of Money Laundering was reported at Bengaluru Rural PS, Bengaluru Rural district.",2023-09-01T08:00:00,2023-09-01T11:00:00,2023-09-01T14:00:00,13.3445,77.5529,"Incident occurred near coordinates 13.3445, 77.5529 within jurisdiction of Bengaluru Rural PS.",Financial Crime,Money Laundering,PMLA,"Prevention of Money Laundering Act, 2002",PMLA,3,Offence of money laundering,1,1,Ananya Bhat,50,Private Employee,Hindu,General,Transgender,Kavya Sharma,27,Male,0,Priya Deshmukh,55,Transgender,A1,1.0,2023-09-12T18:00:00,Karnataka,Bengaluru Rural,Bengaluru Rural PS,KA12114,Bengaluru Rural District & Sessions Court,Priya Deshmukh,,,,
PAR,Non-Heinous,Chargesheet Filed,Karnataka,Mysuru,Mysuru District & Sessions Court,Police Station,Saraswathipuram PS,KA21862,Aarav Verma,Sub-Inspector,Investigating Officer,1989-07-27,Male,B Positive,0,2008-05-04,394853653202500043,202500043,2022-12-15,"On 10-12-2022, a case of Murder was reported at Saraswathipuram PS, Mysuru district.",2022-12-10T16:00:00,2022-12-10T22:00:00,2022-12-11T14:00:00,12.346,76.6471,"Incident occurred near coordinates 12.346, 76.6471 within jurisdiction of Saraswathipuram PS.",Crimes Against Body,Murder,IPC,Indian Penal Code,IPC,302,Punishment for murder,1,1,Bhavya Das,45,Private Employee,Hindu,General,Female,Priya Patil,6,Transgender,0,Kavya Bhat,32,Male,A1,1.0,2022-12-22T04:00:00,Karnataka,Mysuru,Saraswathipuram PS,KA21862,Mysuru District & Sessions Court,Kavya Bhat,Suresh Kamath,2023-01-19T04:00:00,C,KA21862
PAR,Non-Heinous,Chargesheet Filed,Karnataka,Mysuru,Mysuru District & Sessions Court,Police Station,Saraswathipuram PS,KA21862,Aarav Verma,Inspector,Investigating Officer,1973-07-07,Female,B Positive,0,2009-10-26,394853653202500043,202500043,2022-12-15,"On 10-12-2022, a case of Murder was reported at Saraswathipuram PS, Mysuru district.",2022-12-10T16:00:00,2022-12-10T22:00:00,2022-12-11T14:00:00,12.346,76.6471,"Incident occurred near coordinates 12.346, 76.6471 within jurisdiction of Saraswathipuram PS.",Crimes Against Body,Murder,IPC,Indian Penal Code,IPC,302,Punishment for murder,1,1,,,,,,,,,,0,Suresh Kamath,55,Transgender,A2,,,,,,,,,,,,
Zero FIR,Non-Heinous,Chargesheet Filed,Karnataka,Kolar,Kolar District & Sessions Court,Police Station,Kolar Town PS,KA40789,Pooja Kumar,Constable,Circle Inspector,1976-01-17,Female,A Negative,0,2004-12-23,851862133202300044,202300044,2023-07-29,"On 26-07-2023, a case of Theft was reported at Kolar Town PS, Kolar district.",2023-07-26T10:00:00,2023-07-26T17:00:00,2023-07-27T02:00:00,13.1076,78.1592,"Incident occurred near coordinates 13.1076, 78.1592 within jurisdiction of Kolar Town PS.",Property Crimes,Theft,IPC,Indian Penal Code,IPC,379,Punishment for theft,1,1,Priya Verma,22,Private Employee,Hindu,General,Male,Abhishek Nair,59,Female,0,Rahul Rao,,Transgender,A1,1.0,2023-08-05T21:00:00,Karnataka,Kolar,Kolar Town PS,KA40789,Kolar District & Sessions Court,Rahul Rao,,2023-09-09T21:00:00,A,KA40789
PAR,Non-Heinous,Undetected,Karnataka,Ballari,Ballari District & Sessions Court,Police Station,Ballari City PS,KA97341,Chirag Reddy,Constable,SHO,1979-06-18,Female,O Positive,0,2016-09-05,339608339202600045,202600045,2025-05-04,"On 29-04-2025, a case of Drug Offence was reported at Ballari City PS, Ballari district.",2025-04-29T18:00:00,2025-04-30T01:00:00,2025-04-30T04:00:00,15.1089,76.8612,"Incident occurred near coordinates 15.1089, 76.8612 within jurisdiction of Ballari City PS.",Narcotics,Drug Offence,NDPS,"Narcotic Drugs and Psychotropic Substances Act, 1985",NDPS,20,Punishment for cannabis-related offences,1,1,Esha Sharma,49,Private Employee,Hindu,General,Transgender,Bhavya Verma,28,Female,0,Farhan Naik,40,Female,A1,,,,,,,,,,,,
FIR,Heinous,Undetected,Karnataka,Ramanagara,Ramanagara District & Sessions Court,Police Station,Ramanagara Town PS,KA60585,Meena Singh,Sub-Inspector,Investigating Officer,1979-04-05,Female,O Positive,0,2001-12-20,152101267202400046,202400046,2022-07-07,"On 02-07-2022, a case of Grievous Hurt was reported at Ramanagara Town PS, Ramanagara district.",2022-07-02T09:00:00,2022-07-02T13:00:00,2022-07-03T08:00:00,12.736,77.2309,"Incident occurred near coordinates 12.736, 77.2309 within jurisdiction of Ramanagara Town PS.",Crimes Against Body,Grievous Hurt,IPC,Indian Penal Code,IPC,325,Punishment for voluntarily causing grievous hurt,1,1,Sunil Bhat,26,Private Employee,Hindu,General,Transgender,Deepak Reddy,29,Female,0,Rahul Pai,,Female,A1,,,,,,,,,,,,
FIR,Heinous,Undetected,Karnataka,Ramanagara,Ramanagara District & Sessions Court,Police Station,Ramanagara Town PS,KA60585,Meena Singh,Deputy Superintendent,Investigating Officer,1984-06-26,Male,A Negative,1,2020-12-19,152101267202400046,202400046,2022-07-07,"On 02-07-2022, a case of Grievous Hurt was reported at Ramanagara Town PS, Ramanagara district.",2022-07-02T09:00:00,2022-07-02T13:00:00,2022-07-03T08:00:00,12.736,77.2309,"Incident occurred near coordinates 12.736, 77.2309 within jurisdiction of Ramanagara Town PS.",Crimes Against Body,Grievous Hurt,IPC,Indian Penal Code,IPC,325,Punishment for voluntarily causing grievous hurt,1,1,,,,,,,,,,0,Tanvi Pai,,Male,A2,,,,,,,,,,,,
PAR,Non-Heinous,Under Investigation,Karnataka,Kolar,Kolar District & Sessions Court,Police Station,Kolar Town PS,KA34042,Anil Hegde,Deputy Superintendent,SHO,1995-02-21,Male,O Negative,0,2008-11-17,342591930202300047,202300047,2025-07-25,"On 21-07-2025, a case of Cheating was reported at Kolar Town PS, Kolar district.",2025-07-21T13:00:00,2025-07-21T19:00:00,2025-07-21T16:00:00,13.1153,78.0619,"Incident occurred near coordinates 13.1153, 78.0619 within jurisdiction of Kolar Town PS.",Financial Crime,Cheating,IPC,Indian Penal Code,IPC,420,Cheating and dishonestly inducing delivery of property,1,1,Priya Verma,56,Private Employee,Hindu,General,Transgender,Pooja Bhat,68,Female,0,Sanjay Das,64,Female,A1,1.0,2025-08-01T16:00:00,Karnataka,Kolar,Kolar Town PS,KA34042,Kolar District & Sessions Court,Sanjay Das,,,,
UDR,Heinous,Under Investigation,Karnataka,Bidar,Bidar District & Sessions Court,Police Station,Bidar Town PS,KA34790,Tanvi Kumar,Deputy Superintendent,Circle Inspector,1991-05-13,Male,B Negative,0,2008-05-15,282551838202400048,202400048,2024-01-30,"On 26-01-2024, a case of Dark Web Crime was reported at Bidar Town PS, Bidar district.",2024-01-26T18:00:00,2024-01-27T02:00:00,2024-01-27T17:00:00,17.9486,77.5279,"Incident occurred near coordinates 17.9486, 77.5279 within jurisdiction of Bidar Town PS.",Cyber Crime,Dark Web Crime,ITA,"Information Technology Act, 2000",IT Act,67,Publishing/transmitting obscene material electronically,1,1,Deepak Rao,24,Private Employee,Hindu,General,Male,Nikhil Hegde,45,Female,0,Pooja Verma,,Male,A1,1.0,2024-02-06T01:00:00,Karnataka,Bidar,Bidar Town PS,KA34790,Bidar District & Sessions Court,Pooja Verma,,,,
FIR,Heinous,Report Beece (B-Report),Karnataka,Kolar,Kolar District & Sessions Court,Police Station,Kolar Town PS,KA11266,Siddharth Joshi,Deputy Superintendent,Investigating Officer,1989-12-15,Male,A Positive,0,2018-08-09,175399160202200049,202200049,2023-01-13,"On 09-01-2023, a case of Money Laundering was reported at Kolar Town PS, Kolar district.",2023-01-09T10:00:00,2023-01-09T16:00:00,2023-01-10T02:00:00,13.0947,78.1728,"Incident occurred near coordinates 13.0947, 78.1728 within jurisdiction of Kolar Town PS.",Financial Crime,Money Laundering,PMLA,"Prevention of Money Laundering Act, 2002",PMLA,3,Offence of money laundering,1,1,Nikhil Gowda,53,Private Employee,Hindu,General,Male,Rahul Gowda,5,Female,0,Kiran Pai,,Transgender,A1,1.0,2023-01-20T18:00:00,Karnataka,Kolar,Kolar Town PS,KA11266,Kolar District & Sessions Court,Kiran Pai,,,,
PAR,Heinous,Under Investigation,Karnataka,Kalaburagi,Kalaburagi District & Sessions Court,Police Station,Kalaburagi City PS,KA84837,Bhavya Joshi,Head Constable,Station Writer,1972-09-13,Male,O Negative,0,2009-03-18,360924088202400050,202400050,2022-06-01,"On 29-05-2022, a case of Cheating was reported at Kalaburagi City PS, Kalaburagi district.",2022-05-29T23:00:00,2022-05-30T06:00:00,2022-05-30T07:00:00,17.3651,76.8748,"Incident occurred near coordinates 17.3651, 76.8748 within jurisdiction of Kalaburagi City PS.",Financial Crime,Cheating,IPC,Indian Penal Code,IPC,420,Cheating and dishonestly inducing delivery of property,1,1,Vikram Pai,71,Private Employee,Hindu,General,Transgender,Pooja Pai,45,Transgender,0,Siddharth Hegde,75,Female,A1,1.0,2022-06-08T01:00:00,Karnataka,Kalaburagi,Kalaburagi City PS,KA84837,Kalaburagi District & Sessions Court,Siddharth Hegde,,,,
UDR,Non-Heinous,Undetected,Karnataka,Kalaburagi,Kalaburagi District & Sessions Court,Police Station,Kalaburagi City PS,KA15764,Kiran Nair,Sub-Inspector,Circle Inspector,1993-08-28,Male,O Positive,0,2017-11-15,220256373202200051,202200051,2023-10-02,"On 01-10-2023, a case of Money Laundering was reported at Kalaburagi City PS, Kalaburagi district.",2023-10-01T06:00:00,2023-10-01T14:00:00,2023-10-01T11:00:00,17.3616,76.8415,"Incident occurred near coordinates 17.3616, 76.8415 within jurisdiction of Kalaburagi City PS.",Financial Crime,Money Laundering,PMLA,"Prevention of Money Laundering Act, 2002",PMLA,3,Offence of money laundering,1,1,Esha Singh,24,Private Employee,Hindu,General,Transgender,Pooja Sharma,59,Transgender,0,Chirag Reddy,21,Male,A1,,,,,,,,,,,,
PAR,Heinous,Undetected,Karnataka,Chikkamagaluru,Chikkamagaluru District & Sessions Court,Police Station,Chikkamagaluru PS,KA34165,Dev Shenoy,Head Constable,Station Writer,1978-08-03,Female,A Negative,0,2013-02-09,382214411202200052,202200052,2023-04-22,"On 20-04-2023, a case of Dark Web Crime was reported at Chikkamagaluru PS, Chikkamagaluru district.",2023-04-20T16:00:00,2023-04-20T22:00:00,2023-04-21T05:00:00,13.2471,75.7098,"Incident occurred near coordinates 13.2471, 75.7098 within jurisdiction of Chikkamagaluru PS.",Cyber Crime,Dark Web Crime,ITA,"Information Technology Act, 2000",IT Act,67,Publishing/transmitting obscene material electronically,1,1,Sunil Deshmukh,29,Private Employee,Hindu,General,Transgender,Sunil Bhat,52,Male,0,Priya Gowda,50,Transgender,A1,,,,,,,,,,,,
Zero FIR,Non-Heinous,Under Investigation,Karnataka,Ramanagara,Ramanagara District & Sessions Court,Police Station,Ramanagara Town PS,KA74959,Manish Deshmukh,Sub-Inspector,SHO,1976-12-03,Male,B Positive,0,2005-07-02,816336545202200053,202200053,2022-06-12,"On 07-06-2022, a case of Cheating was reported at Ramanagara Town PS, Ramanagara district.",2022-06-07T16:00:00,2022-06-07T21:00:00,2022-06-08T14:00:00,12.6829,77.3045,"Incident occurred near coordinates 12.6829, 77.3045 within jurisdiction of Ramanagara Town PS.",Financial Crime,Cheating,IPC,Indian Penal Code,IPC,420,Cheating and dishonestly inducing delivery of property,1,1,Manish Rao,79,Private Employee,Hindu,General,Female,Chirag Hegde,66,Male,0,Deepak Nair,34,Transgender,A1,1.0,2022-06-19T20:00:00,Karnataka,Ramanagara,Ramanagara Town PS,KA74959,Ramanagara District & Sessions Court,Deepak Nair,,,,
UDR,Non-Heinous,Chargesheet Filed,Karnataka,Udupi,Udupi District & Sessions Court,Police Station,Udupi Town PS,KA99574,Bhavya Hegde,Head Constable,SHO,1997-07-24,Female,O Negative,0,2011-11-13,258883493202200054,202200054,2024-02-20,"On 15-02-2024, a case of Cyber Crime was reported at Udupi Town PS, Udupi district.",2024-02-15T23:00:00,2024-02-16T00:00:00,2024-02-16T17:00:00,13.268,74.6925,"Incident occurred near coordinates 13.268, 74.6925 within jurisdiction of Udupi Town PS.",Cyber Crime,Cyber Crime,ITA,"Information Technology Act, 2000",IT Act,66C,Identity theft using computer resource,1,1,Esha Nair,46,Private Employee,Hindu,General,Female,Priya Hegde,62,Transgender,0,Priya Kamath,,Transgender,A1,1.0,2024-02-27T06:00:00,Karnataka,Udupi,Udupi Town PS,KA99574,Udupi District & Sessions Court,Priya Kamath,,2024-04-04T06:00:00,B,KA99574
FIR,Non-Heinous,Report Beece (B-Report),Karnataka,Ramanagara,Ramanagara District & Sessions Court,Police Station,Ramanagara Town PS,KA57931,Dev Shenoy,Constable,SHO,1989-06-16,Female,O Positive,0,2004-05-19,156198390202500055,202500055,2023-07-02,"On 27-06-2023, a case of Drug Offence was reported at Ramanagara Town PS, Ramanagara district.",2023-06-27T03:00:00,2023-06-27T09:00:00,2023-06-27T16:00:00,12.7577,77.2413,"Incident occurred near coordinates 12.7577, 77.2413 within jurisdiction of Ramanagara Town PS.",Narcotics,Drug Offence,NDPS,"Narcotic Drugs and Psychotropic Substances Act, 1985",NDPS,20,Punishment for cannabis-related offences,1,1,Meena Singh,57,Private Employee,Hindu,General,Female,Kavya Gowda,21,Male,0,Dev Kumar,74,Transgender,A1,1.0,2023-07-09T10:00:00,Karnataka,Ramanagara,Ramanagara Town PS,KA57931,Ramanagara District & Sessions Court,Dev Kumar,Ananya Joshi,,,
FIR,Non-Heinous,Report Beece (B-Report),Karnataka,Ramanagara,Ramanagara District & Sessions Court,Police Station,Ramanagara Town PS,KA57931,Dev Shenoy,Head Constable,Station Writer,1996-05-16,Male,O Positive,0,2009-03-03,156198390202500055,202500055,2023-07-02,"On 27-06-2023, a case of Drug Offence was reported at Ramanagara Town PS, Ramanagara district.",2023-06-27T03:00:00,2023-06-27T09:00:00,2023-06-27T16:00:00,12.7577,77.2413,"Incident occurred near coordinates 12.7577, 77.2413 within jurisdiction of Ramanagara Town PS.",Narcotics,Drug Offence,NDPS,"Narcotic Drugs and Psychotropic Substances Act, 1985",NDPS,20,Punishment for cannabis-related offences,1,1,,,,,,,,,,0,Ananya Joshi,,Transgender,A2,,,,,,,,,,,,
Zero FIR,Non-Heinous,Report Beece (B-Report),Karnataka,Shivamogga,Shivamogga District & Sessions Court,Police Station,Shivamogga Town PS,KA24129,Suresh Shenoy,Constable,Station Writer,1994-05-26,Male,O Negative,0,2015-05-22,870675512202400056,202400056,2024-07-15,"On 11-07-2024, a case of Assault was reported at Shivamogga Town PS, Shivamogga district.",2024-07-11T08:00:00,2024-07-11T12:00:00,2024-07-11T13:00:00,13.9331,75.6266,"Incident occurred near coordinates 13.9331, 75.6266 within jurisdiction of Shivamogga Town PS.",Crimes Against Body,Assault,IPC,Indian Penal Code,IPC,351,Assault,1,1,Kiran Patil,66,Private Employee,Hindu,General,Male,Sunil Reddy,44,Male,0,Deepak Shetty,29,Female,A1,1.0,2024-07-22T20:00:00,Karnataka,Shivamogga,Shivamogga Town PS,KA24129,Shivamogga District & Sessions Court,Deepak Shetty,,,,
PAR,Heinous,Under Investigation,Karnataka,Hubballi-Dharwad,Dharwad District & Sessions Court,Police Station,Dharwad Town PS,KA50879,Abhishek Naik,Head Constable,Station Writer,1978-09-08,Male,AB Positive,0,2019-11-25,383215219202600057,202600057,2023-10-12,"On 07-10-2023, a case of Burglary was reported at Dharwad Town PS, Hubballi-Dharwad district.",2023-10-07T20:00:00,2023-10-07T21:00:00,2023-10-08T19:00:00,15.3577,75.1846,"Incident occurred near coordinates 15.3577, 75.1846 within jurisdiction of Dharwad Town PS.",Property Crimes,Burglary,IPC,Indian Penal Code,IPC,457,Lurking house-trespass or house-breaking by night,1,1,Sanjay Kulkarni,70,Private Employee,Hindu,General,Female,Rajesh Reddy,48,Male,0,Dev Joshi,,Male,A1,1.0,2023-10-19T21:00:00,Karnataka,Hubballi-Dharwad,Dharwad Town PS,KA50879,Dharwad District & Sessions Court,Dev Joshi,Priya Nair,,,
PAR,Non-Heinous,Under Investigation,Karnataka,Hubballi-Dharwad,Dharwad District & Sessions Court,Police Station,Dharwad Town PS,KA50879,Abhishek Naik,Sub-Inspector,SHO,1994-09-27,Male,AB Positive,0,2001-10-16,383215219202600057,202600057,2023-10-12,"On 07-10-2023, a case of Burglary was reported at Dharwad Town PS, Hubballi-Dharwad district.",2023-10-07T20:00:00,2023-10-07T21:00:00,2023-10-08T19:00:00,15.3577,75.1846,"Incident occurred near coordinates 15.3577, 75.1846 within jurisdiction of Dharwad Town PS.",Property Crimes,Burglary,IPC,Indian Penal Code,IPC,457,Lurking house-trespass or house-breaking by night,1,1,,,,,,,,,,0,Priya Nair,,Female,A2,,,,,,,,,,,,
FIR,Non-Heinous,Undetected,Karnataka,Hassan,Hassan District & Sessions Court,Police Station,Hassan Town PS,KA66915,Dev Kamath,Sub-Inspector,Investigating Officer,1989-04-12,Male,AB Negative,0,2013-12-07,113422383202600058,202600058,2025-02-28,"On 25-02-2025, a case of Assault was reported at Hassan Town PS, Hassan district.",2025-02-25T08:00:00,2025-02-25T16:00:00,2025-02-26T00:00:00,13.0797,76.1313,"Incident occurred near coordinates 13.0797, 76.1313 within jurisdiction of Hassan Town PS.",Crimes Against Body,Assault,IPC,Indian Penal Code,IPC,351,Assault,1,1,Anil Gowda,34,Private Employee,Hindu,General,Male,Dev Pai,18,Female,0,Priya Deshmukh,,Transgender,A1,,,,,,,,,,,,
FIR,Non-Heinous,Undetected,Karnataka,Hassan,Hassan District & Sessions Court,Police Station,Hassan Town PS,KA66915,Dev Kamath,Sub-Inspector,SHO,1973-06-01,Male,O Positive,0,2003-01-06,113422383202600058,202600058,2025-02-28,"On 25-02-2025, a case of Assault was reported at Hassan Town PS, Hassan district.",2025-02-25T08:00:00,2025-02-25T16:00:00,2025-02-26T00:00:00,13.0797,76.1313,"Incident occurred near coordinates 13.0797, 76.1313 within jurisdiction of Hassan Town PS.",Crimes Against Body,Assault,IPC,Indian Penal Code,IPC,351,Assault,1,1,,,,,,,,,,0,Kiran Gowda,40,Transgender,A2,,,,,,,,,,,,
FIR,Non-Heinous,Undetected,Karnataka,Hassan,Hassan District & Sessions Court,Police Station,Hassan Town PS,KA66915,Dev Kamath,Inspector,Circle Inspector,1990-12-24,Female,AB Positive,0,2018-09-07,113422383202600058,202600058,2025-02-28,"On 25-02-2025, a case of Assault was reported at Hassan Town PS, Hassan district.",2025-02-25T08:00:00,2025-02-25T16:00:00,2025-02-26T00:00:00,13.0797,76.1313,"Incident occurred near coordinates 13.0797, 76.1313 within jurisdiction of Hassan Town PS.",Crimes Against Body,Assault,IPC,Indian Penal Code,IPC,351,Assault,1,1,,,,,,,,,,0,Ananya Reddy,45,Female,A3,,,,,,,,,,,,
FIR,Heinous,Report Beece (B-Report),Karnataka,Mysuru,Mysuru District & Sessions Court,Police Station,Saraswathipuram PS,KA76087,Hari Das,Deputy Superintendent,Station Writer,1990-11-05,Female,O Negative,0,2004-12-08,137858266202200059,202200059,2022-11-30,"On 26-11-2022, a case of Cryptocurrency Crime was reported at Saraswathipuram PS, Mysuru district.",2022-11-26T11:00:00,2022-11-26T15:00:00,2022-11-27T05:00:00,12.3412,76.6794,"Incident occurred near coordinates 12.3412, 76.6794 within jurisdiction of Saraswathipuram PS.",Cyber Crime,Cryptocurrency Crime,ITA,"Information Technology Act, 2000",IT Act,66D,Cheating by personation using a computer resource,1,1,Farhan Deshmukh,40,Private Employee,Hindu,General,Male,Chirag Deshmukh,34,Transgender,0,Ananya Naik,,Transgender,A1,1.0,2022-12-07T18:00:00,Karnataka,Mysuru,Saraswathipuram PS,KA76087,Mysuru District & Sessions Court,Ananya Naik,,,,
Zero FIR,Heinous,Undetected,Karnataka,Chikkamagaluru,Chikkamagaluru District & Sessions Court,Police Station,Chikkamagaluru PS,KA60454,Anil Nair,Inspector,Station Writer,1991-07-15,Female,AB Negative,0,2013-05-28,893281245202200060,202200060,2024-10-30,"On 28-10-2024, a case of Theft was reported at Chikkamagaluru PS, Chikkamagaluru district.",2024-10-28T07:00:00,2024-10-28T09:00:00,2024-10-29T03:00:00,13.3514,75.7645,"Incident occurred near coordinates 13.3514, 75.7645 within jurisdiction of Chikkamagaluru PS.",Property Crimes,Theft,IPC,Indian Penal Code,IPC,379,Punishment for theft,1,1,Aditi Gowda,65,Private Employee,Hindu,General,Male,Siddharth Kulkarni,33,Transgender,0,Esha Rao,75,Female,A1,,,,,,,,,,,,
Zero FIR,Heinous,Undetected,Karnataka,Chikkamagaluru,Chikkamagaluru District & Sessions Court,Police Station,Chikkamagaluru PS,KA60454,Anil Nair,Inspector,SHO,1998-02-06,Female,AB Negative,0,2001-03-24,893281245202200060,202200060,2024-10-30,"On 28-10-2024, a case of Theft was reported at Chikkamagaluru PS, Chikkamagaluru district.",2024-10-28T07:00:00,2024-10-28T09:00:00,2024-10-29T03:00:00,13.3514,75.7645,"Incident occurred near coordinates 13.3514, 75.7645 within jurisdiction of Chikkamagaluru PS.",Property Crimes,Theft,IPC,Indian Penal Code,IPC,379,Punishment for theft,1,1,,,,,,,,,,0,Esha Kumar,46,Female,A2,,,,,,,,,,,,
UDR,Non-Heinous,Undetected,Karnataka,Bagalkote,Bagalkote District & Sessions Court,Police Station,Bagalkote Town PS,KA74075,Isha Kulkarni,Sub-Inspector,Investigating Officer,1979-07-19,Female,O Negative,0,2012-12-12,241731921202300061,202300061,2023-09-29,"On 28-09-2023, a case of Theft was reported at Bagalkote Town PS, Bagalkote district.",2023-09-28T00:00:00,2023-09-28T07:00:00,2023-09-28T04:00:00,16.1515,75.6648,"Incident occurred near coordinates 16.1515, 75.6648 within jurisdiction of Bagalkote Town PS.",Property Crimes,Theft,IPC,Indian Penal Code,IPC,379,Punishment for theft,1,1,Abhishek Bhat,32,Private Employee,Hindu,General,Female,Kavya Patil,22,Female,0,Meena Bhat,,Female,A1,,,,,,,,,,,,
Zero FIR,Non-Heinous,Report Beece (B-Report),Karnataka,Bidar,Bidar District & Sessions Court,Police Station,Bidar Town PS,KA96646,Suresh Shenoy,Head Constable,SHO,1982-07-13,Female,AB Negative,0,2011-08-25,845754478202200062,202200062,2022-03-03,"On 01-03-2022, a case of Drug Offence was reported at Bidar Town PS, Bidar district.",2022-03-01T14:00:00,2022-03-01T21:00:00,2022-03-02T07:00:00,17.8524,77.455,"Incident occurred near coordinates 17.8524, 77.455 within jurisdiction of Bidar Town PS.",Narcotics,Drug Offence,NDPS,"Narcotic Drugs and Psychotropic Substances Act, 1985",NDPS,20,Punishment for cannabis-related offences,1,1,Hari Das,42,Private Employee,Hindu,General,Male,Siddharth Deshmukh,66,Male,0,Divya Kulkarni,33,Female,A1,1.0,2022-03-10T18:00:00,Karnataka,Bidar,Bidar Town PS,KA96646,Bidar District & Sessions Court,Divya Kulkarni,"Anil Das,Kiran Joshi",,,
Zero FIR,Non-Heinous,Report Beece (B-Report),Karnataka,Bidar,Bidar District & Sessions Court,Police Station,Bidar Town PS,KA96646,Suresh Shenoy,Constable,Investigating Officer,1971-07-18,Male,AB Positive,1,2005-01-14,845754478202200062,202200062,2022-03-03,"On 01-03-2022, a case of Drug Offence was reported at Bidar Town PS, Bidar district.",2022-03-01T14:00:00,2022-03-01T21:00:00,2022-03-02T07:00:00,17.8524,77.455,"Incident occurred near coordinates 17.8524, 77.455 within jurisdiction of Bidar Town PS.",Narcotics,Drug Offence,NDPS,"Narcotic Drugs and Psychotropic Substances Act, 1985",NDPS,20,Punishment for cannabis-related offences,1,1,,,,,,,,,,0,Anil Das,,Male,A2,,,,,,,,,,,,
Zero FIR,Non-Heinous,Report Beece (B-Report),Karnataka,Bidar,Bidar District & Sessions Court,Police Station,Bidar Town PS,KA96646,Suresh Shenoy,Head Constable,Station Writer,1988-01-07,Male,O Negative,0,2018-11-18,845754478202200062,202200062,2022-03-03,"On 01-03-2022, a case of Drug Offence was reported at Bidar Town PS, Bidar district.",2022-03-01T14:00:00,2022-03-01T21:00:00,2022-03-02T07:00:00,17.8524,77.455,"Incident occurred near coordinates 17.8524, 77.455 within jurisdiction of Bidar Town PS.",Narcotics,Drug Offence,NDPS,"Narcotic Drugs and Psychotropic Substances Act, 1985",NDPS,20,Punishment for cannabis-related offences,1,1,,,,,,,,,,0,Kiran Joshi,,Male,A3,,,,,,,,,,,,
FIR,Heinous,Undetected,Karnataka,Hubballi-Dharwad,Dharwad District & Sessions Court,Police Station,Dharwad Town PS,KA70647,Chirag Kulkarni,Inspector,Circle Inspector,1988-11-09,Male,AB Negative,0,2019-11-21,110754106202600063,202600063,2025-06-21,"On 18-06-2025, a case of Cyber Crime was reported at Dharwad Town PS, Hubballi-Dharwad district.",2025-06-18T15:00:00,2025-06-18T20:00:00,2025-06-19T13:00:00,15.4243,75.1928,"Incident occurred near coordinates 15.4243, 75.1928 within jurisdiction of Dharwad Town PS.",Cyber Crime,Cyber Crime,ITA,"Information Technology Act, 2000",IT Act,66C,Identity theft using computer resource,1,1,Manish Kumar,51,Private Employee,Hindu,General,Transgender,Esha Naik,25,Male,0,Bhavya Singh,55,Male,A1,,,,,,,,,,,,
UDR,Heinous,Under Investigation,Karnataka,Hubballi-Dharwad,Dharwad District & Sessions Court,Police Station,Dharwad Town PS,KA29171,Divya Bhat,Deputy Superintendent,SHO,1998-09-13,Female,B Positive,0,2009-05-08,279424063202500064,202500064,2022-11-21,"On 18-11-2022, a case of Cheating was reported at Dharwad Town PS, Hubballi-Dharwad district.",2022-11-18T17:00:00,2022-11-19T01:00:00,2022-11-19T00:00:00,15.423,75.0943,"Incident occurred near coordinates 15.423, 75.0943 within jurisdiction of Dharwad Town PS.",Financial Crime,Cheating,IPC,Indian Penal Code,IPC,420,Cheating and dishonestly inducing delivery of property,1,1,Sunil Bhat,40,Private Employee,Hindu,General,Male,Dev Singh,30,Male,0,Meena Kumar,70,Transgender,A1,1.0,2022-11-28T19:00:00,Karnataka,Hubballi-Dharwad,Dharwad Town PS,KA29171,Dharwad District & Sessions Court,Meena Kumar,Tanvi Shetty,,,
UDR,Non-Heinous,Under Investigation,Karnataka,Hubballi-Dharwad,Dharwad District & Sessions Court,Police Station,Dharwad Town PS,KA29171,Divya Bhat,Sub-Inspector,Station Writer,1986-04-07,Male,A Positive,0,2011-05-14,279424063202500064,202500064,2022-11-21,"On 18-11-2022, a case of Cheating was reported at Dharwad Town PS, Hubballi-Dharwad district.",2022-11-18T17:00:00,2022-11-19T01:00:00,2022-11-19T00:00:00,15.423,75.0943,"Incident occurred near coordinates 15.423, 75.0943 within jurisdiction of Dharwad Town PS.",Financial Crime,Cheating,IPC,Indian Penal Code,IPC,420,Cheating and dishonestly inducing delivery of property,1,1,,,,,,,,,,0,Tanvi Shetty,57,Female,A2,,,,,,,,,,,,
PAR,Non-Heinous,Under Investigation,Karnataka,Tumakuru,Tumakuru District & Sessions Court,Police Station,Tumakuru Town PS,KA97158,Gautam Joshi,Inspector,SHO,1988-03-02,Female,AB Positive,0,2001-06-06,384965934202200065,202200065,2025-03-14,"On 12-03-2025, a case of Grievous Hurt was reported at Tumakuru Town PS, Tumakuru district.",2025-03-12T23:00:00,2025-03-13T00:00:00,2025-03-13T01:00:00,13.3115,77.1553,"Incident occurred near coordinates 13.3115, 77.1553 within jurisdiction of Tumakuru Town PS.",Crimes Against Body,Grievous Hurt,IPC,Indian Penal Code,IPC,325,Punishment for voluntarily causing grievous hurt,1,1,Sunil Nair,73,Private Employee,Hindu,General,Transgender,Meena Joshi,50,Male,0,Farhan Shenoy,33,Female,A1,1.0,2025-03-21T11:00:00,Karnataka,Tumakuru,Tumakuru Town PS,KA97158,Tumakuru District & Sessions Court,Farhan Shenoy,,,,
UDR,Non-Heinous,Chargesheet Filed,Karnataka,Belagavi,Belagavi District & Sessions Court,Police Station,Belagavi City PS,KA44084,Aditi Hegde,Constable,Circle Inspector,1985-07-09,Female,A Negative,0,2020-04-26,290306056202200066,202200066,2023-06-04,"On 29-05-2023, a case of Cyber Crime was reported at Belagavi City PS, Belagavi district.",2023-05-29T20:00:00,2023-05-30T04:00:00,2023-05-30T03:00:00,15.8236,74.4464,"Incident occurred near coordinates 15.8236, 74.4464 within jurisdiction of Belagavi City PS.",Cyber Crime,Cyber Crime,ITA,"Information Technology Act, 2000",IT Act,66C,Identity theft using computer resource,1,1,Abhishek Gowda,24,Private Employee,Hindu,General,Female,Vikram Patil,16,Male,0,Deepak Kulkarni,22,Female,A1,1.0,2023-06-11T07:00:00,Karnataka,Belagavi,Belagavi City PS,KA44084,Belagavi District & Sessions Court,Deepak Kulkarni,,2023-07-23T07:00:00,C,KA44084
PAR,Heinous,Under Investigation,Karnataka,Ballari,Ballari District & Sessions Court,Police Station,Ballari City PS,KA36331,Kiran Rao,Head Constable,Circle Inspector,1974-03-23,Male,AB Positive,0,2015-12-19,333169057202500067,202500067,2024-04-03,"On 28-03-2024, a case of Money Laundering was reported at Ballari City PS, Ballari district.",2024-03-28T23:00:00,2024-03-29T04:00:00,2024-03-29T01:00:00,15.2111,76.9007,"Incident occurred near coordinates 15.2111, 76.9007 within jurisdiction of Ballari City PS.",Financial Crime,Money Laundering,PMLA,"Prevention of Money Laundering Act, 2002",PMLA,3,Offence of money laundering,1,1,Sanjay Rao,51,Private Employee,Hindu,General,Male,Divya Deshmukh,7,Transgender,0,Farhan Das,27,Male,A1,1.0,2024-04-10T07:00:00,Karnataka,Ballari,Ballari City PS,KA36331,Ballari District & Sessions Court,Farhan Das,,,,
PAR,Heinous,Report Beece (B-Report),Karnataka,Mandya,Mandya District & Sessions Court,Police Station,Mandya Town PS,KA45487,Divya Kulkarni,Inspector,SHO,1986-04-14,Male,AB Positive,1,2006-10-15,327464954202500068,202500068,2023-09-16,"On 10-09-2023, a case of Cryptocurrency Crime was reported at Mandya Town PS, Mandya district.",2023-09-10T19:00:00,2023-09-11T01:00:00,2023-09-11T12:00:00,12.4905,76.893,"Incident occurred near coordinates 12.4905, 76.893 within jurisdiction of Mandya Town PS.",Cyber Crime,Cryptocurrency Crime,ITA,"Information Technology Act, 2000",IT Act,66D,Cheating by personation using a computer resource,1,1,Sanjay Kumar,74,Private Employee,Hindu,General,Transgender,Manish Shenoy,26,Transgender,0,Tanvi Bhat,,Transgender,A1,1.0,2023-09-23T07:00:00,Karnataka,Mandya,Mandya Town PS,KA45487,Mandya District & Sessions Court,Tanvi Bhat,,,,
FIR,Heinous,Report Beece (B-Report),Karnataka,Udupi,Udupi District & Sessions Court,Police Station,Udupi Town PS,KA20093,Ananya Deshmukh,Deputy Superintendent,Station Writer,1996-02-08,Female,O Positive,0,2009-09-21,179611783202600069,202600069,2025-08-24,"On 18-08-2025, a case of Grievous Hurt was reported at Udupi Town PS, Udupi district.",2025-08-18T23:00:00,2025-08-19T07:00:00,2025-08-19T07:00:00,13.4157,74.6977,"Incident occurred near coordinates 13.4157, 74.6977 within jurisdiction of Udupi Town PS.",Crimes Against Body,Grievous Hurt,IPC,Indian Penal Code,IPC,325,Punishment for voluntarily causing grievous hurt,1,1,Gautam Nair,63,Private Employee,Hindu,General,Female,Rajesh Shetty,21,Transgender,0,Deepak Singh,68,Transgender,A1,1.0,2025-08-31T07:00:00,Karnataka,Udupi,Udupi Town PS,KA20093,Udupi District & Sessions Court,Deepak Singh,,,,
Zero FIR,Heinous,Undetected,Karnataka,Kalaburagi,Kalaburagi District & Sessions Court,Police Station,Kalaburagi City PS,KA56603,Kavya Kamath,Deputy Superintendent,Circle Inspector,1978-08-01,Male,B Positive,0,2016-02-26,815287035202400070,202400070,2025-09-05,"On 31-08-2025, a case of Burglary was reported at Kalaburagi City PS, Kalaburagi district.",2025-08-31T22:00:00,2025-09-01T02:00:00,2025-09-01T15:00:00,17.2637,76.9123,"Incident occurred near coordinates 17.2637, 76.9123 within jurisdiction of Kalaburagi City PS.",Property Crimes,Burglary,IPC,Indian Penal Code,IPC,457,Lurking house-trespass or house-breaking by night,1,1,Nikhil Rao,61,Private Employee,Hindu,General,Transgender,Tanvi Kumar,13,Female,0,Meena Patil,,Female,A1,,,,,,,,,,,,
FIR,Non-Heinous,Chargesheet Filed,Karnataka,Bengaluru Urban,"Principal City Civil & Sessions Court, Bengaluru",Police Station,Bengaluru City PS,KA56201,Anil Hegde,Inspector,Station Writer,1992-05-26,Female,B Positive,0,2015-12-21,130981571202500071,202500071,2024-05-09,"On 03-05-2024, a case of Cryptocurrency Crime was reported at Bengaluru City PS, Bengaluru Urban district.",2024-05-03T19:00:00,2024-05-03T22:00:00,2024-05-04T04:00:00,12.9252,77.6165,"Incident occurred near coordinates 12.9252, 77.6165 within jurisdiction of Bengaluru City PS.",Cyber Crime,Cryptocurrency Crime,ITA,"Information Technology Act, 2000",IT Act,66D,Cheating by personation using a computer resource,1,1,Bhavya Shetty,63,Private Employee,Hindu,General,Female,Chirag Hegde,54,Male,0,Nikhil Nair,57,Female,A1,1.0,2024-05-16T03:00:00,Karnataka,Bengaluru Urban,Bengaluru City PS,KA56201,"Principal City Civil & Sessions Court, Bengaluru",Nikhil Nair,Bhavya Joshi,2024-06-28T03:00:00,A,KA56201
FIR,Heinous,Chargesheet Filed,Karnataka,Bengaluru Urban,"Principal City Civil & Sessions Court, Bengaluru",Police Station,Bengaluru City PS,KA56201,Anil Hegde,Inspector,Investigating Officer,1973-11-27,Female,A Positive,0,2007-11-17,130981571202500071,202500071,2024-05-09,"On 03-05-2024, a case of Cryptocurrency Crime was reported at Bengaluru City PS, Bengaluru Urban district.",2024-05-03T19:00:00,2024-05-03T22:00:00,2024-05-04T04:00:00,12.9252,77.6165,"Incident occurred near coordinates 12.9252, 77.6165 within jurisdiction of Bengaluru City PS.",Cyber Crime,Cryptocurrency Crime,ITA,"Information Technology Act, 2000",IT Act,66D,Cheating by personation using a computer resource,1,1,,,,,,,,,,0,Bhavya Joshi,,Male,A2,,,,,,,,,,,,
FIR,Non-Heinous,Report Beece (B-Report),Karnataka,Davangere,Davangere District & Sessions Court,Police Station,Davangere Extension PS,KA53859,Manish Rao,Head Constable,Circle Inspector,1971-12-08,Male,B Negative,0,2006-11-16,146068942202400072,202400072,2023-03-29,"On 23-03-2023, a case of Theft was reported at Davangere Extension PS, Davangere district.",2023-03-23T22:00:00,2023-03-24T04:00:00,2023-03-24T15:00:00,14.4981,75.9527,"Incident occurred near coordinates 14.4981, 75.9527 within jurisdiction of Davangere Extension PS.",Property Crimes,Theft,IPC,Indian Penal Code,IPC,379,Punishment for theft,1,1,Aditi Nair,25,Private Employee,Hindu,General,Male,Hari Kumar,44,Transgender,0,Ananya Bhat,,Transgender,A1,1.0,2023-04-05T05:00:00,Karnataka,Davangere,Davangere Extension PS,KA53859,Davangere District & Sessions Court,Ananya Bhat,,,,
PAR,Heinous,Under Investigation,Karnataka,Udupi,Udupi District & Sessions Court,Police Station,Udupi Town PS,KA48200,Gautam Sharma,Head Constable,Circle Inspector,1980-09-24,Female,A Negative,0,2002-08-05,316702796202400073,202400073,2022-02-12,"On 07-02-2022, a case of Money Laundering was reported at Udupi Town PS, Udupi district.",2022-02-07T22:00:00,2022-02-08T06:00:00,2022-02-08T01:00:00,13.3146,74.6843,"Incident occurred near coordinates 13.3146, 74.6843 within jurisdiction of Udupi Town PS.",Financial Crime,Money Laundering,PMLA,"Prevention of Money Laundering Act, 2002",PMLA,3,Offence of money laundering,1,1,Deepak Reddy,46,Private Employee,Hindu,General,Transgender,Kavya Naik,72,Male,0,Isha Verma,,Female,A1,1.0,2022-02-19T02:00:00,Karnataka,Udupi,Udupi Town PS,KA48200,Udupi District & Sessions Court,Isha Verma,Hari Das,,,
PAR,Heinous,Under Investigation,Karnataka,Udupi,Udupi District & Sessions Court,Police Station,Udupi Town PS,KA48200,Gautam Sharma,Head Constable,Investigating Officer,1975-10-27,Male,B Negative,1,2010-11-25,316702796202400073,202400073,2022-02-12,"On 07-02-2022, a case of Money Laundering was reported at Udupi Town PS, Udupi district.",2022-02-07T22:00:00,2022-02-08T06:00:00,2022-02-08T01:00:00,13.3146,74.6843,"Incident occurred near coordinates 13.3146, 74.6843 within jurisdiction of Udupi Town PS.",Financial Crime,Money Laundering,PMLA,"Prevention of Money Laundering Act, 2002",PMLA,3,Offence of money laundering,1,1,,,,,,,,,,0,Hari Das,,Female,A2,,,,,,,,,,,,
FIR,Non-Heinous,Report Beece (B-Report),Karnataka,Bengaluru Urban,"Principal City Civil & Sessions Court, Bengaluru",Police Station,Bengaluru City PS,KA87702,Deepak Kulkarni,Inspector,Circle Inspector,1990-01-20,Male,B Negative,0,2000-12-12,182452673202400074,202400074,2024-02-28,"On 25-02-2024, a case of Cyber Crime was reported at Bengaluru City PS, Bengaluru Urban district.",2024-02-25T06:00:00,2024-02-25T12:00:00,2024-02-25T17:00:00,12.906,77.5979,"Incident occurred near coordinates 12.906, 77.5979 within jurisdiction of Bengaluru City PS.",Cyber Crime,Cyber Crime,ITA,"Information Technology Act, 2000",IT Act,66C,Identity theft using computer resource,1,1,Rahul Naik,64,Private Employee,Hindu,General,Transgender,Ananya Shenoy,17,Transgender,0,Abhishek Joshi,,Transgender,A1,1.0,2024-03-06T11:00:00,Karnataka,Bengaluru Urban,Bengaluru City PS,KA87702,"Principal City Civil & Sessions Court, Bengaluru",Abhishek Joshi,Chirag Kamath,,,
FIR,Non-Heinous,Report Beece (B-Report),Karnataka,Bengaluru Urban,"Principal City Civil & Sessions Court, Bengaluru",Police Station,Bengaluru City PS,KA87702,Deepak Kulkarni,Constable,Investigating Officer,1971-12-25,Male,A Positive,0,2005-03-09,182452673202400074,202400074,2024-02-28,"On 25-02-2024, a case of Cyber Crime was reported at Bengaluru City PS, Bengaluru Urban district.",2024-02-25T06:00:00,2024-02-25T12:00:00,2024-02-25T17:00:00,12.906,77.5979,"Incident occurred near coordinates 12.906, 77.5979 within jurisdiction of Bengaluru City PS.",Cyber Crime,Cyber Crime,ITA,"Information Technology Act, 2000",IT Act,66C,Identity theft using computer resource,1,1,,,,,,,,,,0,Chirag Kamath,,Female,A2,,,,,,,,,,,,
Zero FIR,Heinous,Report Beece (B-Report),Karnataka,Chikkamagaluru,Chikkamagaluru District & Sessions Court,Police Station,Chikkamagaluru PS,KA46036,Divya Kamath,Inspector,Station Writer,1993-09-06,Female,A Negative,0,2012-03-05,851314303202200075,202200075,2023-07-30,"On 25-07-2023, a case of Cyber Crime was reported at Chikkamagaluru PS, Chikkamagaluru district.",2023-07-25T11:00:00,2023-07-25T14:00:00,2023-07-25T13:00:00,13.312,75.8427,"Incident occurred near coordinates 13.312, 75.8427 within jurisdiction of Chikkamagaluru PS.",Cyber Crime,Cyber Crime,ITA,"Information Technology Act, 2000",IT Act,66C,Identity theft using computer resource,1,1,Sunil Naik,76,Private Employee,Hindu,General,Male,Isha Patil,20,Female,0,Sanjay Rao,,Male,A1,1.0,2023-08-06T17:00:00,Karnataka,Chikkamagaluru,Chikkamagaluru PS,KA46036,Chikkamagaluru District & Sessions Court,Sanjay Rao,"Hari Singh,Sunil Verma",,,
Zero FIR,Heinous,Report Beece (B-Report),Karnataka,Chikkamagaluru,Chikkamagaluru District & Sessions Court,Police Station,Chikkamagaluru PS,KA46036,Divya Kamath,Head Constable,Investigating Officer,1971-04-26,Female,B Positive,0,2005-09-28,851314303202200075,202200075,2023-07-30,"On 25-07-2023, a case of Cyber Crime was reported at Chikkamagaluru PS, Chikkamagaluru district.",2023-07-25T11:00:00,2023-07-25T14:00:00,2023-07-25T13:00:00,13.312,75.8427,"Incident occurred near coordinates 13.312, 75.8427 within jurisdiction of Chikkamagaluru PS.",Cyber Crime,Cyber Crime,ITA,"Information Technology Act, 2000",IT Act,66C,Identity theft using computer resource,1,1,,,,,,,,,,0,Hari Singh,54,Transgender,A2,,,,,,,,,,,,
Zero FIR,Non-Heinous,Report Beece (B-Report),Karnataka,Chikkamagaluru,Chikkamagaluru District & Sessions Court,Police Station,Chikkamagaluru PS,KA46036,Divya Kamath,Deputy Superintendent,Investigating Officer,1993-02-03,Male,A Positive,1,2001-09-15,851314303202200075,202200075,2023-07-30,"On 25-07-2023, a case of Cyber Crime was reported at Chikkamagaluru PS, Chikkamagaluru district.",2023-07-25T11:00:00,2023-07-25T14:00:00,2023-07-25T13:00:00,13.312,75.8427,"Incident occurred near coordinates 13.312, 75.8427 within jurisdiction of Chikkamagaluru PS.",Cyber Crime,Cyber Crime,ITA,"Information Technology Act, 2000",IT Act,66C,Identity theft using computer resource,1,1,,,,,,,,,,0,Sunil Verma,,Male,A3,,,,,,,,,,,,
UDR,Non-Heinous,Under Investigation,Karnataka,Hassan,Hassan District & Sessions Court,Police Station,Hassan Town PS,KA86426,Ananya Hegde,Sub-Inspector,Investigating Officer,1986-07-19,Female,O Negative,0,2016-01-07,260157293202300076,202300076,2022-12-28,"On 24-12-2022, a case of Dark Web Crime was reported at Hassan Town PS, Hassan district.",2022-12-24T23:00:00,2022-12-25T05:00:00,2022-12-25T20:00:00,13.0436,76.0709,"Incident occurred near coordinates 13.0436, 76.0709 within jurisdiction of Hassan Town PS.",Cyber Crime,Dark Web Crime,ITA,"Information Technology Act, 2000",IT Act,67,Publishing/transmitting obscene material electronically,1,1,Suresh Das,80,Private Employee,Hindu,General,Male,Sunil Kamath,61,Female,0,Deepak Verma,46,Transgender,A1,1.0,2023-01-04T08:00:00,Karnataka,Hassan,Hassan Town PS,KA86426,Hassan District & Sessions Court,Deepak Verma,Sunil Pai,,,
UDR,Heinous,Under Investigation,Karnataka,Hassan,Hassan District & Sessions Court,Police Station,Hassan Town PS,KA86426,Ananya Hegde,Deputy Superintendent,Investigating Officer,1998-11-25,Female,B Negative,0,2020-03-13,260157293202300076,202300076,2022-12-28,"On 24-12-2022, a case of Dark Web Crime was reported at Hassan Town PS, Hassan district.",2022-12-24T23:00:00,2022-12-25T05:00:00,2022-12-25T20:00:00,13.0436,76.0709,"Incident occurred near coordinates 13.0436, 76.0709 within jurisdiction of Hassan Town PS.",Cyber Crime,Dark Web Crime,ITA,"Information Technology Act, 2000",IT Act,67,Publishing/transmitting obscene material electronically,1,1,,,,,,,,,,0,Sunil Pai,,Male,A2,,,,,,,,,,,,
UDR,Non-Heinous,Report Beece (B-Report),Karnataka,Mandya,Mandya District & Sessions Court,Police Station,Mandya Town PS,KA31239,Siddharth Reddy,Inspector,SHO,1975-08-25,Male,O Negative,1,2005-09-12,223043614202500077,202500077,2024-08-29,"On 23-08-2024, a case of Cheating was reported at Mandya Town PS, Mandya district.",2024-08-23T16:00:00,2024-08-23T23:00:00,2024-08-24T10:00:00,12.5205,76.8542,"Incident occurred near coordinates 12.5205, 76.8542 within jurisdiction of Mandya Town PS.",Financial Crime,Cheating,IPC,Indian Penal Code,IPC,420,Cheating and dishonestly inducing delivery of property,1,1,Manish Bhat,39,Private Employee,Hindu,General,Transgender,Dev Shenoy,35,Transgender,0,Kiran Rao,,Transgender,A1,1.0,2024-09-05T04:00:00,Karnataka,Mandya,Mandya Town PS,KA31239,Mandya District & Sessions Court,Kiran Rao,,,,
PAR,Heinous,Report Beece (B-Report),Karnataka,Ballari,Ballari District & Sessions Court,Police Station,Ballari City PS,KA73909,Kiran Deshmukh,Inspector,Station Writer,1995-08-20,Female,O Negative,1,2002-10-15,313073627202200078,202200078,2025-05-02,"On 29-04-2025, a case of Cryptocurrency Crime was reported at Ballari City PS, Ballari district.",2025-04-29T15:00:00,2025-04-29T18:00:00,2025-04-30T12:00:00,15.1751,76.903,"Incident occurred near coordinates 15.1751, 76.903 within jurisdiction of Ballari City PS.",Cyber Crime,Cryptocurrency Crime,ITA,"Information Technology Act, 2000",IT Act,66D,Cheating by personation using a computer resource,1,1,Suresh Shenoy,50,Private Employee,Hindu,General,Male,Bhavya Deshmukh,38,Transgender,0,Bhavya Das,,Male,A1,1.0,2025-05-09T22:00:00,Karnataka,Ballari,Ballari City PS,KA73909,Ballari District & Sessions Court,Bhavya Das,,,,
FIR,Heinous,Chargesheet Filed,Karnataka,Kolar,Kolar District & Sessions Court,Police Station,Kolar Town PS,KA54014,Isha Bhat,Inspector,Investigating Officer,1983-09-13,Female,AB Negative,0,2001-08-20,135106509202300079,202300079,2023-04-23,"On 22-04-2023, a case of Murder was reported at Kolar Town PS, Kolar district.",2023-04-22T08:00:00,2023-04-22T15:00:00,2023-04-22T11:00:00,13.1056,78.1352,"Incident occurred near coordinates 13.1056, 78.1352 within jurisdiction of Kolar Town PS.",Crimes Against Body,Murder,IPC,Indian Penal Code,IPC,302,Punishment for murder,1,1,Sanjay Bhat,80,Private Employee,Hindu,General,Transgender,Chirag Deshmukh,70,Male,0,Suresh Bhat,71,Transgender,A1,1.0,2023-04-30T19:00:00,Karnataka,Kolar,Kolar Town PS,KA54014,Kolar District & Sessions Court,Suresh Bhat,,2023-06-18T19:00:00,C,KA54014
FIR,Non-Heinous,Undetected,Karnataka,Bengaluru Urban,"Principal City Civil & Sessions Court, Bengaluru",Police Station,Bengaluru City PS,KA10002,Sanjay Naik,Constable,Investigating Officer,1984-03-08,Male,A Negative,1,2020-02-07,144765977202600080,202600080,2023-05-06,"On 01-05-2023, a case of Cheating was reported at Bengaluru City PS, Bengaluru Urban district.",2023-05-01T01:00:00,2023-05-01T03:00:00,2023-05-01T10:00:00,12.9554,77.5801,"Incident occurred near coordinates 12.9554, 77.5801 within jurisdiction of Bengaluru City PS.",Financial Crime,Cheating,IPC,Indian Penal Code,IPC,420,Cheating and dishonestly inducing delivery of property,1,1,Nikhil Kulkarni,48,Private Employee,Hindu,General,Male,Sunil Deshmukh,16,Transgender,0,Bhavya Shetty,,Male,A1,,,,,,,,,,,,
PAR,Heinous,Chargesheet Filed,Karnataka,Chikkamagaluru,Chikkamagaluru District & Sessions Court,Police Station,Chikkamagaluru PS,KA69001,Sunil Rao,Inspector,Station Writer,1984-07-19,Male,B Negative,1,2002-05-10,334359718202200081,202200081,2022-04-02,"On 30-03-2022, a case of Cryptocurrency Crime was reported at Chikkamagaluru PS, Chikkamagaluru district.",2022-03-30T05:00:00,2022-03-30T06:00:00,2022-03-31T02:00:00,13.3067,75.7055,"Incident occurred near coordinates 13.3067, 75.7055 within jurisdiction of Chikkamagaluru PS.",Cyber Crime,Cryptocurrency Crime,ITA,"Information Technology Act, 2000",IT Act,66D,Cheating by personation using a computer resource,1,1,Ananya Kumar,58,Private Employee,Hindu,General,Male,Abhishek Gowda,29,Transgender,0,Suresh Nair,42,Transgender,A1,1.0,2022-04-09T07:00:00,Karnataka,Chikkamagaluru,Chikkamagaluru PS,KA69001,Chikkamagaluru District & Sessions Court,Suresh Nair,,2022-05-18T07:00:00,A,KA69001
FIR,Non-Heinous,Under Investigation,Karnataka,Mangaluru,Dakshina Kannada District & Sessions Court,Police Station,Mangaluru Town PS,KA98013,Meena Kumar,Head Constable,Circle Inspector,1970-02-25,Male,B Positive,0,2004-06-07,191658874202300082,202300082,2022-06-09,"On 04-06-2022, a case of Grievous Hurt was reported at Mangaluru Town PS, Mangaluru district.",2022-06-04T12:00:00,2022-06-04T14:00:00,2022-06-05T00:00:00,12.8844,74.7798,"Incident occurred near coordinates 12.8844, 74.7798 within jurisdiction of Mangaluru Town PS.",Crimes Against Body,Grievous Hurt,IPC,Indian Penal Code,IPC,325,Punishment for voluntarily causing grievous hurt,1,1,Aditi Sharma,37,Private Employee,Hindu,General,Male,Ananya Gowda,53,Male,0,Ananya Shetty,,Transgender,A1,1.0,2022-06-16T13:00:00,Karnataka,Mangaluru,Mangaluru Town PS,KA98013,Dakshina Kannada District & Sessions Court,Ananya Shetty,,,,
PAR,Heinous,Report Beece (B-Report),Karnataka,Udupi,Udupi District & Sessions Court,Police Station,Udupi Town PS,KA61049,Aditi Sharma,Head Constable,Investigating Officer,1988-06-26,Male,B Negative,1,2013-10-03,391391114202200083,202200083,2023-11-15,"On 14-11-2023, a case of Assault was reported at Udupi Town PS, Udupi district.",2023-11-14T06:00:00,2023-11-14T09:00:00,2023-11-15T06:00:00,13.3525,74.732,"Incident occurred near coordinates 13.3525, 74.732 within jurisdiction of Udupi Town PS.",Crimes Against Body,Assault,IPC,Indian Penal Code,IPC,351,Assault,1,1,Chirag Reddy,63,Private Employee,Hindu,General,Female,Divya Das,22,Male,0,Hari Shenoy,,Male,A1,1.0,2023-11-22T09:00:00,Karnataka,Udupi,Udupi Town PS,KA61049,Udupi District & Sessions Court,Hari Shenoy,,,,
Zero FIR,Non-Heinous,Undetected,Karnataka,Ramanagara,Ramanagara District & Sessions Court,Police Station,Ramanagara Town PS,KA20794,Vikram Rao,Head Constable,Station Writer,1985-11-13,Male,O Positive,0,2005-06-09,865547808202200084,202200084,2025-04-09,"On 05-04-2025, a case of Cryptocurrency Crime was reported at Ramanagara Town PS, Ramanagara district.",2025-04-05T22:00:00,2025-04-06T06:00:00,2025-04-06T20:00:00,12.7024,77.2535,"Incident occurred near coordinates 12.7024, 77.2535 within jurisdiction of Ramanagara Town PS.",Cyber Crime,Cryptocurrency Crime,ITA,"Information Technology Act, 2000",IT Act,66D,Cheating by personation using a computer resource,1,1,Meena Patil,45,Private Employee,Hindu,General,Male,Hari Pai,22,Transgender,0,Aditi Sharma,,Female,A1,,,,,,,,,,,,
PAR,Heinous,Undetected,Karnataka,Vijayapura,Vijayapura District & Sessions Court,Police Station,Vijayapura Town PS,KA11994,Siddharth Rao,Constable,Circle Inspector,1991-12-07,Female,AB Negative,0,2010-08-08,348251301202400085,202400085,2024-04-29,"On 28-04-2024, a case of Murder was reported at Vijayapura Town PS, Vijayapura district.",2024-04-28T02:00:00,2024-04-28T09:00:00,2024-04-28T14:00:00,16.8058,75.7631,"Incident occurred near coordinates 16.8058, 75.7631 within jurisdiction of Vijayapura Town PS.",Crimes Against Body,Murder,IPC,Indian Penal Code,IPC,302,Punishment for murder,1,1,Aarav Nair,23,Private Employee,Hindu,General,Male,Deepak Joshi,28,Transgender,0,Kiran Shenoy,,Male,A1,,,,,,,,,,,,
Zero FIR,Heinous,Chargesheet Filed,Karnataka,Bidar,Bidar District & Sessions Court,Police Station,Bidar Town PS,KA77944,Anil Gowda,Sub-Inspector,Circle Inspector,1983-01-11,Female,AB Negative,0,2012-12-12,848834902202500086,202500086,2025-03-15,"On 12-03-2025, a case of Burglary was reported at Bidar Town PS, Bidar district.",2025-03-12T02:00:00,2025-03-12T03:00:00,2025-03-13T02:00:00,17.8362,77.4716,"Incident occurred near coordinates 17.8362, 77.4716 within jurisdiction of Bidar Town PS.",Property Crimes,Burglary,IPC,Indian Penal Code,IPC,457,Lurking house-trespass or house-breaking by night,1,1,Bhavya Kumar,77,Private Employee,Hindu,General,Male,Sanjay Bhat,30,Male,0,Deepak Gowda,40,Female,A1,1.0,2025-03-22T14:00:00,Karnataka,Bidar,Bidar Town PS,KA77944,Bidar District & Sessions Court,Deepak Gowda,,2025-03-30T14:00:00,B,KA77944
PAR,Heinous,Undetected,Karnataka,Vijayapura,Vijayapura District & Sessions Court,Police Station,Vijayapura Town PS,KA42121,Deepak Verma,Constable,Investigating Officer,1975-09-22,Female,B Positive,0,2015-03-03,344022751202600087,202600087,2022-02-23,"On 18-02-2022, a case of Grievous Hurt was reported at Vijayapura Town PS, Vijayapura district.",2022-02-18T04:00:00,2022-02-18T05:00:00,2022-02-19T02:00:00,16.9024,75.6823,"Incident occurred near coordinates 16.9024, 75.6823 within jurisdiction of Vijayapura Town PS.",Crimes Against Body,Grievous Hurt,IPC,Indian Penal Code,IPC,325,Punishment for voluntarily causing grievous hurt,1,1,Siddharth Joshi,61,Private Employee,Hindu,General,Male,Dev Pai,13,Male,0,Nikhil Deshmukh,53,Male,A1,,,,,,,,,,,,
PAR,Heinous,Undetected,Karnataka,Vijayapura,Vijayapura District & Sessions Court,Police Station,Vijayapura Town PS,KA42121,Deepak Verma,Inspector,Investigating Officer,1987-08-26,Female,A Positive,0,2000-09-23,344022751202600087,202600087,2022-02-23,"On 18-02-2022, a case of Grievous Hurt was reported at Vijayapura Town PS, Vijayapura district.",2022-02-18T04:00:00,2022-02-18T05:00:00,2022-02-19T02:00:00,16.9024,75.6823,"Incident occurred near coordinates 16.9024, 75.6823 within jurisdiction of Vijayapura Town PS.",Crimes Against Body,Grievous Hurt,IPC,Indian Penal Code,IPC,325,Punishment for voluntarily causing grievous hurt,1,1,,,,,,,,,,0,Chirag Deshmukh,,Male,A2,,,,,,,,,,,,
UDR,Non-Heinous,Under Investigation,Karnataka,Ballari,Ballari District & Sessions Court,Police Station,Ballari City PS,KA75330,Vikram Joshi,Deputy Superintendent,Station Writer,1974-02-16,Male,O Positive,0,2000-12-26,247731489202200088,202200088,2022-04-12,"On 09-04-2022, a case of Dark Web Crime was reported at Ballari City PS, Ballari district.",2022-04-09T17:00:00,2022-04-09T21:00:00,2022-04-09T21:00:00,15.0781,76.8425,"Incident occurred near coordinates 15.0781, 76.8425 within jurisdiction of Ballari City PS.",Cyber Crime,Dark Web Crime,ITA,"Information Technology Act, 2000",IT Act,67,Publishing/transmitting obscene material electronically,1,1,Meena Sharma,68,Private Employee,Hindu,General,Male,Gautam Joshi,74,Female,0,Dev Patil,60,Female,A1,1.0,2022-04-19T02:00:00,Karnataka,Ballari,Ballari City PS,KA75330,Ballari District & Sessions Court,Dev Patil,,,,
Zero FIR,Non-Heinous,Under Investigation,Karnataka,Bagalkote,Bagalkote District & Sessions Court,Police Station,Bagalkote Town PS,KA67090,Rajesh Patil,Sub-Inspector,Investigating Officer,1975-02-24,Female,AB Positive,0,2016-10-13,818396653202200089,202200089,2024-10-03,"On 29-09-2024, a case of Grievous Hurt was reported at Bagalkote Town PS, Bagalkote district.",2024-09-29T13:00:00,2024-09-29T21:00:00,2024-09-30T09:00:00,16.1265,75.681,"Incident occurred near coordinates 16.1265, 75.681 within jurisdiction of Bagalkote Town PS.",Crimes Against Body,Grievous Hurt,IPC,Indian Penal Code,IPC,325,Punishment for voluntarily causing grievous hurt,1,1,Pooja Sharma,23,Private Employee,Hindu,General,Male,Priya Naik,45,Female,0,Priya Bhat,44,Transgender,A1,1.0,2024-10-10T15:00:00,Karnataka,Bagalkote,Bagalkote Town PS,KA67090,Bagalkote District & Sessions Court,Priya Bhat,,,,
PAR,Non-Heinous,Under Investigation,Karnataka,Bengaluru Rural,Bengaluru Rural District & Sessions Court,Police Station,Bengaluru Rural PS,KA24836,Aditi Reddy,Deputy Superintendent,SHO,1987-08-07,Male,AB Negative,0,2012-04-28,325273541202300090,202300090,2023-01-16,"On 12-01-2023, a case of Robbery was reported at Bengaluru Rural PS, Bengaluru Rural district.",2023-01-12T15:00:00,2023-01-12T17:00:00,2023-01-13T15:00:00,13.2489,77.6247,"Incident occurred near coordinates 13.2489, 77.6247 within jurisdiction of Bengaluru Rural PS.",Property Crimes,Robbery,IPC,Indian Penal Code,IPC,392,Punishment for robbery,1,1,Gautam Singh,35,Private Employee,Hindu,General,Female,Dev Singh,33,Female,0,Rajesh Pai,,Male,A1,1.0,2023-01-23T22:00:00,Karnataka,Bengaluru Rural,Bengaluru Rural PS,KA24836,Bengaluru Rural District & Sessions Court,Rajesh Pai,,,,
FIR,Heinous,Report Beece (B-Report),Karnataka,Hassan,Hassan District & Sessions Court,Police Station,Hassan Town PS,KA39609,Rajesh Kamath,Inspector,Station Writer,1978-08-27,Male,AB Negative,0,2000-07-08,148543548202300091,202300091,2022-02-22,"On 19-02-2022, a case of Drug Offence was reported at Hassan Town PS, Hassan district.",2022-02-19T20:00:00,2022-02-19T23:00:00,2022-02-20T07:00:00,13.0452,76.1562,"Incident occurred near coordinates 13.0452, 76.1562 within jurisdiction of Hassan Town PS.",Narcotics,Drug Offence,NDPS,"Narcotic Drugs and Psychotropic Substances Act, 1985",NDPS,20,Punishment for cannabis-related offences,1,1,Deepak Hegde,23,Private Employee,Hindu,General,Female,Tanvi Gowda,54,Male,0,Siddharth Sharma,73,Transgender,A1,1.0,2022-03-01T05:00:00,Karnataka,Hassan,Hassan Town PS,KA39609,Hassan District & Sessions Court,Siddharth Sharma,Deepak Shetty,,,
FIR,Non-Heinous,Report Beece (B-Report),Karnataka,Hassan,Hassan District & Sessions Court,Police Station,Hassan Town PS,KA39609,Rajesh Kamath,Sub-Inspector,Circle Inspector,1986-01-09,Female,B Positive,0,2013-12-14,148543548202300091,202300091,2022-02-22,"On 19-02-2022, a case of Drug Offence was reported at Hassan Town PS, Hassan district.",2022-02-19T20:00:00,2022-02-19T23:00:00,2022-02-20T07:00:00,13.0452,76.1562,"Incident occurred near coordinates 13.0452, 76.1562 within jurisdiction of Hassan Town PS.",Narcotics,Drug Offence,NDPS,"Narcotic Drugs and Psychotropic Substances Act, 1985",NDPS,20,Punishment for cannabis-related offences,1,1,,,,,,,,,,0,Deepak Shetty,,Female,A2,,,,,,,,,,,,
UDR,Non-Heinous,Chargesheet Filed,Karnataka,Kalaburagi,Kalaburagi District & Sessions Court,Police Station,Kalaburagi City PS,KA37136,Rahul Rao,Sub-Inspector,Station Writer,1980-08-01,Male,A Positive,0,2005-10-25,254068195202400092,202400092,2024-06-23,"On 20-06-2024, a case of Burglary was reported at Kalaburagi City PS, Kalaburagi district.",2024-06-20T07:00:00,2024-06-20T15:00:00,2024-06-21T05:00:00,17.3419,76.8465,"Incident occurred near coordinates 17.3419, 76.8465 within jurisdiction of Kalaburagi City PS.",Property Crimes,Burglary,IPC,Indian Penal Code,IPC,457,Lurking house-trespass or house-breaking by night,1,1,Deepak Rao,23,Private Employee,Hindu,General,Transgender,Farhan Bhat,70,Female,0,Priya Deshmukh,,Male,A1,1.0,2024-06-30T08:00:00,Karnataka,Kalaburagi,Kalaburagi City PS,KA37136,Kalaburagi District & Sessions Court,Priya Deshmukh,Sanjay Shetty,2024-08-20T08:00:00,C,KA37136
UDR,Non-Heinous,Chargesheet Filed,Karnataka,Kalaburagi,Kalaburagi District & Sessions Court,Police Station,Kalaburagi City PS,KA37136,Rahul Rao,Deputy Superintendent,Circle Inspector,1985-02-25,Female,O Negative,0,2016-08-02,254068195202400092,202400092,2024-06-23,"On 20-06-2024, a case of Burglary was reported at Kalaburagi City PS, Kalaburagi district.",2024-06-20T07:00:00,2024-06-20T15:00:00,2024-06-21T05:00:00,17.3419,76.8465,"Incident occurred near coordinates 17.3419, 76.8465 within jurisdiction of Kalaburagi City PS.",Property Crimes,Burglary,IPC,Indian Penal Code,IPC,457,Lurking house-trespass or house-breaking by night,1,1,,,,,,,,,,0,Sanjay Shetty,75,Female,A2,,,,,,,,,,,,
UDR,Heinous,Report Beece (B-Report),Karnataka,Bengaluru Rural,Bengaluru Rural District & Sessions Court,Police Station,Bengaluru Rural PS,KA92984,Kavya Patil,Head Constable,SHO,1980-02-01,Female,O Positive,0,2002-06-21,279914197202200093,202200093,2022-07-26,"On 25-07-2022, a case of Assault was reported at Bengaluru Rural PS, Bengaluru Rural district.",2022-07-25T09:00:00,2022-07-25T17:00:00,2022-07-26T09:00:00,13.3216,77.5724,"Incident occurred near coordinates 13.3216, 77.5724 within jurisdiction of Bengaluru Rural PS.",Crimes Against Body,Assault,IPC,Indian Penal Code,IPC,351,Assault,1,1,Tanvi Deshmukh,53,Private Employee,Hindu,General,Transgender,Tanvi Sharma,66,Transgender,0,Sanjay Kulkarni,49,Female,A1,1.0,2022-08-02T18:00:00,Karnataka,Bengaluru Rural,Bengaluru Rural PS,KA92984,Bengaluru Rural District & Sessions Court,Sanjay Kulkarni,,,,
UDR,Heinous,Chargesheet Filed,Karnataka,Udupi,Udupi District & Sessions Court,Police Station,Udupi Town PS,KA66726,Farhan Pai,Head Constable,SHO,1991-11-27,Female,B Positive,0,2003-12-17,225959853202600094,202600094,2023-08-27,"On 26-08-2023, a case of Robbery was reported at Udupi Town PS, Udupi district.",2023-08-26T01:00:00,2023-08-26T02:00:00,2023-08-26T14:00:00,13.2876,74.7535,"Incident occurred near coordinates 13.2876, 74.7535 within jurisdiction of Udupi Town PS.",Property Crimes,Robbery,IPC,Indian Penal Code,IPC,392,Punishment for robbery,1,1,Farhan Kulkarni,22,Private Employee,Hindu,General,Transgender,Nikhil Kamath,6,Male,0,Dev Kamath,32,Male,A1,1.0,2023-09-03T05:00:00,Karnataka,Udupi,Udupi Town PS,KA66726,Udupi District & Sessions Court,Dev Kamath,,2023-10-12T05:00:00,C,KA66726
UDR,Non-Heinous,Under Investigation,Karnataka,Bengaluru Rural,Bengaluru Rural District & Sessions Court,Police Station,Bengaluru Rural PS,KA17021,Deepak Sharma,Head Constable,Investigating Officer,1998-04-06,Female,B Positive,0,2010-05-16,289621952202200095,202200095,2024-05-08,"On 06-05-2024, a case of Cyber Crime was reported at Bengaluru Rural PS, Bengaluru Rural district.",2024-05-06T18:00:00,2024-05-06T20:00:00,2024-05-07T11:00:00,13.3308,77.5957,"Incident occurred near coordinates 13.3308, 77.5957 within jurisdiction of Bengaluru Rural PS.",Cyber Crime,Cyber Crime,ITA,"Information Technology Act, 2000",IT Act,66C,Identity theft using computer resource,1,1,Isha Kamath,24,Private Employee,Hindu,General,Transgender,Nikhil Reddy,11,Female,0,Priya Kumar,,Transgender,A1,1.0,2024-05-15T03:00:00,Karnataka,Bengaluru Rural,Bengaluru Rural PS,KA17021,Bengaluru Rural District & Sessions Court,Priya Kumar,Suresh Shenoy,,,
UDR,Non-Heinous,Under Investigation,Karnataka,Bengaluru Rural,Bengaluru Rural District & Sessions Court,Police Station,Bengaluru Rural PS,KA17021,Deepak Sharma,Head Constable,Investigating Officer,1974-01-09,Male,A Positive,1,2010-02-18,289621952202200095,202200095,2024-05-08,"On 06-05-2024, a case of Cyber Crime was reported at Bengaluru Rural PS, Bengaluru Rural district.",2024-05-06T18:00:00,2024-05-06T20:00:00,2024-05-07T11:00:00,13.3308,77.5957,"Incident occurred near coordinates 13.3308, 77.5957 within jurisdiction of Bengaluru Rural PS.",Cyber Crime,Cyber Crime,ITA,"Information Technology Act, 2000",IT Act,66C,Identity theft using computer resource,1,1,,,,,,,,,,0,Suresh Shenoy,,Male,A2,,,,,,,,,,,,
UDR,Non-Heinous,Undetected,Karnataka,Hubballi-Dharwad,Dharwad District & Sessions Court,Police Station,Dharwad Town PS,KA33688,Meena Pai,Constable,Investigating Officer,1991-11-06,Female,O Negative,0,2005-03-08,295435754202200096,202200096,2022-10-26,"On 21-10-2022, a case of Cryptocurrency Crime was reported at Dharwad Town PS, Hubballi-Dharwad district.",2022-10-21T02:00:00,2022-10-21T10:00:00,2022-10-21T13:00:00,15.4077,75.1861,"Incident occurred near coordinates 15.4077, 75.1861 within jurisdiction of Dharwad Town PS.",Cyber Crime,Cryptocurrency Crime,ITA,"Information Technology Act, 2000",IT Act,66D,Cheating by personation using a computer resource,1,1,Aarav Shetty,37,Private Employee,Hindu,General,Male,Rajesh Pai,48,Female,0,Nikhil Verma,,Transgender,A1,,,,,,,,,,,,
FIR,Heinous,Under Investigation,Karnataka,Udupi,Udupi District & Sessions Court,Police Station,Udupi Town PS,KA72169,Deepak Verma,Deputy Superintendent,Investigating Officer,1992-04-23,Female,O Positive,0,2012-04-21,192077494202600097,202600097,2023-08-30,"On 26-08-2023, a case of Cryptocurrency Crime was reported at Udupi Town PS, Udupi district.",2023-08-26T15:00:00,2023-08-26T23:00:00,2023-08-27T03:00:00,13.342,74.7983,"Incident occurred near coordinates 13.342, 74.7983 within jurisdiction of Udupi Town PS.",Cyber Crime,Cryptocurrency Crime,ITA,"Information Technology Act, 2000",IT Act,66D,Cheating by personation using a computer resource,1,1,Sunil Pai,46,Private Employee,Hindu,General,Female,Manish Naik,67,Female,0,Aarav Reddy,31,Transgender,A1,1.0,2023-09-06T17:00:00,Karnataka,Udupi,Udupi Town PS,KA72169,Udupi District & Sessions Court,Aarav Reddy,,,,
UDR,Heinous,Chargesheet Filed,Karnataka,Belagavi,Belagavi District & Sessions Court,Police Station,Belagavi City PS,KA37370,Isha Pai,Sub-Inspector,SHO,1984-07-28,Female,O Negative,0,2015-01-11,229937211202400098,202400098,2025-08-26,"On 21-08-2025, a case of Grievous Hurt was reported at Belagavi City PS, Belagavi district.",2025-08-21T20:00:00,2025-08-22T01:00:00,2025-08-22T14:00:00,15.9258,74.5713,"Incident occurred near coordinates 15.9258, 74.5713 within jurisdiction of Belagavi City PS.",Crimes Against Body,Grievous Hurt,IPC,Indian Penal Code,IPC,325,Punishment for voluntarily causing grievous hurt,1,1,Manish Kamath,29,Private Employee,Hindu,General,Male,Aarav Das,42,Male,0,Esha Gowda,75,Transgender,A1,1.0,2025-09-02T05:00:00,Karnataka,Belagavi,Belagavi City PS,KA37370,Belagavi District & Sessions Court,Esha Gowda,"Dev Shetty,Pooja Singh",2025-09-30T05:00:00,B,KA37370
UDR,Heinous,Chargesheet Filed,Karnataka,Belagavi,Belagavi District & Sessions Court,Police Station,Belagavi City PS,KA37370,Isha Pai,Constable,SHO,1978-09-28,Male,B Negative,0,2017-01-25,229937211202400098,202400098,2025-08-26,"On 21-08-2025, a case of Grievous Hurt was reported at Belagavi City PS, Belagavi district.",2025-08-21T20:00:00,2025-08-22T01:00:00,2025-08-22T14:00:00,15.9258,74.5713,"Incident occurred near coordinates 15.9258, 74.5713 within jurisdiction of Belagavi City PS.",Crimes Against Body,Grievous Hurt,IPC,Indian Penal Code,IPC,325,Punishment for voluntarily causing grievous hurt,1,1,,,,,,,,,,0,Dev Shetty,74,Transgender,A2,,,,,,,,,,,,
UDR,Heinous,Chargesheet Filed,Karnataka,Belagavi,Belagavi District & Sessions Court,Police Station,Belagavi City PS,KA37370,Isha Pai,Head Constable,Circle Inspector,1978-12-26,Female,A Negative,0,2017-01-18,229937211202400098,202400098,2025-08-26,"On 21-08-2025, a case of Grievous Hurt was reported at Belagavi City PS, Belagavi district.",2025-08-21T20:00:00,2025-08-22T01:00:00,2025-08-22T14:00:00,15.9258,74.5713,"Incident occurred near coordinates 15.9258, 74.5713 within jurisdiction of Belagavi City PS.",Crimes Against Body,Grievous Hurt,IPC,Indian Penal Code,IPC,325,Punishment for voluntarily causing grievous hurt,1,1,,,,,,,,,,0,Pooja Singh,35,Male,A3,,,,,,,,,,,,
Zero FIR,Heinous,Undetected,Karnataka,Bagalkote,Bagalkote District & Sessions Court,Police Station,Bagalkote Town PS,KA68669,Anil Verma,Constable,Circle Inspector,1990-07-15,Female,AB Positive,0,2010-01-13,892827888202500099,202500099,2025-05-17,"On 15-05-2025, a case of Assault was reported at Bagalkote Town PS, Bagalkote district.",2025-05-15T11:00:00,2025-05-15T17:00:00,2025-05-16T00:00:00,16.1666,75.7199,"Incident occurred near coordinates 16.1666, 75.7199 within jurisdiction of Bagalkote Town PS.",Crimes Against Body,Assault,IPC,Indian Penal Code,IPC,351,Assault,1,1,Chirag Kumar,58,Private Employee,Hindu,General,Transgender,Kiran Joshi,47,Male,0,Kavya Nair,,Transgender,A1,,,,,,,,,,,,
UDR,Heinous,Chargesheet Filed,Karnataka,Tumakuru,Tumakuru District & Sessions Court,Police Station,Tumakuru Town PS,KA30129,Suresh Gowda,Constable,SHO,1977-03-04,Male,O Positive,0,2004-04-01,285803035202200100,202200100,2023-10-28,"On 27-10-2023, a case of Cheating was reported at Tumakuru Town PS, Tumakuru district.",2023-10-27T09:00:00,2023-10-27T16:00:00,2023-10-27T16:00:00,13.2836,77.1754,"Incident occurred near coordinates 13.2836, 77.1754 within jurisdiction of Tumakuru Town PS.",Financial Crime,Cheating,IPC,Indian Penal Code,IPC,420,Cheating and dishonestly inducing delivery of property,1,1,Rajesh Verma,69,Private Employee,Hindu,General,Female,Isha Sharma,11,Male,0,Aarav Rao,,Male,A1,1.0,2023-11-04T16:00:00,Karnataka,Tumakuru,Tumakuru Town PS,KA30129,Tumakuru District & Sessions Court,Aarav Rao,,2023-12-01T16:00:00,C,KA30129
FIR,Non-Heinous,Undetected,Karnataka,Bagalkote,Bagalkote District & Sessions Court,Police Station,Bagalkote Town PS,KA61085,Kiran Reddy,Constable,SHO,1997-01-20,Male,AB Negative,0,2009-08-12,161842690202600101,202600101,2023-02-15,"On 11-02-2023, a case of Drug Offence was reported at Bagalkote Town PS, Bagalkote district.",2023-02-11T05:00:00,2023-02-11T09:00:00,2023-02-11T17:00:00,16.1979,75.6549,"Incident occurred near coordinates 16.1979, 75.6549 within jurisdiction of Bagalkote Town PS.",Narcotics,Drug Offence,NDPS,"Narcotic Drugs and Psychotropic Substances Act, 1985",NDPS,20,Punishment for cannabis-related offences,1,1,Farhan Nair,77,Private Employee,Hindu,General,Transgender,Abhishek Pai,30,Female,0,Pooja Kulkarni,56,Transgender,A1,,,,,,,,,,,,
FIR,Non-Heinous,Undetected,Karnataka,Bagalkote,Bagalkote District & Sessions Court,Police Station,Bagalkote Town PS,KA61085,Kiran Reddy,Sub-Inspector,Circle Inspector,1992-02-18,Male,A Negative,0,2000-09-09,161842690202600101,202600101,2023-02-15,"On 11-02-2023, a case of Drug Offence was reported at Bagalkote Town PS, Bagalkote district.",2023-02-11T05:00:00,2023-02-11T09:00:00,2023-02-11T17:00:00,16.1979,75.6549,"Incident occurred near coordinates 16.1979, 75.6549 within jurisdiction of Bagalkote Town PS.",Narcotics,Drug Offence,NDPS,"Narcotic Drugs and Psychotropic Substances Act, 1985",NDPS,20,Punishment for cannabis-related offences,1,1,,,,,,,,,,0,Sanjay Kumar,70,Transgender,A2,,,,,,,,,,,,
FIR,Non-Heinous,Undetected,Karnataka,Bagalkote,Bagalkote District & Sessions Court,Police Station,Bagalkote Town PS,KA61085,Kiran Reddy,Constable,Circle Inspector,1998-11-09,Male,O Positive,0,2010-11-20,161842690202600101,202600101,2023-02-15,"On 11-02-2023, a case of Drug Offence was reported at Bagalkote Town PS, Bagalkote district.",2023-02-11T05:00:00,2023-02-11T09:00:00,2023-02-11T17:00:00,16.1979,75.6549,"Incident occurred near coordinates 16.1979, 75.6549 within jurisdiction of Bagalkote Town PS.",Narcotics,Drug Offence,NDPS,"Narcotic Drugs and Psychotropic Substances Act, 1985",NDPS,20,Punishment for cannabis-related offences,1,1,,,,,,,,,,0,Dev Hegde,59,Transgender,A3,,,,,,,,,,,,
FIR,Heinous,Under Investigation,Karnataka,Kalaburagi,Kalaburagi District & Sessions Court,Police Station,Kalaburagi City PS,KA22306,Kavya Sharma,Constable,Circle Inspector,1987-12-19,Female,A Positive,0,2009-09-07,167288297202300102,202300102,2022-01-27,"On 26-01-2022, a case of Cryptocurrency Crime was reported at Kalaburagi City PS, Kalaburagi district.",2022-01-26T07:00:00,2022-01-26T14:00:00,2022-01-27T00:00:00,17.3525,76.9032,"Incident occurred near coordinates 17.3525, 76.9032 within jurisdiction of Kalaburagi City PS.",Cyber Crime,Cryptocurrency Crime,ITA,"Information Technology Act, 2000",IT Act,66D,Cheating by personation using a computer resource,1,1,Kavya Reddy,37,Private Employee,Hindu,General,Male,Priya Bhat,52,Female,0,Aarav Gowda,54,Female,A1,1.0,2022-02-03T11:00:00,Karnataka,Kalaburagi,Kalaburagi City PS,KA22306,Kalaburagi District & Sessions Court,Aarav Gowda,,,,
FIR,Non-Heinous,Under Investigation,Karnataka,Ballari,Ballari District & Sessions Court,Police Station,Ballari City PS,KA19065,Sanjay Sharma,Sub-Inspector,Station Writer,1982-08-26,Female,B Positive,0,2011-04-26,143212424202300103,202300103,2022-07-24,"On 22-07-2022, a case of Cheating was reported at Ballari City PS, Ballari district.",2022-07-22T10:00:00,2022-07-22T16:00:00,2022-07-22T13:00:00,15.1027,76.8809,"Incident occurred near coordinates 15.1027, 76.8809 within jurisdiction of Ballari City PS.",Financial Crime,Cheating,IPC,Indian Penal Code,IPC,420,Cheating and dishonestly inducing delivery of property,1,1,Sanjay Verma,50,Private Employee,Hindu,General,Transgender,Deepak Shenoy,71,Female,0,Ananya Kulkarni,,Male,A1,1.0,2022-07-31T14:00:00,Karnataka,Ballari,Ballari City PS,KA19065,Ballari District & Sessions Court,Ananya Kulkarni,Hari Joshi,,,
FIR,Non-Heinous,Under Investigation,Karnataka,Ballari,Ballari District & Sessions Court,Police Station,Ballari City PS,KA19065,Sanjay Sharma,Sub-Inspector,Circle Inspector,1995-07-07,Male,A Negative,1,2017-09-09,143212424202300103,202300103,2022-07-24,"On 22-07-2022, a case of Cheating was reported at Ballari City PS, Ballari district.",2022-07-22T10:00:00,2022-07-22T16:00:00,2022-07-22T13:00:00,15.1027,76.8809,"Incident occurred near coordinates 15.1027, 76.8809 within jurisdiction of Ballari City PS.",Financial Crime,Cheating,IPC,Indian Penal Code,IPC,420,Cheating and dishonestly inducing delivery of property,1,1,,,,,,,,,,0,Hari Joshi,35,Male,A2,,,,,,,,,,,,
UDR,Non-Heinous,Report Beece (B-Report),Karnataka,Kalaburagi,Kalaburagi District & Sessions Court,Police Station,Kalaburagi City PS,KA63582,Bhavya Rao,Constable,Investigating Officer,1987-05-16,Female,B Negative,1,2012-07-01,215423583202200104,202200104,2024-08-06,"On 01-08-2024, a case of Drug Offence was reported at Kalaburagi City PS, Kalaburagi district.",2024-08-01T08:00:00,2024-08-01T15:00:00,2024-08-01T23:00:00,17.3615,76.839,"Incident occurred near coordinates 17.3615, 76.839 within jurisdiction of Kalaburagi City PS.",Narcotics,Drug Offence,NDPS,"Narcotic Drugs and Psychotropic Substances Act, 1985",NDPS,20,Punishment for cannabis-related offences,1,1,Siddharth Reddy,66,Private Employee,Hindu,General,Transgender,Rahul Hegde,69,Male,0,Chirag Rao,,Female,A1,1.0,2024-08-13T16:00:00,Karnataka,Kalaburagi,Kalaburagi City PS,KA63582,Kalaburagi District & Sessions Court,Chirag Rao,,,,
Zero FIR,Non-Heinous,Chargesheet Filed,Karnataka,Hubballi-Dharwad,Dharwad District & Sessions Court,Police Station,Dharwad Town PS,KA51327,Meena Shenoy,Head Constable,Investigating Officer,1975-07-06,Female,AB Negative,0,2003-06-26,892078161202400105,202400105,2023-07-19,"On 16-07-2023, a case of Theft was reported at Dharwad Town PS, Hubballi-Dharwad district.",2023-07-16T20:00:00,2023-07-17T03:00:00,2023-07-17T00:00:00,15.3981,75.106,"Incident occurred near coordinates 15.3981, 75.106 within jurisdiction of Dharwad Town PS.",Property Crimes,Theft,IPC,Indian Penal Code,IPC,379,Punishment for theft,1,1,Isha Shenoy,52,Private Employee,Hindu,General,Male,Divya Bhat,21,Transgender,0,Rajesh Shetty,,Transgender,A1,1.0,2023-07-26T21:00:00,Karnataka,Hubballi-Dharwad,Dharwad Town PS,KA51327,Dharwad District & Sessions Court,Rajesh Shetty,,2023-08-13T21:00:00,A,KA51327
PAR,Heinous,Chargesheet Filed,Karnataka,Mandya,Mandya District & Sessions Court,Police Station,Mandya Town PS,KA81394,Kiran Reddy,Constable,SHO,1996-08-03,Male,AB Negative,0,2007-10-19,313933805202500106,202500106,2023-04-27,"On 24-04-2023, a case of Cyber Crime was reported at Mandya Town PS, Mandya district.",2023-04-24T14:00:00,2023-04-24T15:00:00,2023-04-25T04:00:00,12.4993,76.9688,"Incident occurred near coordinates 12.4993, 76.9688 within jurisdiction of Mandya Town PS.",Cyber Crime,Cyber Crime,ITA,"Information Technology Act, 2000",IT Act,66C,Identity theft using computer resource,1,1,Isha Shetty,74,Private Employee,Hindu,General,Female,Rahul Joshi,48,Transgender,0,Deepak Shenoy,52,Male,A1,1.0,2023-05-04T23:00:00,Karnataka,Mandya,Mandya Town PS,KA81394,Mandya District & Sessions Court,Deepak Shenoy,,2023-06-02T23:00:00,C,KA81394
UDR,Heinous,Chargesheet Filed,Karnataka,Shivamogga,Shivamogga District & Sessions Court,Police Station,Shivamogga Town PS,KA79758,Deepak Verma,Sub-Inspector,SHO,1972-05-06,Male,O Positive,0,2011-05-18,288984636202200107,202200107,2023-10-10,"On 04-10-2023, a case of Money Laundering was reported at Shivamogga Town PS, Shivamogga district.",2023-10-04T18:00:00,2023-10-04T23:00:00,2023-10-05T08:00:00,13.8561,75.6052,"Incident occurred near coordinates 13.8561, 75.6052 within jurisdiction of Shivamogga Town PS.",Financial Crime,Money Laundering,PMLA,"Prevention of Money Laundering Act, 2002",PMLA,3,Offence of money laundering,1,1,Kiran Pai,60,Private Employee,Hindu,General,Male,Suresh Sharma,7,Female,0,Abhishek Reddy,,Male,A1,1.0,2023-10-17T01:00:00,Karnataka,Shivamogga,Shivamogga Town PS,KA79758,Shivamogga District & Sessions Court,Abhishek Reddy,,2023-11-23T01:00:00,A,KA79758
FIR,Non-Heinous,Undetected,Karnataka,Kalaburagi,Kalaburagi District & Sessions Court,Police Station,Kalaburagi City PS,KA21372,Ananya Reddy,Sub-Inspector,Investigating Officer,1994-05-02,Female,O Positive,0,2007-09-07,173421582202600108,202600108,2025-08-13,"On 08-08-2025, a case of Dark Web Crime was reported at Kalaburagi City PS, Kalaburagi district.",2025-08-08T08:00:00,2025-08-08T14:00:00,2025-08-08T20:00:00,17.2856,76.7765,"Incident occurred near coordinates 17.2856, 76.7765 within jurisdiction of Kalaburagi City PS.",Cyber Crime,Dark Web Crime,ITA,"Information Technology Act, 2000",IT Act,67,Publishing/transmitting obscene material electronically,1,1,Divya Deshmukh,71,Private Employee,Hindu,General,Female,Gautam Patil,33,Transgender,0,Pooja Naik,,Transgender,A1,,,,,,,,,,,,
FIR,Non-Heinous,Undetected,Karnataka,Bagalkote,Bagalkote District & Sessions Court,Police Station,Bagalkote Town PS,KA70457,Rajesh Shetty,Sub-Inspector,SHO,1981-09-26,Female,O Positive,0,2017-10-16,189384744202200109,202200109,2025-07-02,"On 29-06-2025, a case of Cyber Crime was reported at Bagalkote Town PS, Bagalkote district.",2025-06-29T16:00:00,2025-06-29T17:00:00,2025-06-29T20:00:00,16.1984,75.649,"Incident occurred near coordinates 16.1984, 75.649 within jurisdiction of Bagalkote Town PS.",Cyber Crime,Cyber Crime,ITA,"Information Technology Act, 2000",IT Act,66C,Identity theft using computer resource,1,1,Divya Pai,33,Private Employee,Hindu,General,Female,Kavya Pai,42,Transgender,0,Nikhil Shenoy,71,Male,A1,,,,,,,,,,,,
FIR,Heinous,Undetected,Karnataka,Bagalkote,Bagalkote District & Sessions Court,Police Station,Bagalkote Town PS,KA70457,Rajesh Shetty,Head Constable,Station Writer,1975-08-02,Female,O Negative,0,2003-06-10,189384744202200109,202200109,2025-07-02,"On 29-06-2025, a case of Cyber Crime was reported at Bagalkote Town PS, Bagalkote district.",2025-06-29T16:00:00,2025-06-29T17:00:00,2025-06-29T20:00:00,16.1984,75.649,"Incident occurred near coordinates 16.1984, 75.649 within jurisdiction of Bagalkote Town PS.",Cyber Crime,Cyber Crime,ITA,"Information Technology Act, 2000",IT Act,66C,Identity theft using computer resource,1,1,,,,,,,,,,0,Esha Sharma,,Female,A2,,,,,,,,,,,,
FIR,Non-Heinous,Undetected,Karnataka,Bagalkote,Bagalkote District & Sessions Court,Police Station,Bagalkote Town PS,KA70457,Rajesh Shetty,Head Constable,Circle Inspector,1988-04-04,Male,O Positive,0,2010-05-05,189384744202200109,202200109,2025-07-02,"On 29-06-2025, a case of Cyber Crime was reported at Bagalkote Town PS, Bagalkote district.",2025-06-29T16:00:00,2025-06-29T17:00:00,2025-06-29T20:00:00,16.1984,75.649,"Incident occurred near coordinates 16.1984, 75.649 within jurisdiction of Bagalkote Town PS.",Cyber Crime,Cyber Crime,ITA,"Information Technology Act, 2000",IT Act,66C,Identity theft using computer resource,1,1,,,,,,,,,,0,Manish Rao,65,Male,A3,,,,,,,,,,,,
Zero FIR,Heinous,Undetected,Karnataka,Mangaluru,Dakshina Kannada District & Sessions Court,Police Station,Mangaluru Town PS,KA44010,Rahul Nair,Constable,Circle Inspector,1992-11-10,Male,A Positive,0,2020-03-17,871099252202400110,202400110,2024-01-17,"On 12-01-2024, a case of Murder was reported at Mangaluru Town PS, Mangaluru district.",2024-01-12T02:00:00,2024-01-12T06:00:00,2024-01-12T12:00:00,12.9206,74.8225,"Incident occurred near coordinates 12.9206, 74.8225 within jurisdiction of Mangaluru Town PS.",Crimes Against Body,Murder,IPC,Indian Penal Code,IPC,302,Punishment for murder,1,1,Deepak Nair,62,Private Employee,Hindu,General,Male,Rahul Gowda,33,Female,0,Pooja Hegde,48,Transgender,A1,,,,,,,,,,,,
UDR,Non-Heinous,Under Investigation,Karnataka,Davangere,Davangere District & Sessions Court,Police Station,Davangere Extension PS,KA57345,Aarav Singh,Deputy Superintendent,Investigating Officer,1985-04-18,Male,AB Positive,0,2019-06-09,217413907202200111,202200111,2022-05-01,"On 26-04-2022, a case of Cheating was reported at Davangere Extension PS, Davangere district.",2022-04-26T06:00:00,2022-04-26T10:00:00,2022-04-26T12:00:00,14.4392,75.9491,"Incident occurred near coordinates 14.4392, 75.9491 within jurisdiction of Davangere Extension PS.",Financial Crime,Cheating,IPC,Indian Penal Code,IPC,420,Cheating and dishonestly inducing delivery of property,1,1,Manish Shenoy,32,Private Employee,Hindu,General,Female,Kavya Nair,73,Male,0,Vikram Das,,Female,A1,1.0,2022-05-08T12:00:00,Karnataka,Davangere,Davangere Extension PS,KA57345,Davangere District & Sessions Court,Vikram Das,Aarav Kumar,,,
UDR,Heinous,Under Investigation,Karnataka,Davangere,Davangere District & Sessions Court,Police Station,Davangere Extension PS,KA57345,Aarav Singh,Head Constable,Circle Inspector,1998-05-18,Male,AB Negative,0,2004-08-23,217413907202200111,202200111,2022-05-01,"On 26-04-2022, a case of Cheating was reported at Davangere Extension PS, Davangere district.",2022-04-26T06:00:00,2022-04-26T10:00:00,2022-04-26T12:00:00,14.4392,75.9491,"Incident occurred near coordinates 14.4392, 75.9491 within jurisdiction of Davangere Extension PS.",Financial Crime,Cheating,IPC,Indian Penal Code,IPC,420,Cheating and dishonestly inducing delivery of property,1,1,,,,,,,,,,0,Aarav Kumar,,Male,A2,,,,,,,,,,,,
PAR,Heinous,Report Beece (B-Report),Karnataka,Vijayapura,Vijayapura District & Sessions Court,Police Station,Vijayapura Town PS,KA46644,Kavya Kamath,Head Constable,Station Writer,1974-06-28,Female,B Negative,0,2004-11-02,390109245202600112,202600112,2022-11-01,"On 28-10-2022, a case of Money Laundering was reported at Vijayapura Town PS, Vijayapura district.",2022-10-28T08:00:00,2022-10-28T09:00:00,2022-10-29T03:00:00,16.7534,75.7731,"Incident occurred near coordinates 16.7534, 75.7731 within jurisdiction of Vijayapura Town PS.",Financial Crime,Money Laundering,PMLA,"Prevention of Money Laundering Act, 2002",PMLA,3,Offence of money laundering,1,1,Isha Patil,24,Private Employee,Hindu,General,Male,Aditi Verma,59,Female,0,Gautam Singh,,Transgender,A1,1.0,2022-11-08T15:00:00,Karnataka,Vijayapura,Vijayapura Town PS,KA46644,Vijayapura District & Sessions Court,Gautam Singh,Anil Das,,,
PAR,Non-Heinous,Report Beece (B-Report),Karnataka,Vijayapura,Vijayapura District & Sessions Court,Police Station,Vijayapura Town PS,KA46644,Kavya Kamath,Deputy Superintendent,SHO,1985-10-01,Female,A Positive,0,2009-10-09,390109245202600112,202600112,2022-11-01,"On 28-10-2022, a case of Money Laundering was reported at Vijayapura Town PS, Vijayapura district.",2022-10-28T08:00:00,2022-10-28T09:00:00,2022-10-29T03:00:00,16.7534,75.7731,"Incident occurred near coordinates 16.7534, 75.7731 within jurisdiction of Vijayapura Town PS.",Financial Crime,Money Laundering,PMLA,"Prevention of Money Laundering Act, 2002",PMLA,3,Offence of money laundering,1,1,,,,,,,,,,0,Anil Das,46,Male,A2,,,,,,,,,,,,
Zero FIR,Non-Heinous,Report Beece (B-Report),Karnataka,Hubballi-Dharwad,Dharwad District & Sessions Court,Police Station,Dharwad Town PS,KA40641,Aarav Joshi,Sub-Inspector,Circle Inspector,1997-07-10,Female,AB Negative,1,2015-04-14,888701823202600113,202600113,2025-09-25,"On 21-09-2025, a case of Theft was reported at Dharwad Town PS, Hubballi-Dharwad district.",2025-09-21T05:00:00,2025-09-21T11:00:00,2025-09-22T00:00:00,15.366,75.1987,"Incident occurred near coordinates 15.366, 75.1987 within jurisdiction of Dharwad Town PS.",Property Crimes,Theft,IPC,Indian Penal Code,IPC,379,Punishment for theft,1,1,Aditi Bhat,75,Private Employee,Hindu,General,Male,Chirag Naik,25,Female,0,Hari Rao,26,Female,A1,1.0,2025-10-02T09:00:00,Karnataka,Hubballi-Dharwad,Dharwad Town PS,KA40641,Dharwad District & Sessions Court,Hari Rao,,,,
FIR,Heinous,Chargesheet Filed,Karnataka,Ramanagara,Ramanagara District & Sessions Court,Police Station,Ramanagara Town PS,KA11717,Rajesh Das,Constable,Circle Inspector,1981-05-05,Female,AB Negative,0,2004-04-15,119508518202500114,202500114,2022-02-23,"On 18-02-2022, a case of Robbery was reported at Ramanagara Town PS, Ramanagara district.",2022-02-18T05:00:00,2022-02-18T08:00:00,2022-02-18T22:00:00,12.7311,77.2447,"Incident occurred near coordinates 12.7311, 77.2447 within jurisdiction of Ramanagara Town PS.",Property Crimes,Robbery,IPC,Indian Penal Code,IPC,392,Punishment for robbery,1,1,Sunil Singh,42,Private Employee,Hindu,General,Transgender,Abhishek Rao,51,Transgender,0,Isha Bhat,,Male,A1,1.0,2022-03-02T13:00:00,Karnataka,Ramanagara,Ramanagara Town PS,KA11717,Ramanagara District & Sessions Court,Isha Bhat,,2022-04-12T13:00:00,C,KA11717
Zero FIR,Heinous,Report Beece (B-Report),Karnataka,Davangere,Davangere District & Sessions Court,Police Station,Davangere Extension PS,KA63128,Anil Das,Head Constable,Station Writer,1972-06-05,Male,O Negative,0,2019-03-05,858994547202600115,202600115,2023-10-14,"On 09-10-2023, a case of Murder was reported at Davangere Extension PS, Davangere district.",2023-10-09T00:00:00,2023-10-09T01:00:00,2023-10-09T11:00:00,14.5296,75.8541,"Incident occurred near coordinates 14.5296, 75.8541 within jurisdiction of Davangere Extension PS.",Crimes Against Body,Murder,IPC,Indian Penal Code,IPC,302,Punishment for murder,1,1,Chirag Das,57,Private Employee,Hindu,General,Transgender,Manish Verma,61,Male,0,Dev Shetty,,Male,A1,1.0,2023-10-21T12:00:00,Karnataka,Davangere,Davangere Extension PS,KA63128,Davangere District & Sessions Court,Dev Shetty,,,,
UDR,Heinous,Undetected,Karnataka,Belagavi,Belagavi District & Sessions Court,Police Station,Belagavi City PS,KA45916,Aarav Kulkarni,Head Constable,Station Writer,1992-01-09,Female,AB Positive,0,2006-05-15,274935580202200116,202200116,2023-04-09,"On 08-04-2023, a case of Cyber Crime was reported at Belagavi City PS, Belagavi district.",2023-04-08T13:00:00,2023-04-08T21:00:00,2023-04-08T17:00:00,15.8788,74.4753,"Incident occurred near coordinates 15.8788, 74.4753 within jurisdiction of Belagavi City PS.",Cyber Crime,Cyber Crime,ITA,"Information Technology Act, 2000",IT Act,66C,Identity theft using computer resource,1,1,Aditi Sharma,72,Private Employee,Hindu,General,Male,Kavya Gowda,25,Female,0,Abhishek Gowda,60,Male,A1,,,,,,,,,,,,
Zero FIR,Heinous,Chargesheet Filed,Karnataka,Hassan,Hassan District & Sessions Court,Police Station,Hassan Town PS,KA43460,Rajesh Rao,Deputy Superintendent,Circle Inspector,1980-11-03,Male,AB Positive,0,2010-04-11,861778419202400117,202400117,2022-09-22,"On 19-09-2022, a case of Grievous Hurt was reported at Hassan Town PS, Hassan district.",2022-09-19T09:00:00,2022-09-19T10:00:00,2022-09-19T21:00:00,12.954,76.0692,"Incident occurred near coordinates 12.954, 76.0692 within jurisdiction of Hassan Town PS.",Crimes Against Body,Grievous Hurt,IPC,Indian Penal Code,IPC,325,Punishment for voluntarily causing grievous hurt,1,1,Aditi Deshmukh,46,Private Employee,Hindu,General,Male,Manish Hegde,28,Female,0,Anil Deshmukh,,Transgender,A1,1.0,2022-09-29T14:00:00,Karnataka,Hassan,Hassan Town PS,KA43460,Hassan District & Sessions Court,Anil Deshmukh,,2022-10-22T14:00:00,A,KA43460
UDR,Non-Heinous,Under Investigation,Karnataka,Tumakuru,Tumakuru District & Sessions Court,Police Station,Tumakuru Town PS,KA64560,Farhan Pai,Constable,Circle Inspector,1983-02-10,Female,A Negative,1,2008-01-23,248935644202200118,202200118,2023-11-25,"On 23-11-2023, a case of Dark Web Crime was reported at Tumakuru Town PS, Tumakuru district.",2023-11-23T00:00:00,2023-11-23T03:00:00,2023-11-23T10:00:00,13.4158,77.0365,"Incident occurred near coordinates 13.4158, 77.0365 within jurisdiction of Tumakuru Town PS.",Cyber Crime,Dark Web Crime,ITA,"Information Technology Act, 2000",IT Act,67,Publishing/transmitting obscene material electronically,1,1,Meena Gowda,60,Private Employee,Hindu,General,Female,Chirag Kamath,28,Male,0,Divya Das,,Transgender,A1,1.0,2023-12-02T11:00:00,Karnataka,Tumakuru,Tumakuru Town PS,KA64560,Tumakuru District & Sessions Court,Divya Das,,,,
UDR,Heinous,Chargesheet Filed,Karnataka,Kalaburagi,Kalaburagi District & Sessions Court,Police Station,Kalaburagi City PS,KA35446,Nikhil Shenoy,Constable,Station Writer,1978-04-14,Female,A Positive,0,2010-02-12,212914827202200119,202200119,2022-04-12,"On 07-04-2022, a case of Drug Offence was reported at Kalaburagi City PS, Kalaburagi district.",2022-04-07T10:00:00,2022-04-07T14:00:00,2022-04-08T07:00:00,17.3352,76.9133,"Incident occurred near coordinates 17.3352, 76.9133 within jurisdiction of Kalaburagi City PS.",Narcotics,Drug Offence,NDPS,"Narcotic Drugs and Psychotropic Substances Act, 1985",NDPS,20,Punishment for cannabis-related offences,1,1,Farhan Nair,29,Private Employee,Hindu,General,Female,Aarav Hegde,6,Female,0,Meena Shetty,24,Transgender,A1,1.0,2022-04-19T15:00:00,Karnataka,Kalaburagi,Kalaburagi City PS,KA35446,Kalaburagi District & Sessions Court,Meena Shetty,"Sunil Joshi,Kavya Kamath",2022-05-04T15:00:00,A,KA35446
UDR,Non-Heinous,Chargesheet Filed,Karnataka,Kalaburagi,Kalaburagi District & Sessions Court,Police Station,Kalaburagi City PS,KA35446,Nikhil Shenoy,Sub-Inspector,Investigating Officer,1975-04-12,Male,B Positive,1,2017-05-02,212914827202200119,202200119,2022-04-12,"On 07-04-2022, a case of Drug Offence was reported at Kalaburagi City PS, Kalaburagi district.",2022-04-07T10:00:00,2022-04-07T14:00:00,2022-04-08T07:00:00,17.3352,76.9133,"Incident occurred near coordinates 17.3352, 76.9133 within jurisdiction of Kalaburagi City PS.",Narcotics,Drug Offence,NDPS,"Narcotic Drugs and Psychotropic Substances Act, 1985",NDPS,20,Punishment for cannabis-related offences,1,1,,,,,,,,,,0,Sunil Joshi,,Male,A2,,,,,,,,,,,,
UDR,Heinous,Chargesheet Filed,Karnataka,Kalaburagi,Kalaburagi District & Sessions Court,Police Station,Kalaburagi City PS,KA35446,Nikhil Shenoy,Sub-Inspector,Investigating Officer,1995-02-03,Female,O Negative,1,2020-07-19,212914827202200119,202200119,2022-04-12,"On 07-04-2022, a case of Drug Offence was reported at Kalaburagi City PS, Kalaburagi district.",2022-04-07T10:00:00,2022-04-07T14:00:00,2022-04-08T07:00:00,17.3352,76.9133,"Incident occurred near coordinates 17.3352, 76.9133 within jurisdiction of Kalaburagi City PS.",Narcotics,Drug Offence,NDPS,"Narcotic Drugs and Psychotropic Substances Act, 1985",NDPS,20,Punishment for cannabis-related offences,1,1,,,,,,,,,,0,Kavya Kamath,39,Male,A3,,,,,,,,,,,,
Zero FIR,Non-Heinous,Undetected,Karnataka,Bengaluru Rural,Bengaluru Rural District & Sessions Court,Police Station,Bengaluru Rural PS,KA72204,Suresh Nair,Inspector,Circle Inspector,1970-09-25,Male,B Positive,0,2006-06-08,842621751202500120,202500120,2025-06-19,"On 14-06-2025, a case of Burglary was reported at Bengaluru Rural PS, Bengaluru Rural district.",2025-06-14T13:00:00,2025-06-14T17:00:00,2025-06-15T09:00:00,13.3547,77.5364,"Incident occurred near coordinates 13.3547, 77.5364 within jurisdiction of Bengaluru Rural PS.",Property Crimes,Burglary,IPC,Indian Penal Code,IPC,457,Lurking house-trespass or house-breaking by night,1,1,Tanvi Gowda,63,Private Employee,Hindu,General,Transgender,Dev Rao,52,Male,0,Tanvi Kamath,40,Male,A1,,,,,,,,,,,,
Zero FIR,Non-Heinous,Undetected,Karnataka,Bengaluru Rural,Bengaluru Rural District & Sessions Court,Police Station,Bengaluru Rural PS,KA72204,Suresh Nair,Deputy Superintendent,SHO,1992-10-26,Male,B Negative,0,2012-07-27,842621751202500120,202500120,2025-06-19,"On 14-06-2025, a case of Burglary was reported at Bengaluru Rural PS, Bengaluru Rural district.",2025-06-14T13:00:00,2025-06-14T17:00:00,2025-06-15T09:00:00,13.3547,77.5364,"Incident occurred near coordinates 13.3547, 77.5364 within jurisdiction of Bengaluru Rural PS.",Property Crimes,Burglary,IPC,Indian Penal Code,IPC,457,Lurking house-trespass or house-breaking by night,1,1,,,,,,,,,,0,Pooja Kamath,,Transgender,A2,,,,,,,,,,,,
Zero FIR,Heinous,Undetected,Karnataka,Bengaluru Rural,Bengaluru Rural District & Sessions Court,Police Station,Bengaluru Rural PS,KA72204,Suresh Nair,Inspector,SHO,1992-07-24,Male,B Positive,1,2004-05-27,842621751202500120,202500120,2025-06-19,"On 14-06-2025, a case of Burglary was reported at Bengaluru Rural PS, Bengaluru Rural district.",2025-06-14T13:00:00,2025-06-14T17:00:00,2025-06-15T09:00:00,13.3547,77.5364,"Incident occurred near coordinates 13.3547, 77.5364 within jurisdiction of Bengaluru Rural PS.",Property Crimes,Burglary,IPC,Indian Penal Code,IPC,457,Lurking house-trespass or house-breaking by night,1,1,,,,,,,,,,0,Vikram Kamath,,Female,A3,,,,,,,,,,,,
PAR,Heinous,Report Beece (B-Report),Karnataka,Chikkamagaluru,Chikkamagaluru District & Sessions Court,Police Station,Chikkamagaluru PS,KA41785,Chirag Kulkarni,Constable,SHO,1982-01-01,Male,AB Negative,0,2018-01-26,390091889202400121,202400121,2022-05-10,"On 09-05-2022, a case of Money Laundering was reported at Chikkamagaluru PS, Chikkamagaluru district.",2022-05-09T02:00:00,2022-05-09T04:00:00,2022-05-09T23:00:00,13.2728,75.718,"Incident occurred near coordinates 13.2728, 75.718 within jurisdiction of Chikkamagaluru PS.",Financial Crime,Money Laundering,PMLA,"Prevention of Money Laundering Act, 2002",PMLA,3,Offence of money laundering,1,1,Divya Sharma,58,Private Employee,Hindu,General,Male,Chirag Hegde,59,Female,0,Rahul Bhat,67,Male,A1,1.0,2022-05-17T13:00:00,Karnataka,Chikkamagaluru,Chikkamagaluru PS,KA41785,Chikkamagaluru District & Sessions Court,Rahul Bhat,"Kavya Patil,Deepak Shenoy",,,
PAR,Non-Heinous,Report Beece (B-Report),Karnataka,Chikkamagaluru,Chikkamagaluru District & Sessions Court,Police Station,Chikkamagaluru PS,KA41785,Chirag Kulkarni,Sub-Inspector,Circle Inspector,1992-02-10,Male,AB Negative,0,2005-05-12,390091889202400121,202400121,2022-05-10,"On 09-05-2022, a case of Money Laundering was reported at Chikkamagaluru PS, Chikkamagaluru district.",2022-05-09T02:00:00,2022-05-09T04:00:00,2022-05-09T23:00:00,13.2728,75.718,"Incident occurred near coordinates 13.2728, 75.718 within jurisdiction of Chikkamagaluru PS.",Financial Crime,Money Laundering,PMLA,"Prevention of Money Laundering Act, 2002",PMLA,3,Offence of money laundering,1,1,,,,,,,,,,0,Kavya Patil,,Transgender,A2,,,,,,,,,,,,
PAR,Heinous,Report Beece (B-Report),Karnataka,Chikkamagaluru,Chikkamagaluru District & Sessions Court,Police Station,Chikkamagaluru PS,KA41785,Chirag Kulkarni,Constable,SHO,1978-02-19,Male,AB Negative,1,2014-06-15,390091889202400121,202400121,2022-05-10,"On 09-05-2022, a case of Money Laundering was reported at Chikkamagaluru PS, Chikkamagaluru district.",2022-05-09T02:00:00,2022-05-09T04:00:00,2022-05-09T23:00:00,13.2728,75.718,"Incident occurred near coordinates 13.2728, 75.718 within jurisdiction of Chikkamagaluru PS.",Financial Crime,Money Laundering,PMLA,"Prevention of Money Laundering Act, 2002",PMLA,3,Offence of money laundering,1,1,,,,,,,,,,0,Deepak Shenoy,,Transgender,A3,,,,,,,,,,,,
PAR,Heinous,Undetected,Karnataka,Vijayapura,Vijayapura District & Sessions Court,Police Station,Vijayapura Town PS,KA41348,Sanjay Kamath,Deputy Superintendent,Circle Inspector,1994-02-17,Female,O Positive,0,2008-02-25,355774503202400122,202400122,2025-02-28,"On 22-02-2025, a case of Grievous Hurt was reported at Vijayapura Town PS, Vijayapura district.",2025-02-22T19:00:00,2025-02-23T00:00:00,2025-02-23T04:00:00,16.7863,75.6802,"Incident occurred near coordinates 16.7863, 75.6802 within jurisdiction of Vijayapura Town PS.",Crimes Against Body,Grievous Hurt,IPC,Indian Penal Code,IPC,325,Punishment for voluntarily causing grievous hurt,1,1,Sunil Hegde,40,Private Employee,Hindu,General,Male,Rahul Kamath,46,Transgender,0,Ananya Sharma,59,Female,A1,,,,,,,,,,,,
PAR,Non-Heinous,Chargesheet Filed,Karnataka,Mandya,Mandya District & Sessions Court,Police Station,Mandya Town PS,KA46178,Divya Patil,Constable,Station Writer,1984-06-27,Male,A Positive,1,2004-08-13,395356905202600123,202600123,2023-05-11,"On 06-05-2023, a case of Cheating was reported at Mandya Town PS, Mandya district.",2023-05-06T13:00:00,2023-05-06T15:00:00,2023-05-07T07:00:00,12.574,76.953,"Incident occurred near coordinates 12.574, 76.953 within jurisdiction of Mandya Town PS.",Financial Crime,Cheating,IPC,Indian Penal Code,IPC,420,Cheating and dishonestly inducing delivery of property,1,1,Divya Reddy,76,Private Employee,Hindu,General,Male,Kiran Deshmukh,57,Male,0,Vikram Pai,,Transgender,A1,1.0,2023-05-18T15:00:00,Karnataka,Mandya,Mandya Town PS,KA46178,Mandya District & Sessions Court,Vikram Pai,"Divya Kulkarni,Farhan Shetty",2023-06-12T15:00:00,C,KA46178
PAR,Heinous,Chargesheet Filed,Karnataka,Mandya,Mandya District & Sessions Court,Police Station,Mandya Town PS,KA46178,Divya Patil,Deputy Superintendent,SHO,1973-06-01,Female,O Positive,0,2009-10-16,395356905202600123,202600123,2023-05-11,"On 06-05-2023, a case of Cheating was reported at Mandya Town PS, Mandya district.",2023-05-06T13:00:00,2023-05-06T15:00:00,2023-05-07T07:00:00,12.574,76.953,"Incident occurred near coordinates 12.574, 76.953 within jurisdiction of Mandya Town PS.",Financial Crime,Cheating,IPC,Indian Penal Code,IPC,420,Cheating and dishonestly inducing delivery of property,1,1,,,,,,,,,,0,Divya Kulkarni,,Female,A2,,,,,,,,,,,,
PAR,Non-Heinous,Chargesheet Filed,Karnataka,Mandya,Mandya District & Sessions Court,Police Station,Mandya Town PS,KA46178,Divya Patil,Head Constable,SHO,1974-04-10,Male,A Positive,0,2010-05-13,395356905202600123,202600123,2023-05-11,"On 06-05-2023, a case of Cheating was reported at Mandya Town PS, Mandya district.",2023-05-06T13:00:00,2023-05-06T15:00:00,2023-05-07T07:00:00,12.574,76.953,"Incident occurred near coordinates 12.574, 76.953 within jurisdiction of Mandya Town PS.",Financial Crime,Cheating,IPC,Indian Penal Code,IPC,420,Cheating and dishonestly inducing delivery of property,1,1,,,,,,,,,,0,Farhan Shetty,,Male,A3,,,,,,,,,,,,
FIR,Heinous,Under Investigation,Karnataka,Ballari,Ballari District & Sessions Court,Police Station,Ballari City PS,KA61428,Suresh Kulkarni,Constable,Station Writer,1976-01-16,Male,O Negative,0,2019-10-26,149432304202400124,202400124,2022-12-08,"On 04-12-2022, a case of Murder was reported at Ballari City PS, Ballari district.",2022-12-04T21:00:00,2022-12-05T00:00:00,2022-12-05T20:00:00,15.1758,76.9083,"Incident occurred near coordinates 15.1758, 76.9083 within jurisdiction of Ballari City PS.",Crimes Against Body,Murder,IPC,Indian Penal Code,IPC,302,Punishment for murder,1,1,Farhan Verma,37,Private Employee,Hindu,General,Female,Anil Kulkarni,20,Female,0,Rajesh Kulkarni,39,Transgender,A1,1.0,2022-12-15T23:00:00,Karnataka,Ballari,Ballari City PS,KA61428,Ballari District & Sessions Court,Rajesh Kulkarni,,,,
PAR,Non-Heinous,Undetected,Karnataka,Mangaluru,Dakshina Kannada District & Sessions Court,Police Station,Mangaluru Town PS,KA94567,Bhavya Nair,Constable,SHO,1978-07-09,Female,B Positive,1,2015-12-07,367188596202400125,202400125,2024-09-25,"On 22-09-2024, a case of Cryptocurrency Crime was reported at Mangaluru Town PS, Mangaluru district.",2024-09-22T12:00:00,2024-09-22T14:00:00,2024-09-22T15:00:00,12.9203,74.8706,"Incident occurred near coordinates 12.9203, 74.8706 within jurisdiction of Mangaluru Town PS.",Cyber Crime,Cryptocurrency Crime,ITA,"Information Technology Act, 2000",IT Act,66D,Cheating by personation using a computer resource,1,1,Esha Pai,68,Private Employee,Hindu,General,Male,Kavya Kulkarni,45,Male,0,Sunil Kulkarni,,Transgender,A1,,,,,,,,,,,,
PAR,Heinous,Undetected,Karnataka,Mangaluru,Dakshina Kannada District & Sessions Court,Police Station,Mangaluru Town PS,KA94567,Bhavya Nair,Constable,Investigating Officer,1983-03-05,Male,AB Negative,0,2008-06-12,367188596202400125,202400125,2024-09-25,"On 22-09-2024, a case of Cryptocurrency Crime was reported at Mangaluru Town PS, Mangaluru district.",2024-09-22T12:00:00,2024-09-22T14:00:00,2024-09-22T15:00:00,12.9203,74.8706,"Incident occurred near coordinates 12.9203, 74.8706 within jurisdiction of Mangaluru Town PS.",Cyber Crime,Cryptocurrency Crime,ITA,"Information Technology Act, 2000",IT Act,66D,Cheating by personation using a computer resource,1,1,,,,,,,,,,0,Priya Das,51,Female,A2,,,,,,,,,,,,
FIR,Heinous,Undetected,Karnataka,Ramanagara,Ramanagara District & Sessions Court,Police Station,Ramanagara Town PS,KA12413,Divya Rao,Sub-Inspector,Station Writer,1974-07-21,Male,A Negative,0,2003-01-11,190678472202300126,202300126,2024-07-19,"On 14-07-2024, a case of Cyber Crime was reported at Ramanagara Town PS, Ramanagara district.",2024-07-14T19:00:00,2024-07-15T03:00:00,2024-07-15T17:00:00,12.6651,77.3186,"Incident occurred near coordinates 12.6651, 77.3186 within jurisdiction of Ramanagara Town PS.",Cyber Crime,Cyber Crime,ITA,"Information Technology Act, 2000",IT Act,66C,Identity theft using computer resource,1,1,Rahul Gowda,56,Private Employee,Hindu,General,Transgender,Chirag Nair,28,Transgender,0,Farhan Nair,49,Transgender,A1,,,,,,,,,,,,
UDR,Heinous,Chargesheet Filed,Karnataka,Bidar,Bidar District & Sessions Court,Police Station,Bidar Town PS,KA73857,Esha Pai,Constable,Investigating Officer,1988-03-07,Female,AB Positive,0,2012-07-01,290068126202300127,202300127,2025-06-12,"On 10-06-2025, a case of Dark Web Crime was reported at Bidar Town PS, Bidar district.",2025-06-10T21:00:00,2025-06-11T02:00:00,2025-06-11T06:00:00,17.9216,77.5043,"Incident occurred near coordinates 17.9216, 77.5043 within jurisdiction of Bidar Town PS.",Cyber Crime,Dark Web Crime,ITA,"Information Technology Act, 2000",IT Act,67,Publishing/transmitting obscene material electronically,1,1,Chirag Pai,35,Private Employee,Hindu,General,Male,Tanvi Sharma,48,Transgender,0,Rajesh Reddy,49,Female,A1,1.0,2025-06-19T23:00:00,Karnataka,Bidar,Bidar Town PS,KA73857,Bidar District & Sessions Court,Rajesh Reddy,,2025-06-27T23:00:00,B,KA73857
Zero FIR,Non-Heinous,Undetected,Karnataka,Ballari,Ballari District & Sessions Court,Police Station,Ballari City PS,KA93019,Tanvi Kulkarni,Deputy Superintendent,SHO,1990-01-09,Male,AB Positive,0,2015-01-11,846801154202500128,202500128,2024-04-07,"On 01-04-2024, a case of Grievous Hurt was reported at Ballari City PS, Ballari district.",2024-04-01T15:00:00,2024-04-01T23:00:00,2024-04-02T12:00:00,15.1502,76.9662,"Incident occurred near coordinates 15.1502, 76.9662 within jurisdiction of Ballari City PS.",Crimes Against Body,Grievous Hurt,IPC,Indian Penal Code,IPC,325,Punishment for voluntarily causing grievous hurt,1,1,Isha Verma,38,Private Employee,Hindu,General,Transgender,Tanvi Shetty,54,Male,0,Vikram Sharma,40,Transgender,A1,,,,,,,,,,,,
FIR,Heinous,Undetected,Karnataka,Tumakuru,Tumakuru District & Sessions Court,Police Station,Tumakuru Town PS,KA12787,Siddharth Naik,Constable,SHO,1970-12-20,Male,B Positive,1,2004-08-21,148638371202600129,202600129,2025-09-18,"On 15-09-2025, a case of Theft was reported at Tumakuru Town PS, Tumakuru district.",2025-09-15T05:00:00,2025-09-15T06:00:00,2025-09-15T23:00:00,13.298,77.0902,"Incident occurred near coordinates 13.298, 77.0902 within jurisdiction of Tumakuru Town PS.",Property Crimes,Theft,IPC,Indian Penal Code,IPC,379,Punishment for theft,1,1,Deepak Deshmukh,60,Private Employee,Hindu,General,Transgender,Sanjay Naik,50,Transgender,0,Divya Pai,,Transgender,A1,,,,,,,,,,,,
FIR,Non-Heinous,Undetected,Karnataka,Tumakuru,Tumakuru District & Sessions Court,Police Station,Tumakuru Town PS,KA12787,Siddharth Naik,Constable,Station Writer,1981-10-21,Female,O Negative,0,2002-02-06,148638371202600129,202600129,2025-09-18,"On 15-09-2025, a case of Theft was reported at Tumakuru Town PS, Tumakuru district.",2025-09-15T05:00:00,2025-09-15T06:00:00,2025-09-15T23:00:00,13.298,77.0902,"Incident occurred near coordinates 13.298, 77.0902 within jurisdiction of Tumakuru Town PS.",Property Crimes,Theft,IPC,Indian Penal Code,IPC,379,Punishment for theft,1,1,,,,,,,,,,0,Dev Gowda,28,Male,A2,,,,,,,,,,,,
UDR,Non-Heinous,Report Beece (B-Report),Karnataka,Ballari,Ballari District & Sessions Court,Police Station,Ballari City PS,KA53399,Priya Naik,Deputy Superintendent,SHO,1974-01-25,Male,O Positive,1,2013-04-16,219958254202500130,202500130,2025-08-26,"On 22-08-2025, a case of Grievous Hurt was reported at Ballari City PS, Ballari district.",2025-08-22T01:00:00,2025-08-22T09:00:00,2025-08-23T01:00:00,15.1064,76.9134,"Incident occurred near coordinates 15.1064, 76.9134 within jurisdiction of Ballari City PS.",Crimes Against Body,Grievous Hurt,IPC,Indian Penal Code,IPC,325,Punishment for voluntarily causing grievous hurt,1,1,Nikhil Gowda,77,Private Employee,Hindu,General,Female,Nikhil Sharma,44,Male,0,Nikhil Hegde,,Transgender,A1,1.0,2025-09-02T09:00:00,Karnataka,Ballari,Ballari City PS,KA53399,Ballari District & Sessions Court,Nikhil Hegde,,,,
FIR,Heinous,Report Beece (B-Report),Karnataka,Ballari,Ballari District & Sessions Court,Police Station,Ballari City PS,KA51987,Chirag Naik,Deputy Superintendent,Station Writer,1978-04-03,Female,A Negative,0,2002-04-26,139339889202400131,202400131,2023-07-04,"On 02-07-2023, a case of Money Laundering was reported at Ballari City PS, Ballari district.",2023-07-02T04:00:00,2023-07-02T07:00:00,2023-07-03T03:00:00,15.1926,76.9044,"Incident occurred near coordinates 15.1926, 76.9044 within jurisdiction of Ballari City PS.",Financial Crime,Money Laundering,PMLA,"Prevention of Money Laundering Act, 2002",PMLA,3,Offence of money laundering,1,1,Rahul Hegde,29,Private Employee,Hindu,General,Male,Sunil Gowda,15,Male,0,Pooja Nair,,Male,A1,1.0,2023-07-11T05:00:00,Karnataka,Ballari,Ballari City PS,KA51987,Ballari District & Sessions Court,Pooja Nair,,,,
FIR,Non-Heinous,Undetected,Karnataka,Belagavi,Belagavi District & Sessions Court,Police Station,Belagavi City PS,KA32906,Kavya Rao,Deputy Superintendent,SHO,1979-05-12,Male,B Negative,0,2001-06-08,113435624202600132,202600132,2023-10-04,"On 29-09-2023, a case of Assault was reported at Belagavi City PS, Belagavi district.",2023-09-29T10:00:00,2023-09-29T13:00:00,2023-09-30T05:00:00,15.9019,74.5235,"Incident occurred near coordinates 15.9019, 74.5235 within jurisdiction of Belagavi City PS.",Crimes Against Body,Assault,IPC,Indian Penal Code,IPC,351,Assault,1,1,Rajesh Gowda,42,Private Employee,Hindu,General,Transgender,Farhan Das,11,Male,0,Siddharth Pai,,Male,A1,,,,,,,,,,,,
FIR,Non-Heinous,Chargesheet Filed,Karnataka,Mandya,Mandya District & Sessions Court,Police Station,Mandya Town PS,KA23185,Vikram Deshmukh,Deputy Superintendent,Circle Inspector,1994-10-11,Male,O Negative,1,2016-06-11,131307213202500133,202500133,2025-03-27,"On 25-03-2025, a case of Cyber Crime was reported at Mandya Town PS, Mandya district.",2025-03-25T11:00:00,2025-03-25T15:00:00,2025-03-26T09:00:00,12.5409,76.9513,"Incident occurred near coordinates 12.5409, 76.9513 within jurisdiction of Mandya Town PS.",Cyber Crime,Cyber Crime,ITA,"Information Technology Act, 2000",IT Act,66C,Identity theft using computer resource,1,1,Sanjay Pai,54,Private Employee,Hindu,General,Female,Priya Bhat,52,Male,0,Deepak Shenoy,65,Transgender,A1,1.0,2025-04-03T21:00:00,Karnataka,Mandya,Mandya Town PS,KA23185,Mandya District & Sessions Court,Deepak Shenoy,,2025-05-05T21:00:00,A,KA23185
Zero FIR,Non-Heinous,Chargesheet Filed,Karnataka,Bengaluru Rural,Bengaluru Rural District & Sessions Court,Police Station,Bengaluru Rural PS,KA63551,Aarav Patil,Head Constable,Station Writer,1972-07-15,Male,B Negative,0,2001-08-20,846712916202400134,202400134,2024-04-02,"On 28-03-2024, a case of Cyber Crime was reported at Bengaluru Rural PS, Bengaluru Rural district.",2024-03-28T18:00:00,2024-03-28T19:00:00,2024-03-29T08:00:00,13.3235,77.5035,"Incident occurred near coordinates 13.3235, 77.5035 within jurisdiction of Bengaluru Rural PS.",Cyber Crime,Cyber Crime,ITA,"Information Technology Act, 2000",IT Act,66C,Identity theft using computer resource,1,1,Gautam Verma,73,Private Employee,Hindu,General,Transgender,Rajesh Sharma,60,Male,0,Divya Sharma,,Transgender,A1,1.0,2024-04-09T20:00:00,Karnataka,Bengaluru Rural,Bengaluru Rural PS,KA63551,Bengaluru Rural District & Sessions Court,Divya Sharma,Hari Joshi,2024-05-18T20:00:00,B,KA63551
Zero FIR,Non-Heinous,Chargesheet Filed,Karnataka,Bengaluru Rural,Bengaluru Rural District & Sessions Court,Police Station,Bengaluru Rural PS,KA63551,Aarav Patil,Deputy Superintendent,SHO,1992-03-04,Male,A Positive,0,2004-02-06,846712916202400134,202400134,2024-04-02,"On 28-03-2024, a case of Cyber Crime was reported at Bengaluru Rural PS, Bengaluru Rural district.",2024-03-28T18:00:00,2024-03-28T19:00:00,2024-03-29T08:00:00,13.3235,77.5035,"Incident occurred near coordinates 13.3235, 77.5035 within jurisdiction of Bengaluru Rural PS.",Cyber Crime,Cyber Crime,ITA,"Information Technology Act, 2000",IT Act,66C,Identity theft using computer resource,1,1,,,,,,,,,,0,Hari Joshi,,Female,A2,,,,,,,,,,,,
PAR,Non-Heinous,Report Beece (B-Report),Karnataka,Chikkamagaluru,Chikkamagaluru District & Sessions Court,Police Station,Chikkamagaluru PS,KA26118,Manish Kamath,Constable,Circle Inspector,1986-12-05,Male,B Negative,0,2010-07-25,379533039202400135,202400135,2025-02-06,"On 05-02-2025, a case of Theft was reported at Chikkamagaluru PS, Chikkamagaluru district.",2025-02-05T03:00:00,2025-02-05T11:00:00,2025-02-05T22:00:00,13.3448,75.7532,"Incident occurred near coordinates 13.3448, 75.7532 within jurisdiction of Chikkamagaluru PS.",Property Crimes,Theft,IPC,Indian Penal Code,IPC,379,Punishment for theft,1,1,Abhishek Gowda,34,Private Employee,Hindu,General,Transgender,Aditi Sharma,9,Male,0,Gautam Singh,22,Transgender,A1,1.0,2025-02-13T07:00:00,Karnataka,Chikkamagaluru,Chikkamagaluru PS,KA26118,Chikkamagaluru District & Sessions Court,Gautam Singh,,,,
Zero FIR,Non-Heinous,Chargesheet Filed,Karnataka,Kolar,Kolar District & Sessions Court,Police Station,Kolar Town PS,KA59080,Farhan Nair,Sub-Inspector,Station Writer,1975-02-09,Female,AB Negative,0,2016-11-26,829758143202300136,202300136,2024-04-15,"On 13-04-2024, a case of Theft was reported at Kolar Town PS, Kolar district.",2024-04-13T16:00:00,2024-04-13T17:00:00,2024-04-14T07:00:00,13.082,78.1474,"Incident occurred near coordinates 13.082, 78.1474 within jurisdiction of Kolar Town PS.",Property Crimes,Theft,IPC,Indian Penal Code,IPC,379,Punishment for theft,1,1,Tanvi Singh,63,Private Employee,Hindu,General,Male,Vikram Hegde,65,Female,0,Aditi Deshmukh,19,Transgender,A1,1.0,2024-04-22T19:00:00,Karnataka,Kolar,Kolar Town PS,KA59080,Kolar District & Sessions Court,Aditi Deshmukh,Farhan Shetty,2024-05-21T19:00:00,B,KA59080
Zero FIR,Heinous,Chargesheet Filed,Karnataka,Kolar,Kolar District & Sessions Court,Police Station,Kolar Town PS,KA59080,Farhan Nair,Deputy Superintendent,Investigating Officer,1980-12-02,Female,A Negative,0,2013-10-25,829758143202300136,202300136,2024-04-15,"On 13-04-2024, a case of Theft was reported at Kolar Town PS, Kolar district.",2024-04-13T16:00:00,2024-04-13T17:00:00,2024-04-14T07:00:00,13.082,78.1474,"Incident occurred near coordinates 13.082, 78.1474 within jurisdiction of Kolar Town PS.",Property Crimes,Theft,IPC,Indian Penal Code,IPC,379,Punishment for theft,1,1,,,,,,,,,,0,Farhan Shetty,,Female,A2,,,,,,,,,,,,
Zero FIR,Non-Heinous,Undetected,Karnataka,Mangaluru,Dakshina Kannada District & Sessions Court,Police Station,Mangaluru Town PS,KA75971,Suresh Hegde,Sub-Inspector,SHO,1976-11-21,Male,O Positive,0,2013-01-02,840034929202400137,202400137,2024-10-28,"On 23-10-2024, a case of Dark Web Crime was reported at Mangaluru Town PS, Mangaluru district.",2024-10-23T01:00:00,2024-10-23T08:00:00,2024-10-23T19:00:00,12.9282,74.9177,"Incident occurred near coordinates 12.9282, 74.9177 within jurisdiction of Mangaluru Town PS.",Cyber Crime,Dark Web Crime,ITA,"Information Technology Act, 2000",IT Act,67,Publishing/transmitting obscene material electronically,1,1,Isha Bhat,23,Private Employee,Hindu,General,Male,Aditi Gowda,34,Transgender,0,Aarav Das,56,Female,A1,,,,,,,,,,,,
FIR,Heinous,Undetected,Karnataka,Tumakuru,Tumakuru District & Sessions Court,Police Station,Tumakuru Town PS,KA54944,Kavya Patil,Deputy Superintendent,Station Writer,1971-08-01,Male,B Positive,0,2008-02-20,192457856202500138,202500138,2022-01-07,"On 06-01-2022, a case of Robbery was reported at Tumakuru Town PS, Tumakuru district.",2022-01-06T05:00:00,2022-01-06T06:00:00,2022-01-06T09:00:00,13.406,77.0719,"Incident occurred near coordinates 13.406, 77.0719 within jurisdiction of Tumakuru Town PS.",Property Crimes,Robbery,IPC,Indian Penal Code,IPC,392,Punishment for robbery,1,1,Ananya Shetty,31,Private Employee,Hindu,General,Male,Abhishek Verma,62,Transgender,0,Siddharth Gowda,,Transgender,A1,,,,,,,,,,,,
PAR,Non-Heinous,Under Investigation,Karnataka,Vijayapura,Vijayapura District & Sessions Court,Police Station,Vijayapura Town PS,KA66616,Kiran Bhat,Sub-Inspector,SHO,1974-04-18,Female,A Negative,0,2013-09-28,361698369202600139,202600139,2025-06-12,"On 09-06-2025, a case of Burglary was reported at Vijayapura Town PS, Vijayapura district.",2025-06-09T12:00:00,2025-06-09T20:00:00,2025-06-09T14:00:00,16.847,75.7465,"Incident occurred near coordinates 16.847, 75.7465 within jurisdiction of Vijayapura Town PS.",Property Crimes,Burglary,IPC,Indian Penal Code,IPC,457,Lurking house-trespass or house-breaking by night,1,1,Deepak Sharma,59,Private Employee,Hindu,General,Transgender,Chirag Gowda,8,Female,0,Tanvi Das,,Male,A1,1.0,2025-06-19T14:00:00,Karnataka,Vijayapura,Vijayapura Town PS,KA66616,Vijayapura District & Sessions Court,Tanvi Das,Kavya Kulkarni,,,
PAR,Heinous,Under Investigation,Karnataka,Vijayapura,Vijayapura District & Sessions Court,Police Station,Vijayapura Town PS,KA66616,Kiran Bhat,Head Constable,Station Writer,1996-11-16,Female,A Positive,0,2009-02-14,361698369202600139,202600139,2025-06-12,"On 09-06-2025, a case of Burglary was reported at Vijayapura Town PS, Vijayapura district.",2025-06-09T12:00:00,2025-06-09T20:00:00,2025-06-09T14:00:00,16.847,75.7465,"Incident occurred near coordinates 16.847, 75.7465 within jurisdiction of Vijayapura Town PS.",Property Crimes,Burglary,IPC,Indian Penal Code,IPC,457,Lurking house-trespass or house-breaking by night,1,1,,,,,,,,,,0,Kavya Kulkarni,75,Transgender,A2,,,,,,,,,,,,
Zero FIR,Non-Heinous,Chargesheet Filed,Karnataka,Kolar,Kolar District & Sessions Court,Police Station,Kolar Town PS,KA66531,Hari Gowda,Deputy Superintendent,Investigating Officer,1991-06-23,Male,A Positive,0,2017-02-16,849603351202400140,202400140,2024-11-21,"On 17-11-2024, a case of Cryptocurrency Crime was reported at Kolar Town PS, Kolar district.",2024-11-17T05:00:00,2024-11-17T12:00:00,2024-11-17T14:00:00,13.0633,78.1834,"Incident occurred near coordinates 13.0633, 78.1834 within jurisdiction of Kolar Town PS.",Cyber Crime,Cryptocurrency Crime,ITA,"Information Technology Act, 2000",IT Act,66D,Cheating by personation using a computer resource,1,1,Anil Kamath,66,Private Employee,Hindu,General,Female,Siddharth Kamath,40,Female,0,Hari Verma,,Transgender,A1,1.0,2024-11-28T12:00:00,Karnataka,Kolar,Kolar Town PS,KA66531,Kolar District & Sessions Court,Hari Verma,,2024-12-21T12:00:00,C,KA66531
PAR,Non-Heinous,Report Beece (B-Report),Karnataka,Mandya,Mandya District & Sessions Court,Police Station,Mandya Town PS,KA71924,Sunil Patil,Head Constable,Circle Inspector,1985-11-10,Female,A Negative,0,2007-08-27,364343761202300141,202300141,2023-05-21,"On 18-05-2023, a case of Cryptocurrency Crime was reported at Mandya Town PS, Mandya district.",2023-05-18T03:00:00,2023-05-18T04:00:00,2023-05-18T14:00:00,12.5532,76.9113,"Incident occurred near coordinates 12.5532, 76.9113 within jurisdiction of Mandya Town PS.",Cyber Crime,Cryptocurrency Crime,ITA,"Information Technology Act, 2000",IT Act,66D,Cheating by personation using a computer resource,1,1,Aarav Hegde,70,Private Employee,Hindu,General,Male,Tanvi Pai,56,Transgender,0,Aarav Sharma,,Male,A1,1.0,2023-05-28T08:00:00,Karnataka,Mandya,Mandya Town PS,KA71924,Mandya District & Sessions Court,Aarav Sharma,,,,
Zero FIR,Non-Heinous,Report Beece (B-Report),Karnataka,Udupi,Udupi District & Sessions Court,Police Station,Udupi Town PS,KA41817,Vikram Rao,Deputy Superintendent,Circle Inspector,1995-07-02,Male,A Negative,0,2000-02-11,817427716202200142,202200142,2023-12-31,"On 30-12-2023, a case of Assault was reported at Udupi Town PS, Udupi district.",2023-12-30T07:00:00,2023-12-30T08:00:00,2023-12-30T20:00:00,13.4134,74.7814,"Incident occurred near coordinates 13.4134, 74.7814 within jurisdiction of Udupi Town PS.",Crimes Against Body,Assault,IPC,Indian Penal Code,IPC,351,Assault,1,1,Deepak Bhat,38,Private Employee,Hindu,General,Transgender,Sunil Gowda,29,Transgender,0,Ananya Das,,Male,A1,1.0,2024-01-07T08:00:00,Karnataka,Udupi,Udupi Town PS,KA41817,Udupi District & Sessions Court,Ananya Das,,,,
Zero FIR,Heinous,Undetected,Karnataka,Mysuru,Mysuru District & Sessions Court,Police Station,Saraswathipuram PS,KA50929,Manish Shetty,Deputy Superintendent,SHO,1981-01-06,Male,A Negative,0,2018-07-04,821792727202300143,202300143,2024-10-18,"On 15-10-2024, a case of Theft was reported at Saraswathipuram PS, Mysuru district.",2024-10-15T02:00:00,2024-10-15T08:00:00,2024-10-16T00:00:00,12.3036,76.5818,"Incident occurred near coordinates 12.3036, 76.5818 within jurisdiction of Saraswathipuram PS.",Property Crimes,Theft,IPC,Indian Penal Code,IPC,379,Punishment for theft,1,1,Ananya Kamath,68,Private Employee,Hindu,General,Male,Rajesh Kulkarni,41,Male,0,Divya Joshi,42,Male,A1,,,,,,,,,,,,
Zero FIR,Non-Heinous,Undetected,Karnataka,Mysuru,Mysuru District & Sessions Court,Police Station,Saraswathipuram PS,KA50929,Manish Shetty,Sub-Inspector,Investigating Officer,1992-08-04,Female,AB Positive,1,2003-03-15,821792727202300143,202300143,2024-10-18,"On 15-10-2024, a case of Theft was reported at Saraswathipuram PS, Mysuru district.",2024-10-15T02:00:00,2024-10-15T08:00:00,2024-10-16T00:00:00,12.3036,76.5818,"Incident occurred near coordinates 12.3036, 76.5818 within jurisdiction of Saraswathipuram PS.",Property Crimes,Theft,IPC,Indian Penal Code,IPC,379,Punishment for theft,1,1,,,,,,,,,,0,Dev Das,,Transgender,A2,,,,,,,,,,,,
UDR,Non-Heinous,Under Investigation,Karnataka,Bengaluru Urban,"Principal City Civil & Sessions Court, Bengaluru",Police Station,Bengaluru City PS,KA31576,Abhishek Shenoy,Inspector,Station Writer,1995-05-05,Female,AB Negative,1,2017-05-18,221037197202600144,202600144,2024-06-24,"On 22-06-2024, a case of Money Laundering was reported at Bengaluru City PS, Bengaluru Urban district.",2024-06-22T13:00:00,2024-06-22T14:00:00,2024-06-23T03:00:00,12.9907,77.551,"Incident occurred near coordinates 12.9907, 77.551 within jurisdiction of Bengaluru City PS.",Financial Crime,Money Laundering,PMLA,"Prevention of Money Laundering Act, 2002",PMLA,3,Offence of money laundering,1,1,Manish Shenoy,63,Private Employee,Hindu,General,Transgender,Divya Deshmukh,5,Transgender,0,Aditi Verma,49,Female,A1,1.0,2024-07-01T00:00:00,Karnataka,Bengaluru Urban,Bengaluru City PS,KA31576,"Principal City Civil & Sessions Court, Bengaluru",Aditi Verma,,,,
FIR,Heinous,Under Investigation,Karnataka,Kalaburagi,Kalaburagi District & Sessions Court,Police Station,Kalaburagi City PS,KA87206,Divya Das,Inspector,Circle Inspector,1970-06-01,Female,B Positive,0,2007-10-18,171361037202400145,202400145,2022-11-11,"On 08-11-2022, a case of Dark Web Crime was reported at Kalaburagi City PS, Kalaburagi district.",2022-11-08T05:00:00,2022-11-08T08:00:00,2022-11-08T15:00:00,17.3199,76.783,"Incident occurred near coordinates 17.3199, 76.783 within jurisdiction of Kalaburagi City PS.",Cyber Crime,Dark Web Crime,ITA,"Information Technology Act, 2000",IT Act,67,Publishing/transmitting obscene material electronically,1,1,Farhan Bhat,61,Private Employee,Hindu,General,Male,Anil Singh,25,Transgender,0,Dev Bhat,,Transgender,A1,1.0,2022-11-18T12:00:00,Karnataka,Kalaburagi,Kalaburagi City PS,KA87206,Kalaburagi District & Sessions Court,Dev Bhat,Aarav Kumar,,,
FIR,Heinous,Under Investigation,Karnataka,Kalaburagi,Kalaburagi District & Sessions Court,Police Station,Kalaburagi City PS,KA87206,Divya Das,Sub-Inspector,SHO,1991-11-24,Male,O Positive,0,2000-10-25,171361037202400145,202400145,2022-11-11,"On 08-11-2022, a case of Dark Web Crime was reported at Kalaburagi City PS, Kalaburagi district.",2022-11-08T05:00:00,2022-11-08T08:00:00,2022-11-08T15:00:00,17.3199,76.783,"Incident occurred near coordinates 17.3199, 76.783 within jurisdiction of Kalaburagi City PS.",Cyber Crime,Dark Web Crime,ITA,"Information Technology Act, 2000",IT Act,67,Publishing/transmitting obscene material electronically,1,1,,,,,,,,,,0,Aarav Kumar,,Transgender,A2,,,,,,,,,,,,
Zero FIR,Heinous,Report Beece (B-Report),Karnataka,Hubballi-Dharwad,Dharwad District & Sessions Court,Police Station,Dharwad Town PS,KA35051,Aditi Bhat,Constable,SHO,1977-04-04,Male,B Negative,1,2004-05-14,816771807202400146,202400146,2022-01-08,"On 06-01-2022, a case of Cheating was reported at Dharwad Town PS, Hubballi-Dharwad district.",2022-01-06T15:00:00,2022-01-06T23:00:00,2022-01-06T23:00:00,15.3742,75.1649,"Incident occurred near coordinates 15.3742, 75.1649 within jurisdiction of Dharwad Town PS.",Financial Crime,Cheating,IPC,Indian Penal Code,IPC,420,Cheating and dishonestly inducing delivery of property,1,1,Siddharth Pai,80,Private Employee,Hindu,General,Male,Manish Pai,25,Transgender,0,Siddharth Patil,,Transgender,A1,1.0,2022-01-15T23:00:00,Karnataka,Hubballi-Dharwad,Dharwad Town PS,KA35051,Dharwad District & Sessions Court,Siddharth Patil,,,,
PAR,Heinous,Report Beece (B-Report),Karnataka,Hubballi-Dharwad,Dharwad District & Sessions Court,Police Station,Dharwad Town PS,KA61456,Kiran Pai,Head Constable,Station Writer,1971-12-04,Female,O Positive,0,2008-06-16,379105164202300147,202300147,2022-05-26,"On 24-05-2022, a case of Grievous Hurt was reported at Dharwad Town PS, Hubballi-Dharwad district.",2022-05-24T09:00:00,2022-05-24T16:00:00,2022-05-24T18:00:00,15.3705,75.1117,"Incident occurred near coordinates 15.3705, 75.1117 within jurisdiction of Dharwad Town PS.",Crimes Against Body,Grievous Hurt,IPC,Indian Penal Code,IPC,325,Punishment for voluntarily causing grievous hurt,1,1,Bhavya Bhat,63,Private Employee,Hindu,General,Male,Bhavya Shenoy,39,Male,0,Nikhil Singh,,Female,A1,1.0,2022-06-02T17:00:00,Karnataka,Hubballi-Dharwad,Dharwad Town PS,KA61456,Dharwad District & Sessions Court,Nikhil Singh,Tanvi Das,,,
PAR,Heinous,Report Beece (B-Report),Karnataka,Hubballi-Dharwad,Dharwad District & Sessions Court,Police Station,Dharwad Town PS,KA61456,Kiran Pai,Inspector,SHO,1982-04-23,Female,A Positive,0,2020-05-06,379105164202300147,202300147,2022-05-26,"On 24-05-2022, a case of Grievous Hurt was reported at Dharwad Town PS, Hubballi-Dharwad district.",2022-05-24T09:00:00,2022-05-24T16:00:00,2022-05-24T18:00:00,15.3705,75.1117,"Incident occurred near coordinates 15.3705, 75.1117 within jurisdiction of Dharwad Town PS.",Crimes Against Body,Grievous Hurt,IPC,Indian Penal Code,IPC,325,Punishment for voluntarily causing grievous hurt,1,1,,,,,,,,,,0,Tanvi Das,,Male,A2,,,,,,,,,,,,
PAR,Non-Heinous,Undetected,Karnataka,Mandya,Mandya District & Sessions Court,Police Station,Mandya Town PS,KA60412,Sanjay Shetty,Deputy Superintendent,SHO,1977-06-22,Female,AB Negative,0,2011-05-23,349257235202400148,202400148,2025-02-07,"On 06-02-2025, a case of Burglary was reported at Mandya Town PS, Mandya district.",2025-02-06T07:00:00,2025-02-06T11:00:00,2025-02-06T10:00:00,12.5917,76.8281,"Incident occurred near coordinates 12.5917, 76.8281 within jurisdiction of Mandya Town PS.",Property Crimes,Burglary,IPC,Indian Penal Code,IPC,457,Lurking house-trespass or house-breaking by night,1,1,Vikram Pai,62,Private Employee,Hindu,General,Female,Kavya Shenoy,42,Female,0,Divya Joshi,,Male,A1,,,,,,,,,,,,
PAR,Heinous,Under Investigation,Karnataka,Hassan,Hassan District & Sessions Court,Police Station,Hassan Town PS,KA98270,Nikhil Pai,Constable,Investigating Officer,1997-05-25,Female,O Positive,0,2000-04-13,356509958202300149,202300149,2022-08-08,"On 03-08-2022, a case of Theft was reported at Hassan Town PS, Hassan district.",2022-08-03T08:00:00,2022-08-03T10:00:00,2022-08-04T05:00:00,13.0336,76.1245,"Incident occurred near coordinates 13.0336, 76.1245 within jurisdiction of Hassan Town PS.",Property Crimes,Theft,IPC,Indian Penal Code,IPC,379,Punishment for theft,1,1,Nikhil Sharma,32,Private Employee,Hindu,General,Transgender,Siddharth Rao,55,Female,0,Divya Deshmukh,25,Male,A1,1.0,2022-08-15T14:00:00,Karnataka,Hassan,Hassan Town PS,KA98270,Hassan District & Sessions Court,Divya Deshmukh,Anil Joshi,,,
PAR,Heinous,Under Investigation,Karnataka,Hassan,Hassan District & Sessions Court,Police Station,Hassan Town PS,KA98270,Nikhil Pai,Sub-Inspector,Circle Inspector,1986-12-15,Male,AB Negative,0,2000-07-14,356509958202300149,202300149,2022-08-08,"On 03-08-2022, a case of Theft was reported at Hassan Town PS, Hassan district.",2022-08-03T08:00:00,2022-08-03T10:00:00,2022-08-04T05:00:00,13.0336,76.1245,"Incident occurred near coordinates 13.0336, 76.1245 within jurisdiction of Hassan Town PS.",Property Crimes,Theft,IPC,Indian Penal Code,IPC,379,Punishment for theft,1,1,,,,,,,,,,0,Anil Joshi,48,Female,A2,,,,,,,,,,,,
PAR,Non-Heinous,Undetected,Karnataka,Ballari,Ballari District & Sessions Court,Police Station,Ballari City PS,KA55712,Tanvi Shenoy,Inspector,Circle Inspector,1998-06-28,Male,O Positive,0,2004-12-09,350904702202600150,202600150,2025-02-01,"On 30-01-2025, a case of Burglary was reported at Ballari City PS, Ballari district.",2025-01-30T09:00:00,2025-01-30T15:00:00,2025-01-30T15:00:00,15.1474,76.9515,"Incident occurred near coordinates 15.1474, 76.9515 within jurisdiction of Ballari City PS.",Property Crimes,Burglary,IPC,Indian Penal Code,IPC,457,Lurking house-trespass or house-breaking by night,1,1,Vikram Kumar,53,Private Employee,Hindu,General,Female,Sanjay Gowda,18,Female,0,Deepak Kumar,,Male,A1,,,,,,,,,,,,
PAR,Heinous,Undetected,Karnataka,Ballari,Ballari District & Sessions Court,Police Station,Ballari City PS,KA55712,Tanvi Shenoy,Constable,Station Writer,1970-04-22,Female,AB Negative,0,2011-09-15,350904702202600150,202600150,2025-02-01,"On 30-01-2025, a case of Burglary was reported at Ballari City PS, Ballari district.",2025-01-30T09:00:00,2025-01-30T15:00:00,2025-01-30T15:00:00,15.1474,76.9515,"Incident occurred near coordinates 15.1474, 76.9515 within jurisdiction of Ballari City PS.",Property Crimes,Burglary,IPC,Indian Penal Code,IPC,457,Lurking house-trespass or house-breaking by night,1,1,,,,,,,,,,0,Farhan Gowda,,Male,A2,,,,,,,,,,,,
PAR,Heinous,Chargesheet Filed,Karnataka,Tumakuru,Tumakuru District & Sessions Court,Police Station,Tumakuru Town PS,KA85922,Divya Naik,Sub-Inspector,Circle Inspector,1986-10-01,Female,A Positive,1,2001-03-01,383647515202300151,202300151,2025-07-20,"On 18-07-2025, a case of Robbery was reported at Tumakuru Town PS, Tumakuru district.",2025-07-18T00:00:00,2025-07-18T02:00:00,2025-07-18T09:00:00,13.3592,77.0893,"Incident occurred near coordinates 13.3592, 77.0893 within jurisdiction of Tumakuru Town PS.",Property Crimes,Robbery,IPC,Indian Penal Code,IPC,392,Punishment for robbery,1,1,Priya Sharma,36,Private Employee,Hindu,General,Male,Kavya Sharma,64,Male,0,Isha Naik,63,Female,A1,1.0,2025-07-27T12:00:00,Karnataka,Tumakuru,Tumakuru Town PS,KA85922,Tumakuru District & Sessions Court,Isha Naik,,2025-09-13T12:00:00,A,KA85922
PAR,Heinous,Report Beece (B-Report),Karnataka,Hassan,Hassan District & Sessions Court,Police Station,Hassan Town PS,KA51495,Chirag Deshmukh,Sub-Inspector,Circle Inspector,1970-02-26,Female,B Positive,0,2016-02-12,365164385202600152,202600152,2023-08-11,"On 06-08-2023, a case of Theft was reported at Hassan Town PS, Hassan district.",2023-08-06T22:00:00,2023-08-07T05:00:00,2023-08-07T05:00:00,12.969,76.1485,"Incident occurred near coordinates 12.969, 76.1485 within jurisdiction of Hassan Town PS.",Property Crimes,Theft,IPC,Indian Penal Code,IPC,379,Punishment for theft,1,1,Anil Verma,60,Private Employee,Hindu,General,Female,Priya Naik,5,Transgender,0,Siddharth Nair,,Male,A1,1.0,2023-08-18T01:00:00,Karnataka,Hassan,Hassan Town PS,KA51495,Hassan District & Sessions Court,Siddharth Nair,,,,
FIR,Non-Heinous,Chargesheet Filed,Karnataka,Mangaluru,Dakshina Kannada District & Sessions Court,Police Station,Mangaluru Town PS,KA19008,Deepak Singh,Deputy Superintendent,SHO,1998-08-07,Male,AB Negative,0,2014-09-14,116861541202200153,202200153,2025-04-18,"On 12-04-2025, a case of Robbery was reported at Mangaluru Town PS, Mangaluru district.",2025-04-12T14:00:00,2025-04-12T20:00:00,2025-04-12T23:00:00,12.8803,74.9189,"Incident occurred near coordinates 12.8803, 74.9189 within jurisdiction of Mangaluru Town PS.",Property Crimes,Robbery,IPC,Indian Penal Code,IPC,392,Punishment for robbery,1,1,Aarav Shenoy,22,Private Employee,Hindu,General,Female,Farhan Verma,20,Male,0,Meena Shetty,,Male,A1,1.0,2025-04-25T01:00:00,Karnataka,Mangaluru,Mangaluru Town PS,KA19008,Dakshina Kannada District & Sessions Court,Meena Shetty,"Manish Gowda,Sanjay Pai",2025-05-20T01:00:00,A,KA19008
FIR,Non-Heinous,Chargesheet Filed,Karnataka,Mangaluru,Dakshina Kannada District & Sessions Court,Police Station,Mangaluru Town PS,KA19008,Deepak Singh,Deputy Superintendent,Circle Inspector,1997-08-15,Female,AB Positive,1,2010-03-04,116861541202200153,202200153,2025-04-18,"On 12-04-2025, a case of Robbery was reported at Mangaluru Town PS, Mangaluru district.",2025-04-12T14:00:00,2025-04-12T20:00:00,2025-04-12T23:00:00,12.8803,74.9189,"Incident occurred near coordinates 12.8803, 74.9189 within jurisdiction of Mangaluru Town PS.",Property Crimes,Robbery,IPC,Indian Penal Code,IPC,392,Punishment for robbery,1,1,,,,,,,,,,0,Manish Gowda,,Female,A2,,,,,,,,,,,,
FIR,Non-Heinous,Chargesheet Filed,Karnataka,Mangaluru,Dakshina Kannada District & Sessions Court,Police Station,Mangaluru Town PS,KA19008,Deepak Singh,Constable,Station Writer,1985-03-02,Male,B Negative,0,2020-07-22,116861541202200153,202200153,2025-04-18,"On 12-04-2025, a case of Robbery was reported at Mangaluru Town PS, Mangaluru district.",2025-04-12T14:00:00,2025-04-12T20:00:00,2025-04-12T23:00:00,12.8803,74.9189,"Incident occurred near coordinates 12.8803, 74.9189 within jurisdiction of Mangaluru Town PS.",Property Crimes,Robbery,IPC,Indian Penal Code,IPC,392,Punishment for robbery,1,1,,,,,,,,,,0,Sanjay Pai,,Female,A3,,,,,,,,,,,,
PAR,Non-Heinous,Chargesheet Filed,Karnataka,Bagalkote,Bagalkote District & Sessions Court,Police Station,Bagalkote Town PS,KA13473,Sanjay Shetty,Head Constable,SHO,1988-06-06,Female,O Positive,0,2015-10-25,369127448202200154,202200154,2025-01-20,"On 17-01-2025, a case of Dark Web Crime was reported at Bagalkote Town PS, Bagalkote district.",2025-01-17T10:00:00,2025-01-17T13:00:00,2025-01-17T22:00:00,16.174,75.6356,"Incident occurred near coordinates 16.174, 75.6356 within jurisdiction of Bagalkote Town PS.",Cyber Crime,Dark Web Crime,ITA,"Information Technology Act, 2000",IT Act,67,Publishing/transmitting obscene material electronically,1,1,Manish Kulkarni,70,Private Employee,Hindu,General,Female,Rajesh Rao,64,Female,0,Suresh Pai,,Female,A1,1.0,2025-01-27T16:00:00,Karnataka,Bagalkote,Bagalkote Town PS,KA13473,Bagalkote District & Sessions Court,Suresh Pai,,2025-03-03T16:00:00,C,KA13473
FIR,Non-Heinous,Chargesheet Filed,Karnataka,Vijayapura,Vijayapura District & Sessions Court,Police Station,Vijayapura Town PS,KA73649,Sanjay Gowda,Inspector,SHO,1998-03-13,Male,B Negative,0,2007-06-24,110025143202500155,202500155,2023-12-19,"On 16-12-2023, a case of Burglary was reported at Vijayapura Town PS, Vijayapura district.",2023-12-16T12:00:00,2023-12-16T13:00:00,2023-12-16T16:00:00,16.9092,75.7693,"Incident occurred near coordinates 16.9092, 75.7693 within jurisdiction of Vijayapura Town PS.",Property Crimes,Burglary,IPC,Indian Penal Code,IPC,457,Lurking house-trespass or house-breaking by night,1,1,Kiran Reddy,37,Private Employee,Hindu,General,Male,Manish Gowda,68,Male,0,Manish Hegde,,Transgender,A1,1.0,2023-12-26T00:00:00,Karnataka,Vijayapura,Vijayapura Town PS,KA73649,Vijayapura District & Sessions Court,Manish Hegde,,2024-01-28T00:00:00,B,KA73649
FIR,Heinous,Chargesheet Filed,Karnataka,Kalaburagi,Kalaburagi District & Sessions Court,Police Station,Kalaburagi City PS,KA95217,Rajesh Shenoy,Deputy Superintendent,Station Writer,1976-07-23,Male,B Negative,0,2015-07-22,169149507202500156,202500156,2024-06-22,"On 19-06-2024, a case of Drug Offence was reported at Kalaburagi City PS, Kalaburagi district.",2024-06-19T09:00:00,2024-06-19T11:00:00,2024-06-20T03:00:00,17.285,76.7661,"Incident occurred near coordinates 17.285, 76.7661 within jurisdiction of Kalaburagi City PS.",Narcotics,Drug Offence,NDPS,"Narcotic Drugs and Psychotropic Substances Act, 1985",NDPS,20,Punishment for cannabis-related offences,1,1,Divya Sharma,32,Private Employee,Hindu,General,Transgender,Nikhil Nair,36,Female,0,Suresh Deshmukh,,Transgender,A1,1.0,2024-06-29T10:00:00,Karnataka,Kalaburagi,Kalaburagi City PS,KA95217,Kalaburagi District & Sessions Court,Suresh Deshmukh,,2024-07-09T10:00:00,A,KA95217
PAR,Non-Heinous,Report Beece (B-Report),Karnataka,Kolar,Kolar District & Sessions Court,Police Station,Kolar Town PS,KA74365,Meena Joshi,Head Constable,Station Writer,1973-06-04,Male,O Negative,0,2004-02-05,371348436202500157,202500157,2023-04-17,"On 16-04-2023, a case of Cryptocurrency Crime was reported at Kolar Town PS, Kolar district.",2023-04-16T17:00:00,2023-04-17T01:00:00,2023-04-17T11:00:00,13.1764,78.1374,"Incident occurred near coordinates 13.1764, 78.1374 within jurisdiction of Kolar Town PS.",Cyber Crime,Cryptocurrency Crime,ITA,"Information Technology Act, 2000",IT Act,66D,Cheating by personation using a computer resource,1,1,Manish Naik,72,Private Employee,Hindu,General,Male,Abhishek Naik,21,Female,0,Gautam Kumar,41,Male,A1,1.0,2023-04-24T19:00:00,Karnataka,Kolar,Kolar Town PS,KA74365,Kolar District & Sessions Court,Gautam Kumar,,,,
UDR,Heinous,Under Investigation,Karnataka,Hubballi-Dharwad,Dharwad District & Sessions Court,Police Station,Dharwad Town PS,KA87565,Chirag Verma,Constable,SHO,1997-02-20,Male,O Negative,0,2008-08-21,294037205202200158,202200158,2022-04-19,"On 15-04-2022, a case of Cheating was reported at Dharwad Town PS, Hubballi-Dharwad district.",2022-04-15T17:00:00,2022-04-15T20:00:00,2022-04-16T10:00:00,15.4283,75.0674,"Incident occurred near coordinates 15.4283, 75.0674 within jurisdiction of Dharwad Town PS.",Financial Crime,Cheating,IPC,Indian Penal Code,IPC,420,Cheating and dishonestly inducing delivery of property,1,1,Divya Kulkarni,48,Private Employee,Hindu,General,Female,Anil Shetty,42,Male,0,Esha Deshmukh,,Female,A1,1.0,2022-04-26T05:00:00,Karnataka,Hubballi-Dharwad,Dharwad Town PS,KA87565,Dharwad District & Sessions Court,Esha Deshmukh,"Kiran Rao,Anil Shetty",,,
UDR,Non-Heinous,Under Investigation,Karnataka,Hubballi-Dharwad,Dharwad District & Sessions Court,Police Station,Dharwad Town PS,KA87565,Chirag Verma,Deputy Superintendent,Investigating Officer,1988-08-04,Female,B Positive,0,2011-04-04,294037205202200158,202200158,2022-04-19,"On 15-04-2022, a case of Cheating was reported at Dharwad Town PS, Hubballi-Dharwad district.",2022-04-15T17:00:00,2022-04-15T20:00:00,2022-04-16T10:00:00,15.4283,75.0674,"Incident occurred near coordinates 15.4283, 75.0674 within jurisdiction of Dharwad Town PS.",Financial Crime,Cheating,IPC,Indian Penal Code,IPC,420,Cheating and dishonestly inducing delivery of property,1,1,,,,,,,,,,0,Kiran Rao,46,Transgender,A2,,,,,,,,,,,,
UDR,Non-Heinous,Under Investigation,Karnataka,Hubballi-Dharwad,Dharwad District & Sessions Court,Police Station,Dharwad Town PS,KA87565,Chirag Verma,Sub-Inspector,Investigating Officer,1989-07-07,Male,AB Negative,1,2014-05-28,294037205202200158,202200158,2022-04-19,"On 15-04-2022, a case of Cheating was reported at Dharwad Town PS, Hubballi-Dharwad district.",2022-04-15T17:00:00,2022-04-15T20:00:00,2022-04-16T10:00:00,15.4283,75.0674,"Incident occurred near coordinates 15.4283, 75.0674 within jurisdiction of Dharwad Town PS.",Financial Crime,Cheating,IPC,Indian Penal Code,IPC,420,Cheating and dishonestly inducing delivery of property,1,1,,,,,,,,,,0,Anil Shetty,41,Transgender,A3,,,,,,,,,,,,
UDR,Heinous,Report Beece (B-Report),Karnataka,Bidar,Bidar District & Sessions Court,Police Station,Bidar Town PS,KA37000,Sanjay Shetty,Head Constable,Station Writer,1970-05-27,Male,O Negative,1,2004-04-18,263159705202200159,202200159,2025-02-05,"On 04-02-2025, a case of Murder was reported at Bidar Town PS, Bidar district.",2025-02-04T16:00:00,2025-02-04T22:00:00,2025-02-05T15:00:00,17.8833,77.4489,"Incident occurred near coordinates 17.8833, 77.4489 within jurisdiction of Bidar Town PS.",Crimes Against Body,Murder,IPC,Indian Penal Code,IPC,302,Punishment for murder,1,1,Farhan Kumar,57,Private Employee,Hindu,General,Transgender,Sanjay Rao,40,Female,0,Siddharth Kulkarni,,Male,A1,1.0,2025-02-12T20:00:00,Karnataka,Bidar,Bidar Town PS,KA37000,Bidar District & Sessions Court,Siddharth Kulkarni,"Dev Shetty,Ananya Bhat",,,
UDR,Non-Heinous,Report Beece (B-Report),Karnataka,Bidar,Bidar District & Sessions Court,Police Station,Bidar Town PS,KA37000,Sanjay Shetty,Constable,Circle Inspector,1998-04-28,Female,O Negative,0,2017-04-24,263159705202200159,202200159,2025-02-05,"On 04-02-2025, a case of Murder was reported at Bidar Town PS, Bidar district.",2025-02-04T16:00:00,2025-02-04T22:00:00,2025-02-05T15:00:00,17.8833,77.4489,"Incident occurred near coordinates 17.8833, 77.4489 within jurisdiction of Bidar Town PS.",Crimes Against Body,Murder,IPC,Indian Penal Code,IPC,302,Punishment for murder,1,1,,,,,,,,,,0,Dev Shetty,,Male,A2,,,,,,,,,,,,
UDR,Non-Heinous,Report Beece (B-Report),Karnataka,Bidar,Bidar District & Sessions Court,Police Station,Bidar Town PS,KA37000,Sanjay Shetty,Inspector,Circle Inspector,1974-04-16,Female,B Negative,0,2010-01-25,263159705202200159,202200159,2025-02-05,"On 04-02-2025, a case of Murder was reported at Bidar Town PS, Bidar district.",2025-02-04T16:00:00,2025-02-04T22:00:00,2025-02-05T15:00:00,17.8833,77.4489,"Incident occurred near coordinates 17.8833, 77.4489 within jurisdiction of Bidar Town PS.",Crimes Against Body,Murder,IPC,Indian Penal Code,IPC,302,Punishment for murder,1,1,,,,,,,,,,0,Ananya Bhat,,Transgender,A3,,,,,,,,,,,,
UDR,Heinous,Under Investigation,Karnataka,Mysuru,Mysuru District & Sessions Court,Police Station,Saraswathipuram PS,KA77270,Aarav Verma,Head Constable,Circle Inspector,1980-02-05,Male,O Negative,0,2013-02-08,211204198202300160,202300160,2024-06-26,"On 21-06-2024, a case of Drug Offence was reported at Saraswathipuram PS, Mysuru district.",2024-06-21T20:00:00,2024-06-22T00:00:00,2024-06-22T01:00:00,12.2237,76.6457,"Incident occurred near coordinates 12.2237, 76.6457 within jurisdiction of Saraswathipuram PS.",Narcotics,Drug Offence,NDPS,"Narcotic Drugs and Psychotropic Substances Act, 1985",NDPS,20,Punishment for cannabis-related offences,1,1,Bhavya Joshi,62,Private Employee,Hindu,General,Male,Esha Rao,51,Female,0,Sunil Gowda,,Transgender,A1,1.0,2024-07-03T02:00:00,Karnataka,Mysuru,Saraswathipuram PS,KA77270,Mysuru District & Sessions Court,Sunil Gowda,,,,
FIR,Heinous,Undetected,Karnataka,Mangaluru,Dakshina Kannada District & Sessions Court,Police Station,Mangaluru Town PS,KA60962,Aarav Hegde,Deputy Superintendent,Investigating Officer,1987-06-24,Female,O Positive,1,2012-02-02,157322028202400161,202400161,2024-08-23,"On 18-08-2024, a case of Robbery was reported at Mangaluru Town PS, Mangaluru district.",2024-08-18T00:00:00,2024-08-18T03:00:00,2024-08-18T23:00:00,12.8799,74.9089,"Incident occurred near coordinates 12.8799, 74.9089 within jurisdiction of Mangaluru Town PS.",Property Crimes,Robbery,IPC,Indian Penal Code,IPC,392,Punishment for robbery,1,1,Anil Sharma,31,Private Employee,Hindu,General,Transgender,Kiran Deshmukh,60,Male,0,Ananya Das,58,Transgender,A1,,,,,,,,,,,,
PAR,Heinous,Chargesheet Filed,Karnataka,Tumakuru,Tumakuru District & Sessions Court,Police Station,Tumakuru Town PS,KA76267,Pooja Naik,Head Constable,SHO,1998-07-27,Male,A Negative,1,2005-09-17,326546838202200162,202200162,2023-05-22,"On 20-05-2023, a case of Cryptocurrency Crime was reported at Tumakuru Town PS, Tumakuru district.",2023-05-20T05:00:00,2023-05-20T06:00:00,2023-05-20T19:00:00,13.3109,77.1448,"Incident occurred near coordinates 13.3109, 77.1448 within jurisdiction of Tumakuru Town PS.",Cyber Crime,Cryptocurrency Crime,ITA,"Information Technology Act, 2000",IT Act,66D,Cheating by personation using a computer resource,1,1,Farhan Rao,44,Private Employee,Hindu,General,Transgender,Meena Kamath,54,Transgender,0,Anil Pai,49,Male,A1,1.0,2023-05-29T08:00:00,Karnataka,Tumakuru,Tumakuru Town PS,KA76267,Tumakuru District & Sessions Court,Anil Pai,Vikram Reddy,2023-07-07T08:00:00,B,KA76267
PAR,Heinous,Chargesheet Filed,Karnataka,Tumakuru,Tumakuru District & Sessions Court,Police Station,Tumakuru Town PS,KA76267,Pooja Naik,Deputy Superintendent,SHO,1977-04-01,Male,B Negative,0,2013-02-02,326546838202200162,202200162,2023-05-22,"On 20-05-2023, a case of Cryptocurrency Crime was reported at Tumakuru Town PS, Tumakuru district.",2023-05-20T05:00:00,2023-05-20T06:00:00,2023-05-20T19:00:00,13.3109,77.1448,"Incident occurred near coordinates 13.3109, 77.1448 within jurisdiction of Tumakuru Town PS.",Cyber Crime,Cryptocurrency Crime,ITA,"Information Technology Act, 2000",IT Act,66D,Cheating by personation using a computer resource,1,1,,,,,,,,,,0,Vikram Reddy,,Male,A2,,,,,,,,,,,,
PAR,Non-Heinous,Report Beece (B-Report),Karnataka,Mandya,Mandya District & Sessions Court,Police Station,Mandya Town PS,KA13604,Rahul Kumar,Deputy Superintendent,Investigating Officer,1977-05-23,Male,AB Positive,0,2010-09-08,330298223202300163,202300163,2024-04-01,"On 28-03-2024, a case of Cheating was reported at Mandya Town PS, Mandya district.",2024-03-28T07:00:00,2024-03-28T14:00:00,2024-03-28T21:00:00,12.5846,76.8928,"Incident occurred near coordinates 12.5846, 76.8928 within jurisdiction of Mandya Town PS.",Financial Crime,Cheating,IPC,Indian Penal Code,IPC,420,Cheating and dishonestly inducing delivery of property,1,1,Farhan Nair,68,Private Employee,Hindu,General,Transgender,Manish Kumar,55,Transgender,0,Nikhil Kamath,,Male,A1,1.0,2024-04-08T17:00:00,Karnataka,Mandya,Mandya Town PS,KA13604,Mandya District & Sessions Court,Nikhil Kamath,,,,
Zero FIR,Heinous,Chargesheet Filed,Karnataka,Davangere,Davangere District & Sessions Court,Police Station,Davangere Extension PS,KA71679,Bhavya Joshi,Constable,SHO,1990-11-09,Male,O Negative,1,2002-07-01,840901607202200164,202200164,2022-04-24,"On 21-04-2022, a case of Cyber Crime was reported at Davangere Extension PS, Davangere district.",2022-04-21T05:00:00,2022-04-21T13:00:00,2022-04-22T01:00:00,14.3869,75.92,"Incident occurred near coordinates 14.3869, 75.92 within jurisdiction of Davangere Extension PS.",Cyber Crime,Cyber Crime,ITA,"Information Technology Act, 2000",IT Act,66C,Identity theft using computer resource,1,1,Siddharth Shenoy,31,Private Employee,Hindu,General,Female,Anil Bhat,47,Transgender,0,Aditi Bhat,39,Male,A1,1.0,2022-05-01T16:00:00,Karnataka,Davangere,Davangere Extension PS,KA71679,Davangere District & Sessions Court,Aditi Bhat,,2022-05-27T16:00:00,A,KA71679
FIR,Heinous,Undetected,Karnataka,Davangere,Davangere District & Sessions Court,Police Station,Davangere Extension PS,KA62350,Anil Shetty,Head Constable,Circle Inspector,1985-02-24,Male,O Positive,0,2004-07-03,180837707202600165,202600165,2023-10-18,"On 16-10-2023, a case of Assault was reported at Davangere Extension PS, Davangere district.",2023-10-16T16:00:00,2023-10-16T20:00:00,2023-10-17T09:00:00,14.5373,75.8681,"Incident occurred near coordinates 14.5373, 75.8681 within jurisdiction of Davangere Extension PS.",Crimes Against Body,Assault,IPC,Indian Penal Code,IPC,351,Assault,1,1,Suresh Deshmukh,48,Private Employee,Hindu,General,Female,Gautam Rao,41,Male,0,Chirag Singh,53,Transgender,A1,,,,,,,,,,,,
FIR,Non-Heinous,Undetected,Karnataka,Davangere,Davangere District & Sessions Court,Police Station,Davangere Extension PS,KA62350,Anil Shetty,Deputy Superintendent,Circle Inspector,1983-10-12,Male,AB Negative,1,2020-02-11,180837707202600165,202600165,2023-10-18,"On 16-10-2023, a case of Assault was reported at Davangere Extension PS, Davangere district.",2023-10-16T16:00:00,2023-10-16T20:00:00,2023-10-17T09:00:00,14.5373,75.8681,"Incident occurred near coordinates 14.5373, 75.8681 within jurisdiction of Davangere Extension PS.",Crimes Against Body,Assault,IPC,Indian Penal Code,IPC,351,Assault,1,1,,,,,,,,,,0,Hari Verma,52,Male,A2,,,,,,,,,,,,
Zero FIR,Heinous,Under Investigation,Karnataka,Udupi,Udupi District & Sessions Court,Police Station,Udupi Town PS,KA51212,Anil Singh,Deputy Superintendent,Circle Inspector,1979-06-11,Female,A Positive,1,2014-10-19,859945662202300166,202300166,2022-08-13,"On 11-08-2022, a case of Cyber Crime was reported at Udupi Town PS, Udupi district.",2022-08-11T04:00:00,2022-08-11T09:00:00,2022-08-11T17:00:00,13.3961,74.7723,"Incident occurred near coordinates 13.3961, 74.7723 within jurisdiction of Udupi Town PS.",Cyber Crime,Cyber Crime,ITA,"Information Technology Act, 2000",IT Act,66C,Identity theft using computer resource,1,1,Isha Naik,24,Private Employee,Hindu,General,Male,Anil Joshi,55,Female,0,Nikhil Deshmukh,20,Transgender,A1,1.0,2022-08-20T11:00:00,Karnataka,Udupi,Udupi Town PS,KA51212,Udupi District & Sessions Court,Nikhil Deshmukh,,,,
PAR,Non-Heinous,Report Beece (B-Report),Karnataka,Udupi,Udupi District & Sessions Court,Police Station,Udupi Town PS,KA34158,Sunil Naik,Deputy Superintendent,SHO,1987-10-13,Male,A Positive,0,2004-07-27,373245470202500167,202500167,2025-02-24,"On 23-02-2025, a case of Assault was reported at Udupi Town PS, Udupi district.",2025-02-23T10:00:00,2025-02-23T13:00:00,2025-02-24T01:00:00,13.3999,74.6707,"Incident occurred near coordinates 13.3999, 74.6707 within jurisdiction of Udupi Town PS.",Crimes Against Body,Assault,IPC,Indian Penal Code,IPC,351,Assault,1,1,Suresh Nair,51,Private Employee,Hindu,General,Male,Priya Das,48,Female,0,Suresh Patil,,Transgender,A1,1.0,2025-03-03T22:00:00,Karnataka,Udupi,Udupi Town PS,KA34158,Udupi District & Sessions Court,Suresh Patil,,,,
Zero FIR,Heinous,Report Beece (B-Report),Karnataka,Chikkamagaluru,Chikkamagaluru District & Sessions Court,Police Station,Chikkamagaluru PS,KA11582,Suresh Nair,Head Constable,Station Writer,1974-01-20,Female,AB Negative,0,2019-07-12,899439008202600168,202600168,2024-12-01,"On 26-11-2024, a case of Assault was reported at Chikkamagaluru PS, Chikkamagaluru district.",2024-11-26T23:00:00,2024-11-27T06:00:00,2024-11-27T01:00:00,13.299,75.8105,"Incident occurred near coordinates 13.299, 75.8105 within jurisdiction of Chikkamagaluru PS.",Crimes Against Body,Assault,IPC,Indian Penal Code,IPC,351,Assault,1,1,Siddharth Gowda,29,Private Employee,Hindu,General,Male,Dev Rao,53,Female,0,Dev Verma,,Male,A1,1.0,2024-12-08T10:00:00,Karnataka,Chikkamagaluru,Chikkamagaluru PS,KA11582,Chikkamagaluru District & Sessions Court,Dev Verma,,,,
Zero FIR,Non-Heinous,Report Beece (B-Report),Karnataka,Hubballi-Dharwad,Dharwad District & Sessions Court,Police Station,Dharwad Town PS,KA70829,Hari Gowda,Sub-Inspector,Investigating Officer,1997-11-05,Female,O Positive,0,2018-08-03,888664473202600169,202600169,2024-02-21,"On 15-02-2024, a case of Drug Offence was reported at Dharwad Town PS, Hubballi-Dharwad district.",2024-02-15T22:00:00,2024-02-16T03:00:00,2024-02-16T19:00:00,15.4331,75.1492,"Incident occurred near coordinates 15.4331, 75.1492 within jurisdiction of Dharwad Town PS.",Narcotics,Drug Offence,NDPS,"Narcotic Drugs and Psychotropic Substances Act, 1985",NDPS,20,Punishment for cannabis-related offences,1,1,Pooja Deshmukh,37,Private Employee,Hindu,General,Transgender,Farhan Verma,16,Male,0,Ananya Shetty,48,Transgender,A1,1.0,2024-02-28T00:00:00,Karnataka,Hubballi-Dharwad,Dharwad Town PS,KA70829,Dharwad District & Sessions Court,Ananya Shetty,"Ananya Naik,Vikram Kulkarni",,,
Zero FIR,Heinous,Report Beece (B-Report),Karnataka,Hubballi-Dharwad,Dharwad District & Sessions Court,Police Station,Dharwad Town PS,KA70829,Hari Gowda,Head Constable,Station Writer,1997-07-26,Female,AB Positive,1,2004-04-20,888664473202600169,202600169,2024-02-21,"On 15-02-2024, a case of Drug Offence was reported at Dharwad Town PS, Hubballi-Dharwad district.",2024-02-15T22:00:00,2024-02-16T03:00:00,2024-02-16T19:00:00,15.4331,75.1492,"Incident occurred near coordinates 15.4331, 75.1492 within jurisdiction of Dharwad Town PS.",Narcotics,Drug Offence,NDPS,"Narcotic Drugs and Psychotropic Substances Act, 1985",NDPS,20,Punishment for cannabis-related offences,1,1,,,,,,,,,,0,Ananya Naik,29,Transgender,A2,,,,,,,,,,,,
Zero FIR,Heinous,Report Beece (B-Report),Karnataka,Hubballi-Dharwad,Dharwad District & Sessions Court,Police Station,Dharwad Town PS,KA70829,Hari Gowda,Constable,Circle Inspector,1981-02-28,Female,AB Positive,1,2019-08-18,888664473202600169,202600169,2024-02-21,"On 15-02-2024, a case of Drug Offence was reported at Dharwad Town PS, Hubballi-Dharwad district.",2024-02-15T22:00:00,2024-02-16T03:00:00,2024-02-16T19:00:00,15.4331,75.1492,"Incident occurred near coordinates 15.4331, 75.1492 within jurisdiction of Dharwad Town PS.",Narcotics,Drug Offence,NDPS,"Narcotic Drugs and Psychotropic Substances Act, 1985",NDPS,20,Punishment for cannabis-related offences,1,1,,,,,,,,,,0,Vikram Kulkarni,53,Female,A3,,,,,,,,,,,,
FIR,Heinous,Undetected,Karnataka,Hassan,Hassan District & Sessions Court,Police Station,Hassan Town PS,KA53892,Siddharth Kumar,Head Constable,Station Writer,1985-12-27,Male,O Negative,0,2020-05-05,123165572202300170,202300170,2024-08-15,"On 13-08-2024, a case of Dark Web Crime was reported at Hassan Town PS, Hassan district.",2024-08-13T08:00:00,2024-08-13T09:00:00,2024-08-14T07:00:00,13.0345,76.0228,"Incident occurred near coordinates 13.0345, 76.0228 within jurisdiction of Hassan Town PS.",Cyber Crime,Dark Web Crime,ITA,"Information Technology Act, 2000",IT Act,67,Publishing/transmitting obscene material electronically,1,1,Deepak Bhat,26,Private Employee,Hindu,General,Transgender,Sanjay Gowda,51,Transgender,0,Sanjay Shenoy,,Male,A1,,,,,,,,,,,,
FIR,Heinous,Undetected,Karnataka,Hassan,Hassan District & Sessions Court,Police Station,Hassan Town PS,KA53892,Siddharth Kumar,Head Constable,Investigating Officer,1994-02-01,Female,O Negative,0,2004-10-13,123165572202300170,202300170,2024-08-15,"On 13-08-2024, a case of Dark Web Crime was reported at Hassan Town PS, Hassan district.",2024-08-13T08:00:00,2024-08-13T09:00:00,2024-08-14T07:00:00,13.0345,76.0228,"Incident occurred near coordinates 13.0345, 76.0228 within jurisdiction of Hassan Town PS.",Cyber Crime,Dark Web Crime,ITA,"Information Technology Act, 2000",IT Act,67,Publishing/transmitting obscene material electronically,1,1,,,,,,,,,,0,Rajesh Joshi,73,Female,A2,,,,,,,,,,,,
FIR,Non-Heinous,Undetected,Karnataka,Hassan,Hassan District & Sessions Court,Police Station,Hassan Town PS,KA53892,Siddharth Kumar,Inspector,SHO,1974-06-12,Male,A Positive,1,2012-05-01,123165572202300170,202300170,2024-08-15,"On 13-08-2024, a case of Dark Web Crime was reported at Hassan Town PS, Hassan district.",2024-08-13T08:00:00,2024-08-13T09:00:00,2024-08-14T07:00:00,13.0345,76.0228,"Incident occurred near coordinates 13.0345, 76.0228 within jurisdiction of Hassan Town PS.",Cyber Crime,Dark Web Crime,ITA,"Information Technology Act, 2000",IT Act,67,Publishing/transmitting obscene material electronically,1,1,,,,,,,,,,0,Abhishek Shenoy,,Female,A3,,,,,,,,,,,,
FIR,Non-Heinous,Chargesheet Filed,Karnataka,Bengaluru Rural,Bengaluru Rural District & Sessions Court,Police Station,Bengaluru Rural PS,KA23317,Farhan Kulkarni,Head Constable,Investigating Officer,1984-12-26,Female,AB Negative,0,2005-02-04,175425598202300171,202300171,2024-10-16,"On 13-10-2024, a case of Theft was reported at Bengaluru Rural PS, Bengaluru Rural district.",2024-10-13T12:00:00,2024-10-13T14:00:00,2024-10-13T15:00:00,13.3474,77.6001,"Incident occurred near coordinates 13.3474, 77.6001 within jurisdiction of Bengaluru Rural PS.",Property Crimes,Theft,IPC,Indian Penal Code,IPC,379,Punishment for theft,1,1,Deepak Kamath,23,Private Employee,Hindu,General,Transgender,Ananya Shetty,35,Female,0,Manish Pai,,Transgender,A1,1.0,2024-10-23T16:00:00,Karnataka,Bengaluru Rural,Bengaluru Rural PS,KA23317,Bengaluru Rural District & Sessions Court,Manish Pai,,2024-12-12T16:00:00,C,KA23317
UDR,Non-Heinous,Under Investigation,Karnataka,Hubballi-Dharwad,Dharwad District & Sessions Court,Police Station,Dharwad Town PS,KA33551,Sunil Naik,Inspector,Circle Inspector,1990-12-17,Male,A Negative,0,2004-06-20,218105632202400172,202400172,2023-06-30,"On 25-06-2023, a case of Cyber Crime was reported at Dharwad Town PS, Hubballi-Dharwad district.",2023-06-25T08:00:00,2023-06-25T11:00:00,2023-06-25T21:00:00,15.3745,75.1439,"Incident occurred near coordinates 15.3745, 75.1439 within jurisdiction of Dharwad Town PS.",Cyber Crime,Cyber Crime,ITA,"Information Technology Act, 2000",IT Act,66C,Identity theft using computer resource,1,1,Manish Kumar,47,Private Employee,Hindu,General,Male,Abhishek Shenoy,30,Transgender,0,Aditi Kulkarni,,Male,A1,1.0,2023-07-07T20:00:00,Karnataka,Hubballi-Dharwad,Dharwad Town PS,KA33551,Dharwad District & Sessions Court,Aditi Kulkarni,,,,
PAR,Heinous,Under Investigation,Karnataka,Kalaburagi,Kalaburagi District & Sessions Court,Police Station,Kalaburagi City PS,KA85507,Esha Gowda,Deputy Superintendent,Investigating Officer,1990-05-04,Female,AB Positive,0,2000-03-06,340561411202600173,202600173,2024-06-08,"On 05-06-2024, a case of Money Laundering was reported at Kalaburagi City PS, Kalaburagi district.",2024-06-05T00:00:00,2024-06-05T01:00:00,2024-06-05T11:00:00,17.292,76.8188,"Incident occurred near coordinates 17.292, 76.8188 within jurisdiction of Kalaburagi City PS.",Financial Crime,Money Laundering,PMLA,"Prevention of Money Laundering Act, 2002",PMLA,3,Offence of money laundering,1,1,Sunil Pai,42,Private Employee,Hindu,General,Transgender,Manish Naik,5,Female,0,Divya Kamath,,Male,A1,1.0,2024-06-15T09:00:00,Karnataka,Kalaburagi,Kalaburagi City PS,KA85507,Kalaburagi District & Sessions Court,Divya Kamath,,,,
Zero FIR,Non-Heinous,Report Beece (B-Report),Karnataka,Chikkamagaluru,Chikkamagaluru District & Sessions Court,Police Station,Chikkamagaluru PS,KA54221,Kavya Naik,Inspector,Circle Inspector,1992-06-27,Male,B Negative,0,2016-11-23,898819051202400174,202400174,2025-01-04,"On 01-01-2025, a case of Dark Web Crime was reported at Chikkamagaluru PS, Chikkamagaluru district.",2025-01-01T07:00:00,2025-01-01T09:00:00,2025-01-01T22:00:00,13.249,75.8355,"Incident occurred near coordinates 13.249, 75.8355 within jurisdiction of Chikkamagaluru PS.",Cyber Crime,Dark Web Crime,ITA,"Information Technology Act, 2000",IT Act,67,Publishing/transmitting obscene material electronically,1,1,Hari Deshmukh,45,Private Employee,Hindu,General,Transgender,Bhavya Kamath,27,Male,0,Rahul Hegde,,Male,A1,1.0,2025-01-11T09:00:00,Karnataka,Chikkamagaluru,Chikkamagaluru PS,KA54221,Chikkamagaluru District & Sessions Court,Rahul Hegde,"Siddharth Kulkarni,Divya Rao",,,
Zero FIR,Heinous,Report Beece (B-Report),Karnataka,Chikkamagaluru,Chikkamagaluru District & Sessions Court,Police Station,Chikkamagaluru PS,KA54221,Kavya Naik,Sub-Inspector,Circle Inspector,1994-12-05,Male,AB Positive,1,2005-03-20,898819051202400174,202400174,2025-01-04,"On 01-01-2025, a case of Dark Web Crime was reported at Chikkamagaluru PS, Chikkamagaluru district.",2025-01-01T07:00:00,2025-01-01T09:00:00,2025-01-01T22:00:00,13.249,75.8355,"Incident occurred near coordinates 13.249, 75.8355 within jurisdiction of Chikkamagaluru PS.",Cyber Crime,Dark Web Crime,ITA,"Information Technology Act, 2000",IT Act,67,Publishing/transmitting obscene material electronically,1,1,,,,,,,,,,0,Siddharth Kulkarni,43,Male,A2,,,,,,,,,,,,
Zero FIR,Non-Heinous,Report Beece (B-Report),Karnataka,Chikkamagaluru,Chikkamagaluru District & Sessions Court,Police Station,Chikkamagaluru PS,KA54221,Kavya Naik,Sub-Inspector,SHO,1980-03-03,Male,A Positive,0,2003-10-12,898819051202400174,202400174,2025-01-04,"On 01-01-2025, a case of Dark Web Crime was reported at Chikkamagaluru PS, Chikkamagaluru district.",2025-01-01T07:00:00,2025-01-01T09:00:00,2025-01-01T22:00:00,13.249,75.8355,"Incident occurred near coordinates 13.249, 75.8355 within jurisdiction of Chikkamagaluru PS.",Cyber Crime,Dark Web Crime,ITA,"Information Technology Act, 2000",IT Act,67,Publishing/transmitting obscene material electronically,1,1,,,,,,,,,,0,Divya Rao,,Female,A3,,,,,,,,,,,,
PAR,Heinous,Undetected,Karnataka,Bidar,Bidar District & Sessions Court,Police Station,Bidar Town PS,KA71471,Hari Nair,Inspector,Circle Inspector,1986-07-03,Male,O Positive,0,2001-12-05,324486594202500175,202500175,2023-06-11,"On 08-06-2023, a case of Cryptocurrency Crime was reported at Bidar Town PS, Bidar district.",2023-06-08T13:00:00,2023-06-08T18:00:00,2023-06-08T22:00:00,17.9291,77.4835,"Incident occurred near coordinates 17.9291, 77.4835 within jurisdiction of Bidar Town PS.",Cyber Crime,Cryptocurrency Crime,ITA,"Information Technology Act, 2000",IT Act,66D,Cheating by personation using a computer resource,1,1,Sanjay Shetty,40,Private Employee,Hindu,General,Female,Deepak Verma,6,Female,0,Meena Joshi,,Male,A1,,,,,,,,,,,,
FIR,Heinous,Report Beece (B-Report),Karnataka,Ballari,Ballari District & Sessions Court,Police Station,Ballari City PS,KA66548,Tanvi Pai,Head Constable,SHO,1971-01-08,Male,B Negative,0,2009-05-27,173131104202200176,202200176,2022-09-01,"On 28-08-2022, a case of Money Laundering was reported at Ballari City PS, Ballari district.",2022-08-28T05:00:00,2022-08-28T12:00:00,2022-08-28T18:00:00,15.1651,76.9238,"Incident occurred near coordinates 15.1651, 76.9238 within jurisdiction of Ballari City PS.",Financial Crime,Money Laundering,PMLA,"Prevention of Money Laundering Act, 2002",PMLA,3,Offence of money laundering,1,1,Esha Bhat,71,Private Employee,Hindu,General,Male,Vikram Sharma,12,Female,0,Sanjay Pai,,Male,A1,1.0,2022-09-08T08:00:00,Karnataka,Ballari,Ballari City PS,KA66548,Ballari District & Sessions Court,Sanjay Pai,,,,
PAR,Non-Heinous,Report Beece (B-Report),Karnataka,Hassan,Hassan District & Sessions Court,Police Station,Hassan Town PS,KA41359,Dev Sharma,Inspector,Station Writer,1982-12-26,Female,O Negative,0,2006-09-04,349653842202200177,202200177,2022-02-27,"On 24-02-2022, a case of Cheating was reported at Hassan Town PS, Hassan district.",2022-02-24T17:00:00,2022-02-24T18:00:00,2022-02-24T23:00:00,13.0337,76.1783,"Incident occurred near coordinates 13.0337, 76.1783 within jurisdiction of Hassan Town PS.",Financial Crime,Cheating,IPC,Indian Penal Code,IPC,420,Cheating and dishonestly inducing delivery of property,1,1,Isha Verma,73,Private Employee,Hindu,General,Transgender,Divya Singh,10,Transgender,0,Dev Nair,,Male,A1,1.0,2022-03-06T05:00:00,Karnataka,Hassan,Hassan Town PS,KA41359,Hassan District & Sessions Court,Dev Nair,,,,
UDR,Non-Heinous,Chargesheet Filed,Karnataka,Ramanagara,Ramanagara District & Sessions Court,Police Station,Ramanagara Town PS,KA98726,Gautam Reddy,Sub-Inspector,Investigating Officer,1997-01-23,Female,AB Negative,0,2005-01-03,228756966202600178,202600178,2025-08-19,"On 18-08-2025, a case of Burglary was reported at Ramanagara Town PS, Ramanagara district.",2025-08-18T03:00:00,2025-08-18T08:00:00,2025-08-19T00:00:00,12.7354,77.3476,"Incident occurred near coordinates 12.7354, 77.3476 within jurisdiction of Ramanagara Town PS.",Property Crimes,Burglary,IPC,Indian Penal Code,IPC,457,Lurking house-trespass or house-breaking by night,1,1,Kavya Verma,40,Private Employee,Hindu,General,Female,Deepak Singh,66,Male,0,Priya Bhat,,Female,A1,1.0,2025-08-26T10:00:00,Karnataka,Ramanagara,Ramanagara Town PS,KA98726,Ramanagara District & Sessions Court,Priya Bhat,,2025-10-01T10:00:00,A,KA98726
Zero FIR,Non-Heinous,Undetected,Karnataka,Belagavi,Belagavi District & Sessions Court,Police Station,Belagavi City PS,KA35596,Kiran Kumar,Sub-Inspector,Station Writer,1994-01-04,Male,O Negative,1,2011-08-17,857669699202600179,202600179,2024-01-03,"On 29-12-2023, a case of Cyber Crime was reported at Belagavi City PS, Belagavi district.",2023-12-29T09:00:00,2023-12-29T13:00:00,2023-12-30T09:00:00,15.8475,74.5056,"Incident occurred near coordinates 15.8475, 74.5056 within jurisdiction of Belagavi City PS.",Cyber Crime,Cyber Crime,ITA,"Information Technology Act, 2000",IT Act,66C,Identity theft using computer resource,1,1,Nikhil Verma,47,Private Employee,Hindu,General,Transgender,Priya Kulkarni,61,Female,0,Tanvi Patil,,Transgender,A1,,,,,,,,,,,,
UDR,Heinous,Report Beece (B-Report),Karnataka,Bengaluru Rural,Bengaluru Rural District & Sessions Court,Police Station,Bengaluru Rural PS,KA40328,Gautam Sharma,Deputy Superintendent,Circle Inspector,1996-09-28,Female,AB Negative,1,2019-12-23,214994877202300180,202300180,2025-06-14,"On 13-06-2025, a case of Drug Offence was reported at Bengaluru Rural PS, Bengaluru Rural district.",2025-06-13T07:00:00,2025-06-13T12:00:00,2025-06-13T21:00:00,13.2078,77.5661,"Incident occurred near coordinates 13.2078, 77.5661 within jurisdiction of Bengaluru Rural PS.",Narcotics,Drug Offence,NDPS,"Narcotic Drugs and Psychotropic Substances Act, 1985",NDPS,20,Punishment for cannabis-related offences,1,1,Siddharth Patil,28,Private Employee,Hindu,General,Female,Aarav Patil,14,Transgender,0,Kavya Sharma,,Female,A1,1.0,2025-06-21T10:00:00,Karnataka,Bengaluru Rural,Bengaluru Rural PS,KA40328,Bengaluru Rural District & Sessions Court,Kavya Sharma,Siddharth Singh,,,
UDR,Heinous,Report Beece (B-Report),Karnataka,Bengaluru Rural,Bengaluru Rural District & Sessions Court,Police Station,Bengaluru Rural PS,KA40328,Gautam Sharma,Constable,SHO,1984-12-17,Female,B Positive,0,2011-04-01,214994877202300180,202300180,2025-06-14,"On 13-06-2025, a case of Drug Offence was reported at Bengaluru Rural PS, Bengaluru Rural district.",2025-06-13T07:00:00,2025-06-13T12:00:00,2025-06-13T21:00:00,13.2078,77.5661,"Incident occurred near coordinates 13.2078, 77.5661 within jurisdiction of Bengaluru Rural PS.",Narcotics,Drug Offence,NDPS,"Narcotic Drugs and Psychotropic Substances Act, 1985",NDPS,20,Punishment for cannabis-related offences,1,1,,,,,,,,,,0,Siddharth Singh,,Transgender,A2,,,,,,,,,,,,
FIR,Non-Heinous,Undetected,Karnataka,Bagalkote,Bagalkote District & Sessions Court,Police Station,Bagalkote Town PS,KA40817,Hari Kamath,Inspector,SHO,1975-09-03,Male,O Negative,0,2000-02-12,151528039202400181,202400181,2023-05-29,"On 28-05-2023, a case of Cheating was reported at Bagalkote Town PS, Bagalkote district.",2023-05-28T04:00:00,2023-05-28T11:00:00,2023-05-28T17:00:00,16.1537,75.7577,"Incident occurred near coordinates 16.1537, 75.7577 within jurisdiction of Bagalkote Town PS.",Financial Crime,Cheating,IPC,Indian Penal Code,IPC,420,Cheating and dishonestly inducing delivery of property,1,1,Deepak Deshmukh,47,Private Employee,Hindu,General,Transgender,Manish Pai,64,Transgender,0,Sanjay Rao,43,Male,A1,,,,,,,,,,,,
FIR,Heinous,Undetected,Karnataka,Bagalkote,Bagalkote District & Sessions Court,Police Station,Bagalkote Town PS,KA40817,Hari Kamath,Sub-Inspector,Investigating Officer,1984-02-07,Female,A Negative,0,2014-06-15,151528039202400181,202400181,2023-05-29,"On 28-05-2023, a case of Cheating was reported at Bagalkote Town PS, Bagalkote district.",2023-05-28T04:00:00,2023-05-28T11:00:00,2023-05-28T17:00:00,16.1537,75.7577,"Incident occurred near coordinates 16.1537, 75.7577 within jurisdiction of Bagalkote Town PS.",Financial Crime,Cheating,IPC,Indian Penal Code,IPC,420,Cheating and dishonestly inducing delivery of property,1,1,,,,,,,,,,0,Nikhil Singh,60,Male,A2,,,,,,,,,,,,
Zero FIR,Non-Heinous,Chargesheet Filed,Karnataka,Bengaluru Rural,Bengaluru Rural District & Sessions Court,Police Station,Bengaluru Rural PS,KA91217,Kiran Hegde,Constable,Investigating Officer,1973-01-23,Male,B Negative,1,2015-07-28,834099910202400182,202400182,2023-07-03,"On 29-06-2023, a case of Robbery was reported at Bengaluru Rural PS, Bengaluru Rural district.",2023-06-29T00:00:00,2023-06-29T02:00:00,2023-06-29T16:00:00,13.3324,77.523,"Incident occurred near coordinates 13.3324, 77.523 within jurisdiction of Bengaluru Rural PS.",Property Crimes,Robbery,IPC,Indian Penal Code,IPC,392,Punishment for robbery,1,1,Kiran Shenoy,27,Private Employee,Hindu,General,Female,Deepak Hegde,47,Female,0,Nikhil Shetty,,Transgender,A1,1.0,2023-07-10T09:00:00,Karnataka,Bengaluru Rural,Bengaluru Rural PS,KA91217,Bengaluru Rural District & Sessions Court,Nikhil Shetty,"Siddharth Gowda,Nikhil Sharma",2023-07-21T09:00:00,A,KA91217
Zero FIR,Non-Heinous,Chargesheet Filed,Karnataka,Bengaluru Rural,Bengaluru Rural District & Sessions Court,Police Station,Bengaluru Rural PS,KA91217,Kiran Hegde,Constable,Investigating Officer,1996-05-28,Male,A Negative,0,2015-02-08,834099910202400182,202400182,2023-07-03,"On 29-06-2023, a case of Robbery was reported at Bengaluru Rural PS, Bengaluru Rural district.",2023-06-29T00:00:00,2023-06-29T02:00:00,2023-06-29T16:00:00,13.3324,77.523,"Incident occurred near coordinates 13.3324, 77.523 within jurisdiction of Bengaluru Rural PS.",Property Crimes,Robbery,IPC,Indian Penal Code,IPC,392,Punishment for robbery,1,1,,,,,,,,,,0,Siddharth Gowda,68,Male,A2,,,,,,,,,,,,
Zero FIR,Non-Heinous,Chargesheet Filed,Karnataka,Bengaluru Rural,Bengaluru Rural District & Sessions Court,Police Station,Bengaluru Rural PS,KA91217,Kiran Hegde,Constable,Station Writer,1984-06-20,Male,B Positive,0,2009-06-20,834099910202400182,202400182,2023-07-03,"On 29-06-2023, a case of Robbery was reported at Bengaluru Rural PS, Bengaluru Rural district.",2023-06-29T00:00:00,2023-06-29T02:00:00,2023-06-29T16:00:00,13.3324,77.523,"Incident occurred near coordinates 13.3324, 77.523 within jurisdiction of Bengaluru Rural PS.",Property Crimes,Robbery,IPC,Indian Penal Code,IPC,392,Punishment for robbery,1,1,,,,,,,,,,0,Nikhil Sharma,21,Transgender,A3,,,,,,,,,,,,
FIR,Heinous,Chargesheet Filed,Karnataka,Vijayapura,Vijayapura District & Sessions Court,Police Station,Vijayapura Town PS,KA93389,Pooja Hegde,Constable,Station Writer,1989-05-09,Male,B Negative,1,2019-01-02,169641670202600183,202600183,2023-09-30,"On 29-09-2023, a case of Cheating was reported at Vijayapura Town PS, Vijayapura district.",2023-09-29T00:00:00,2023-09-29T06:00:00,2023-09-29T13:00:00,16.8263,75.7175,"Incident occurred near coordinates 16.8263, 75.7175 within jurisdiction of Vijayapura Town PS.",Financial Crime,Cheating,IPC,Indian Penal Code,IPC,420,Cheating and dishonestly inducing delivery of property,1,1,Divya Joshi,52,Private Employee,Hindu,General,Transgender,Meena Shenoy,21,Transgender,0,Esha Verma,65,Male,A1,1.0,2023-10-07T01:00:00,Karnataka,Vijayapura,Vijayapura Town PS,KA93389,Vijayapura District & Sessions Court,Esha Verma,,2023-10-28T01:00:00,B,KA93389
UDR,Non-Heinous,Chargesheet Filed,Karnataka,Mandya,Mandya District & Sessions Court,Police Station,Mandya Town PS,KA35439,Kiran Singh,Inspector,Investigating Officer,1981-06-18,Male,A Negative,1,2016-04-23,213001826202600184,202600184,2022-01-04,"On 30-12-2021, a case of Theft was reported at Mandya Town PS, Mandya district.",2021-12-30T20:00:00,2021-12-30T22:00:00,2021-12-31T09:00:00,12.5105,76.9491,"Incident occurred near coordinates 12.5105, 76.9491 within jurisdiction of Mandya Town PS.",Property Crimes,Theft,IPC,Indian Penal Code,IPC,379,Punishment for theft,1,1,Priya Sharma,42,Private Employee,Hindu,General,Female,Nikhil Verma,42,Male,0,Chirag Kamath,38,Male,A1,1.0,2022-01-11T07:00:00,Karnataka,Mandya,Mandya Town PS,KA35439,Mandya District & Sessions Court,Chirag Kamath,,2022-02-26T07:00:00,B,KA35439
UDR,Heinous,Report Beece (B-Report),Karnataka,Bengaluru Urban,"Principal City Civil & Sessions Court, Bengaluru",Police Station,Bengaluru City PS,KA37107,Hari Kamath,Sub-Inspector,Circle Inspector,1987-08-10,Female,O Positive,0,2020-05-17,298709675202400185,202400185,2025-06-28,"On 27-06-2025, a case of Dark Web Crime was reported at Bengaluru City PS, Bengaluru Urban district.",2025-06-27T11:00:00,2025-06-27T17:00:00,2025-06-27T19:00:00,12.9275,77.5831,"Incident occurred near coordinates 12.9275, 77.5831 within jurisdiction of Bengaluru City PS.",Cyber Crime,Dark Web Crime,ITA,"Information Technology Act, 2000",IT Act,67,Publishing/transmitting obscene material electronically,1,1,Bhavya Joshi,47,Private Employee,Hindu,General,Male,Siddharth Gowda,16,Female,0,Farhan Shetty,,Transgender,A1,1.0,2025-07-05T17:00:00,Karnataka,Bengaluru Urban,Bengaluru City PS,KA37107,"Principal City Civil & Sessions Court, Bengaluru",Farhan Shetty,"Hari Nair,Abhishek Patil",,,
UDR,Non-Heinous,Report Beece (B-Report),Karnataka,Bengaluru Urban,"Principal City Civil & Sessions Court, Bengaluru",Police Station,Bengaluru City PS,KA37107,Hari Kamath,Inspector,Investigating Officer,1992-01-01,Female,B Negative,1,2019-06-20,298709675202400185,202400185,2025-06-28,"On 27-06-2025, a case of Dark Web Crime was reported at Bengaluru City PS, Bengaluru Urban district.",2025-06-27T11:00:00,2025-06-27T17:00:00,2025-06-27T19:00:00,12.9275,77.5831,"Incident occurred near coordinates 12.9275, 77.5831 within jurisdiction of Bengaluru City PS.",Cyber Crime,Dark Web Crime,ITA,"Information Technology Act, 2000",IT Act,67,Publishing/transmitting obscene material electronically,1,1,,,,,,,,,,0,Hari Nair,29,Male,A2,,,,,,,,,,,,
UDR,Non-Heinous,Report Beece (B-Report),Karnataka,Bengaluru Urban,"Principal City Civil & Sessions Court, Bengaluru",Police Station,Bengaluru City PS,KA37107,Hari Kamath,Inspector,Circle Inspector,1970-03-07,Female,B Positive,0,2003-02-10,298709675202400185,202400185,2025-06-28,"On 27-06-2025, a case of Dark Web Crime was reported at Bengaluru City PS, Bengaluru Urban district.",2025-06-27T11:00:00,2025-06-27T17:00:00,2025-06-27T19:00:00,12.9275,77.5831,"Incident occurred near coordinates 12.9275, 77.5831 within jurisdiction of Bengaluru City PS.",Cyber Crime,Dark Web Crime,ITA,"Information Technology Act, 2000",IT Act,67,Publishing/transmitting obscene material electronically,1,1,,,,,,,,,,0,Abhishek Patil,,Transgender,A3,,,,,,,,,,,,
Zero FIR,Heinous,Report Beece (B-Report),Karnataka,Bidar,Bidar District & Sessions Court,Police Station,Bidar Town PS,KA44633,Priya Rao,Sub-Inspector,SHO,1970-01-12,Female,A Negative,0,2016-07-28,865747898202200186,202200186,2024-01-21,"On 18-01-2024, a case of Burglary was reported at Bidar Town PS, Bidar district.",2024-01-18T14:00:00,2024-01-18T22:00:00,2024-01-18T22:00:00,17.9417,77.5649,"Incident occurred near coordinates 17.9417, 77.5649 within jurisdiction of Bidar Town PS.",Property Crimes,Burglary,IPC,Indian Penal Code,IPC,457,Lurking house-trespass or house-breaking by night,1,1,Dev Bhat,39,Private Employee,Hindu,General,Male,Suresh Deshmukh,41,Female,0,Nikhil Reddy,,Male,A1,1.0,2024-01-28T01:00:00,Karnataka,Bidar,Bidar Town PS,KA44633,Bidar District & Sessions Court,Nikhil Reddy,"Divya Naik,Sunil Joshi",,,
Zero FIR,Non-Heinous,Report Beece (B-Report),Karnataka,Bidar,Bidar District & Sessions Court,Police Station,Bidar Town PS,KA44633,Priya Rao,Sub-Inspector,Investigating Officer,1975-06-24,Female,B Positive,1,2002-10-25,865747898202200186,202200186,2024-01-21,"On 18-01-2024, a case of Burglary was reported at Bidar Town PS, Bidar district.",2024-01-18T14:00:00,2024-01-18T22:00:00,2024-01-18T22:00:00,17.9417,77.5649,"Incident occurred near coordinates 17.9417, 77.5649 within jurisdiction of Bidar Town PS.",Property Crimes,Burglary,IPC,Indian Penal Code,IPC,457,Lurking house-trespass or house-breaking by night,1,1,,,,,,,,,,0,Divya Naik,,Female,A2,,,,,,,,,,,,
Zero FIR,Non-Heinous,Report Beece (B-Report),Karnataka,Bidar,Bidar District & Sessions Court,Police Station,Bidar Town PS,KA44633,Priya Rao,Sub-Inspector,Station Writer,1975-02-06,Male,B Positive,0,2000-02-08,865747898202200186,202200186,2024-01-21,"On 18-01-2024, a case of Burglary was reported at Bidar Town PS, Bidar district.",2024-01-18T14:00:00,2024-01-18T22:00:00,2024-01-18T22:00:00,17.9417,77.5649,"Incident occurred near coordinates 17.9417, 77.5649 within jurisdiction of Bidar Town PS.",Property Crimes,Burglary,IPC,Indian Penal Code,IPC,457,Lurking house-trespass or house-breaking by night,1,1,,,,,,,,,,0,Sunil Joshi,75,Female,A3,,,,,,,,,,,,
UDR,Non-Heinous,Undetected,Karnataka,Davangere,Davangere District & Sessions Court,Police Station,Davangere Extension PS,KA57312,Sanjay Kulkarni,Deputy Superintendent,SHO,1989-03-23,Male,B Positive,0,2004-01-05,225219247202600187,202600187,2023-11-23,"On 21-11-2023, a case of Cyber Crime was reported at Davangere Extension PS, Davangere district.",2023-11-21T13:00:00,2023-11-21T16:00:00,2023-11-21T23:00:00,14.4505,75.9515,"Incident occurred near coordinates 14.4505, 75.9515 within jurisdiction of Davangere Extension PS.",Cyber Crime,Cyber Crime,ITA,"Information Technology Act, 2000",IT Act,66C,Identity theft using computer resource,1,1,Kiran Kumar,36,Private Employee,Hindu,General,Male,Rajesh Naik,34,Male,0,Rahul Singh,,Female,A1,,,,,,,,,,,,
UDR,Non-Heinous,Undetected,Karnataka,Davangere,Davangere District & Sessions Court,Police Station,Davangere Extension PS,KA57312,Sanjay Kulkarni,Sub-Inspector,Investigating Officer,1986-04-01,Male,AB Negative,0,2000-04-16,225219247202600187,202600187,2023-11-23,"On 21-11-2023, a case of Cyber Crime was reported at Davangere Extension PS, Davangere district.",2023-11-21T13:00:00,2023-11-21T16:00:00,2023-11-21T23:00:00,14.4505,75.9515,"Incident occurred near coordinates 14.4505, 75.9515 within jurisdiction of Davangere Extension PS.",Cyber Crime,Cyber Crime,ITA,"Information Technology Act, 2000",IT Act,66C,Identity theft using computer resource,1,1,,,,,,,,,,0,Esha Kulkarni,34,Female,A2,,,,,,,,,,,,
PAR,Non-Heinous,Under Investigation,Karnataka,Kalaburagi,Kalaburagi District & Sessions Court,Police Station,Kalaburagi City PS,KA57903,Sunil Sharma,Sub-Inspector,Investigating Officer,1971-01-11,Male,O Positive,1,2002-01-20,312645849202200188,202200188,2025-03-03,"On 26-02-2025, a case of Drug Offence was reported at Kalaburagi City PS, Kalaburagi district.",2025-02-26T04:00:00,2025-02-26T10:00:00,2025-02-27T02:00:00,17.3371,76.8961,"Incident occurred near coordinates 17.3371, 76.8961 within jurisdiction of Kalaburagi City PS.",Narcotics,Drug Offence,NDPS,"Narcotic Drugs and Psychotropic Substances Act, 1985",NDPS,20,Punishment for cannabis-related offences,1,1,Hari Verma,57,Private Employee,Hindu,General,Transgender,Dev Patil,12,Transgender,0,Sunil Kumar,45,Transgender,A1,1.0,2025-03-10T07:00:00,Karnataka,Kalaburagi,Kalaburagi City PS,KA57903,Kalaburagi District & Sessions Court,Sunil Kumar,,,,
PAR,Non-Heinous,Report Beece (B-Report),Karnataka,Hubballi-Dharwad,Dharwad District & Sessions Court,Police Station,Dharwad Town PS,KA53194,Manish Sharma,Head Constable,Station Writer,1989-09-28,Male,O Positive,1,2020-08-25,368658783202400189,202400189,2025-06-27,"On 22-06-2025, a case of Cheating was reported at Dharwad Town PS, Hubballi-Dharwad district.",2025-06-22T19:00:00,2025-06-22T22:00:00,2025-06-23T03:00:00,15.4434,75.0642,"Incident occurred near coordinates 15.4434, 75.0642 within jurisdiction of Dharwad Town PS.",Financial Crime,Cheating,IPC,Indian Penal Code,IPC,420,Cheating and dishonestly inducing delivery of property,1,1,Hari Verma,60,Private Employee,Hindu,General,Female,Kiran Verma,63,Transgender,0,Kiran Naik,49,Male,A1,1.0,2025-07-04T20:00:00,Karnataka,Hubballi-Dharwad,Dharwad Town PS,KA53194,Dharwad District & Sessions Court,Kiran Naik,Aarav Kamath,,,
PAR,Heinous,Report Beece (B-Report),Karnataka,Hubballi-Dharwad,Dharwad District & Sessions Court,Police Station,Dharwad Town PS,KA53194,Manish Sharma,Deputy Superintendent,Investigating Officer,1972-01-19,Female,O Negative,0,2018-02-16,368658783202400189,202400189,2025-06-27,"On 22-06-2025, a case of Cheating was reported at Dharwad Town PS, Hubballi-Dharwad district.",2025-06-22T19:00:00,2025-06-22T22:00:00,2025-06-23T03:00:00,15.4434,75.0642,"Incident occurred near coordinates 15.4434, 75.0642 within jurisdiction of Dharwad Town PS.",Financial Crime,Cheating,IPC,Indian Penal Code,IPC,420,Cheating and dishonestly inducing delivery of property,1,1,,,,,,,,,,0,Aarav Kamath,,Transgender,A2,,,,,,,,,,,,
UDR,Non-Heinous,Under Investigation,Karnataka,Mandya,Mandya District & Sessions Court,Police Station,Mandya Town PS,KA19724,Tanvi Reddy,Sub-Inspector,SHO,1973-02-21,Female,B Negative,1,2014-09-05,258746581202200190,202200190,2022-10-21,"On 19-10-2022, a case of Cyber Crime was reported at Mandya Town PS, Mandya district.",2022-10-19T15:00:00,2022-10-19T21:00:00,2022-10-19T22:00:00,12.4679,76.9546,"Incident occurred near coordinates 12.4679, 76.9546 within jurisdiction of Mandya Town PS.",Cyber Crime,Cyber Crime,ITA,"Information Technology Act, 2000",IT Act,66C,Identity theft using computer resource,1,1,Kiran Joshi,80,Private Employee,Hindu,General,Transgender,Sunil Das,49,Transgender,0,Sanjay Das,70,Male,A1,1.0,2022-10-28T01:00:00,Karnataka,Mandya,Mandya Town PS,KA19724,Mandya District & Sessions Court,Sanjay Das,,,,
PAR,Non-Heinous,Chargesheet Filed,Karnataka,Bagalkote,Bagalkote District & Sessions Court,Police Station,Bagalkote Town PS,KA89382,Chirag Pai,Inspector,SHO,1978-09-26,Male,AB Negative,0,2003-01-28,366405188202500191,202500191,2023-07-10,"On 08-07-2023, a case of Assault was reported at Bagalkote Town PS, Bagalkote district.",2023-07-08T13:00:00,2023-07-08T21:00:00,2023-07-09T00:00:00,16.2118,75.7408,"Incident occurred near coordinates 16.2118, 75.7408 within jurisdiction of Bagalkote Town PS.",Crimes Against Body,Assault,IPC,Indian Penal Code,IPC,351,Assault,1,1,Kavya Das,44,Private Employee,Hindu,General,Male,Abhishek Reddy,61,Transgender,0,Chirag Nair,73,Female,A1,1.0,2023-07-17T00:00:00,Karnataka,Bagalkote,Bagalkote Town PS,KA89382,Bagalkote District & Sessions Court,Chirag Nair,,2023-07-26T00:00:00,A,KA89382
UDR,Non-Heinous,Undetected,Karnataka,Belagavi,Belagavi District & Sessions Court,Police Station,Belagavi City PS,KA38935,Chirag Patil,Head Constable,Station Writer,1993-07-05,Female,AB Positive,1,2019-05-02,295159539202600192,202600192,2024-05-21,"On 16-05-2024, a case of Assault was reported at Belagavi City PS, Belagavi district.",2024-05-16T19:00:00,2024-05-17T01:00:00,2024-05-17T14:00:00,15.9288,74.5233,"Incident occurred near coordinates 15.9288, 74.5233 within jurisdiction of Belagavi City PS.",Crimes Against Body,Assault,IPC,Indian Penal Code,IPC,351,Assault,1,1,Pooja Rao,41,Private Employee,Hindu,General,Transgender,Sanjay Reddy,26,Female,0,Chirag Hegde,51,Female,A1,,,,,,,,,,,,
UDR,Non-Heinous,Chargesheet Filed,Karnataka,Mandya,Mandya District & Sessions Court,Police Station,Mandya Town PS,KA99764,Nikhil Joshi,Deputy Superintendent,SHO,1979-09-19,Female,A Negative,1,2016-03-16,290225137202500193,202500193,2022-03-03,"On 01-03-2022, a case of Murder was reported at Mandya Town PS, Mandya district.",2022-03-01T14:00:00,2022-03-01T16:00:00,2022-03-01T22:00:00,12.5089,76.8709,"Incident occurred near coordinates 12.5089, 76.8709 within jurisdiction of Mandya Town PS.",Crimes Against Body,Murder,IPC,Indian Penal Code,IPC,302,Punishment for murder,1,1,Gautam Kamath,62,Private Employee,Hindu,General,Female,Gautam Kulkarni,43,Transgender,0,Abhishek Rao,,Female,A1,1.0,2022-03-10T00:00:00,Karnataka,Mandya,Mandya Town PS,KA99764,Mandya District & Sessions Court,Abhishek Rao,,2022-04-28T00:00:00,A,KA99764
FIR,Non-Heinous,Under Investigation,Karnataka,Hassan,Hassan District & Sessions Court,Police Station,Hassan Town PS,KA62239,Gautam Rao,Constable,Investigating Officer,1979-09-08,Male,A Negative,0,2020-05-06,162482083202200194,202200194,2023-10-28,"On 23-10-2023, a case of Cryptocurrency Crime was reported at Hassan Town PS, Hassan district.",2023-10-23T11:00:00,2023-10-23T15:00:00,2023-10-23T16:00:00,12.978,76.0367,"Incident occurred near coordinates 12.978, 76.0367 within jurisdiction of Hassan Town PS.",Cyber Crime,Cryptocurrency Crime,ITA,"Information Technology Act, 2000",IT Act,66D,Cheating by personation using a computer resource,1,1,Nikhil Kamath,28,Private Employee,Hindu,General,Transgender,Sunil Nair,66,Male,0,Abhishek Verma,74,Male,A1,1.0,2023-11-04T23:00:00,Karnataka,Hassan,Hassan Town PS,KA62239,Hassan District & Sessions Court,Abhishek Verma,,,,
Zero FIR,Non-Heinous,Chargesheet Filed,Karnataka,Mysuru,Mysuru District & Sessions Court,Police Station,Saraswathipuram PS,KA82946,Vikram Hegde,Sub-Inspector,Circle Inspector,1985-05-06,Female,O Positive,0,2008-06-09,851788620202500195,202500195,2023-08-16,"On 11-08-2023, a case of Murder was reported at Saraswathipuram PS, Mysuru district.",2023-08-11T07:00:00,2023-08-11T10:00:00,2023-08-11T20:00:00,12.3631,76.6306,"Incident occurred near coordinates 12.3631, 76.6306 within jurisdiction of Saraswathipuram PS.",Crimes Against Body,Murder,IPC,Indian Penal Code,IPC,302,Punishment for murder,1,1,Manish Bhat,38,Private Employee,Hindu,General,Transgender,Siddharth Pai,31,Female,0,Sunil Reddy,,Male,A1,1.0,2023-08-23T16:00:00,Karnataka,Mysuru,Saraswathipuram PS,KA82946,Mysuru District & Sessions Court,Sunil Reddy,,2023-08-31T16:00:00,B,KA82946
FIR,Heinous,Chargesheet Filed,Karnataka,Bengaluru Rural,Bengaluru Rural District & Sessions Court,Police Station,Bengaluru Rural PS,KA95416,Siddharth Bhat,Deputy Superintendent,Circle Inspector,1990-02-08,Female,A Negative,1,2019-05-14,111285114202200196,202200196,2024-12-20,"On 15-12-2024, a case of Murder was reported at Bengaluru Rural PS, Bengaluru Rural district.",2024-12-15T23:00:00,2024-12-16T04:00:00,2024-12-16T18:00:00,13.218,77.6131,"Incident occurred near coordinates 13.218, 77.6131 within jurisdiction of Bengaluru Rural PS.",Crimes Against Body,Murder,IPC,Indian Penal Code,IPC,302,Punishment for murder,1,1,Esha Verma,45,Private Employee,Hindu,General,Transgender,Manish Singh,5,Female,0,Manish Singh,,Transgender,A1,1.0,2024-12-27T06:00:00,Karnataka,Bengaluru Rural,Bengaluru Rural PS,KA95416,Bengaluru Rural District & Sessions Court,Manish Singh,,2025-02-16T06:00:00,A,KA95416
UDR,Heinous,Chargesheet Filed,Karnataka,Kolar,Kolar District & Sessions Court,Police Station,Kolar Town PS,KA50419,Aarav Singh,Constable,Station Writer,1984-07-15,Female,A Positive,1,2011-09-20,240686034202200197,202200197,2023-02-27,"On 26-02-2023, a case of Dark Web Crime was reported at Kolar Town PS, Kolar district.",2023-02-26T09:00:00,2023-02-26T14:00:00,2023-02-27T01:00:00,13.1627,78.075,"Incident occurred near coordinates 13.1627, 78.075 within jurisdiction of Kolar Town PS.",Cyber Crime,Dark Web Crime,ITA,"Information Technology Act, 2000",IT Act,67,Publishing/transmitting obscene material electronically,1,1,Vikram Reddy,36,Private Employee,Hindu,General,Female,Esha Reddy,5,Transgender,0,Rajesh Naik,46,Female,A1,1.0,2023-03-06T16:00:00,Karnataka,Kolar,Kolar Town PS,KA50419,Kolar District & Sessions Court,Rajesh Naik,,2023-03-16T16:00:00,C,KA50419
PAR,Heinous,Report Beece (B-Report),Karnataka,Kolar,Kolar District & Sessions Court,Police Station,Kolar Town PS,KA29424,Farhan Singh,Deputy Superintendent,Circle Inspector,1974-05-06,Male,B Negative,0,2003-06-11,318484925202600198,202600198,2023-04-09,"On 05-04-2023, a case of Drug Offence was reported at Kolar Town PS, Kolar district.",2023-04-05T05:00:00,2023-04-05T11:00:00,2023-04-05T14:00:00,13.2149,78.074,"Incident occurred near coordinates 13.2149, 78.074 within jurisdiction of Kolar Town PS.",Narcotics,Drug Offence,NDPS,"Narcotic Drugs and Psychotropic Substances Act, 1985",NDPS,20,Punishment for cannabis-related offences,1,1,Manish Das,22,Private Employee,Hindu,General,Male,Sanjay Bhat,30,Male,0,Dev Nair,65,Transgender,A1,1.0,2023-04-16T11:00:00,Karnataka,Kolar,Kolar Town PS,KA29424,Kolar District & Sessions Court,Dev Nair,,,,
Zero FIR,Heinous,Under Investigation,Karnataka,Bengaluru Urban,"Principal City Civil & Sessions Court, Bengaluru",Police Station,Bengaluru City PS,KA31635,Aditi Kamath,Deputy Superintendent,SHO,1997-01-02,Female,A Negative,0,2016-11-02,860332900202400199,202400199,2025-01-24,"On 20-01-2025, a case of Theft was reported at Bengaluru City PS, Bengaluru Urban district.",2025-01-20T17:00:00,2025-01-20T22:00:00,2025-01-21T14:00:00,12.9553,77.6629,"Incident occurred near coordinates 12.9553, 77.6629 within jurisdiction of Bengaluru City PS.",Property Crimes,Theft,IPC,Indian Penal Code,IPC,379,Punishment for theft,1,1,Gautam Das,66,Private Employee,Hindu,General,Transgender,Sanjay Sharma,23,Transgender,0,Farhan Gowda,55,Male,A1,1.0,2025-01-31T18:00:00,Karnataka,Bengaluru Urban,Bengaluru City PS,KA31635,"Principal City Civil & Sessions Court, Bengaluru",Farhan Gowda,,,,
FIR,Heinous,Report Beece (B-Report),Karnataka,Hubballi-Dharwad,Dharwad District & Sessions Court,Police Station,Dharwad Town PS,KA37014,Esha Joshi,Sub-Inspector,Station Writer,1997-04-14,Female,B Positive,1,2013-02-09,171377291202300200,202300200,2022-11-08,"On 05-11-2022, a case of Dark Web Crime was reported at Dharwad Town PS, Hubballi-Dharwad district.",2022-11-05T16:00:00,2022-11-05T22:00:00,2022-11-05T18:00:00,15.4149,75.1353,"Incident occurred near coordinates 15.4149, 75.1353 within jurisdiction of Dharwad Town PS.",Cyber Crime,Dark Web Crime,ITA,"Information Technology Act, 2000",IT Act,67,Publishing/transmitting obscene material electronically,1,1,Aarav Joshi,36,Private Employee,Hindu,General,Female,Sunil Kulkarni,39,Male,0,Hari Rao,35,Female,A1,1.0,2022-11-15T23:00:00,Karnataka,Hubballi-Dharwad,Dharwad Town PS,KA37014,Dharwad District & Sessions Court,Hari Rao,,,,
Zero FIR,Non-Heinous,Report Beece (B-Report),Karnataka,Mangaluru,Dakshina Kannada District & Sessions Court,Police Station,Mangaluru Town PS,KA97106,Divya Das,Head Constable,Investigating Officer,1977-01-28,Female,AB Negative,0,2003-07-05,860911638202500201,202500201,2024-02-02,"On 28-01-2024, a case of Drug Offence was reported at Mangaluru Town PS, Mangaluru district.",2024-01-28T16:00:00,2024-01-28T23:00:00,2024-01-29T15:00:00,12.9815,74.8463,"Incident occurred near coordinates 12.9815, 74.8463 within jurisdiction of Mangaluru Town PS.",Narcotics,Drug Offence,NDPS,"Narcotic Drugs and Psychotropic Substances Act, 1985",NDPS,20,Punishment for cannabis-related offences,1,1,Bhavya Shetty,72,Private Employee,Hindu,General,Male,Aditi Pai,31,Transgender,0,Abhishek Verma,,Male,A1,1.0,2024-02-09T18:00:00,Karnataka,Mangaluru,Mangaluru Town PS,KA97106,Dakshina Kannada District & Sessions Court,Abhishek Verma,,,,
PAR,Non-Heinous,Report Beece (B-Report),Karnataka,Kolar,Kolar District & Sessions Court,Police Station,Kolar Town PS,KA47392,Isha Patil,Constable,Circle Inspector,1997-11-11,Male,B Positive,0,2003-04-21,349954597202500202,202500202,2025-04-22,"On 19-04-2025, a case of Murder was reported at Kolar Town PS, Kolar district.",2025-04-19T19:00:00,2025-04-20T02:00:00,2025-04-20T10:00:00,13.0679,78.0962,"Incident occurred near coordinates 13.0679, 78.0962 within jurisdiction of Kolar Town PS.",Crimes Against Body,Murder,IPC,Indian Penal Code,IPC,302,Punishment for murder,1,1,Hari Gowda,78,Private Employee,Hindu,General,Transgender,Gautam Gowda,46,Male,0,Bhavya Bhat,69,Transgender,A1,1.0,2025-04-29T01:00:00,Karnataka,Kolar,Kolar Town PS,KA47392,Kolar District & Sessions Court,Bhavya Bhat,Anil Sharma,,,
PAR,Non-Heinous,Report Beece (B-Report),Karnataka,Kolar,Kolar District & Sessions Court,Police Station,Kolar Town PS,KA47392,Isha Patil,Sub-Inspector,Circle Inspector,1987-08-01,Male,A Positive,0,2012-02-14,349954597202500202,202500202,2025-04-22,"On 19-04-2025, a case of Murder was reported at Kolar Town PS, Kolar district.",2025-04-19T19:00:00,2025-04-20T02:00:00,2025-04-20T10:00:00,13.0679,78.0962,"Incident occurred near coordinates 13.0679, 78.0962 within jurisdiction of Kolar Town PS.",Crimes Against Body,Murder,IPC,Indian Penal Code,IPC,302,Punishment for murder,1,1,,,,,,,,,,0,Anil Sharma,73,Female,A2,,,,,,,,,,,,
PAR,Non-Heinous,Report Beece (B-Report),Karnataka,Bidar,Bidar District & Sessions Court,Police Station,Bidar Town PS,KA32023,Divya Kumar,Constable,Station Writer,1973-05-15,Male,O Negative,0,2017-12-02,372286494202500203,202500203,2022-10-10,"On 06-10-2022, a case of Murder was reported at Bidar Town PS, Bidar district.",2022-10-06T06:00:00,2022-10-06T13:00:00,2022-10-07T05:00:00,17.9037,77.5259,"Incident occurred near coordinates 17.9037, 77.5259 within jurisdiction of Bidar Town PS.",Crimes Against Body,Murder,IPC,Indian Penal Code,IPC,302,Punishment for murder,1,1,Suresh Shetty,78,Private Employee,Hindu,General,Female,Abhishek Sharma,6,Female,0,Deepak Gowda,65,Female,A1,1.0,2022-10-17T09:00:00,Karnataka,Bidar,Bidar Town PS,KA32023,Bidar District & Sessions Court,Deepak Gowda,Priya Joshi,,,
PAR,Heinous,Report Beece (B-Report),Karnataka,Bidar,Bidar District & Sessions Court,Police Station,Bidar Town PS,KA32023,Divya Kumar,Inspector,SHO,1983-10-13,Male,A Positive,0,2017-10-09,372286494202500203,202500203,2022-10-10,"On 06-10-2022, a case of Murder was reported at Bidar Town PS, Bidar district.",2022-10-06T06:00:00,2022-10-06T13:00:00,2022-10-07T05:00:00,17.9037,77.5259,"Incident occurred near coordinates 17.9037, 77.5259 within jurisdiction of Bidar Town PS.",Crimes Against Body,Murder,IPC,Indian Penal Code,IPC,302,Punishment for murder,1,1,,,,,,,,,,0,Priya Joshi,60,Male,A2,,,,,,,,,,,,
PAR,Heinous,Undetected,Karnataka,Vijayapura,Vijayapura District & Sessions Court,Police Station,Vijayapura Town PS,KA22886,Aditi Joshi,Head Constable,Circle Inspector,1976-10-07,Male,B Positive,1,2008-04-19,319397262202500204,202500204,2022-09-03,"On 02-09-2022, a case of Cheating was reported at Vijayapura Town PS, Vijayapura district.",2022-09-02T05:00:00,2022-09-02T08:00:00,2022-09-02T20:00:00,16.877,75.702,"Incident occurred near coordinates 16.877, 75.702 within jurisdiction of Vijayapura Town PS.",Financial Crime,Cheating,IPC,Indian Penal Code,IPC,420,Cheating and dishonestly inducing delivery of property,1,1,Rahul Naik,51,Private Employee,Hindu,General,Male,Siddharth Nair,27,Transgender,0,Suresh Nair,29,Transgender,A1,,,,,,,,,,,,
Zero FIR,Non-Heinous,Report Beece (B-Report),Karnataka,Davangere,Davangere District & Sessions Court,Police Station,Davangere Extension PS,KA69556,Meena Rao,Deputy Superintendent,Circle Inspector,1974-01-05,Female,AB Negative,0,2005-10-25,831041901202500205,202500205,2024-06-12,"On 08-06-2024, a case of Assault was reported at Davangere Extension PS, Davangere district.",2024-06-08T18:00:00,2024-06-08T19:00:00,2024-06-09T09:00:00,14.497,75.8477,"Incident occurred near coordinates 14.497, 75.8477 within jurisdiction of Davangere Extension PS.",Crimes Against Body,Assault,IPC,Indian Penal Code,IPC,351,Assault,1,1,Anil Gowda,76,Private Employee,Hindu,General,Male,Ananya Kumar,18,Male,0,Aarav Das,40,Female,A1,1.0,2024-06-19T01:00:00,Karnataka,Davangere,Davangere Extension PS,KA69556,Davangere District & Sessions Court,Aarav Das,,,,
UDR,Non-Heinous,Undetected,Karnataka,Tumakuru,Tumakuru District & Sessions Court,Police Station,Tumakuru Town PS,KA10173,Sunil Das,Deputy Superintendent,SHO,1978-03-02,Female,B Negative,0,2007-11-04,283715599202500206,202500206,2025-01-10,"On 07-01-2025, a case of Dark Web Crime was reported at Tumakuru Town PS, Tumakuru district.",2025-01-07T03:00:00,2025-01-07T09:00:00,2025-01-07T11:00:00,13.3609,77.1346,"Incident occurred near coordinates 13.3609, 77.1346 within jurisdiction of Tumakuru Town PS.",Cyber Crime,Dark Web Crime,ITA,"Information Technology Act, 2000",IT Act,67,Publishing/transmitting obscene material electronically,1,1,Suresh Patil,80,Private Employee,Hindu,General,Male,Nikhil Singh,11,Male,0,Kiran Deshmukh,70,Female,A1,,,,,,,,,,,,
UDR,Non-Heinous,Chargesheet Filed,Karnataka,Tumakuru,Tumakuru District & Sessions Court,Police Station,Tumakuru Town PS,KA96346,Isha Rao,Head Constable,Investigating Officer,1983-05-20,Male,B Negative,0,2015-05-01,299691922202500207,202500207,2025-04-28,"On 27-04-2025, a case of Cryptocurrency Crime was reported at Tumakuru Town PS, Tumakuru district.",2025-04-27T12:00:00,2025-04-27T16:00:00,2025-04-27T14:00:00,13.4131,77.0314,"Incident occurred near coordinates 13.4131, 77.0314 within jurisdiction of Tumakuru Town PS.",Cyber Crime,Cryptocurrency Crime,ITA,"Information Technology Act, 2000",IT Act,66D,Cheating by personation using a computer resource,1,1,Deepak Hegde,67,Private Employee,Hindu,General,Transgender,Siddharth Rao,66,Transgender,0,Tanvi Deshmukh,45,Female,A1,1.0,2025-05-05T16:00:00,Karnataka,Tumakuru,Tumakuru Town PS,KA96346,Tumakuru District & Sessions Court,Tanvi Deshmukh,,2025-06-25T16:00:00,B,KA96346
UDR,Heinous,Undetected,Karnataka,Mangaluru,Dakshina Kannada District & Sessions Court,Police Station,Mangaluru Town PS,KA97750,Sunil Das,Constable,Station Writer,1987-05-23,Female,O Positive,0,2002-06-05,251209664202400208,202400208,2023-06-10,"On 04-06-2023, a case of Robbery was reported at Mangaluru Town PS, Mangaluru district.",2023-06-04T19:00:00,2023-06-04T23:00:00,2023-06-05T07:00:00,12.8883,74.8091,"Incident occurred near coordinates 12.8883, 74.8091 within jurisdiction of Mangaluru Town PS.",Property Crimes,Robbery,IPC,Indian Penal Code,IPC,392,Punishment for robbery,1,1,Siddharth Shenoy,54,Private Employee,Hindu,General,Transgender,Aditi Bhat,6,Male,0,Rajesh Rao,,Female,A1,,,,,,,,,,,,
FIR,Non-Heinous,Under Investigation,Karnataka,Bidar,Bidar District & Sessions Court,Police Station,Bidar Town PS,KA66144,Rahul Shetty,Sub-Inspector,Investigating Officer,1990-08-21,Male,O Negative,0,2007-07-28,146463907202600209,202600209,2025-04-16,"On 12-04-2025, a case of Burglary was reported at Bidar Town PS, Bidar district.",2025-04-12T20:00:00,2025-04-13T04:00:00,2025-04-13T06:00:00,17.8639,77.5751,"Incident occurred near coordinates 17.8639, 77.5751 within jurisdiction of Bidar Town PS.",Property Crimes,Burglary,IPC,Indian Penal Code,IPC,457,Lurking house-trespass or house-breaking by night,1,1,Divya Kulkarni,63,Private Employee,Hindu,General,Transgender,Meena Sharma,42,Transgender,0,Sanjay Reddy,67,Transgender,A1,1.0,2025-04-23T07:00:00,Karnataka,Bidar,Bidar Town PS,KA66144,Bidar District & Sessions Court,Sanjay Reddy,Aarav Joshi,,,
FIR,Heinous,Under Investigation,Karnataka,Bidar,Bidar District & Sessions Court,Police Station,Bidar Town PS,KA66144,Rahul Shetty,Sub-Inspector,SHO,1995-10-11,Female,O Positive,0,2008-04-12,146463907202600209,202600209,2025-04-16,"On 12-04-2025, a case of Burglary was reported at Bidar Town PS, Bidar district.",2025-04-12T20:00:00,2025-04-13T04:00:00,2025-04-13T06:00:00,17.8639,77.5751,"Incident occurred near coordinates 17.8639, 77.5751 within jurisdiction of Bidar Town PS.",Property Crimes,Burglary,IPC,Indian Penal Code,IPC,457,Lurking house-trespass or house-breaking by night,1,1,,,,,,,,,,0,Aarav Joshi,,Transgender,A2,,,,,,,,,,,,
Zero FIR,Non-Heinous,Chargesheet Filed,Karnataka,Mandya,Mandya District & Sessions Court,Police Station,Mandya Town PS,KA35830,Farhan Naik,Sub-Inspector,Investigating Officer,1984-02-09,Female,O Positive,0,2003-04-11,841121823202400210,202400210,2024-03-28,"On 25-03-2024, a case of Robbery was reported at Mandya Town PS, Mandya district.",2024-03-25T23:00:00,2024-03-26T03:00:00,2024-03-26T10:00:00,12.4735,76.9276,"Incident occurred near coordinates 12.4735, 76.9276 within jurisdiction of Mandya Town PS.",Property Crimes,Robbery,IPC,Indian Penal Code,IPC,392,Punishment for robbery,1,1,Chirag Singh,31,Private Employee,Hindu,General,Male,Isha Sharma,31,Female,0,Priya Shenoy,,Transgender,A1,1.0,2024-04-04T08:00:00,Karnataka,Mandya,Mandya Town PS,KA35830,Mandya District & Sessions Court,Priya Shenoy,Ananya Reddy,2024-05-11T08:00:00,C,KA35830
Zero FIR,Non-Heinous,Chargesheet Filed,Karnataka,Mandya,Mandya District & Sessions Court,Police Station,Mandya Town PS,KA35830,Farhan Naik,Constable,Circle Inspector,1981-02-13,Female,A Positive,0,2007-11-16,841121823202400210,202400210,2024-03-28,"On 25-03-2024, a case of Robbery was reported at Mandya Town PS, Mandya district.",2024-03-25T23:00:00,2024-03-26T03:00:00,2024-03-26T10:00:00,12.4735,76.9276,"Incident occurred near coordinates 12.4735, 76.9276 within jurisdiction of Mandya Town PS.",Property Crimes,Robbery,IPC,Indian Penal Code,IPC,392,Punishment for robbery,1,1,,,,,,,,,,0,Ananya Reddy,24,Transgender,A2,,,,,,,,,,,,
FIR,Heinous,Under Investigation,Karnataka,Chikkamagaluru,Chikkamagaluru District & Sessions Court,Police Station,Chikkamagaluru PS,KA49097,Divya Shenoy,Sub-Inspector,Station Writer,1971-10-21,Male,AB Negative,1,2004-09-16,165678526202600211,202600211,2024-11-22,"On 18-11-2024, a case of Assault was reported at Chikkamagaluru PS, Chikkamagaluru district.",2024-11-18T12:00:00,2024-11-18T13:00:00,2024-11-19T08:00:00,13.3749,75.7401,"Incident occurred near coordinates 13.3749, 75.7401 within jurisdiction of Chikkamagaluru PS.",Crimes Against Body,Assault,IPC,Indian Penal Code,IPC,351,Assault,1,1,Rahul Shetty,78,Private Employee,Hindu,General,Male,Deepak Hegde,21,Male,0,Isha Gowda,59,Male,A1,1.0,2024-11-29T23:00:00,Karnataka,Chikkamagaluru,Chikkamagaluru PS,KA49097,Chikkamagaluru District & Sessions Court,Isha Gowda,Abhishek Das,,,
FIR,Non-Heinous,Under Investigation,Karnataka,Chikkamagaluru,Chikkamagaluru District & Sessions Court,Police Station,Chikkamagaluru PS,KA49097,Divya Shenoy,Deputy Superintendent,Station Writer,1991-01-20,Male,A Positive,0,2011-12-21,165678526202600211,202600211,2024-11-22,"On 18-11-2024, a case of Assault was reported at Chikkamagaluru PS, Chikkamagaluru district.",2024-11-18T12:00:00,2024-11-18T13:00:00,2024-11-19T08:00:00,13.3749,75.7401,"Incident occurred near coordinates 13.3749, 75.7401 within jurisdiction of Chikkamagaluru PS.",Crimes Against Body,Assault,IPC,Indian Penal Code,IPC,351,Assault,1,1,,,,,,,,,,0,Abhishek Das,55,Male,A2,,,,,,,,,,,,
FIR,Heinous,Report Beece (B-Report),Karnataka,Mysuru,Mysuru District & Sessions Court,Police Station,Saraswathipuram PS,KA88951,Rajesh Joshi,Constable,SHO,1977-08-11,Female,A Negative,0,2013-12-23,125768039202300212,202300212,2024-03-27,"On 25-03-2024, a case of Cheating was reported at Saraswathipuram PS, Mysuru district.",2024-03-25T13:00:00,2024-03-25T21:00:00,2024-03-26T08:00:00,12.2244,76.6095,"Incident occurred near coordinates 12.2244, 76.6095 within jurisdiction of Saraswathipuram PS.",Financial Crime,Cheating,IPC,Indian Penal Code,IPC,420,Cheating and dishonestly inducing delivery of property,1,1,Farhan Hegde,62,Private Employee,Hindu,General,Female,Dev Deshmukh,39,Transgender,0,Chirag Rao,,Male,A1,1.0,2024-04-03T21:00:00,Karnataka,Mysuru,Saraswathipuram PS,KA88951,Mysuru District & Sessions Court,Chirag Rao,Isha Patil,,,
FIR,Heinous,Report Beece (B-Report),Karnataka,Mysuru,Mysuru District & Sessions Court,Police Station,Saraswathipuram PS,KA88951,Rajesh Joshi,Sub-Inspector,SHO,1993-02-20,Male,A Negative,0,2006-04-08,125768039202300212,202300212,2024-03-27,"On 25-03-2024, a case of Cheating was reported at Saraswathipuram PS, Mysuru district.",2024-03-25T13:00:00,2024-03-25T21:00:00,2024-03-26T08:00:00,12.2244,76.6095,"Incident occurred near coordinates 12.2244, 76.6095 within jurisdiction of Saraswathipuram PS.",Financial Crime,Cheating,IPC,Indian Penal Code,IPC,420,Cheating and dishonestly inducing delivery of property,1,1,,,,,,,,,,0,Isha Patil,39,Male,A2,,,,,,,,,,,,
Zero FIR,Heinous,Report Beece (B-Report),Karnataka,Kolar,Kolar District & Sessions Court,Police Station,Kolar Town PS,KA42776,Rahul Joshi,Deputy Superintendent,Station Writer,1989-11-08,Male,O Positive,0,2012-11-25,831267190202600213,202600213,2022-12-06,"On 04-12-2022, a case of Cheating was reported at Kolar Town PS, Kolar district.",2022-12-04T03:00:00,2022-12-04T09:00:00,2022-12-04T15:00:00,13.1626,78.1146,"Incident occurred near coordinates 13.1626, 78.1146 within jurisdiction of Kolar Town PS.",Financial Crime,Cheating,IPC,Indian Penal Code,IPC,420,Cheating and dishonestly inducing delivery of property,1,1,Vikram Das,46,Private Employee,Hindu,General,Male,Dev Kumar,37,Male,0,Chirag Das,,Female,A1,1.0,2022-12-13T10:00:00,Karnataka,Kolar,Kolar Town PS,KA42776,Kolar District & Sessions Court,Chirag Das,,,,
PAR,Non-Heinous,Report Beece (B-Report),Karnataka,Davangere,Davangere District & Sessions Court,Police Station,Davangere Extension PS,KA90526,Rajesh Nair,Constable,Station Writer,1991-04-13,Female,AB Negative,0,2002-12-23,337636866202600214,202600214,2022-10-25,"On 20-10-2022, a case of Cyber Crime was reported at Davangere Extension PS, Davangere district.",2022-10-20T19:00:00,2022-10-21T03:00:00,2022-10-21T19:00:00,14.5122,75.9062,"Incident occurred near coordinates 14.5122, 75.9062 within jurisdiction of Davangere Extension PS.",Cyber Crime,Cyber Crime,ITA,"Information Technology Act, 2000",IT Act,66C,Identity theft using computer resource,1,1,Gautam Singh,47,Private Employee,Hindu,General,Male,Gautam Kulkarni,10,Transgender,0,Chirag Joshi,,Male,A1,1.0,2022-11-01T03:00:00,Karnataka,Davangere,Davangere Extension PS,KA90526,Davangere District & Sessions Court,Chirag Joshi,,,,
Zero FIR,Non-Heinous,Undetected,Karnataka,Belagavi,Belagavi District & Sessions Court,Police Station,Belagavi City PS,KA46072,Tanvi Shetty,Constable,Circle Inspector,1993-09-11,Female,AB Positive,1,2001-12-17,862339705202300215,202300215,2025-02-10,"On 04-02-2025, a case of Theft was reported at Belagavi City PS, Belagavi district.",2025-02-04T23:00:00,2025-02-05T01:00:00,2025-02-05T03:00:00,15.796,74.5486,"Incident occurred near coordinates 15.796, 74.5486 within jurisdiction of Belagavi City PS.",Property Crimes,Theft,IPC,Indian Penal Code,IPC,379,Punishment for theft,1,1,Priya Bhat,72,Private Employee,Hindu,General,Male,Kavya Naik,68,Female,0,Abhishek Patil,54,Transgender,A1,,,,,,,,,,,,
FIR,Heinous,Under Investigation,Karnataka,Bengaluru Urban,"Principal City Civil & Sessions Court, Bengaluru",Police Station,Bengaluru City PS,KA61466,Sanjay Sharma,Deputy Superintendent,Investigating Officer,1988-06-26,Male,A Negative,1,2002-10-24,122839144202500216,202500216,2025-07-16,"On 15-07-2025, a case of Burglary was reported at Bengaluru City PS, Bengaluru Urban district.",2025-07-15T06:00:00,2025-07-15T13:00:00,2025-07-16T02:00:00,13.0043,77.5701,"Incident occurred near coordinates 13.0043, 77.5701 within jurisdiction of Bengaluru City PS.",Property Crimes,Burglary,IPC,Indian Penal Code,IPC,457,Lurking house-trespass or house-breaking by night,1,1,Priya Singh,51,Private Employee,Hindu,General,Female,Suresh Singh,15,Male,0,Manish Das,58,Male,A1,1.0,2025-07-23T12:00:00,Karnataka,Bengaluru Urban,Bengaluru City PS,KA61466,"Principal City Civil & Sessions Court, Bengaluru",Manish Das,,,,
UDR,Heinous,Undetected,Karnataka,Udupi,Udupi District & Sessions Court,Police Station,Udupi Town PS,KA90415,Rahul Shetty,Inspector,SHO,1987-05-16,Male,AB Negative,0,2008-09-01,231372278202300217,202300217,2024-03-23,"On 19-03-2024, a case of Money Laundering was reported at Udupi Town PS, Udupi district.",2024-03-19T19:00:00,2024-03-20T03:00:00,2024-03-20T14:00:00,13.3871,74.7382,"Incident occurred near coordinates 13.3871, 74.7382 within jurisdiction of Udupi Town PS.",Financial Crime,Money Laundering,PMLA,"Prevention of Money Laundering Act, 2002",PMLA,3,Offence of money laundering,1,1,Tanvi Joshi,25,Private Employee,Hindu,General,Transgender,Nikhil Kamath,62,Male,0,Tanvi Shetty,58,Male,A1,,,,,,,,,,,,
UDR,Non-Heinous,Undetected,Karnataka,Udupi,Udupi District & Sessions Court,Police Station,Udupi Town PS,KA90415,Rahul Shetty,Inspector,SHO,1977-05-06,Male,AB Positive,0,2016-03-02,231372278202300217,202300217,2024-03-23,"On 19-03-2024, a case of Money Laundering was reported at Udupi Town PS, Udupi district.",2024-03-19T19:00:00,2024-03-20T03:00:00,2024-03-20T14:00:00,13.3871,74.7382,"Incident occurred near coordinates 13.3871, 74.7382 within jurisdiction of Udupi Town PS.",Financial Crime,Money Laundering,PMLA,"Prevention of Money Laundering Act, 2002",PMLA,3,Offence of money laundering,1,1,,,,,,,,,,0,Hari Sharma,71,Male,A2,,,,,,,,,,,,
UDR,Heinous,Undetected,Karnataka,Udupi,Udupi District & Sessions Court,Police Station,Udupi Town PS,KA90415,Rahul Shetty,Deputy Superintendent,SHO,1997-12-02,Male,A Positive,0,2000-05-12,231372278202300217,202300217,2024-03-23,"On 19-03-2024, a case of Money Laundering was reported at Udupi Town PS, Udupi district.",2024-03-19T19:00:00,2024-03-20T03:00:00,2024-03-20T14:00:00,13.3871,74.7382,"Incident occurred near coordinates 13.3871, 74.7382 within jurisdiction of Udupi Town PS.",Financial Crime,Money Laundering,PMLA,"Prevention of Money Laundering Act, 2002",PMLA,3,Offence of money laundering,1,1,,,,,,,,,,0,Isha Nair,,Male,A3,,,,,,,,,,,,
PAR,Non-Heinous,Report Beece (B-Report),Karnataka,Belagavi,Belagavi District & Sessions Court,Police Station,Belagavi City PS,KA73346,Rajesh Bhat,Deputy Superintendent,Circle Inspector,1971-06-09,Female,O Positive,0,2013-10-12,360683802202300218,202300218,2023-04-21,"On 20-04-2023, a case of Money Laundering was reported at Belagavi City PS, Belagavi district.",2023-04-20T14:00:00,2023-04-20T16:00:00,2023-04-21T10:00:00,15.8577,74.4799,"Incident occurred near coordinates 15.8577, 74.4799 within jurisdiction of Belagavi City PS.",Financial Crime,Money Laundering,PMLA,"Prevention of Money Laundering Act, 2002",PMLA,3,Offence of money laundering,1,1,Pooja Das,36,Private Employee,Hindu,General,Female,Priya Verma,29,Transgender,0,Bhavya Nair,27,Female,A1,1.0,2023-04-28T16:00:00,Karnataka,Belagavi,Belagavi City PS,KA73346,Belagavi District & Sessions Court,Bhavya Nair,,,,
Zero FIR,Heinous,Chargesheet Filed,Karnataka,Kolar,Kolar District & Sessions Court,Police Station,Kolar Town PS,KA45071,Kavya Deshmukh,Sub-Inspector,Station Writer,1989-04-27,Female,A Positive,0,2014-08-28,891671245202400219,202400219,2022-04-23,"On 18-04-2022, a case of Assault was reported at Kolar Town PS, Kolar district.",2022-04-18T21:00:00,2022-04-19T02:00:00,2022-04-19T11:00:00,13.1642,78.1149,"Incident occurred near coordinates 13.1642, 78.1149 within jurisdiction of Kolar Town PS.",Crimes Against Body,Assault,IPC,Indian Penal Code,IPC,351,Assault,1,1,Anil Kulkarni,28,Private Employee,Hindu,General,Transgender,Siddharth Singh,22,Transgender,0,Sunil Kumar,31,Female,A1,1.0,2022-04-30T22:00:00,Karnataka,Kolar,Kolar Town PS,KA45071,Kolar District & Sessions Court,Sunil Kumar,,2022-06-02T22:00:00,B,KA45071
FIR,Heinous,Under Investigation,Karnataka,Kolar,Kolar District & Sessions Court,Police Station,Kolar Town PS,KA81163,Nikhil Patil,Sub-Inspector,SHO,1998-07-16,Female,B Positive,0,2005-11-01,146768323202600220,202600220,2024-08-03,"On 30-07-2024, a case of Drug Offence was reported at Kolar Town PS, Kolar district.",2024-07-30T20:00:00,2024-07-30T21:00:00,2024-07-31T19:00:00,13.0766,78.1076,"Incident occurred near coordinates 13.0766, 78.1076 within jurisdiction of Kolar Town PS.",Narcotics,Drug Offence,NDPS,"Narcotic Drugs and Psychotropic Substances Act, 1985",NDPS,20,Punishment for cannabis-related offences,1,1,Hari Nair,65,Private Employee,Hindu,General,Transgender,Kiran Pai,70,Male,0,Kiran Naik,32,Transgender,A1,1.0,2024-08-10T04:00:00,Karnataka,Kolar,Kolar Town PS,KA81163,Kolar District & Sessions Court,Kiran Naik,,,,
PAR,Heinous,Under Investigation,Karnataka,Belagavi,Belagavi District & Sessions Court,Police Station,Belagavi City PS,KA46067,Siddharth Rao,Inspector,Circle Inspector,1981-05-05,Male,A Positive,0,2017-06-02,349933340202500221,202500221,2024-10-17,"On 14-10-2024, a case of Grievous Hurt was reported at Belagavi City PS, Belagavi district.",2024-10-14T16:00:00,2024-10-14T19:00:00,2024-10-15T15:00:00,15.8469,74.452,"Incident occurred near coordinates 15.8469, 74.452 within jurisdiction of Belagavi City PS.",Crimes Against Body,Grievous Hurt,IPC,Indian Penal Code,IPC,325,Punishment for voluntarily causing grievous hurt,1,1,Bhavya Joshi,57,Private Employee,Hindu,General,Male,Sanjay Patil,46,Female,0,Rahul Joshi,,Female,A1,1.0,2024-10-24T17:00:00,Karnataka,Belagavi,Belagavi City PS,KA46067,Belagavi District & Sessions Court,Rahul Joshi,"Esha Nair,Sanjay Joshi",,,
PAR,Non-Heinous,Under Investigation,Karnataka,Belagavi,Belagavi District & Sessions Court,Police Station,Belagavi City PS,KA46067,Siddharth Rao,Constable,Circle Inspector,1994-11-06,Female,AB Negative,0,2008-03-17,349933340202500221,202500221,2024-10-17,"On 14-10-2024, a case of Grievous Hurt was reported at Belagavi City PS, Belagavi district.",2024-10-14T16:00:00,2024-10-14T19:00:00,2024-10-15T15:00:00,15.8469,74.452,"Incident occurred near coordinates 15.8469, 74.452 within jurisdiction of Belagavi City PS.",Crimes Against Body,Grievous Hurt,IPC,Indian Penal Code,IPC,325,Punishment for voluntarily causing grievous hurt,1,1,,,,,,,,,,0,Esha Nair,63,Transgender,A2,,,,,,,,,,,,
PAR,Non-Heinous,Under Investigation,Karnataka,Belagavi,Belagavi District & Sessions Court,Police Station,Belagavi City PS,KA46067,Siddharth Rao,Deputy Superintendent,Circle Inspector,1993-02-06,Male,A Negative,0,2014-04-16,349933340202500221,202500221,2024-10-17,"On 14-10-2024, a case of Grievous Hurt was reported at Belagavi City PS, Belagavi district.",2024-10-14T16:00:00,2024-10-14T19:00:00,2024-10-15T15:00:00,15.8469,74.452,"Incident occurred near coordinates 15.8469, 74.452 within jurisdiction of Belagavi City PS.",Crimes Against Body,Grievous Hurt,IPC,Indian Penal Code,IPC,325,Punishment for voluntarily causing grievous hurt,1,1,,,,,,,,,,0,Sanjay Joshi,,Transgender,A3,,,,,,,,,,,,
UDR,Heinous,Undetected,Karnataka,Bengaluru Urban,"Principal City Civil & Sessions Court, Bengaluru",Police Station,Bengaluru City PS,KA28073,Kiran Hegde,Inspector,SHO,1986-06-03,Male,A Negative,0,2005-06-12,292033894202200222,202200222,2024-11-18,"On 14-11-2024, a case of Dark Web Crime was reported at Bengaluru City PS, Bengaluru Urban district.",2024-11-14T15:00:00,2024-11-14T21:00:00,2024-11-15T00:00:00,13.02,77.5329,"Incident occurred near coordinates 13.02, 77.5329 within jurisdiction of Bengaluru City PS.",Cyber Crime,Dark Web Crime,ITA,"Information Technology Act, 2000",IT Act,67,Publishing/transmitting obscene material electronically,1,1,Kavya Shenoy,46,Private Employee,Hindu,General,Female,Rajesh Nair,5,Transgender,0,Vikram Singh,,Male,A1,,,,,,,,,,,,
UDR,Non-Heinous,Undetected,Karnataka,Bengaluru Urban,"Principal City Civil & Sessions Court, Bengaluru",Police Station,Bengaluru City PS,KA28073,Kiran Hegde,Constable,Circle Inspector,1992-11-13,Female,A Negative,0,2003-06-10,292033894202200222,202200222,2024-11-18,"On 14-11-2024, a case of Dark Web Crime was reported at Bengaluru City PS, Bengaluru Urban district.",2024-11-14T15:00:00,2024-11-14T21:00:00,2024-11-15T00:00:00,13.02,77.5329,"Incident occurred near coordinates 13.02, 77.5329 within jurisdiction of Bengaluru City PS.",Cyber Crime,Dark Web Crime,ITA,"Information Technology Act, 2000",IT Act,67,Publishing/transmitting obscene material electronically,1,1,,,,,,,,,,0,Manish Shenoy,,Female,A2,,,,,,,,,,,,
PAR,Heinous,Report Beece (B-Report),Karnataka,Ramanagara,Ramanagara District & Sessions Court,Police Station,Ramanagara Town PS,KA70344,Kavya Gowda,Deputy Superintendent,Station Writer,1976-12-18,Female,O Positive,0,2001-09-19,351764348202500223,202500223,2025-04-11,"On 09-04-2025, a case of Dark Web Crime was reported at Ramanagara Town PS, Ramanagara district.",2025-04-09T20:00:00,2025-04-10T01:00:00,2025-04-09T22:00:00,12.7103,77.2519,"Incident occurred near coordinates 12.7103, 77.2519 within jurisdiction of Ramanagara Town PS.",Cyber Crime,Dark Web Crime,ITA,"Information Technology Act, 2000",IT Act,67,Publishing/transmitting obscene material electronically,1,1,Divya Shenoy,27,Private Employee,Hindu,General,Male,Kiran Pai,23,Male,0,Isha Shetty,19,Transgender,A1,1.0,2025-04-18T22:00:00,Karnataka,Ramanagara,Ramanagara Town PS,KA70344,Ramanagara District & Sessions Court,Isha Shetty,Pooja Rao,,,
PAR,Non-Heinous,Report Beece (B-Report),Karnataka,Ramanagara,Ramanagara District & Sessions Court,Police Station,Ramanagara Town PS,KA70344,Kavya Gowda,Inspector,Investigating Officer,1971-01-03,Female,O Positive,0,2001-02-17,351764348202500223,202500223,2025-04-11,"On 09-04-2025, a case of Dark Web Crime was reported at Ramanagara Town PS, Ramanagara district.",2025-04-09T20:00:00,2025-04-10T01:00:00,2025-04-09T22:00:00,12.7103,77.2519,"Incident occurred near coordinates 12.7103, 77.2519 within jurisdiction of Ramanagara Town PS.",Cyber Crime,Dark Web Crime,ITA,"Information Technology Act, 2000",IT Act,67,Publishing/transmitting obscene material electronically,1,1,,,,,,,,,,0,Pooja Rao,,Female,A2,,,,,,,,,,,,
PAR,Heinous,Under Investigation,Karnataka,Kalaburagi,Kalaburagi District & Sessions Court,Police Station,Kalaburagi City PS,KA95925,Manish Kumar,Constable,Circle Inspector,1989-12-17,Female,A Positive,0,2014-07-06,360016288202400224,202400224,2024-04-02,"On 01-04-2024, a case of Grievous Hurt was reported at Kalaburagi City PS, Kalaburagi district.",2024-04-01T01:00:00,2024-04-01T02:00:00,2024-04-01T20:00:00,17.2761,76.8512,"Incident occurred near coordinates 17.2761, 76.8512 within jurisdiction of Kalaburagi City PS.",Crimes Against Body,Grievous Hurt,IPC,Indian Penal Code,IPC,325,Punishment for voluntarily causing grievous hurt,1,1,Ananya Das,47,Private Employee,Hindu,General,Male,Abhishek Kulkarni,45,Transgender,0,Gautam Kulkarni,31,Transgender,A1,1.0,2024-04-09T10:00:00,Karnataka,Kalaburagi,Kalaburagi City PS,KA95925,Kalaburagi District & Sessions Court,Gautam Kulkarni,Esha Naik,,,
PAR,Heinous,Under Investigation,Karnataka,Kalaburagi,Kalaburagi District & Sessions Court,Police Station,Kalaburagi City PS,KA95925,Manish Kumar,Head Constable,Circle Inspector,1986-03-01,Female,O Positive,0,2013-03-20,360016288202400224,202400224,2024-04-02,"On 01-04-2024, a case of Grievous Hurt was reported at Kalaburagi City PS, Kalaburagi district.",2024-04-01T01:00:00,2024-04-01T02:00:00,2024-04-01T20:00:00,17.2761,76.8512,"Incident occurred near coordinates 17.2761, 76.8512 within jurisdiction of Kalaburagi City PS.",Crimes Against Body,Grievous Hurt,IPC,Indian Penal Code,IPC,325,Punishment for voluntarily causing grievous hurt,1,1,,,,,,,,,,0,Esha Naik,,Transgender,A2,,,,,,,,,,,,
UDR,Non-Heinous,Under Investigation,Karnataka,Ramanagara,Ramanagara District & Sessions Court,Police Station,Ramanagara Town PS,KA72410,Manish Sharma,Inspector,SHO,1983-06-26,Male,O Positive,0,2004-01-28,211573617202400225,202400225,2024-06-06,"On 03-06-2024, a case of Cheating was reported at Ramanagara Town PS, Ramanagara district.",2024-06-03T05:00:00,2024-06-03T07:00:00,2024-06-03T10:00:00,12.756,77.2179,"Incident occurred near coordinates 12.756, 77.2179 within jurisdiction of Ramanagara Town PS.",Financial Crime,Cheating,IPC,Indian Penal Code,IPC,420,Cheating and dishonestly inducing delivery of property,1,1,Hari Shetty,23,Private Employee,Hindu,General,Transgender,Siddharth Verma,6,Transgender,0,Tanvi Patil,,Male,A1,1.0,2024-06-13T12:00:00,Karnataka,Ramanagara,Ramanagara Town PS,KA72410,Ramanagara District & Sessions Court,Tanvi Patil,Siddharth Nair,,,
UDR,Non-Heinous,Under Investigation,Karnataka,Ramanagara,Ramanagara District & Sessions Court,Police Station,Ramanagara Town PS,KA72410,Manish Sharma,Constable,Station Writer,1979-12-25,Female,A Positive,1,2007-03-16,211573617202400225,202400225,2024-06-06,"On 03-06-2024, a case of Cheating was reported at Ramanagara Town PS, Ramanagara district.",2024-06-03T05:00:00,2024-06-03T07:00:00,2024-06-03T10:00:00,12.756,77.2179,"Incident occurred near coordinates 12.756, 77.2179 within jurisdiction of Ramanagara Town PS.",Financial Crime,Cheating,IPC,Indian Penal Code,IPC,420,Cheating and dishonestly inducing delivery of property,1,1,,,,,,,,,,0,Siddharth Nair,72,Transgender,A2,,,,,,,,,,,,
Zero FIR,Non-Heinous,Chargesheet Filed,Karnataka,Tumakuru,Tumakuru District & Sessions Court,Police Station,Tumakuru Town PS,KA57490,Rahul Verma,Deputy Superintendent,Investigating Officer,1974-06-24,Male,B Negative,0,2002-04-25,893321889202600226,202600226,2025-04-11,"On 09-04-2025, a case of Burglary was reported at Tumakuru Town PS, Tumakuru district.",2025-04-09T20:00:00,2025-04-10T02:00:00,2025-04-10T11:00:00,13.3922,77.134,"Incident occurred near coordinates 13.3922, 77.134 within jurisdiction of Tumakuru Town PS.",Property Crimes,Burglary,IPC,Indian Penal Code,IPC,457,Lurking house-trespass or house-breaking by night,1,1,Siddharth Gowda,64,Private Employee,Hindu,General,Male,Divya Joshi,66,Female,0,Meena Deshmukh,33,Male,A1,1.0,2025-04-18T23:00:00,Karnataka,Tumakuru,Tumakuru Town PS,KA57490,Tumakuru District & Sessions Court,Meena Deshmukh,Kavya Kamath,2025-06-06T23:00:00,C,KA57490
Zero FIR,Heinous,Chargesheet Filed,Karnataka,Tumakuru,Tumakuru District & Sessions Court,Police Station,Tumakuru Town PS,KA57490,Rahul Verma,Sub-Inspector,Circle Inspector,1975-12-05,Female,A Negative,0,2016-03-15,893321889202600226,202600226,2025-04-11,"On 09-04-2025, a case of Burglary was reported at Tumakuru Town PS, Tumakuru district.",2025-04-09T20:00:00,2025-04-10T02:00:00,2025-04-10T11:00:00,13.3922,77.134,"Incident occurred near coordinates 13.3922, 77.134 within jurisdiction of Tumakuru Town PS.",Property Crimes,Burglary,IPC,Indian Penal Code,IPC,457,Lurking house-trespass or house-breaking by night,1,1,,,,,,,,,,0,Kavya Kamath,44,Female,A2,,,,,,,,,,,,
Zero FIR,Heinous,Report Beece (B-Report),Karnataka,Vijayapura,Vijayapura District & Sessions Court,Police Station,Vijayapura Town PS,KA38462,Esha Shenoy,Deputy Superintendent,Circle Inspector,1974-05-14,Female,B Positive,0,2015-01-17,876575420202200227,202200227,2025-08-13,"On 11-08-2025, a case of Dark Web Crime was reported at Vijayapura Town PS, Vijayapura district.",2025-08-11T02:00:00,2025-08-11T10:00:00,2025-08-11T23:00:00,16.8852,75.7184,"Incident occurred near coordinates 16.8852, 75.7184 within jurisdiction of Vijayapura Town PS.",Cyber Crime,Dark Web Crime,ITA,"Information Technology Act, 2000",IT Act,67,Publishing/transmitting obscene material electronically,1,1,Vikram Verma,28,Private Employee,Hindu,General,Transgender,Chirag Kamath,9,Transgender,0,Suresh Patil,,Female,A1,1.0,2025-08-20T12:00:00,Karnataka,Vijayapura,Vijayapura Town PS,KA38462,Vijayapura District & Sessions Court,Suresh Patil,,,,
Zero FIR,Non-Heinous,Report Beece (B-Report),Karnataka,Mandya,Mandya District & Sessions Court,Police Station,Mandya Town PS,KA88457,Vikram Sharma,Inspector,Circle Inspector,1995-07-11,Female,O Positive,0,2000-09-15,827988347202300228,202300228,2022-07-10,"On 09-07-2022, a case of Theft was reported at Mandya Town PS, Mandya district.",2022-07-09T12:00:00,2022-07-09T17:00:00,2022-07-10T12:00:00,12.5285,76.883,"Incident occurred near coordinates 12.5285, 76.883 within jurisdiction of Mandya Town PS.",Property Crimes,Theft,IPC,Indian Penal Code,IPC,379,Punishment for theft,1,1,Kiran Patil,51,Private Employee,Hindu,General,Male,Nikhil Naik,64,Female,0,Chirag Patil,42,Male,A1,1.0,2022-07-17T18:00:00,Karnataka,Mandya,Mandya Town PS,KA88457,Mandya District & Sessions Court,Chirag Patil,,,,
UDR,Non-Heinous,Undetected,Karnataka,Hubballi-Dharwad,Dharwad District & Sessions Court,Police Station,Dharwad Town PS,KA28313,Hari Nair,Head Constable,SHO,1972-12-10,Male,O Positive,0,2019-09-11,211071391202200229,202200229,2025-02-14,"On 11-02-2025, a case of Money Laundering was reported at Dharwad Town PS, Hubballi-Dharwad district.",2025-02-11T19:00:00,2025-02-12T00:00:00,2025-02-12T19:00:00,15.3621,75.1753,"Incident occurred near coordinates 15.3621, 75.1753 within jurisdiction of Dharwad Town PS.",Financial Crime,Money Laundering,PMLA,"Prevention of Money Laundering Act, 2002",PMLA,3,Offence of money laundering,1,1,Esha Sharma,73,Private Employee,Hindu,General,Transgender,Abhishek Reddy,68,Transgender,0,Sunil Das,,Male,A1,,,,,,,,,,,,
UDR,Heinous,Undetected,Karnataka,Ramanagara,Ramanagara District & Sessions Court,Police Station,Ramanagara Town PS,KA92971,Deepak Shenoy,Deputy Superintendent,Circle Inspector,1988-02-02,Female,AB Positive,1,2006-04-02,245439893202400230,202400230,2022-08-14,"On 10-08-2022, a case of Grievous Hurt was reported at Ramanagara Town PS, Ramanagara district.",2022-08-10T05:00:00,2022-08-10T13:00:00,2022-08-10T20:00:00,12.6408,77.2254,"Incident occurred near coordinates 12.6408, 77.2254 within jurisdiction of Ramanagara Town PS.",Crimes Against Body,Grievous Hurt,IPC,Indian Penal Code,IPC,325,Punishment for voluntarily causing grievous hurt,1,1,Dev Nair,23,Private Employee,Hindu,General,Male,Siddharth Rao,38,Transgender,0,Hari Sharma,,Transgender,A1,,,,,,,,,,,,
UDR,Non-Heinous,Report Beece (B-Report),Karnataka,Belagavi,Belagavi District & Sessions Court,Police Station,Belagavi City PS,KA71354,Aditi Sharma,Constable,Station Writer,1989-09-11,Male,A Negative,1,2010-08-07,219844791202500231,202500231,2023-10-01,"On 28-09-2023, a case of Robbery was reported at Belagavi City PS, Belagavi district.",2023-09-28T13:00:00,2023-09-28T16:00:00,2023-09-29T03:00:00,15.9024,74.4297,"Incident occurred near coordinates 15.9024, 74.4297 within jurisdiction of Belagavi City PS.",Property Crimes,Robbery,IPC,Indian Penal Code,IPC,392,Punishment for robbery,1,1,Chirag Singh,38,Private Employee,Hindu,General,Transgender,Gautam Shetty,48,Female,0,Chirag Shenoy,30,Male,A1,1.0,2023-10-08T17:00:00,Karnataka,Belagavi,Belagavi City PS,KA71354,Belagavi District & Sessions Court,Chirag Shenoy,,,,
FIR,Heinous,Chargesheet Filed,Karnataka,Mangaluru,Dakshina Kannada District & Sessions Court,Police Station,Mangaluru Town PS,KA57885,Dev Joshi,Deputy Superintendent,Station Writer,1977-02-18,Female,AB Positive,0,2000-02-11,136879343202300232,202300232,2023-10-03,"On 01-10-2023, a case of Cheating was reported at Mangaluru Town PS, Mangaluru district.",2023-10-01T08:00:00,2023-10-01T10:00:00,2023-10-01T21:00:00,12.8661,74.8637,"Incident occurred near coordinates 12.8661, 74.8637 within jurisdiction of Mangaluru Town PS.",Financial Crime,Cheating,IPC,Indian Penal Code,IPC,420,Cheating and dishonestly inducing delivery of property,1,1,Siddharth Deshmukh,64,Private Employee,Hindu,General,Male,Sunil Deshmukh,57,Male,0,Chirag Gowda,,Male,A1,1.0,2023-10-10T12:00:00,Karnataka,Mangaluru,Mangaluru Town PS,KA57885,Dakshina Kannada District & Sessions Court,Chirag Gowda,Sanjay Pai,2023-11-26T12:00:00,C,KA57885
FIR,Heinous,Chargesheet Filed,Karnataka,Mangaluru,Dakshina Kannada District & Sessions Court,Police Station,Mangaluru Town PS,KA57885,Dev Joshi,Sub-Inspector,SHO,1995-11-15,Male,AB Positive,0,2003-03-27,136879343202300232,202300232,2023-10-03,"On 01-10-2023, a case of Cheating was reported at Mangaluru Town PS, Mangaluru district.",2023-10-01T08:00:00,2023-10-01T10:00:00,2023-10-01T21:00:00,12.8661,74.8637,"Incident occurred near coordinates 12.8661, 74.8637 within jurisdiction of Mangaluru Town PS.",Financial Crime,Cheating,IPC,Indian Penal Code,IPC,420,Cheating and dishonestly inducing delivery of property,1,1,,,,,,,,,,0,Sanjay Pai,,Transgender,A2,,,,,,,,,,,,
Zero FIR,Non-Heinous,Report Beece (B-Report),Karnataka,Ramanagara,Ramanagara District & Sessions Court,Police Station,Ramanagara Town PS,KA48068,Nikhil Das,Inspector,Investigating Officer,1989-05-27,Male,O Negative,0,2012-12-08,880656544202600233,202600233,2022-09-03,"On 30-08-2022, a case of Burglary was reported at Ramanagara Town PS, Ramanagara district.",2022-08-30T08:00:00,2022-08-30T15:00:00,2022-08-31T03:00:00,12.7452,77.3229,"Incident occurred near coordinates 12.7452, 77.3229 within jurisdiction of Ramanagara Town PS.",Property Crimes,Burglary,IPC,Indian Penal Code,IPC,457,Lurking house-trespass or house-breaking by night,1,1,Deepak Sharma,26,Private Employee,Hindu,General,Transgender,Anil Pai,55,Transgender,0,Aditi Bhat,53,Female,A1,1.0,2022-09-10T15:00:00,Karnataka,Ramanagara,Ramanagara Town PS,KA48068,Ramanagara District & Sessions Court,Aditi Bhat,,,,
Zero FIR,Non-Heinous,Under Investigation,Karnataka,Shivamogga,Shivamogga District & Sessions Court,Police Station,Shivamogga Town PS,KA66027,Divya Shetty,Sub-Inspector,Station Writer,1974-02-19,Male,O Positive,0,2014-03-12,825857306202200234,202200234,2023-12-17,"On 12-12-2023, a case of Theft was reported at Shivamogga Town PS, Shivamogga district.",2023-12-12T00:00:00,2023-12-12T05:00:00,2023-12-12T21:00:00,13.8934,75.6225,"Incident occurred near coordinates 13.8934, 75.6225 within jurisdiction of Shivamogga Town PS.",Property Crimes,Theft,IPC,Indian Penal Code,IPC,379,Punishment for theft,1,1,Sunil Pai,66,Private Employee,Hindu,General,Female,Chirag Kamath,14,Female,0,Chirag Singh,30,Male,A1,1.0,2023-12-24T09:00:00,Karnataka,Shivamogga,Shivamogga Town PS,KA66027,Shivamogga District & Sessions Court,Chirag Singh,Esha Shetty,,,
Zero FIR,Heinous,Under Investigation,Karnataka,Shivamogga,Shivamogga District & Sessions Court,Police Station,Shivamogga Town PS,KA66027,Divya Shetty,Sub-Inspector,Investigating Officer,1971-06-13,Male,A Positive,0,2011-01-03,825857306202200234,202200234,2023-12-17,"On 12-12-2023, a case of Theft was reported at Shivamogga Town PS, Shivamogga district.",2023-12-12T00:00:00,2023-12-12T05:00:00,2023-12-12T21:00:00,13.8934,75.6225,"Incident occurred near coordinates 13.8934, 75.6225 within jurisdiction of Shivamogga Town PS.",Property Crimes,Theft,IPC,Indian Penal Code,IPC,379,Punishment for theft,1,1,,,,,,,,,,0,Esha Shetty,26,Transgender,A2,,,,,,,,,,,,
UDR,Heinous,Undetected,Karnataka,Davangere,Davangere District & Sessions Court,Police Station,Davangere Extension PS,KA67298,Farhan Patil,Sub-Inspector,Station Writer,1991-03-08,Female,B Negative,0,2013-10-17,266676735202600235,202600235,2025-06-07,"On 04-06-2025, a case of Cheating was reported at Davangere Extension PS, Davangere district.",2025-06-04T21:00:00,2025-06-05T03:00:00,2025-06-05T11:00:00,14.5256,75.9071,"Incident occurred near coordinates 14.5256, 75.9071 within jurisdiction of Davangere Extension PS.",Financial Crime,Cheating,IPC,Indian Penal Code,IPC,420,Cheating and dishonestly inducing delivery of property,1,1,Siddharth Pai,76,Private Employee,Hindu,General,Female,Rahul Deshmukh,48,Female,0,Meena Pai,26,Transgender,A1,,,,,,,,,,,,
UDR,Heinous,Under Investigation,Karnataka,Mandya,Mandya District & Sessions Court,Police Station,Mandya Town PS,KA24997,Chirag Das,Inspector,SHO,1992-09-01,Female,AB Positive,0,2018-09-16,234067735202600236,202600236,2022-06-24,"On 21-06-2022, a case of Money Laundering was reported at Mandya Town PS, Mandya district.",2022-06-21T15:00:00,2022-06-21T21:00:00,2022-06-22T05:00:00,12.5753,76.9047,"Incident occurred near coordinates 12.5753, 76.9047 within jurisdiction of Mandya Town PS.",Financial Crime,Money Laundering,PMLA,"Prevention of Money Laundering Act, 2002",PMLA,3,Offence of money laundering,1,1,Gautam Nair,36,Private Employee,Hindu,General,Male,Kavya Sharma,73,Male,0,Farhan Hegde,,Transgender,A1,1.0,2022-07-01T17:00:00,Karnataka,Mandya,Mandya Town PS,KA24997,Mandya District & Sessions Court,Farhan Hegde,,,,
Zero FIR,Heinous,Chargesheet Filed,Karnataka,Bagalkote,Bagalkote District & Sessions Court,Police Station,Bagalkote Town PS,KA24334,Pooja Nair,Sub-Inspector,Circle Inspector,1991-12-18,Male,O Positive,0,2000-01-07,886294747202600237,202600237,2023-06-05,"On 03-06-2023, a case of Assault was reported at Bagalkote Town PS, Bagalkote district.",2023-06-03T18:00:00,2023-06-04T00:00:00,2023-06-04T09:00:00,16.2311,75.6503,"Incident occurred near coordinates 16.2311, 75.6503 within jurisdiction of Bagalkote Town PS.",Crimes Against Body,Assault,IPC,Indian Penal Code,IPC,351,Assault,1,1,Nikhil Kamath,68,Private Employee,Hindu,General,Transgender,Bhavya Reddy,45,Transgender,0,Farhan Shetty,,Transgender,A1,1.0,2023-06-12T03:00:00,Karnataka,Bagalkote,Bagalkote Town PS,KA24334,Bagalkote District & Sessions Court,Farhan Shetty,,2023-07-16T03:00:00,A,KA24334
Zero FIR,Heinous,Undetected,Karnataka,Bidar,Bidar District & Sessions Court,Police Station,Bidar Town PS,KA89717,Sunil Bhat,Inspector,Circle Inspector,1985-02-04,Female,A Positive,0,2003-02-09,817389829202500238,202500238,2023-08-14,"On 11-08-2023, a case of Cryptocurrency Crime was reported at Bidar Town PS, Bidar district.",2023-08-11T06:00:00,2023-08-11T09:00:00,2023-08-11T13:00:00,17.9697,77.4691,"Incident occurred near coordinates 17.9697, 77.4691 within jurisdiction of Bidar Town PS.",Cyber Crime,Cryptocurrency Crime,ITA,"Information Technology Act, 2000",IT Act,66D,Cheating by personation using a computer resource,1,1,Priya Kumar,80,Private Employee,Hindu,General,Male,Aarav Nair,20,Female,0,Esha Shetty,56,Transgender,A1,,,,,,,,,,,,
UDR,Heinous,Chargesheet Filed,Karnataka,Bagalkote,Bagalkote District & Sessions Court,Police Station,Bagalkote Town PS,KA10130,Gautam Shetty,Constable,Station Writer,1987-03-26,Female,O Positive,0,2017-12-24,295268507202500239,202500239,2023-02-27,"On 23-02-2023, a case of Money Laundering was reported at Bagalkote Town PS, Bagalkote district.",2023-02-23T10:00:00,2023-02-23T14:00:00,2023-02-23T16:00:00,16.2425,75.6427,"Incident occurred near coordinates 16.2425, 75.6427 within jurisdiction of Bagalkote Town PS.",Financial Crime,Money Laundering,PMLA,"Prevention of Money Laundering Act, 2002",PMLA,3,Offence of money laundering,1,1,Dev Singh,50,Private Employee,Hindu,General,Transgender,Dev Kamath,39,Female,0,Meena Joshi,55,Male,A1,1.0,2023-03-06T21:00:00,Karnataka,Bagalkote,Bagalkote Town PS,KA10130,Bagalkote District & Sessions Court,Meena Joshi,Pooja Rao,2023-03-26T21:00:00,C,KA10130
UDR,Heinous,Chargesheet Filed,Karnataka,Bagalkote,Bagalkote District & Sessions Court,Police Station,Bagalkote Town PS,KA10130,Gautam Shetty,Constable,Investigating Officer,1972-11-07,Male,A Negative,0,2001-04-10,295268507202500239,202500239,2023-02-27,"On 23-02-2023, a case of Money Laundering was reported at Bagalkote Town PS, Bagalkote district.",2023-02-23T10:00:00,2023-02-23T14:00:00,2023-02-23T16:00:00,16.2425,75.6427,"Incident occurred near coordinates 16.2425, 75.6427 within jurisdiction of Bagalkote Town PS.",Financial Crime,Money Laundering,PMLA,"Prevention of Money Laundering Act, 2002",PMLA,3,Offence of money laundering,1,1,,,,,,,,,,0,Pooja Rao,,Female,A2,,,,,,,,,,,,
FIR,Non-Heinous,Report Beece (B-Report),Karnataka,Vijayapura,Vijayapura District & Sessions Court,Police Station,Vijayapura Town PS,KA28375,Divya Sharma,Sub-Inspector,Circle Inspector,1996-11-16,Female,A Negative,0,2006-09-14,185331075202600240,202600240,2022-09-13,"On 09-09-2022, a case of Assault was reported at Vijayapura Town PS, Vijayapura district.",2022-09-09T23:00:00,2022-09-10T02:00:00,2022-09-10T10:00:00,16.8267,75.6358,"Incident occurred near coordinates 16.8267, 75.6358 within jurisdiction of Vijayapura Town PS.",Crimes Against Body,Assault,IPC,Indian Penal Code,IPC,351,Assault,1,1,Siddharth Nair,46,Private Employee,Hindu,General,Male,Nikhil Patil,64,Female,0,Chirag Patil,,Female,A1,1.0,2022-09-20T10:00:00,Karnataka,Vijayapura,Vijayapura Town PS,KA28375,Vijayapura District & Sessions Court,Chirag Patil,,,,
PAR,Non-Heinous,Report Beece (B-Report),Karnataka,Hassan,Hassan District & Sessions Court,Police Station,Hassan Town PS,KA48790,Anil Singh,Sub-Inspector,Investigating Officer,1991-10-10,Female,A Positive,0,2015-02-26,337328377202300241,202300241,2024-02-29,"On 24-02-2024, a case of Cryptocurrency Crime was reported at Hassan Town PS, Hassan district.",2024-02-24T17:00:00,2024-02-25T01:00:00,2024-02-25T13:00:00,13.0728,76.1531,"Incident occurred near coordinates 13.0728, 76.1531 within jurisdiction of Hassan Town PS.",Cyber Crime,Cryptocurrency Crime,ITA,"Information Technology Act, 2000",IT Act,66D,Cheating by personation using a computer resource,1,1,Nikhil Naik,48,Private Employee,Hindu,General,Transgender,Divya Nair,43,Female,0,Aditi Kulkarni,,Female,A1,1.0,2024-03-07T04:00:00,Karnataka,Hassan,Hassan Town PS,KA48790,Hassan District & Sessions Court,Aditi Kulkarni,"Ananya Shetty,Priya Kamath",,,
PAR,Heinous,Report Beece (B-Report),Karnataka,Hassan,Hassan District & Sessions Court,Police Station,Hassan Town PS,KA48790,Anil Singh,Inspector,Investigating Officer,1994-11-26,Male,B Positive,0,2017-01-27,337328377202300241,202300241,2024-02-29,"On 24-02-2024, a case of Cryptocurrency Crime was reported at Hassan Town PS, Hassan district.",2024-02-24T17:00:00,2024-02-25T01:00:00,2024-02-25T13:00:00,13.0728,76.1531,"Incident occurred near coordinates 13.0728, 76.1531 within jurisdiction of Hassan Town PS.",Cyber Crime,Cryptocurrency Crime,ITA,"Information Technology Act, 2000",IT Act,66D,Cheating by personation using a computer resource,1,1,,,,,,,,,,0,Ananya Shetty,66,Female,A2,,,,,,,,,,,,
PAR,Heinous,Report Beece (B-Report),Karnataka,Hassan,Hassan District & Sessions Court,Police Station,Hassan Town PS,KA48790,Anil Singh,Sub-Inspector,Station Writer,1996-02-01,Female,A Negative,0,2003-04-25,337328377202300241,202300241,2024-02-29,"On 24-02-2024, a case of Cryptocurrency Crime was reported at Hassan Town PS, Hassan district.",2024-02-24T17:00:00,2024-02-25T01:00:00,2024-02-25T13:00:00,13.0728,76.1531,"Incident occurred near coordinates 13.0728, 76.1531 within jurisdiction of Hassan Town PS.",Cyber Crime,Cryptocurrency Crime,ITA,"Information Technology Act, 2000",IT Act,66D,Cheating by personation using a computer resource,1,1,,,,,,,,,,0,Priya Kamath,33,Female,A3,,,,,,,,,,,,
UDR,Non-Heinous,Chargesheet Filed,Karnataka,Hubballi-Dharwad,Dharwad District & Sessions Court,Police Station,Dharwad Town PS,KA74906,Bhavya Gowda,Inspector,Investigating Officer,1982-01-22,Female,AB Negative,0,2020-05-24,254677956202400242,202400242,2022-09-22,"On 18-09-2022, a case of Dark Web Crime was reported at Dharwad Town PS, Hubballi-Dharwad district.",2022-09-18T13:00:00,2022-09-18T19:00:00,2022-09-18T18:00:00,15.3879,75.0463,"Incident occurred near coordinates 15.3879, 75.0463 within jurisdiction of Dharwad Town PS.",Cyber Crime,Dark Web Crime,ITA,"Information Technology Act, 2000",IT Act,67,Publishing/transmitting obscene material electronically,1,1,Farhan Pai,23,Private Employee,Hindu,General,Female,Kavya Shenoy,68,Female,0,Aditi Nair,,Female,A1,1.0,2022-09-29T23:00:00,Karnataka,Hubballi-Dharwad,Dharwad Town PS,KA74906,Dharwad District & Sessions Court,Aditi Nair,Anil Bhat,2022-11-19T23:00:00,C,KA74906
UDR,Heinous,Chargesheet Filed,Karnataka,Hubballi-Dharwad,Dharwad District & Sessions Court,Police Station,Dharwad Town PS,KA74906,Bhavya Gowda,Inspector,SHO,1982-08-05,Male,AB Negative,1,2005-12-10,254677956202400242,202400242,2022-09-22,"On 18-09-2022, a case of Dark Web Crime was reported at Dharwad Town PS, Hubballi-Dharwad district.",2022-09-18T13:00:00,2022-09-18T19:00:00,2022-09-18T18:00:00,15.3879,75.0463,"Incident occurred near coordinates 15.3879, 75.0463 within jurisdiction of Dharwad Town PS.",Cyber Crime,Dark Web Crime,ITA,"Information Technology Act, 2000",IT Act,67,Publishing/transmitting obscene material electronically,1,1,,,,,,,,,,0,Anil Bhat,,Male,A2,,,,,,,,,,,,
UDR,Heinous,Chargesheet Filed,Karnataka,Hubballi-Dharwad,Dharwad District & Sessions Court,Police Station,Dharwad Town PS,KA88234,Ananya Naik,Sub-Inspector,Station Writer,1990-09-16,Female,O Positive,0,2013-05-06,294174716202500243,202500243,2023-01-05,"On 01-01-2023, a case of Cryptocurrency Crime was reported at Dharwad Town PS, Hubballi-Dharwad district.",2023-01-01T21:00:00,2023-01-02T03:00:00,2023-01-02T15:00:00,15.3517,75.1311,"Incident occurred near coordinates 15.3517, 75.1311 within jurisdiction of Dharwad Town PS.",Cyber Crime,Cryptocurrency Crime,ITA,"Information Technology Act, 2000",IT Act,66D,Cheating by personation using a computer resource,1,1,Priya Kulkarni,77,Private Employee,Hindu,General,Female,Pooja Das,22,Female,0,Sanjay Sharma,23,Male,A1,1.0,2023-01-12T03:00:00,Karnataka,Hubballi-Dharwad,Dharwad Town PS,KA88234,Dharwad District & Sessions Court,Sanjay Sharma,,2023-02-07T03:00:00,A,KA88234
Zero FIR,Non-Heinous,Report Beece (B-Report),Karnataka,Bidar,Bidar District & Sessions Court,Police Station,Bidar Town PS,KA42387,Chirag Shenoy,Head Constable,Investigating Officer,1979-02-17,Male,O Positive,0,2005-08-28,819672493202500244,202500244,2022-01-02,"On 31-12-2021, a case of Burglary was reported at Bidar Town PS, Bidar district.",2021-12-31T01:00:00,2021-12-31T06:00:00,2021-12-31T19:00:00,17.9578,77.4577,"Incident occurred near coordinates 17.9578, 77.4577 within jurisdiction of Bidar Town PS.",Property Crimes,Burglary,IPC,Indian Penal Code,IPC,457,Lurking house-trespass or house-breaking by night,1,1,Aditi Reddy,49,Private Employee,Hindu,General,Female,Rahul Kumar,64,Female,0,Divya Verma,,Transgender,A1,1.0,2022-01-09T07:00:00,Karnataka,Bidar,Bidar Town PS,KA42387,Bidar District & Sessions Court,Divya Verma,,,,
UDR,Non-Heinous,Report Beece (B-Report),Karnataka,Bengaluru Rural,Bengaluru Rural District & Sessions Court,Police Station,Bengaluru Rural PS,KA30513,Anil Singh,Deputy Superintendent,Circle Inspector,1975-07-15,Male,A Negative,0,2003-05-04,245143973202500245,202500245,2022-01-01,"On 30-12-2021, a case of Drug Offence was reported at Bengaluru Rural PS, Bengaluru Rural district.",2021-12-30T08:00:00,2021-12-30T16:00:00,2021-12-30T12:00:00,13.2716,77.4782,"Incident occurred near coordinates 13.2716, 77.4782 within jurisdiction of Bengaluru Rural PS.",Narcotics,Drug Offence,NDPS,"Narcotic Drugs and Psychotropic Substances Act, 1985",NDPS,20,Punishment for cannabis-related offences,1,1,Hari Nair,31,Private Employee,Hindu,General,Transgender,Priya Verma,56,Transgender,0,Deepak Pai,49,Male,A1,1.0,2022-01-08T16:00:00,Karnataka,Bengaluru Rural,Bengaluru Rural PS,KA30513,Bengaluru Rural District & Sessions Court,Deepak Pai,,,,
FIR,Heinous,Report Beece (B-Report),Karnataka,Ballari,Ballari District & Sessions Court,Police Station,Ballari City PS,KA92711,Kavya Bhat,Constable,SHO,1975-11-02,Female,AB Positive,0,2005-07-20,157983020202300246,202300246,2022-10-08,"On 06-10-2022, a case of Drug Offence was reported at Ballari City PS, Ballari district.",2022-10-06T10:00:00,2022-10-06T14:00:00,2022-10-07T09:00:00,15.0795,76.9807,"Incident occurred near coordinates 15.0795, 76.9807 within jurisdiction of Ballari City PS.",Narcotics,Drug Offence,NDPS,"Narcotic Drugs and Psychotropic Substances Act, 1985",NDPS,20,Punishment for cannabis-related offences,1,1,Rahul Rao,34,Private Employee,Hindu,General,Female,Bhavya Deshmukh,74,Female,0,Bhavya Joshi,25,Female,A1,1.0,2022-10-15T18:00:00,Karnataka,Ballari,Ballari City PS,KA92711,Ballari District & Sessions Court,Bhavya Joshi,,,,
Zero FIR,Heinous,Under Investigation,Karnataka,Mandya,Mandya District & Sessions Court,Police Station,Mandya Town PS,KA11735,Divya Shenoy,Constable,Station Writer,1990-04-27,Male,O Negative,0,2003-12-15,856155165202600247,202600247,2024-06-21,"On 17-06-2024, a case of Dark Web Crime was reported at Mandya Town PS, Mandya district.",2024-06-17T17:00:00,2024-06-17T22:00:00,2024-06-18T01:00:00,12.5711,76.8259,"Incident occurred near coordinates 12.5711, 76.8259 within jurisdiction of Mandya Town PS.",Cyber Crime,Dark Web Crime,ITA,"Information Technology Act, 2000",IT Act,67,Publishing/transmitting obscene material electronically,1,1,Pooja Kamath,67,Private Employee,Hindu,General,Male,Nikhil Singh,59,Male,0,Manish Reddy,,Female,A1,1.0,2024-06-28T03:00:00,Karnataka,Mandya,Mandya Town PS,KA11735,Mandya District & Sessions Court,Manish Reddy,Chirag Kulkarni,,,
Zero FIR,Non-Heinous,Under Investigation,Karnataka,Mandya,Mandya District & Sessions Court,Police Station,Mandya Town PS,KA11735,Divya Shenoy,Sub-Inspector,Station Writer,1994-09-05,Male,AB Positive,1,2017-05-18,856155165202600247,202600247,2024-06-21,"On 17-06-2024, a case of Dark Web Crime was reported at Mandya Town PS, Mandya district.",2024-06-17T17:00:00,2024-06-17T22:00:00,2024-06-18T01:00:00,12.5711,76.8259,"Incident occurred near coordinates 12.5711, 76.8259 within jurisdiction of Mandya Town PS.",Cyber Crime,Dark Web Crime,ITA,"Information Technology Act, 2000",IT Act,67,Publishing/transmitting obscene material electronically,1,1,,,,,,,,,,0,Chirag Kulkarni,,Transgender,A2,,,,,,,,,,,,
UDR,Non-Heinous,Under Investigation,Karnataka,Ballari,Ballari District & Sessions Court,Police Station,Ballari City PS,KA69332,Siddharth Singh,Constable,Station Writer,1980-05-23,Male,AB Positive,0,2012-12-25,221141932202600248,202600248,2022-06-05,"On 02-06-2022, a case of Murder was reported at Ballari City PS, Ballari district.",2022-06-02T06:00:00,2022-06-02T13:00:00,2022-06-02T16:00:00,15.0889,76.8597,"Incident occurred near coordinates 15.0889, 76.8597 within jurisdiction of Ballari City PS.",Crimes Against Body,Murder,IPC,Indian Penal Code,IPC,302,Punishment for murder,1,1,Pooja Pai,28,Private Employee,Hindu,General,Female,Sanjay Gowda,50,Male,0,Manish Nair,23,Female,A1,1.0,2022-06-12T15:00:00,Karnataka,Ballari,Ballari City PS,KA69332,Ballari District & Sessions Court,Manish Nair,,,,
PAR,Heinous,Report Beece (B-Report),Karnataka,Belagavi,Belagavi District & Sessions Court,Police Station,Belagavi City PS,KA38537,Hari Deshmukh,Constable,Investigating Officer,1970-02-22,Male,A Positive,0,2002-02-10,315427402202600249,202600249,2023-09-06,"On 04-09-2023, a case of Murder was reported at Belagavi City PS, Belagavi district.",2023-09-04T20:00:00,2023-09-04T22:00:00,2023-09-05T10:00:00,15.8287,74.4877,"Incident occurred near coordinates 15.8287, 74.4877 within jurisdiction of Belagavi City PS.",Crimes Against Body,Murder,IPC,Indian Penal Code,IPC,302,Punishment for murder,1,1,Bhavya Shenoy,41,Private Employee,Hindu,General,Transgender,Dev Pai,20,Female,0,Ananya Rao,,Transgender,A1,1.0,2023-09-13T07:00:00,Karnataka,Belagavi,Belagavi City PS,KA38537,Belagavi District & Sessions Court,Ananya Rao,"Deepak Sharma,Esha Kulkarni",,,
PAR,Heinous,Report Beece (B-Report),Karnataka,Belagavi,Belagavi District & Sessions Court,Police Station,Belagavi City PS,KA38537,Hari Deshmukh,Head Constable,Circle Inspector,1984-03-18,Male,A Positive,0,2006-05-18,315427402202600249,202600249,2023-09-06,"On 04-09-2023, a case of Murder was reported at Belagavi City PS, Belagavi district.",2023-09-04T20:00:00,2023-09-04T22:00:00,2023-09-05T10:00:00,15.8287,74.4877,"Incident occurred near coordinates 15.8287, 74.4877 within jurisdiction of Belagavi City PS.",Crimes Against Body,Murder,IPC,Indian Penal Code,IPC,302,Punishment for murder,1,1,,,,,,,,,,0,Deepak Sharma,60,Transgender,A2,,,,,,,,,,,,
PAR,Heinous,Report Beece (B-Report),Karnataka,Belagavi,Belagavi District & Sessions Court,Police Station,Belagavi City PS,KA38537,Hari Deshmukh,Deputy Superintendent,Station Writer,1986-04-17,Female,AB Negative,1,2017-01-01,315427402202600249,202600249,2023-09-06,"On 04-09-2023, a case of Murder was reported at Belagavi City PS, Belagavi district.",2023-09-04T20:00:00,2023-09-04T22:00:00,2023-09-05T10:00:00,15.8287,74.4877,"Incident occurred near coordinates 15.8287, 74.4877 within jurisdiction of Belagavi City PS.",Crimes Against Body,Murder,IPC,Indian Penal Code,IPC,302,Punishment for murder,1,1,,,,,,,,,,0,Esha Kulkarni,60,Male,A3,,,,,,,,,,,,
PAR,Non-Heinous,Under Investigation,Karnataka,Chikkamagaluru,Chikkamagaluru District & Sessions Court,Police Station,Chikkamagaluru PS,KA74726,Farhan Reddy,Sub-Inspector,Station Writer,1996-08-24,Male,AB Positive,0,2006-12-08,366235058202600250,202600250,2022-02-02,"On 28-01-2022, a case of Dark Web Crime was reported at Chikkamagaluru PS, Chikkamagaluru district.",2022-01-28T12:00:00,2022-01-28T17:00:00,2022-01-29T04:00:00,13.3918,75.8051,"Incident occurred near coordinates 13.3918, 75.8051 within jurisdiction of Chikkamagaluru PS.",Cyber Crime,Dark Web Crime,ITA,"Information Technology Act, 2000",IT Act,67,Publishing/transmitting obscene material electronically,1,1,Meena Kumar,72,Private Employee,Hindu,General,Male,Pooja Kamath,17,Transgender,0,Meena Das,,Male,A1,1.0,2022-02-09T15:00:00,Karnataka,Chikkamagaluru,Chikkamagaluru PS,KA74726,Chikkamagaluru District & Sessions Court,Meena Das,,,,
Zero FIR,Non-Heinous,Report Beece (B-Report),Karnataka,Vijayapura,Vijayapura District & Sessions Court,Police Station,Vijayapura Town PS,KA76287,Kiran Kulkarni,Sub-Inspector,SHO,1985-05-03,Male,B Negative,0,2009-05-11,823019522202500251,202500251,2025-03-10,"On 08-03-2025, a case of Drug Offence was reported at Vijayapura Town PS, Vijayapura district.",2025-03-08T07:00:00,2025-03-08T08:00:00,2025-03-09T05:00:00,16.8046,75.6775,"Incident occurred near coordinates 16.8046, 75.6775 within jurisdiction of Vijayapura Town PS.",Narcotics,Drug Offence,NDPS,"Narcotic Drugs and Psychotropic Substances Act, 1985",NDPS,20,Punishment for cannabis-related offences,1,1,Bhavya Patil,79,Private Employee,Hindu,General,Female,Aditi Shenoy,41,Transgender,0,Farhan Nair,24,Male,A1,1.0,2025-03-17T11:00:00,Karnataka,Vijayapura,Vijayapura Town PS,KA76287,Vijayapura District & Sessions Court,Farhan Nair,Dev Reddy,,,
Zero FIR,Non-Heinous,Report Beece (B-Report),Karnataka,Vijayapura,Vijayapura District & Sessions Court,Police Station,Vijayapura Town PS,KA76287,Kiran Kulkarni,Sub-Inspector,Circle Inspector,1978-03-02,Female,O Positive,1,2014-03-22,823019522202500251,202500251,2025-03-10,"On 08-03-2025, a case of Drug Offence was reported at Vijayapura Town PS, Vijayapura district.",2025-03-08T07:00:00,2025-03-08T08:00:00,2025-03-09T05:00:00,16.8046,75.6775,"Incident occurred near coordinates 16.8046, 75.6775 within jurisdiction of Vijayapura Town PS.",Narcotics,Drug Offence,NDPS,"Narcotic Drugs and Psychotropic Substances Act, 1985",NDPS,20,Punishment for cannabis-related offences,1,1,,,,,,,,,,0,Dev Reddy,64,Male,A2,,,,,,,,,,,,
UDR,Heinous,Undetected,Karnataka,Bagalkote,Bagalkote District & Sessions Court,Police Station,Bagalkote Town PS,KA76298,Chirag Hegde,Head Constable,Station Writer,1978-09-12,Female,O Negative,1,2019-12-09,299497080202400252,202400252,2023-03-26,"On 22-03-2023, a case of Assault was reported at Bagalkote Town PS, Bagalkote district.",2023-03-22T05:00:00,2023-03-22T09:00:00,2023-03-23T02:00:00,16.1057,75.6855,"Incident occurred near coordinates 16.1057, 75.6855 within jurisdiction of Bagalkote Town PS.",Crimes Against Body,Assault,IPC,Indian Penal Code,IPC,351,Assault,1,1,Aditi Shenoy,56,Private Employee,Hindu,General,Female,Manish Bhat,12,Male,0,Bhavya Kumar,36,Male,A1,,,,,,,,,,,,
PAR,Non-Heinous,Undetected,Karnataka,Mangaluru,Dakshina Kannada District & Sessions Court,Police Station,Mangaluru Town PS,KA95656,Divya Kulkarni,Sub-Inspector,Investigating Officer,1984-01-16,Male,B Positive,0,2008-05-03,392006222202400253,202400253,2024-07-21,"On 20-07-2024, a case of Dark Web Crime was reported at Mangaluru Town PS, Mangaluru district.",2024-07-20T06:00:00,2024-07-20T13:00:00,2024-07-21T00:00:00,12.856,74.8973,"Incident occurred near coordinates 12.856, 74.8973 within jurisdiction of Mangaluru Town PS.",Cyber Crime,Dark Web Crime,ITA,"Information Technology Act, 2000",IT Act,67,Publishing/transmitting obscene material electronically,1,1,Tanvi Verma,21,Private Employee,Hindu,General,Transgender,Anil Bhat,19,Male,0,Meena Reddy,,Male,A1,,,,,,,,,,,,
FIR,Non-Heinous,Undetected,Karnataka,Mysuru,Mysuru District & Sessions Court,Police Station,Saraswathipuram PS,KA87591,Sunil Reddy,Constable,Investigating Officer,1997-01-16,Female,O Positive,0,2019-02-26,189623460202200254,202200254,2024-04-07,"On 05-04-2024, a case of Drug Offence was reported at Saraswathipuram PS, Mysuru district.",2024-04-05T21:00:00,2024-04-06T04:00:00,2024-04-06T04:00:00,12.2375,76.6128,"Incident occurred near coordinates 12.2375, 76.6128 within jurisdiction of Saraswathipuram PS.",Narcotics,Drug Offence,NDPS,"Narcotic Drugs and Psychotropic Substances Act, 1985",NDPS,20,Punishment for cannabis-related offences,1,1,Anil Kamath,62,Private Employee,Hindu,General,Male,Aarav Joshi,69,Male,0,Vikram Hegde,,Male,A1,,,,,,,,,,,,
Zero FIR,Heinous,Undetected,Karnataka,Tumakuru,Tumakuru District & Sessions Court,Police Station,Tumakuru Town PS,KA60839,Aarav Shenoy,Deputy Superintendent,Circle Inspector,1972-09-25,Male,AB Positive,0,2019-01-18,868153200202400255,202400255,2023-09-04,"On 01-09-2023, a case of Dark Web Crime was reported at Tumakuru Town PS, Tumakuru district.",2023-09-01T13:00:00,2023-09-01T21:00:00,2023-09-01T20:00:00,13.3191,77.0429,"Incident occurred near coordinates 13.3191, 77.0429 within jurisdiction of Tumakuru Town PS.",Cyber Crime,Dark Web Crime,ITA,"Information Technology Act, 2000",IT Act,67,Publishing/transmitting obscene material electronically,1,1,Siddharth Verma,29,Private Employee,Hindu,General,Transgender,Kavya Shenoy,56,Female,0,Suresh Singh,61,Transgender,A1,,,,,,,,,,,,
PAR,Non-Heinous,Report Beece (B-Report),Karnataka,Vijayapura,Vijayapura District & Sessions Court,Police Station,Vijayapura Town PS,KA37685,Vikram Deshmukh,Constable,SHO,1995-03-14,Male,A Negative,0,2005-01-25,320563648202400256,202400256,2024-06-20,"On 17-06-2024, a case of Robbery was reported at Vijayapura Town PS, Vijayapura district.",2024-06-17T19:00:00,2024-06-17T23:00:00,2024-06-18T11:00:00,16.8154,75.7205,"Incident occurred near coordinates 16.8154, 75.7205 within jurisdiction of Vijayapura Town PS.",Property Crimes,Robbery,IPC,Indian Penal Code,IPC,392,Punishment for robbery,1,1,Bhavya Kulkarni,54,Private Employee,Hindu,General,Transgender,Rahul Kulkarni,10,Female,0,Pooja Gowda,,Female,A1,1.0,2024-06-27T00:00:00,Karnataka,Vijayapura,Vijayapura Town PS,KA37685,Vijayapura District & Sessions Court,Pooja Gowda,Sanjay Shenoy,,,
PAR,Non-Heinous,Report Beece (B-Report),Karnataka,Vijayapura,Vijayapura District & Sessions Court,Police Station,Vijayapura Town PS,KA37685,Vikram Deshmukh,Constable,Station Writer,1993-02-05,Male,O Negative,0,2009-11-18,320563648202400256,202400256,2024-06-20,"On 17-06-2024, a case of Robbery was reported at Vijayapura Town PS, Vijayapura district.",2024-06-17T19:00:00,2024-06-17T23:00:00,2024-06-18T11:00:00,16.8154,75.7205,"Incident occurred near coordinates 16.8154, 75.7205 within jurisdiction of Vijayapura Town PS.",Property Crimes,Robbery,IPC,Indian Penal Code,IPC,392,Punishment for robbery,1,1,,,,,,,,,,0,Sanjay Shenoy,,Female,A2,,,,,,,,,,,,
FIR,Non-Heinous,Undetected,Karnataka,Vijayapura,Vijayapura District & Sessions Court,Police Station,Vijayapura Town PS,KA17827,Aarav Kulkarni,Constable,Circle Inspector,1972-01-10,Male,A Positive,1,2005-10-25,178081182202500257,202500257,2023-09-24,"On 20-09-2023, a case of Cyber Crime was reported at Vijayapura Town PS, Vijayapura district.",2023-09-20T08:00:00,2023-09-20T10:00:00,2023-09-20T18:00:00,16.7939,75.7076,"Incident occurred near coordinates 16.7939, 75.7076 within jurisdiction of Vijayapura Town PS.",Cyber Crime,Cyber Crime,ITA,"Information Technology Act, 2000",IT Act,66C,Identity theft using computer resource,1,1,Anil Patil,30,Private Employee,Hindu,General,Male,Kavya Deshmukh,47,Female,0,Tanvi Nair,73,Transgender,A1,,,,,,,,,,,,
FIR,Non-Heinous,Undetected,Karnataka,Vijayapura,Vijayapura District & Sessions Court,Police Station,Vijayapura Town PS,KA17827,Aarav Kulkarni,Deputy Superintendent,Circle Inspector,1984-03-09,Female,O Positive,0,2019-12-20,178081182202500257,202500257,2023-09-24,"On 20-09-2023, a case of Cyber Crime was reported at Vijayapura Town PS, Vijayapura district.",2023-09-20T08:00:00,2023-09-20T10:00:00,2023-09-20T18:00:00,16.7939,75.7076,"Incident occurred near coordinates 16.7939, 75.7076 within jurisdiction of Vijayapura Town PS.",Cyber Crime,Cyber Crime,ITA,"Information Technology Act, 2000",IT Act,66C,Identity theft using computer resource,1,1,,,,,,,,,,0,Anil Singh,50,Male,A2,,,,,,,,,,,,
PAR,Heinous,Under Investigation,Karnataka,Hassan,Hassan District & Sessions Court,Police Station,Hassan Town PS,KA29471,Aarav Sharma,Sub-Inspector,Station Writer,1998-06-23,Female,B Negative,1,2018-02-08,339823394202300258,202300258,2024-06-17,"On 12-06-2024, a case of Dark Web Crime was reported at Hassan Town PS, Hassan district.",2024-06-12T02:00:00,2024-06-12T07:00:00,2024-06-12T18:00:00,13.0451,76.1595,"Incident occurred near coordinates 13.0451, 76.1595 within jurisdiction of Hassan Town PS.",Cyber Crime,Dark Web Crime,ITA,"Information Technology Act, 2000",IT Act,67,Publishing/transmitting obscene material electronically,1,1,Kavya Das,36,Private Employee,Hindu,General,Female,Kavya Kulkarni,61,Female,0,Aarav Pai,62,Transgender,A1,1.0,2024-06-24T04:00:00,Karnataka,Hassan,Hassan Town PS,KA29471,Hassan District & Sessions Court,Aarav Pai,,,,
Zero FIR,Heinous,Report Beece (B-Report),Karnataka,Mangaluru,Dakshina Kannada District & Sessions Court,Police Station,Mangaluru Town PS,KA86623,Gautam Sharma,Inspector,Station Writer,1990-01-01,Male,A Positive,0,2012-09-21,865687178202600259,202600259,2024-03-23,"On 18-03-2024, a case of Dark Web Crime was reported at Mangaluru Town PS, Mangaluru district.",2024-03-18T09:00:00,2024-03-18T10:00:00,2024-03-18T20:00:00,12.9518,74.8613,"Incident occurred near coordinates 12.9518, 74.8613 within jurisdiction of Mangaluru Town PS.",Cyber Crime,Dark Web Crime,ITA,"Information Technology Act, 2000",IT Act,67,Publishing/transmitting obscene material electronically,1,1,Aarav Naik,57,Private Employee,Hindu,General,Female,Meena Joshi,37,Transgender,0,Aditi Naik,60,Transgender,A1,1.0,2024-03-30T17:00:00,Karnataka,Mangaluru,Mangaluru Town PS,KA86623,Dakshina Kannada District & Sessions Court,Aditi Naik,,,,
FIR,Non-Heinous,Undetected,Karnataka,Ballari,Ballari District & Sessions Court,Police Station,Ballari City PS,KA23828,Sunil Kulkarni,Inspector,Circle Inspector,1971-07-21,Male,A Negative,1,2008-03-20,110074254202400260,202400260,2022-12-16,"On 12-12-2022, a case of Dark Web Crime was reported at Ballari City PS, Ballari district.",2022-12-12T22:00:00,2022-12-13T04:00:00,2022-12-13T04:00:00,15.1875,76.9284,"Incident occurred near coordinates 15.1875, 76.9284 within jurisdiction of Ballari City PS.",Cyber Crime,Dark Web Crime,ITA,"Information Technology Act, 2000",IT Act,67,Publishing/transmitting obscene material electronically,1,1,Divya Shenoy,51,Private Employee,Hindu,General,Female,Aditi Naik,63,Female,0,Tanvi Hegde,,Transgender,A1,,,,,,,,,,,,
FIR,Non-Heinous,Undetected,Karnataka,Tumakuru,Tumakuru District & Sessions Court,Police Station,Tumakuru Town PS,KA26044,Isha Nair,Deputy Superintendent,SHO,1994-10-25,Male,AB Negative,0,2013-08-27,163249062202400261,202400261,2023-10-04,"On 01-10-2023, a case of Murder was reported at Tumakuru Town PS, Tumakuru district.",2023-10-01T22:00:00,2023-10-02T02:00:00,2023-10-02T03:00:00,13.2899,77.1779,"Incident occurred near coordinates 13.2899, 77.1779 within jurisdiction of Tumakuru Town PS.",Crimes Against Body,Murder,IPC,Indian Penal Code,IPC,302,Punishment for murder,1,1,Pooja Sharma,61,Private Employee,Hindu,General,Female,Nikhil Naik,7,Male,0,Sanjay Sharma,,Male,A1,,,,,,,,,,,,
PAR,Heinous,Chargesheet Filed,Karnataka,Kolar,Kolar District & Sessions Court,Police Station,Kolar Town PS,KA58370,Sanjay Kumar,Head Constable,Station Writer,1992-12-08,Female,B Negative,0,2020-04-17,379094780202600262,202600262,2022-10-11,"On 07-10-2022, a case of Dark Web Crime was reported at Kolar Town PS, Kolar district.",2022-10-07T10:00:00,2022-10-07T15:00:00,2022-10-07T16:00:00,13.1917,78.1651,"Incident occurred near coordinates 13.1917, 78.1651 within jurisdiction of Kolar Town PS.",Cyber Crime,Dark Web Crime,ITA,"Information Technology Act, 2000",IT Act,67,Publishing/transmitting obscene material electronically,1,1,Farhan Sharma,74,Private Employee,Hindu,General,Male,Chirag Bhat,67,Male,0,Tanvi Rao,,Male,A1,1.0,2022-10-18T12:00:00,Karnataka,Kolar,Kolar Town PS,KA58370,Kolar District & Sessions Court,Tanvi Rao,Deepak Joshi,2022-12-04T12:00:00,A,KA58370
PAR,Heinous,Chargesheet Filed,Karnataka,Kolar,Kolar District & Sessions Court,Police Station,Kolar Town PS,KA58370,Sanjay Kumar,Head Constable,Circle Inspector,1987-06-05,Male,A Positive,0,2001-02-09,379094780202600262,202600262,2022-10-11,"On 07-10-2022, a case of Dark Web Crime was reported at Kolar Town PS, Kolar district.",2022-10-07T10:00:00,2022-10-07T15:00:00,2022-10-07T16:00:00,13.1917,78.1651,"Incident occurred near coordinates 13.1917, 78.1651 within jurisdiction of Kolar Town PS.",Cyber Crime,Dark Web Crime,ITA,"Information Technology Act, 2000",IT Act,67,Publishing/transmitting obscene material electronically,1,1,,,,,,,,,,0,Deepak Joshi,,Transgender,A2,,,,,,,,,,,,
PAR,Non-Heinous,Report Beece (B-Report),Karnataka,Mandya,Mandya District & Sessions Court,Police Station,Mandya Town PS,KA38373,Kavya Deshmukh,Sub-Inspector,SHO,1984-03-27,Male,O Positive,0,2002-04-06,323054861202500263,202500263,2022-10-30,"On 25-10-2022, a case of Cheating was reported at Mandya Town PS, Mandya district.",2022-10-25T08:00:00,2022-10-25T10:00:00,2022-10-25T10:00:00,12.5198,76.9424,"Incident occurred near coordinates 12.5198, 76.9424 within jurisdiction of Mandya Town PS.",Financial Crime,Cheating,IPC,Indian Penal Code,IPC,420,Cheating and dishonestly inducing delivery of property,1,1,Suresh Das,61,Private Employee,Hindu,General,Male,Kiran Joshi,15,Female,0,Gautam Deshmukh,,Female,A1,1.0,2022-11-06T12:00:00,Karnataka,Mandya,Mandya Town PS,KA38373,Mandya District & Sessions Court,Gautam Deshmukh,,,,
Zero FIR,Non-Heinous,Chargesheet Filed,Karnataka,Ballari,Ballari District & Sessions Court,Police Station,Ballari City PS,KA34260,Bhavya Bhat,Deputy Superintendent,Circle Inspector,1971-03-18,Male,B Negative,0,2016-10-11,841018949202300264,202300264,2025-06-30,"On 26-06-2025, a case of Robbery was reported at Ballari City PS, Ballari district.",2025-06-26T04:00:00,2025-06-26T08:00:00,2025-06-26T20:00:00,15.1522,76.8935,"Incident occurred near coordinates 15.1522, 76.8935 within jurisdiction of Ballari City PS.",Property Crimes,Robbery,IPC,Indian Penal Code,IPC,392,Punishment for robbery,1,1,Chirag Singh,21,Private Employee,Hindu,General,Transgender,Kiran Shetty,56,Transgender,0,Vikram Sharma,21,Transgender,A1,1.0,2025-07-07T08:00:00,Karnataka,Ballari,Ballari City PS,KA34260,Ballari District & Sessions Court,Vikram Sharma,,2025-08-10T08:00:00,C,KA34260
Zero FIR,Heinous,Under Investigation,Karnataka,Mysuru,Mysuru District & Sessions Court,Police Station,Saraswathipuram PS,KA39650,Kiran Verma,Sub-Inspector,SHO,1972-08-27,Female,B Negative,1,2005-01-24,861792896202200265,202200265,2022-08-26,"On 21-08-2022, a case of Theft was reported at Saraswathipuram PS, Mysuru district.",2022-08-21T18:00:00,2022-08-21T23:00:00,2022-08-22T02:00:00,12.2349,76.6314,"Incident occurred near coordinates 12.2349, 76.6314 within jurisdiction of Saraswathipuram PS.",Property Crimes,Theft,IPC,Indian Penal Code,IPC,379,Punishment for theft,1,1,Rajesh Nair,76,Private Employee,Hindu,General,Male,Divya Patil,19,Transgender,0,Chirag Patil,,Transgender,A1,1.0,2022-09-02T04:00:00,Karnataka,Mysuru,Saraswathipuram PS,KA39650,Mysuru District & Sessions Court,Chirag Patil,Vikram Reddy,,,
Zero FIR,Non-Heinous,Under Investigation,Karnataka,Mysuru,Mysuru District & Sessions Court,Police Station,Saraswathipuram PS,KA39650,Kiran Verma,Sub-Inspector,Investigating Officer,1974-03-17,Male,A Positive,0,2003-05-06,861792896202200265,202200265,2022-08-26,"On 21-08-2022, a case of Theft was reported at Saraswathipuram PS, Mysuru district.",2022-08-21T18:00:00,2022-08-21T23:00:00,2022-08-22T02:00:00,12.2349,76.6314,"Incident occurred near coordinates 12.2349, 76.6314 within jurisdiction of Saraswathipuram PS.",Property Crimes,Theft,IPC,Indian Penal Code,IPC,379,Punishment for theft,1,1,,,,,,,,,,0,Vikram Reddy,44,Transgender,A2,,,,,,,,,,,,
PAR,Non-Heinous,Chargesheet Filed,Karnataka,Udupi,Udupi District & Sessions Court,Police Station,Udupi Town PS,KA93070,Abhishek Rao,Sub-Inspector,Investigating Officer,1975-07-25,Female,A Positive,0,2009-04-21,330097163202200266,202200266,2023-01-08,"On 03-01-2023, a case of Assault was reported at Udupi Town PS, Udupi district.",2023-01-03T04:00:00,2023-01-03T05:00:00,2023-01-03T08:00:00,13.2882,74.693,"Incident occurred near coordinates 13.2882, 74.693 within jurisdiction of Udupi Town PS.",Crimes Against Body,Assault,IPC,Indian Penal Code,IPC,351,Assault,1,1,Abhishek Shetty,71,Private Employee,Hindu,General,Female,Kiran Singh,19,Transgender,0,Bhavya Kamath,18,Female,A1,1.0,2023-01-15T10:00:00,Karnataka,Udupi,Udupi Town PS,KA93070,Udupi District & Sessions Court,Bhavya Kamath,Tanvi Sharma,2023-02-13T10:00:00,B,KA93070
PAR,Non-Heinous,Chargesheet Filed,Karnataka,Udupi,Udupi District & Sessions Court,Police Station,Udupi Town PS,KA93070,Abhishek Rao,Constable,Station Writer,1972-05-05,Female,O Negative,0,2017-05-05,330097163202200266,202200266,2023-01-08,"On 03-01-2023, a case of Assault was reported at Udupi Town PS, Udupi district.",2023-01-03T04:00:00,2023-01-03T05:00:00,2023-01-03T08:00:00,13.2882,74.693,"Incident occurred near coordinates 13.2882, 74.693 within jurisdiction of Udupi Town PS.",Crimes Against Body,Assault,IPC,Indian Penal Code,IPC,351,Assault,1,1,,,,,,,,,,0,Tanvi Sharma,33,Female,A2,,,,,,,,,,,,
Zero FIR,Heinous,Under Investigation,Karnataka,Bidar,Bidar District & Sessions Court,Police Station,Bidar Town PS,KA17847,Chirag Kumar,Constable,Circle Inspector,1995-10-24,Female,AB Negative,1,2019-07-27,840165037202400267,202400267,2025-06-11,"On 09-06-2025, a case of Grievous Hurt was reported at Bidar Town PS, Bidar district.",2025-06-09T02:00:00,2025-06-09T10:00:00,2025-06-09T20:00:00,17.8953,77.5857,"Incident occurred near coordinates 17.8953, 77.5857 within jurisdiction of Bidar Town PS.",Crimes Against Body,Grievous Hurt,IPC,Indian Penal Code,IPC,325,Punishment for voluntarily causing grievous hurt,1,1,Abhishek Rao,42,Private Employee,Hindu,General,Female,Dev Patil,10,Male,0,Gautam Patil,,Transgender,A1,1.0,2025-06-18T13:00:00,Karnataka,Bidar,Bidar Town PS,KA17847,Bidar District & Sessions Court,Gautam Patil,,,,
Zero FIR,Non-Heinous,Report Beece (B-Report),Karnataka,Kalaburagi,Kalaburagi District & Sessions Court,Police Station,Kalaburagi City PS,KA50148,Deepak Shenoy,Deputy Superintendent,SHO,1988-03-07,Male,O Negative,0,2013-12-10,835349052202500268,202500268,2022-02-11,"On 07-02-2022, a case of Robbery was reported at Kalaburagi City PS, Kalaburagi district.",2022-02-07T18:00:00,2022-02-07T20:00:00,2022-02-08T13:00:00,17.2638,76.8907,"Incident occurred near coordinates 17.2638, 76.8907 within jurisdiction of Kalaburagi City PS.",Property Crimes,Robbery,IPC,Indian Penal Code,IPC,392,Punishment for robbery,1,1,Aarav Kamath,48,Private Employee,Hindu,General,Transgender,Divya Reddy,46,Male,0,Rajesh Das,23,Transgender,A1,1.0,2022-02-18T00:00:00,Karnataka,Kalaburagi,Kalaburagi City PS,KA50148,Kalaburagi District & Sessions Court,Rajesh Das,,,,
PAR,Heinous,Report Beece (B-Report),Karnataka,Mandya,Mandya District & Sessions Court,Police Station,Mandya Town PS,KA67357,Sanjay Patil,Sub-Inspector,SHO,1985-11-06,Male,B Negative,1,2004-07-19,388725241202600269,202600269,2024-12-07,"On 04-12-2024, a case of Drug Offence was reported at Mandya Town PS, Mandya district.",2024-12-04T13:00:00,2024-12-04T19:00:00,2024-12-05T01:00:00,12.4983,76.9163,"Incident occurred near coordinates 12.4983, 76.9163 within jurisdiction of Mandya Town PS.",Narcotics,Drug Offence,NDPS,"Narcotic Drugs and Psychotropic Substances Act, 1985",NDPS,20,Punishment for cannabis-related offences,1,1,Deepak Shetty,29,Private Employee,Hindu,General,Female,Tanvi Deshmukh,39,Male,0,Deepak Kamath,,Female,A1,1.0,2024-12-14T00:00:00,Karnataka,Mandya,Mandya Town PS,KA67357,Mandya District & Sessions Court,Deepak Kamath,Manish Pai,,,
PAR,Non-Heinous,Report Beece (B-Report),Karnataka,Mandya,Mandya District & Sessions Court,Police Station,Mandya Town PS,KA67357,Sanjay Patil,Deputy Superintendent,Station Writer,1987-12-07,Male,B Positive,0,2019-04-06,388725241202600269,202600269,2024-12-07,"On 04-12-2024, a case of Drug Offence was reported at Mandya Town PS, Mandya district.",2024-12-04T13:00:00,2024-12-04T19:00:00,2024-12-05T01:00:00,12.4983,76.9163,"Incident occurred near coordinates 12.4983, 76.9163 within jurisdiction of Mandya Town PS.",Narcotics,Drug Offence,NDPS,"Narcotic Drugs and Psychotropic Substances Act, 1985",NDPS,20,Punishment for cannabis-related offences,1,1,,,,,,,,,,0,Manish Pai,33,Male,A2,,,,,,,,,,,,
Zero FIR,Heinous,Under Investigation,Karnataka,Chikkamagaluru,Chikkamagaluru District & Sessions Court,Police Station,Chikkamagaluru PS,KA45872,Sunil Singh,Deputy Superintendent,Investigating Officer,1978-11-26,Male,O Positive,0,2002-06-01,810931484202500270,202500270,2024-08-02,"On 27-07-2024, a case of Dark Web Crime was reported at Chikkamagaluru PS, Chikkamagaluru district.",2024-07-27T22:00:00,2024-07-28T01:00:00,2024-07-28T00:00:00,13.3521,75.8002,"Incident occurred near coordinates 13.3521, 75.8002 within jurisdiction of Chikkamagaluru PS.",Cyber Crime,Dark Web Crime,ITA,"Information Technology Act, 2000",IT Act,67,Publishing/transmitting obscene material electronically,1,1,Manish Deshmukh,35,Private Employee,Hindu,General,Female,Rajesh Kulkarni,29,Male,0,Meena Bhat,,Female,A1,1.0,2024-08-09T05:00:00,Karnataka,Chikkamagaluru,Chikkamagaluru PS,KA45872,Chikkamagaluru District & Sessions Court,Meena Bhat,"Aditi Shenoy,Vikram Naik",,,
Zero FIR,Heinous,Under Investigation,Karnataka,Chikkamagaluru,Chikkamagaluru District & Sessions Court,Police Station,Chikkamagaluru PS,KA45872,Sunil Singh,Head Constable,Investigating Officer,1971-08-12,Female,B Positive,1,2019-07-10,810931484202500270,202500270,2024-08-02,"On 27-07-2024, a case of Dark Web Crime was reported at Chikkamagaluru PS, Chikkamagaluru district.",2024-07-27T22:00:00,2024-07-28T01:00:00,2024-07-28T00:00:00,13.3521,75.8002,"Incident occurred near coordinates 13.3521, 75.8002 within jurisdiction of Chikkamagaluru PS.",Cyber Crime,Dark Web Crime,ITA,"Information Technology Act, 2000",IT Act,67,Publishing/transmitting obscene material electronically,1,1,,,,,,,,,,0,Aditi Shenoy,60,Transgender,A2,,,,,,,,,,,,
Zero FIR,Heinous,Under Investigation,Karnataka,Chikkamagaluru,Chikkamagaluru District & Sessions Court,Police Station,Chikkamagaluru PS,KA45872,Sunil Singh,Head Constable,Station Writer,1983-08-10,Female,A Positive,0,2019-01-21,810931484202500270,202500270,2024-08-02,"On 27-07-2024, a case of Dark Web Crime was reported at Chikkamagaluru PS, Chikkamagaluru district.",2024-07-27T22:00:00,2024-07-28T01:00:00,2024-07-28T00:00:00,13.3521,75.8002,"Incident occurred near coordinates 13.3521, 75.8002 within jurisdiction of Chikkamagaluru PS.",Cyber Crime,Dark Web Crime,ITA,"Information Technology Act, 2000",IT Act,67,Publishing/transmitting obscene material electronically,1,1,,,,,,,,,,0,Vikram Naik,,Transgender,A3,,,,,,,,,,,,
FIR,Non-Heinous,Chargesheet Filed,Karnataka,Kolar,Kolar District & Sessions Court,Police Station,Kolar Town PS,KA94874,Vikram Gowda,Head Constable,SHO,1983-06-04,Male,A Positive,0,2017-11-24,128639987202300271,202300271,2024-11-24,"On 19-11-2024, a case of Money Laundering was reported at Kolar Town PS, Kolar district.",2024-11-19T02:00:00,2024-11-19T10:00:00,2024-11-19T18:00:00,13.0942,78.1125,"Incident occurred near coordinates 13.0942, 78.1125 within jurisdiction of Kolar Town PS.",Financial Crime,Money Laundering,PMLA,"Prevention of Money Laundering Act, 2002",PMLA,3,Offence of money laundering,1,1,Vikram Hegde,65,Private Employee,Hindu,General,Male,Vikram Naik,60,Transgender,0,Gautam Deshmukh,,Male,A1,1.0,2024-12-01T11:00:00,Karnataka,Kolar,Kolar Town PS,KA94874,Kolar District & Sessions Court,Gautam Deshmukh,Abhishek Singh,2025-01-20T11:00:00,B,KA94874
FIR,Non-Heinous,Chargesheet Filed,Karnataka,Kolar,Kolar District & Sessions Court,Police Station,Kolar Town PS,KA94874,Vikram Gowda,Constable,Station Writer,1989-01-12,Female,O Negative,1,2001-08-20,128639987202300271,202300271,2024-11-24,"On 19-11-2024, a case of Money Laundering was reported at Kolar Town PS, Kolar district.",2024-11-19T02:00:00,2024-11-19T10:00:00,2024-11-19T18:00:00,13.0942,78.1125,"Incident occurred near coordinates 13.0942, 78.1125 within jurisdiction of Kolar Town PS.",Financial Crime,Money Laundering,PMLA,"Prevention of Money Laundering Act, 2002",PMLA,3,Offence of money laundering,1,1,,,,,,,,,,0,Abhishek Singh,,Male,A2,,,,,,,,,,,,
PAR,Non-Heinous,Undetected,Karnataka,Udupi,Udupi District & Sessions Court,Police Station,Udupi Town PS,KA68853,Priya Hegde,Sub-Inspector,SHO,1990-01-26,Female,A Negative,0,2009-08-17,372234461202600272,202600272,2023-10-27,"On 26-10-2023, a case of Assault was reported at Udupi Town PS, Udupi district.",2023-10-26T16:00:00,2023-10-26T23:00:00,2023-10-27T03:00:00,13.3593,74.6733,"Incident occurred near coordinates 13.3593, 74.6733 within jurisdiction of Udupi Town PS.",Crimes Against Body,Assault,IPC,Indian Penal Code,IPC,351,Assault,1,1,Manish Sharma,73,Private Employee,Hindu,General,Female,Ananya Das,67,Male,0,Priya Shetty,42,Transgender,A1,,,,,,,,,,,,
Zero FIR,Non-Heinous,Undetected,Karnataka,Bidar,Bidar District & Sessions Court,Police Station,Bidar Town PS,KA45009,Isha Kulkarni,Inspector,Station Writer,1984-08-02,Male,B Positive,1,2008-03-07,862936090202300273,202300273,2022-04-02,"On 30-03-2022, a case of Murder was reported at Bidar Town PS, Bidar district.",2022-03-30T03:00:00,2022-03-30T10:00:00,2022-03-30T09:00:00,17.8321,77.5375,"Incident occurred near coordinates 17.8321, 77.5375 within jurisdiction of Bidar Town PS.",Crimes Against Body,Murder,IPC,Indian Penal Code,IPC,302,Punishment for murder,1,1,Isha Pai,39,Private Employee,Hindu,General,Female,Sunil Shetty,73,Female,0,Ananya Kamath,50,Female,A1,,,,,,,,,,,,
PAR,Non-Heinous,Chargesheet Filed,Karnataka,Davangere,Davangere District & Sessions Court,Police Station,Davangere Extension PS,KA34819,Vikram Kulkarni,Deputy Superintendent,Investigating Officer,1992-09-14,Male,A Negative,0,2004-07-01,324907094202300274,202300274,2022-02-13,"On 12-02-2022, a case of Theft was reported at Davangere Extension PS, Davangere district.",2022-02-12T11:00:00,2022-02-12T18:00:00,2022-02-13T11:00:00,14.407,75.9374,"Incident occurred near coordinates 14.407, 75.9374 within jurisdiction of Davangere Extension PS.",Property Crimes,Theft,IPC,Indian Penal Code,IPC,379,Punishment for theft,1,1,Aditi Hegde,54,Private Employee,Hindu,General,Female,Rahul Sharma,65,Female,0,Suresh Verma,65,Male,A1,1.0,2022-02-20T17:00:00,Karnataka,Davangere,Davangere Extension PS,KA34819,Davangere District & Sessions Court,Suresh Verma,,2022-04-13T17:00:00,C,KA34819
PAR,Heinous,Under Investigation,Karnataka,Mangaluru,Dakshina Kannada District & Sessions Court,Police Station,Mangaluru Town PS,KA89782,Ananya Singh,Head Constable,SHO,1988-07-11,Female,O Positive,1,2001-08-15,347901097202400275,202400275,2022-01-14,"On 11-01-2022, a case of Burglary was reported at Mangaluru Town PS, Mangaluru district.",2022-01-11T01:00:00,2022-01-11T09:00:00,2022-01-11T03:00:00,12.8577,74.8986,"Incident occurred near coordinates 12.8577, 74.8986 within jurisdiction of Mangaluru Town PS.",Property Crimes,Burglary,IPC,Indian Penal Code,IPC,457,Lurking house-trespass or house-breaking by night,1,1,Nikhil Patil,57,Private Employee,Hindu,General,Male,Kiran Naik,73,Female,0,Pooja Joshi,,Male,A1,1.0,2022-01-21T09:00:00,Karnataka,Mangaluru,Mangaluru Town PS,KA89782,Dakshina Kannada District & Sessions Court,Pooja Joshi,,,,
UDR,Non-Heinous,Under Investigation,Karnataka,Belagavi,Belagavi District & Sessions Court,Police Station,Belagavi City PS,KA23215,Deepak Kulkarni,Inspector,Investigating Officer,1981-06-09,Male,B Negative,0,2010-10-15,275023229202500276,202500276,2023-08-05,"On 01-08-2023, a case of Assault was reported at Belagavi City PS, Belagavi district.",2023-08-01T07:00:00,2023-08-01T08:00:00,2023-08-02T05:00:00,15.8047,74.5306,"Incident occurred near coordinates 15.8047, 74.5306 within jurisdiction of Belagavi City PS.",Crimes Against Body,Assault,IPC,Indian Penal Code,IPC,351,Assault,1,1,Abhishek Kulkarni,66,Private Employee,Hindu,General,Male,Isha Rao,35,Female,0,Sanjay Bhat,30,Female,A1,1.0,2023-08-12T16:00:00,Karnataka,Belagavi,Belagavi City PS,KA23215,Belagavi District & Sessions Court,Sanjay Bhat,,,,
Zero FIR,Heinous,Chargesheet Filed,Karnataka,Kalaburagi,Kalaburagi District & Sessions Court,Police Station,Kalaburagi City PS,KA74675,Siddharth Singh,Head Constable,Circle Inspector,1990-07-06,Male,B Positive,1,2006-08-23,841915014202600277,202600277,2024-12-12,"On 10-12-2024, a case of Assault was reported at Kalaburagi City PS, Kalaburagi district.",2024-12-10T10:00:00,2024-12-10T15:00:00,2024-12-11T05:00:00,17.343,76.8311,"Incident occurred near coordinates 17.343, 76.8311 within jurisdiction of Kalaburagi City PS.",Crimes Against Body,Assault,IPC,Indian Penal Code,IPC,351,Assault,1,1,Isha Naik,39,Private Employee,Hindu,General,Female,Kavya Kumar,35,Transgender,0,Manish Joshi,,Male,A1,1.0,2024-12-19T17:00:00,Karnataka,Kalaburagi,Kalaburagi City PS,KA74675,Kalaburagi District & Sessions Court,Manish Joshi,,2025-01-17T17:00:00,C,KA74675
FIR,Heinous,Report Beece (B-Report),Karnataka,Hubballi-Dharwad,Dharwad District & Sessions Court,Police Station,Dharwad Town PS,KA60048,Dev Reddy,Inspector,SHO,1982-08-13,Male,AB Positive,0,2017-01-15,190135186202400278,202400278,2025-06-18,"On 17-06-2025, a case of Cryptocurrency Crime was reported at Dharwad Town PS, Hubballi-Dharwad district.",2025-06-17T07:00:00,2025-06-17T09:00:00,2025-06-17T21:00:00,15.4,75.0474,"Incident occurred near coordinates 15.4, 75.0474 within jurisdiction of Dharwad Town PS.",Cyber Crime,Cryptocurrency Crime,ITA,"Information Technology Act, 2000",IT Act,66D,Cheating by personation using a computer resource,1,1,Chirag Joshi,69,Private Employee,Hindu,General,Transgender,Sunil Kamath,72,Female,0,Sunil Reddy,35,Transgender,A1,1.0,2025-06-25T18:00:00,Karnataka,Hubballi-Dharwad,Dharwad Town PS,KA60048,Dharwad District & Sessions Court,Sunil Reddy,,,,
UDR,Heinous,Chargesheet Filed,Karnataka,Ramanagara,Ramanagara District & Sessions Court,Police Station,Ramanagara Town PS,KA74518,Rajesh Rao,Constable,SHO,1973-03-06,Female,AB Negative,1,2016-01-12,213831237202400279,202400279,2025-09-25,"On 21-09-2025, a case of Cyber Crime was reported at Ramanagara Town PS, Ramanagara district.",2025-09-21T21:00:00,2025-09-22T01:00:00,2025-09-22T13:00:00,12.6842,77.2778,"Incident occurred near coordinates 12.6842, 77.2778 within jurisdiction of Ramanagara Town PS.",Cyber Crime,Cyber Crime,ITA,"Information Technology Act, 2000",IT Act,66C,Identity theft using computer resource,1,1,Kiran Kumar,72,Private Employee,Hindu,General,Male,Anil Verma,28,Male,0,Divya Reddy,,Female,A1,1.0,2025-10-02T07:00:00,Karnataka,Ramanagara,Ramanagara Town PS,KA74518,Ramanagara District & Sessions Court,Divya Reddy,,2025-11-05T07:00:00,A,KA74518
UDR,Non-Heinous,Undetected,Karnataka,Vijayapura,Vijayapura District & Sessions Court,Police Station,Vijayapura Town PS,KA46840,Kiran Das,Sub-Inspector,Circle Inspector,1972-02-24,Male,B Positive,1,2012-07-15,299702281202200280,202200280,2022-10-08,"On 03-10-2022, a case of Cyber Crime was reported at Vijayapura Town PS, Vijayapura district.",2022-10-03T20:00:00,2022-10-04T01:00:00,2022-10-04T15:00:00,16.9024,75.7292,"Incident occurred near coordinates 16.9024, 75.7292 within jurisdiction of Vijayapura Town PS.",Cyber Crime,Cyber Crime,ITA,"Information Technology Act, 2000",IT Act,66C,Identity theft using computer resource,1,1,Meena Naik,68,Private Employee,Hindu,General,Transgender,Deepak Verma,38,Transgender,0,Isha Kumar,,Female,A1,,,,,,,,,,,,
UDR,Non-Heinous,Undetected,Karnataka,Vijayapura,Vijayapura District & Sessions Court,Police Station,Vijayapura Town PS,KA46840,Kiran Das,Deputy Superintendent,Investigating Officer,1993-10-06,Male,A Negative,0,2002-03-11,299702281202200280,202200280,2022-10-08,"On 03-10-2022, a case of Cyber Crime was reported at Vijayapura Town PS, Vijayapura district.",2022-10-03T20:00:00,2022-10-04T01:00:00,2022-10-04T15:00:00,16.9024,75.7292,"Incident occurred near coordinates 16.9024, 75.7292 within jurisdiction of Vijayapura Town PS.",Cyber Crime,Cyber Crime,ITA,"Information Technology Act, 2000",IT Act,66C,Identity theft using computer resource,1,1,,,,,,,,,,0,Sunil Shenoy,66,Female,A2,,,,,,,,,,,,
UDR,Non-Heinous,Undetected,Karnataka,Vijayapura,Vijayapura District & Sessions Court,Police Station,Vijayapura Town PS,KA46840,Kiran Das,Constable,Investigating Officer,1988-08-16,Male,AB Positive,0,2004-10-14,299702281202200280,202200280,2022-10-08,"On 03-10-2022, a case of Cyber Crime was reported at Vijayapura Town PS, Vijayapura district.",2022-10-03T20:00:00,2022-10-04T01:00:00,2022-10-04T15:00:00,16.9024,75.7292,"Incident occurred near coordinates 16.9024, 75.7292 within jurisdiction of Vijayapura Town PS.",Cyber Crime,Cyber Crime,ITA,"Information Technology Act, 2000",IT Act,66C,Identity theft using computer resource,1,1,,,,,,,,,,0,Farhan Bhat,,Transgender,A3,,,,,,,,,,,,
PAR,Heinous,Under Investigation,Karnataka,Ramanagara,Ramanagara District & Sessions Court,Police Station,Ramanagara Town PS,KA59588,Sanjay Naik,Sub-Inspector,SHO,1974-06-18,Male,A Positive,0,2007-04-28,343957771202500281,202500281,2024-08-18,"On 14-08-2024, a case of Cyber Crime was reported at Ramanagara Town PS, Ramanagara district.",2024-08-14T06:00:00,2024-08-14T13:00:00,2024-08-15T02:00:00,12.7857,77.3393,"Incident occurred near coordinates 12.7857, 77.3393 within jurisdiction of Ramanagara Town PS.",Cyber Crime,Cyber Crime,ITA,"Information Technology Act, 2000",IT Act,66C,Identity theft using computer resource,1,1,Rajesh Nair,74,Private Employee,Hindu,General,Transgender,Gautam Deshmukh,33,Transgender,0,Anil Kulkarni,,Transgender,A1,1.0,2024-08-25T09:00:00,Karnataka,Ramanagara,Ramanagara Town PS,KA59588,Ramanagara District & Sessions Court,Anil Kulkarni,,,,
FIR,Non-Heinous,Report Beece (B-Report),Karnataka,Vijayapura,Vijayapura District & Sessions Court,Police Station,Vijayapura Town PS,KA86295,Divya Shetty,Inspector,Circle Inspector,1989-12-15,Male,O Negative,1,2018-03-13,160659148202200282,202200282,2023-04-28,"On 27-04-2023, a case of Drug Offence was reported at Vijayapura Town PS, Vijayapura district.",2023-04-27T11:00:00,2023-04-27T12:00:00,2023-04-28T03:00:00,16.8034,75.7325,"Incident occurred near coordinates 16.8034, 75.7325 within jurisdiction of Vijayapura Town PS.",Narcotics,Drug Offence,NDPS,"Narcotic Drugs and Psychotropic Substances Act, 1985",NDPS,20,Punishment for cannabis-related offences,1,1,Divya Sharma,41,Private Employee,Hindu,General,Male,Aarav Patil,50,Transgender,0,Manish Singh,51,Male,A1,1.0,2023-05-05T19:00:00,Karnataka,Vijayapura,Vijayapura Town PS,KA86295,Vijayapura District & Sessions Court,Manish Singh,,,,
FIR,Non-Heinous,Undetected,Karnataka,Bengaluru Urban,"Principal City Civil & Sessions Court, Bengaluru",Police Station,Bengaluru City PS,KA80436,Abhishek Kumar,Sub-Inspector,Investigating Officer,1993-09-16,Male,A Negative,0,2013-08-13,133419500202400283,202400283,2022-11-15,"On 11-11-2022, a case of Robbery was reported at Bengaluru City PS, Bengaluru Urban district.",2022-11-11T05:00:00,2022-11-11T13:00:00,2022-11-11T11:00:00,12.9131,77.6574,"Incident occurred near coordinates 12.9131, 77.6574 within jurisdiction of Bengaluru City PS.",Property Crimes,Robbery,IPC,Indian Penal Code,IPC,392,Punishment for robbery,1,1,Isha Verma,37,Private Employee,Hindu,General,Male,Priya Bhat,13,Male,0,Gautam Naik,58,Transgender,A1,,,,,,,,,,,,
Zero FIR,Heinous,Report Beece (B-Report),Karnataka,Tumakuru,Tumakuru District & Sessions Court,Police Station,Tumakuru Town PS,KA45211,Esha Bhat,Inspector,Station Writer,1980-12-16,Male,AB Positive,0,2005-11-20,840393104202300284,202300284,2023-06-06,"On 05-06-2023, a case of Grievous Hurt was reported at Tumakuru Town PS, Tumakuru district.",2023-06-05T09:00:00,2023-06-05T10:00:00,2023-06-05T21:00:00,13.345,77.0812,"Incident occurred near coordinates 13.345, 77.0812 within jurisdiction of Tumakuru Town PS.",Crimes Against Body,Grievous Hurt,IPC,Indian Penal Code,IPC,325,Punishment for voluntarily causing grievous hurt,1,1,Farhan Kumar,80,Private Employee,Hindu,General,Transgender,Manish Pai,29,Transgender,0,Vikram Deshmukh,29,Transgender,A1,1.0,2023-06-13T16:00:00,Karnataka,Tumakuru,Tumakuru Town PS,KA45211,Tumakuru District & Sessions Court,Vikram Deshmukh,,,,
PAR,Non-Heinous,Report Beece (B-Report),Karnataka,Hubballi-Dharwad,Dharwad District & Sessions Court,Police Station,Dharwad Town PS,KA51681,Isha Patil,Sub-Inspector,Circle Inspector,1989-02-23,Male,B Positive,0,2014-05-28,338009814202500285,202500285,2022-05-30,"On 28-05-2022, a case of Cyber Crime was reported at Dharwad Town PS, Hubballi-Dharwad district.",2022-05-28T10:00:00,2022-05-28T16:00:00,2022-05-28T15:00:00,15.4395,75.1036,"Incident occurred near coordinates 15.4395, 75.1036 within jurisdiction of Dharwad Town PS.",Cyber Crime,Cyber Crime,ITA,"Information Technology Act, 2000",IT Act,66C,Identity theft using computer resource,1,1,Aditi Deshmukh,48,Private Employee,Hindu,General,Male,Anil Verma,52,Female,0,Rahul Bhat,43,Male,A1,1.0,2022-06-06T15:00:00,Karnataka,Hubballi-Dharwad,Dharwad Town PS,KA51681,Dharwad District & Sessions Court,Rahul Bhat,,,,
PAR,Non-Heinous,Chargesheet Filed,Karnataka,Shivamogga,Shivamogga District & Sessions Court,Police Station,Shivamogga Town PS,KA98884,Sanjay Nair,Inspector,Circle Inspector,1989-07-09,Female,A Negative,1,2004-08-16,327612856202400286,202400286,2023-03-25,"On 24-03-2023, a case of Burglary was reported at Shivamogga Town PS, Shivamogga district.",2023-03-24T13:00:00,2023-03-24T16:00:00,2023-03-25T12:00:00,13.9978,75.6469,"Incident occurred near coordinates 13.9978, 75.6469 within jurisdiction of Shivamogga Town PS.",Property Crimes,Burglary,IPC,Indian Penal Code,IPC,457,Lurking house-trespass or house-breaking by night,1,1,Abhishek Patil,33,Private Employee,Hindu,General,Female,Meena Gowda,49,Male,0,Siddharth Patil,,Female,A1,1.0,2023-04-01T19:00:00,Karnataka,Shivamogga,Shivamogga Town PS,KA98884,Shivamogga District & Sessions Court,Siddharth Patil,Vikram Verma,2023-04-22T19:00:00,A,KA98884
PAR,Heinous,Chargesheet Filed,Karnataka,Shivamogga,Shivamogga District & Sessions Court,Police Station,Shivamogga Town PS,KA98884,Sanjay Nair,Sub-Inspector,Circle Inspector,1992-07-09,Female,AB Positive,1,2003-09-12,327612856202400286,202400286,2023-03-25,"On 24-03-2023, a case of Burglary was reported at Shivamogga Town PS, Shivamogga district.",2023-03-24T13:00:00,2023-03-24T16:00:00,2023-03-25T12:00:00,13.9978,75.6469,"Incident occurred near coordinates 13.9978, 75.6469 within jurisdiction of Shivamogga Town PS.",Property Crimes,Burglary,IPC,Indian Penal Code,IPC,457,Lurking house-trespass or house-breaking by night,1,1,,,,,,,,,,0,Vikram Verma,30,Male,A2,,,,,,,,,,,,
UDR,Non-Heinous,Chargesheet Filed,Karnataka,Udupi,Udupi District & Sessions Court,Police Station,Udupi Town PS,KA65607,Suresh Reddy,Inspector,SHO,1991-10-12,Male,AB Positive,0,2017-08-15,228907427202600287,202600287,2024-03-07,"On 01-03-2024, a case of Dark Web Crime was reported at Udupi Town PS, Udupi district.",2024-03-01T15:00:00,2024-03-01T16:00:00,2024-03-01T21:00:00,13.3744,74.8213,"Incident occurred near coordinates 13.3744, 74.8213 within jurisdiction of Udupi Town PS.",Cyber Crime,Dark Web Crime,ITA,"Information Technology Act, 2000",IT Act,67,Publishing/transmitting obscene material electronically,1,1,Sanjay Gowda,34,Private Employee,Hindu,General,Female,Esha Nair,64,Transgender,0,Vikram Bhat,74,Female,A1,1.0,2024-03-14T03:00:00,Karnataka,Udupi,Udupi Town PS,KA65607,Udupi District & Sessions Court,Vikram Bhat,,2024-04-23T03:00:00,C,KA65607
PAR,Heinous,Undetected,Karnataka,Hassan,Hassan District & Sessions Court,Police Station,Hassan Town PS,KA26672,Siddharth Reddy,Inspector,Station Writer,1995-04-04,Male,A Positive,0,2008-03-27,394946497202300288,202300288,2022-12-30,"On 28-12-2022, a case of Cyber Crime was reported at Hassan Town PS, Hassan district.",2022-12-28T23:00:00,2022-12-29T05:00:00,2022-12-29T05:00:00,13.0676,76.1112,"Incident occurred near coordinates 13.0676, 76.1112 within jurisdiction of Hassan Town PS.",Cyber Crime,Cyber Crime,ITA,"Information Technology Act, 2000",IT Act,66C,Identity theft using computer resource,1,1,Rajesh Verma,34,Private Employee,Hindu,General,Transgender,Isha Joshi,52,Transgender,0,Bhavya Joshi,,Female,A1,,,,,,,,,,,,
PAR,Heinous,Under Investigation,Karnataka,Bengaluru Urban,"Principal City Civil & Sessions Court, Bengaluru",Police Station,Bengaluru City PS,KA49811,Dev Joshi,Head Constable,Investigating Officer,1988-03-02,Male,AB Negative,0,2004-02-21,375502011202200289,202200289,2024-04-02,"On 01-04-2024, a case of Robbery was reported at Bengaluru City PS, Bengaluru Urban district.",2024-04-01T16:00:00,2024-04-01T20:00:00,2024-04-01T18:00:00,12.9934,77.5599,"Incident occurred near coordinates 12.9934, 77.5599 within jurisdiction of Bengaluru City PS.",Property Crimes,Robbery,IPC,Indian Penal Code,IPC,392,Punishment for robbery,1,1,Deepak Kamath,35,Private Employee,Hindu,General,Male,Aarav Sharma,33,Transgender,0,Sunil Naik,47,Female,A1,1.0,2024-04-09T22:00:00,Karnataka,Bengaluru Urban,Bengaluru City PS,KA49811,"Principal City Civil & Sessions Court, Bengaluru",Sunil Naik,,,,
FIR,Non-Heinous,Under Investigation,Karnataka,Ramanagara,Ramanagara District & Sessions Court,Police Station,Ramanagara Town PS,KA65078,Tanvi Rao,Deputy Superintendent,Circle Inspector,1979-01-22,Female,A Negative,0,2011-08-26,199262948202600290,202600290,2024-01-22,"On 20-01-2024, a case of Money Laundering was reported at Ramanagara Town PS, Ramanagara district.",2024-01-20T09:00:00,2024-01-20T17:00:00,2024-01-21T09:00:00,12.7815,77.2397,"Incident occurred near coordinates 12.7815, 77.2397 within jurisdiction of Ramanagara Town PS.",Financial Crime,Money Laundering,PMLA,"Prevention of Money Laundering Act, 2002",PMLA,3,Offence of money laundering,1,1,Kavya Deshmukh,54,Private Employee,Hindu,General,Male,Farhan Shenoy,46,Female,0,Nikhil Patil,,Female,A1,1.0,2024-01-29T20:00:00,Karnataka,Ramanagara,Ramanagara Town PS,KA65078,Ramanagara District & Sessions Court,Nikhil Patil,,,,
UDR,Non-Heinous,Under Investigation,Karnataka,Hassan,Hassan District & Sessions Court,Police Station,Hassan Town PS,KA25197,Farhan Reddy,Sub-Inspector,Investigating Officer,1971-11-23,Female,O Positive,0,2004-07-07,255974281202400291,202400291,2022-09-04,"On 03-09-2022, a case of Cyber Crime was reported at Hassan Town PS, Hassan district.",2022-09-03T08:00:00,2022-09-03T14:00:00,2022-09-03T20:00:00,12.9661,76.1319,"Incident occurred near coordinates 12.9661, 76.1319 within jurisdiction of Hassan Town PS.",Cyber Crime,Cyber Crime,ITA,"Information Technology Act, 2000",IT Act,66C,Identity theft using computer resource,1,1,Kavya Bhat,71,Private Employee,Hindu,General,Transgender,Abhishek Joshi,58,Male,0,Ananya Gowda,,Transgender,A1,1.0,2022-09-11T16:00:00,Karnataka,Hassan,Hassan Town PS,KA25197,Hassan District & Sessions Court,Ananya Gowda,,,,
Zero FIR,Non-Heinous,Chargesheet Filed,Karnataka,Mangaluru,Dakshina Kannada District & Sessions Court,Police Station,Mangaluru Town PS,KA59340,Suresh Kumar,Inspector,Station Writer,1997-06-28,Female,B Positive,0,2009-05-11,853092713202500292,202500292,2023-02-05,"On 31-01-2023, a case of Cryptocurrency Crime was reported at Mangaluru Town PS, Mangaluru district.",2023-01-31T21:00:00,2023-02-01T05:00:00,2023-02-01T06:00:00,12.9745,74.7919,"Incident occurred near coordinates 12.9745, 74.7919 within jurisdiction of Mangaluru Town PS.",Cyber Crime,Cryptocurrency Crime,ITA,"Information Technology Act, 2000",IT Act,66D,Cheating by personation using a computer resource,1,1,Vikram Naik,26,Private Employee,Hindu,General,Female,Hari Hegde,51,Female,0,Dev Joshi,,Female,A1,1.0,2023-02-12T00:00:00,Karnataka,Mangaluru,Mangaluru Town PS,KA59340,Dakshina Kannada District & Sessions Court,Dev Joshi,,2023-03-01T00:00:00,C,KA59340
UDR,Heinous,Undetected,Karnataka,Mandya,Mandya District & Sessions Court,Police Station,Mandya Town PS,KA17697,Nikhil Singh,Head Constable,Investigating Officer,1998-07-28,Male,O Negative,1,2000-08-17,241121274202500293,202500293,2023-07-24,"On 23-07-2023, a case of Dark Web Crime was reported at Mandya Town PS, Mandya district.",2023-07-23T16:00:00,2023-07-23T18:00:00,2023-07-24T15:00:00,12.5408,76.843,"Incident occurred near coordinates 12.5408, 76.843 within jurisdiction of Mandya Town PS.",Cyber Crime,Dark Web Crime,ITA,"Information Technology Act, 2000",IT Act,67,Publishing/transmitting obscene material electronically,1,1,Gautam Verma,80,Private Employee,Hindu,General,Female,Bhavya Deshmukh,50,Transgender,0,Isha Gowda,,Transgender,A1,,,,,,,,,,,,
PAR,Heinous,Report Beece (B-Report),Karnataka,Davangere,Davangere District & Sessions Court,Police Station,Davangere Extension PS,KA13807,Deepak Bhat,Constable,SHO,1972-07-22,Male,AB Negative,0,2019-11-14,314281360202500294,202500294,2023-09-27,"On 25-09-2023, a case of Money Laundering was reported at Davangere Extension PS, Davangere district.",2023-09-25T08:00:00,2023-09-25T15:00:00,2023-09-26T03:00:00,14.4945,75.9992,"Incident occurred near coordinates 14.4945, 75.9992 within jurisdiction of Davangere Extension PS.",Financial Crime,Money Laundering,PMLA,"Prevention of Money Laundering Act, 2002",PMLA,3,Offence of money laundering,1,1,Isha Naik,76,Private Employee,Hindu,General,Transgender,Abhishek Shenoy,29,Female,0,Suresh Nair,,Male,A1,1.0,2023-10-04T18:00:00,Karnataka,Davangere,Davangere Extension PS,KA13807,Davangere District & Sessions Court,Suresh Nair,,,,
FIR,Heinous,Under Investigation,Karnataka,Belagavi,Belagavi District & Sessions Court,Police Station,Belagavi City PS,KA80461,Vikram Shenoy,Head Constable,Circle Inspector,1973-01-08,Male,B Positive,0,2005-03-07,110629787202600295,202600295,2024-01-25,"On 23-01-2024, a case of Theft was reported at Belagavi City PS, Belagavi district.",2024-01-23T20:00:00,2024-01-24T03:00:00,2024-01-24T09:00:00,15.9101,74.5135,"Incident occurred near coordinates 15.9101, 74.5135 within jurisdiction of Belagavi City PS.",Property Crimes,Theft,IPC,Indian Penal Code,IPC,379,Punishment for theft,1,1,Meena Hegde,80,Private Employee,Hindu,General,Transgender,Kavya Nair,44,Female,0,Rajesh Patil,,Female,A1,1.0,2024-02-01T02:00:00,Karnataka,Belagavi,Belagavi City PS,KA80461,Belagavi District & Sessions Court,Rajesh Patil,"Rahul Bhat,Meena Sharma",,,
FIR,Non-Heinous,Under Investigation,Karnataka,Belagavi,Belagavi District & Sessions Court,Police Station,Belagavi City PS,KA80461,Vikram Shenoy,Head Constable,SHO,1998-11-24,Female,B Positive,0,2004-04-08,110629787202600295,202600295,2024-01-25,"On 23-01-2024, a case of Theft was reported at Belagavi City PS, Belagavi district.",2024-01-23T20:00:00,2024-01-24T03:00:00,2024-01-24T09:00:00,15.9101,74.5135,"Incident occurred near coordinates 15.9101, 74.5135 within jurisdiction of Belagavi City PS.",Property Crimes,Theft,IPC,Indian Penal Code,IPC,379,Punishment for theft,1,1,,,,,,,,,,0,Rahul Bhat,26,Male,A2,,,,,,,,,,,,
FIR,Non-Heinous,Under Investigation,Karnataka,Belagavi,Belagavi District & Sessions Court,Police Station,Belagavi City PS,KA80461,Vikram Shenoy,Inspector,SHO,1974-11-21,Male,A Negative,1,2014-02-03,110629787202600295,202600295,2024-01-25,"On 23-01-2024, a case of Theft was reported at Belagavi City PS, Belagavi district.",2024-01-23T20:00:00,2024-01-24T03:00:00,2024-01-24T09:00:00,15.9101,74.5135,"Incident occurred near coordinates 15.9101, 74.5135 within jurisdiction of Belagavi City PS.",Property Crimes,Theft,IPC,Indian Penal Code,IPC,379,Punishment for theft,1,1,,,,,,,,,,0,Meena Sharma,69,Female,A3,,,,,,,,,,,,
UDR,Non-Heinous,Under Investigation,Karnataka,Mysuru,Mysuru District & Sessions Court,Police Station,Saraswathipuram PS,KA93422,Isha Hegde,Inspector,Station Writer,1996-07-14,Female,O Negative,1,2002-09-16,267201544202200296,202200296,2022-03-30,"On 26-03-2022, a case of Drug Offence was reported at Saraswathipuram PS, Mysuru district.",2022-03-26T04:00:00,2022-03-26T07:00:00,2022-03-26T13:00:00,12.2382,76.6781,"Incident occurred near coordinates 12.2382, 76.6781 within jurisdiction of Saraswathipuram PS.",Narcotics,Drug Offence,NDPS,"Narcotic Drugs and Psychotropic Substances Act, 1985",NDPS,20,Punishment for cannabis-related offences,1,1,Meena Joshi,45,Private Employee,Hindu,General,Transgender,Divya Deshmukh,39,Male,0,Ananya Shetty,,Female,A1,1.0,2022-04-06T13:00:00,Karnataka,Mysuru,Saraswathipuram PS,KA93422,Mysuru District & Sessions Court,Ananya Shetty,Suresh Das,,,
UDR,Non-Heinous,Under Investigation,Karnataka,Mysuru,Mysuru District & Sessions Court,Police Station,Saraswathipuram PS,KA93422,Isha Hegde,Deputy Superintendent,Circle Inspector,1981-08-20,Male,AB Positive,0,2000-08-19,267201544202200296,202200296,2022-03-30,"On 26-03-2022, a case of Drug Offence was reported at Saraswathipuram PS, Mysuru district.",2022-03-26T04:00:00,2022-03-26T07:00:00,2022-03-26T13:00:00,12.2382,76.6781,"Incident occurred near coordinates 12.2382, 76.6781 within jurisdiction of Saraswathipuram PS.",Narcotics,Drug Offence,NDPS,"Narcotic Drugs and Psychotropic Substances Act, 1985",NDPS,20,Punishment for cannabis-related offences,1,1,,,,,,,,,,0,Suresh Das,,Female,A2,,,,,,,,,,,,
Zero FIR,Heinous,Under Investigation,Karnataka,Ramanagara,Ramanagara District & Sessions Court,Police Station,Ramanagara Town PS,KA36441,Gautam Kamath,Inspector,Investigating Officer,1990-05-23,Female,AB Positive,0,2005-03-13,819415435202500297,202500297,2025-01-21,"On 18-01-2025, a case of Burglary was reported at Ramanagara Town PS, Ramanagara district.",2025-01-18T13:00:00,2025-01-18T16:00:00,2025-01-19T09:00:00,12.6562,77.2462,"Incident occurred near coordinates 12.6562, 77.2462 within jurisdiction of Ramanagara Town PS.",Property Crimes,Burglary,IPC,Indian Penal Code,IPC,457,Lurking house-trespass or house-breaking by night,1,1,Esha Shetty,71,Private Employee,Hindu,General,Transgender,Divya Kulkarni,68,Female,0,Meena Rao,33,Transgender,A1,1.0,2025-01-28T01:00:00,Karnataka,Ramanagara,Ramanagara Town PS,KA36441,Ramanagara District & Sessions Court,Meena Rao,,,,
FIR,Non-Heinous,Undetected,Karnataka,Hubballi-Dharwad,Dharwad District & Sessions Court,Police Station,Dharwad Town PS,KA66358,Gautam Nair,Inspector,Circle Inspector,1997-04-27,Male,B Positive,0,2010-08-17,132608421202200298,202200298,2023-03-02,"On 28-02-2023, a case of Murder was reported at Dharwad Town PS, Hubballi-Dharwad district.",2023-02-28T13:00:00,2023-02-28T14:00:00,2023-02-28T15:00:00,15.3774,75.1815,"Incident occurred near coordinates 15.3774, 75.1815 within jurisdiction of Dharwad Town PS.",Crimes Against Body,Murder,IPC,Indian Penal Code,IPC,302,Punishment for murder,1,1,Meena Patil,64,Private Employee,Hindu,General,Male,Sunil Shenoy,75,Male,0,Gautam Nair,45,Transgender,A1,,,,,,,,,,,,
FIR,Non-Heinous,Undetected,Karnataka,Hubballi-Dharwad,Dharwad District & Sessions Court,Police Station,Dharwad Town PS,KA66358,Gautam Nair,Constable,SHO,1997-10-25,Female,O Negative,1,2010-08-23,132608421202200298,202200298,2023-03-02,"On 28-02-2023, a case of Murder was reported at Dharwad Town PS, Hubballi-Dharwad district.",2023-02-28T13:00:00,2023-02-28T14:00:00,2023-02-28T15:00:00,15.3774,75.1815,"Incident occurred near coordinates 15.3774, 75.1815 within jurisdiction of Dharwad Town PS.",Crimes Against Body,Murder,IPC,Indian Penal Code,IPC,302,Punishment for murder,1,1,,,,,,,,,,0,Manish Shenoy,,Female,A2,,,,,,,,,,,,
FIR,Heinous,Undetected,Karnataka,Hubballi-Dharwad,Dharwad District & Sessions Court,Police Station,Dharwad Town PS,KA66358,Gautam Nair,Head Constable,Circle Inspector,1994-05-23,Male,A Negative,0,2013-06-27,132608421202200298,202200298,2023-03-02,"On 28-02-2023, a case of Murder was reported at Dharwad Town PS, Hubballi-Dharwad district.",2023-02-28T13:00:00,2023-02-28T14:00:00,2023-02-28T15:00:00,15.3774,75.1815,"Incident occurred near coordinates 15.3774, 75.1815 within jurisdiction of Dharwad Town PS.",Crimes Against Body,Murder,IPC,Indian Penal Code,IPC,302,Punishment for murder,1,1,,,,,,,,,,0,Divya Das,48,Male,A3,,,,,,,,,,,,
PAR,Heinous,Report Beece (B-Report),Karnataka,Kolar,Kolar District & Sessions Court,Police Station,Kolar Town PS,KA48645,Pooja Kulkarni,Inspector,SHO,1977-05-05,Male,B Positive,1,2012-09-16,388208701202400299,202400299,2025-03-07,"On 06-03-2025, a case of Money Laundering was reported at Kolar Town PS, Kolar district.",2025-03-06T06:00:00,2025-03-06T13:00:00,2025-03-07T00:00:00,13.1277,78.1159,"Incident occurred near coordinates 13.1277, 78.1159 within jurisdiction of Kolar Town PS.",Financial Crime,Money Laundering,PMLA,"Prevention of Money Laundering Act, 2002",PMLA,3,Offence of money laundering,1,1,Pooja Naik,25,Private Employee,Hindu,General,Transgender,Priya Bhat,32,Transgender,0,Esha Deshmukh,44,Female,A1,1.0,2025-03-14T09:00:00,Karnataka,Kolar,Kolar Town PS,KA48645,Kolar District & Sessions Court,Esha Deshmukh,"Manish Pai,Meena Reddy",,,
PAR,Heinous,Report Beece (B-Report),Karnataka,Kolar,Kolar District & Sessions Court,Police Station,Kolar Town PS,KA48645,Pooja Kulkarni,Sub-Inspector,Investigating Officer,1979-12-14,Female,B Positive,1,2002-01-13,388208701202400299,202400299,2025-03-07,"On 06-03-2025, a case of Money Laundering was reported at Kolar Town PS, Kolar district.",2025-03-06T06:00:00,2025-03-06T13:00:00,2025-03-07T00:00:00,13.1277,78.1159,"Incident occurred near coordinates 13.1277, 78.1159 within jurisdiction of Kolar Town PS.",Financial Crime,Money Laundering,PMLA,"Prevention of Money Laundering Act, 2002",PMLA,3,Offence of money laundering,1,1,,,,,,,,,,0,Manish Pai,,Male,A2,,,,,,,,,,,,
PAR,Non-Heinous,Report Beece (B-Report),Karnataka,Kolar,Kolar District & Sessions Court,Police Station,Kolar Town PS,KA48645,Pooja Kulkarni,Deputy Superintendent,Circle Inspector,1991-11-02,Female,A Positive,1,2003-04-23,388208701202400299,202400299,2025-03-07,"On 06-03-2025, a case of Money Laundering was reported at Kolar Town PS, Kolar district.",2025-03-06T06:00:00,2025-03-06T13:00:00,2025-03-07T00:00:00,13.1277,78.1159,"Incident occurred near coordinates 13.1277, 78.1159 within jurisdiction of Kolar Town PS.",Financial Crime,Money Laundering,PMLA,"Prevention of Money Laundering Act, 2002",PMLA,3,Offence of money laundering,1,1,,,,,,,,,,0,Meena Reddy,,Transgender,A3,,,,,,,,,,,,
Zero FIR,Non-Heinous,Report Beece (B-Report),Karnataka,Bagalkote,Bagalkote District & Sessions Court,Police Station,Bagalkote Town PS,KA33191,Priya Patil,Sub-Inspector,Investigating Officer,1983-04-09,Female,AB Negative,0,2012-12-24,835271893202500300,202500300,2023-12-02,"On 29-11-2023, a case of Cyber Crime was reported at Bagalkote Town PS, Bagalkote district.",2023-11-29T02:00:00,2023-11-29T09:00:00,2023-11-29T12:00:00,16.1788,75.7272,"Incident occurred near coordinates 16.1788, 75.7272 within jurisdiction of Bagalkote Town PS.",Cyber Crime,Cyber Crime,ITA,"Information Technology Act, 2000",IT Act,66C,Identity theft using computer resource,1,1,Manish Verma,26,Private Employee,Hindu,General,Female,Siddharth Hegde,27,Transgender,0,Rajesh Shetty,,Male,A1,1.0,2023-12-09T11:00:00,Karnataka,Bagalkote,Bagalkote Town PS,KA33191,Bagalkote District & Sessions Court,Rajesh Shetty,,,,
FIR,Heinous,Report Beece (B-Report),Karnataka,Bengaluru Urban,"Principal City Civil & Sessions Court, Bengaluru",Police Station,Bengaluru City PS,KA64799,Vikram Shenoy,Sub-Inspector,SHO,1982-10-04,Female,B Negative,0,2016-06-11,153254572202400301,202400301,2023-04-08,"On 05-04-2023, a case of Robbery was reported at Bengaluru City PS, Bengaluru Urban district.",2023-04-05T22:00:00,2023-04-05T23:00:00,2023-04-06T15:00:00,12.9722,77.5203,"Incident occurred near coordinates 12.9722, 77.5203 within jurisdiction of Bengaluru City PS.",Property Crimes,Robbery,IPC,Indian Penal Code,IPC,392,Punishment for robbery,1,1,Kavya Nair,27,Private Employee,Hindu,General,Transgender,Bhavya Pai,69,Transgender,0,Siddharth Rao,,Male,A1,1.0,2023-04-15T04:00:00,Karnataka,Bengaluru Urban,Bengaluru City PS,KA64799,"Principal City Civil & Sessions Court, Bengaluru",Siddharth Rao,Deepak Rao,,,
FIR,Heinous,Report Beece (B-Report),Karnataka,Bengaluru Urban,"Principal City Civil & Sessions Court, Bengaluru",Police Station,Bengaluru City PS,KA64799,Vikram Shenoy,Head Constable,Circle Inspector,1976-12-02,Female,O Negative,0,2004-01-26,153254572202400301,202400301,2023-04-08,"On 05-04-2023, a case of Robbery was reported at Bengaluru City PS, Bengaluru Urban district.",2023-04-05T22:00:00,2023-04-05T23:00:00,2023-04-06T15:00:00,12.9722,77.5203,"Incident occurred near coordinates 12.9722, 77.5203 within jurisdiction of Bengaluru City PS.",Property Crimes,Robbery,IPC,Indian Penal Code,IPC,392,Punishment for robbery,1,1,,,,,,,,,,0,Deepak Rao,,Female,A2,,,,,,,,,,,,
UDR,Non-Heinous,Under Investigation,Karnataka,Hubballi-Dharwad,Dharwad District & Sessions Court,Police Station,Dharwad Town PS,KA91369,Hari Patil,Deputy Superintendent,Circle Inspector,1996-09-06,Female,O Negative,0,2005-02-27,290512278202600302,202600302,2023-08-23,"On 18-08-2023, a case of Money Laundering was reported at Dharwad Town PS, Hubballi-Dharwad district.",2023-08-18T09:00:00,2023-08-18T12:00:00,2023-08-18T15:00:00,15.4416,75.1177,"Incident occurred near coordinates 15.4416, 75.1177 within jurisdiction of Dharwad Town PS.",Financial Crime,Money Laundering,PMLA,"Prevention of Money Laundering Act, 2002",PMLA,3,Offence of money laundering,1,1,Pooja Joshi,28,Private Employee,Hindu,General,Male,Aarav Pai,42,Female,0,Esha Verma,,Male,A1,1.0,2023-08-30T17:00:00,Karnataka,Hubballi-Dharwad,Dharwad Town PS,KA91369,Dharwad District & Sessions Court,Esha Verma,,,,
UDR,Heinous,Under Investigation,Karnataka,Bidar,Bidar District & Sessions Court,Police Station,Bidar Town PS,KA92787,Ananya Kulkarni,Sub-Inspector,SHO,1997-05-15,Male,A Negative,0,2004-06-11,256668355202500303,202500303,2023-02-15,"On 10-02-2023, a case of Murder was reported at Bidar Town PS, Bidar district.",2023-02-10T09:00:00,2023-02-10T16:00:00,2023-02-11T03:00:00,17.9223,77.59,"Incident occurred near coordinates 17.9223, 77.59 within jurisdiction of Bidar Town PS.",Crimes Against Body,Murder,IPC,Indian Penal Code,IPC,302,Punishment for murder,1,1,Suresh Joshi,32,Private Employee,Hindu,General,Female,Chirag Kamath,42,Transgender,0,Kiran Kulkarni,,Transgender,A1,1.0,2023-02-22T16:00:00,Karnataka,Bidar,Bidar Town PS,KA92787,Bidar District & Sessions Court,Kiran Kulkarni,,,,
Zero FIR,Non-Heinous,Report Beece (B-Report),Karnataka,Mysuru,Mysuru District & Sessions Court,Police Station,Saraswathipuram PS,KA53001,Anil Nair,Constable,Circle Inspector,1983-06-26,Female,A Negative,0,2001-01-17,880071741202400304,202400304,2024-12-28,"On 24-12-2024, a case of Assault was reported at Saraswathipuram PS, Mysuru district.",2024-12-24T19:00:00,2024-12-24T21:00:00,2024-12-25T13:00:00,12.2416,76.5874,"Incident occurred near coordinates 12.2416, 76.5874 within jurisdiction of Saraswathipuram PS.",Crimes Against Body,Assault,IPC,Indian Penal Code,IPC,351,Assault,1,1,Suresh Sharma,25,Private Employee,Hindu,General,Transgender,Pooja Rao,30,Female,0,Aarav Pai,41,Transgender,A1,1.0,2025-01-04T00:00:00,Karnataka,Mysuru,Saraswathipuram PS,KA53001,Mysuru District & Sessions Court,Aarav Pai,Dev Sharma,,,
Zero FIR,Heinous,Report Beece (B-Report),Karnataka,Mysuru,Mysuru District & Sessions Court,Police Station,Saraswathipuram PS,KA53001,Anil Nair,Deputy Superintendent,Circle Inspector,1970-08-20,Male,A Positive,1,2016-07-01,880071741202400304,202400304,2024-12-28,"On 24-12-2024, a case of Assault was reported at Saraswathipuram PS, Mysuru district.",2024-12-24T19:00:00,2024-12-24T21:00:00,2024-12-25T13:00:00,12.2416,76.5874,"Incident occurred near coordinates 12.2416, 76.5874 within jurisdiction of Saraswathipuram PS.",Crimes Against Body,Assault,IPC,Indian Penal Code,IPC,351,Assault,1,1,,,,,,,,,,0,Dev Sharma,,Transgender,A2,,,,,,,,,,,,
Zero FIR,Heinous,Report Beece (B-Report),Karnataka,Kalaburagi,Kalaburagi District & Sessions Court,Police Station,Kalaburagi City PS,KA41843,Abhishek Reddy,Head Constable,Investigating Officer,1983-11-28,Female,AB Positive,1,2012-02-28,835976734202400305,202400305,2024-11-04,"On 01-11-2024, a case of Grievous Hurt was reported at Kalaburagi City PS, Kalaburagi district.",2024-11-01T23:00:00,2024-11-02T04:00:00,2024-11-02T10:00:00,17.2676,76.8515,"Incident occurred near coordinates 17.2676, 76.8515 within jurisdiction of Kalaburagi City PS.",Crimes Against Body,Grievous Hurt,IPC,Indian Penal Code,IPC,325,Punishment for voluntarily causing grievous hurt,1,1,Nikhil Deshmukh,51,Private Employee,Hindu,General,Male,Farhan Kumar,10,Female,0,Hari Patil,,Female,A1,1.0,2024-11-11T01:00:00,Karnataka,Kalaburagi,Kalaburagi City PS,KA41843,Kalaburagi District & Sessions Court,Hari Patil,,,,
FIR,Heinous,Report Beece (B-Report),Karnataka,Kalaburagi,Kalaburagi District & Sessions Court,Police Station,Kalaburagi City PS,KA38297,Abhishek Das,Deputy Superintendent,Station Writer,1977-02-07,Male,B Positive,0,2016-10-19,125315796202400306,202400306,2023-07-16,"On 12-07-2023, a case of Theft was reported at Kalaburagi City PS, Kalaburagi district.",2023-07-12T13:00:00,2023-07-12T14:00:00,2023-07-13T12:00:00,17.2999,76.8451,"Incident occurred near coordinates 17.2999, 76.8451 within jurisdiction of Kalaburagi City PS.",Property Crimes,Theft,IPC,Indian Penal Code,IPC,379,Punishment for theft,1,1,Chirag Verma,71,Private Employee,Hindu,General,Male,Bhavya Rao,60,Transgender,0,Esha Rao,,Transgender,A1,1.0,2023-07-23T19:00:00,Karnataka,Kalaburagi,Kalaburagi City PS,KA38297,Kalaburagi District & Sessions Court,Esha Rao,,,,
Zero FIR,Non-Heinous,Chargesheet Filed,Karnataka,Ballari,Ballari District & Sessions Court,Police Station,Ballari City PS,KA28464,Aarav Shetty,Constable,Investigating Officer,1979-11-14,Male,O Positive,0,2018-07-24,814679161202500307,202500307,2022-12-03,"On 28-11-2022, a case of Dark Web Crime was reported at Ballari City PS, Ballari district.",2022-11-28T12:00:00,2022-11-28T20:00:00,2022-11-28T15:00:00,15.0595,76.8644,"Incident occurred near coordinates 15.0595, 76.8644 within jurisdiction of Ballari City PS.",Cyber Crime,Dark Web Crime,ITA,"Information Technology Act, 2000",IT Act,67,Publishing/transmitting obscene material electronically,1,1,Chirag Kulkarni,68,Private Employee,Hindu,General,Male,Esha Sharma,5,Male,0,Kiran Singh,,Female,A1,1.0,2022-12-10T22:00:00,Karnataka,Ballari,Ballari City PS,KA28464,Ballari District & Sessions Court,Kiran Singh,Pooja Kamath,2023-01-25T22:00:00,C,KA28464
Zero FIR,Non-Heinous,Chargesheet Filed,Karnataka,Ballari,Ballari District & Sessions Court,Police Station,Ballari City PS,KA28464,Aarav Shetty,Constable,Circle Inspector,1970-08-28,Male,A Negative,0,2014-01-18,814679161202500307,202500307,2022-12-03,"On 28-11-2022, a case of Dark Web Crime was reported at Ballari City PS, Ballari district.",2022-11-28T12:00:00,2022-11-28T20:00:00,2022-11-28T15:00:00,15.0595,76.8644,"Incident occurred near coordinates 15.0595, 76.8644 within jurisdiction of Ballari City PS.",Cyber Crime,Dark Web Crime,ITA,"Information Technology Act, 2000",IT Act,67,Publishing/transmitting obscene material electronically,1,1,,,,,,,,,,0,Pooja Kamath,,Female,A2,,,,,,,,,,,,
PAR,Heinous,Under Investigation,Karnataka,Bengaluru Urban,"Principal City Civil & Sessions Court, Bengaluru",Police Station,Bengaluru City PS,KA37094,Meena Kulkarni,Sub-Inspector,Station Writer,1987-12-05,Male,B Negative,0,2001-11-23,329035400202500308,202500308,2024-11-07,"On 06-11-2024, a case of Money Laundering was reported at Bengaluru City PS, Bengaluru Urban district.",2024-11-06T17:00:00,2024-11-06T20:00:00,2024-11-07T08:00:00,12.914,77.6191,"Incident occurred near coordinates 12.914, 77.6191 within jurisdiction of Bengaluru City PS.",Financial Crime,Money Laundering,PMLA,"Prevention of Money Laundering Act, 2002",PMLA,3,Offence of money laundering,1,1,Aarav Singh,35,Private Employee,Hindu,General,Transgender,Chirag Shenoy,33,Male,0,Meena Patil,,Transgender,A1,1.0,2024-11-14T19:00:00,Karnataka,Bengaluru Urban,Bengaluru City PS,KA37094,"Principal City Civil & Sessions Court, Bengaluru",Meena Patil,Divya Hegde,,,
PAR,Non-Heinous,Under Investigation,Karnataka,Bengaluru Urban,"Principal City Civil & Sessions Court, Bengaluru",Police Station,Bengaluru City PS,KA37094,Meena Kulkarni,Constable,SHO,1993-11-14,Female,AB Positive,1,2017-03-06,329035400202500308,202500308,2024-11-07,"On 06-11-2024, a case of Money Laundering was reported at Bengaluru City PS, Bengaluru Urban district.",2024-11-06T17:00:00,2024-11-06T20:00:00,2024-11-07T08:00:00,12.914,77.6191,"Incident occurred near coordinates 12.914, 77.6191 within jurisdiction of Bengaluru City PS.",Financial Crime,Money Laundering,PMLA,"Prevention of Money Laundering Act, 2002",PMLA,3,Offence of money laundering,1,1,,,,,,,,,,0,Divya Hegde,75,Male,A2,,,,,,,,,,,,
PAR,Non-Heinous,Under Investigation,Karnataka,Mysuru,Mysuru District & Sessions Court,Police Station,Saraswathipuram PS,KA89932,Rahul Joshi,Constable,Investigating Officer,1979-09-24,Male,A Negative,0,2018-01-06,370668592202200309,202200309,2022-09-06,"On 04-09-2022, a case of Cheating was reported at Saraswathipuram PS, Mysuru district.",2022-09-04T05:00:00,2022-09-04T07:00:00,2022-09-04T09:00:00,12.2727,76.6042,"Incident occurred near coordinates 12.2727, 76.6042 within jurisdiction of Saraswathipuram PS.",Financial Crime,Cheating,IPC,Indian Penal Code,IPC,420,Cheating and dishonestly inducing delivery of property,1,1,Pooja Sharma,36,Private Employee,Hindu,General,Female,Rajesh Shenoy,32,Male,0,Suresh Hegde,,Male,A1,1.0,2022-09-13T10:00:00,Karnataka,Mysuru,Saraswathipuram PS,KA89932,Mysuru District & Sessions Court,Suresh Hegde,,,,
Zero FIR,Non-Heinous,Chargesheet Filed,Karnataka,Bengaluru Urban,"Principal City Civil & Sessions Court, Bengaluru",Police Station,Bengaluru City PS,KA34262,Rahul Singh,Sub-Inspector,Investigating Officer,1981-04-12,Female,O Positive,0,2015-05-02,871044296202300310,202300310,2022-02-25,"On 22-02-2022, a case of Dark Web Crime was reported at Bengaluru City PS, Bengaluru Urban district.",2022-02-22T13:00:00,2022-02-22T20:00:00,2022-02-22T19:00:00,12.9413,77.532,"Incident occurred near coordinates 12.9413, 77.532 within jurisdiction of Bengaluru City PS.",Cyber Crime,Dark Web Crime,ITA,"Information Technology Act, 2000",IT Act,67,Publishing/transmitting obscene material electronically,1,1,Chirag Nair,58,Private Employee,Hindu,General,Transgender,Esha Joshi,38,Male,0,Kiran Sharma,,Female,A1,1.0,2022-03-04T21:00:00,Karnataka,Bengaluru Urban,Bengaluru City PS,KA34262,"Principal City Civil & Sessions Court, Bengaluru",Kiran Sharma,,2022-03-25T21:00:00,A,KA34262
FIR,Heinous,Report Beece (B-Report),Karnataka,Shivamogga,Shivamogga District & Sessions Court,Police Station,Shivamogga Town PS,KA38015,Abhishek Das,Constable,SHO,1995-03-15,Female,AB Negative,1,2013-09-28,195878417202200311,202200311,2022-02-28,"On 23-02-2022, a case of Dark Web Crime was reported at Shivamogga Town PS, Shivamogga district.",2022-02-23T08:00:00,2022-02-23T12:00:00,2022-02-23T18:00:00,13.9139,75.561,"Incident occurred near coordinates 13.9139, 75.561 within jurisdiction of Shivamogga Town PS.",Cyber Crime,Dark Web Crime,ITA,"Information Technology Act, 2000",IT Act,67,Publishing/transmitting obscene material electronically,1,1,Priya Shenoy,39,Private Employee,Hindu,General,Male,Deepak Rao,70,Female,0,Ananya Rao,39,Female,A1,1.0,2022-03-07T12:00:00,Karnataka,Shivamogga,Shivamogga Town PS,KA38015,Shivamogga District & Sessions Court,Ananya Rao,,,,
Zero FIR,Heinous,Under Investigation,Karnataka,Vijayapura,Vijayapura District & Sessions Court,Police Station,Vijayapura Town PS,KA90028,Kavya Shetty,Deputy Superintendent,Station Writer,1991-02-02,Male,A Positive,0,2003-09-12,856443075202200312,202200312,2024-09-08,"On 07-09-2024, a case of Drug Offence was reported at Vijayapura Town PS, Vijayapura district.",2024-09-07T12:00:00,2024-09-07T15:00:00,2024-09-07T18:00:00,16.8624,75.6523,"Incident occurred near coordinates 16.8624, 75.6523 within jurisdiction of Vijayapura Town PS.",Narcotics,Drug Offence,NDPS,"Narcotic Drugs and Psychotropic Substances Act, 1985",NDPS,20,Punishment for cannabis-related offences,1,1,Pooja Gowda,28,Private Employee,Hindu,General,Female,Siddharth Rao,68,Female,0,Tanvi Singh,,Male,A1,1.0,2024-09-15T18:00:00,Karnataka,Vijayapura,Vijayapura Town PS,KA90028,Vijayapura District & Sessions Court,Tanvi Singh,,,,
PAR,Heinous,Chargesheet Filed,Karnataka,Bidar,Bidar District & Sessions Court,Police Station,Bidar Town PS,KA31548,Siddharth Singh,Inspector,Station Writer,1978-08-23,Male,B Positive,0,2007-11-16,350745059202200313,202200313,2022-02-02,"On 01-02-2022, a case of Drug Offence was reported at Bidar Town PS, Bidar district.",2022-02-01T02:00:00,2022-02-01T09:00:00,2022-02-01T21:00:00,17.8567,77.5004,"Incident occurred near coordinates 17.8567, 77.5004 within jurisdiction of Bidar Town PS.",Narcotics,Drug Offence,NDPS,"Narcotic Drugs and Psychotropic Substances Act, 1985",NDPS,20,Punishment for cannabis-related offences,1,1,Gautam Kulkarni,27,Private Employee,Hindu,General,Male,Aarav Shetty,73,Male,0,Vikram Naik,,Female,A1,1.0,2022-02-09T07:00:00,Karnataka,Bidar,Bidar Town PS,KA31548,Bidar District & Sessions Court,Vikram Naik,Aarav Nair,2022-03-23T07:00:00,A,KA31548
PAR,Heinous,Chargesheet Filed,Karnataka,Bidar,Bidar District & Sessions Court,Police Station,Bidar Town PS,KA31548,Siddharth Singh,Inspector,Circle Inspector,1979-07-22,Male,AB Positive,0,2004-11-09,350745059202200313,202200313,2022-02-02,"On 01-02-2022, a case of Drug Offence was reported at Bidar Town PS, Bidar district.",2022-02-01T02:00:00,2022-02-01T09:00:00,2022-02-01T21:00:00,17.8567,77.5004,"Incident occurred near coordinates 17.8567, 77.5004 within jurisdiction of Bidar Town PS.",Narcotics,Drug Offence,NDPS,"Narcotic Drugs and Psychotropic Substances Act, 1985",NDPS,20,Punishment for cannabis-related offences,1,1,,,,,,,,,,0,Aarav Nair,69,Transgender,A2,,,,,,,,,,,,
Zero FIR,Heinous,Chargesheet Filed,Karnataka,Bengaluru Rural,Bengaluru Rural District & Sessions Court,Police Station,Bengaluru Rural PS,KA66119,Meena Kulkarni,Head Constable,Station Writer,1990-09-27,Female,A Positive,0,2001-09-26,886782783202300314,202300314,2025-06-18,"On 14-06-2025, a case of Grievous Hurt was reported at Bengaluru Rural PS, Bengaluru Rural district.",2025-06-14T08:00:00,2025-06-14T16:00:00,2025-06-15T03:00:00,13.342,77.5286,"Incident occurred near coordinates 13.342, 77.5286 within jurisdiction of Bengaluru Rural PS.",Crimes Against Body,Grievous Hurt,IPC,Indian Penal Code,IPC,325,Punishment for voluntarily causing grievous hurt,1,1,Rahul Pai,33,Private Employee,Hindu,General,Transgender,Ananya Joshi,27,Transgender,0,Hari Bhat,73,Transgender,A1,1.0,2025-06-25T17:00:00,Karnataka,Bengaluru Rural,Bengaluru Rural PS,KA66119,Bengaluru Rural District & Sessions Court,Hari Bhat,,2025-07-20T17:00:00,C,KA66119
UDR,Non-Heinous,Under Investigation,Karnataka,Kolar,Kolar District & Sessions Court,Police Station,Kolar Town PS,KA21553,Rahul Pai,Sub-Inspector,Circle Inspector,1989-12-02,Male,O Positive,0,2006-11-24,260872024202500315,202500315,2024-02-14,"On 11-02-2024, a case of Cryptocurrency Crime was reported at Kolar Town PS, Kolar district.",2024-02-11T22:00:00,2024-02-12T02:00:00,2024-02-12T22:00:00,13.1137,78.1523,"Incident occurred near coordinates 13.1137, 78.1523 within jurisdiction of Kolar Town PS.",Cyber Crime,Cryptocurrency Crime,ITA,"Information Technology Act, 2000",IT Act,66D,Cheating by personation using a computer resource,1,1,Suresh Kamath,26,Private Employee,Hindu,General,Transgender,Isha Singh,34,Female,0,Siddharth Nair,75,Male,A1,1.0,2024-02-21T08:00:00,Karnataka,Kolar,Kolar Town PS,KA21553,Kolar District & Sessions Court,Siddharth Nair,,,,
FIR,Non-Heinous,Undetected,Karnataka,Udupi,Udupi District & Sessions Court,Police Station,Udupi Town PS,KA77050,Kavya Shetty,Inspector,SHO,1993-07-22,Male,A Negative,0,2004-08-09,142212028202600316,202600316,2022-02-18,"On 17-02-2022, a case of Assault was reported at Udupi Town PS, Udupi district.",2022-02-17T01:00:00,2022-02-17T09:00:00,2022-02-17T15:00:00,13.3493,74.7084,"Incident occurred near coordinates 13.3493, 74.7084 within jurisdiction of Udupi Town PS.",Crimes Against Body,Assault,IPC,Indian Penal Code,IPC,351,Assault,1,1,Aditi Verma,75,Private Employee,Hindu,General,Transgender,Pooja Rao,58,Female,0,Sunil Sharma,,Transgender,A1,,,,,,,,,,,,
FIR,Non-Heinous,Undetected,Karnataka,Udupi,Udupi District & Sessions Court,Police Station,Udupi Town PS,KA77050,Kavya Shetty,Constable,Station Writer,1987-11-28,Female,B Positive,0,2013-04-26,142212028202600316,202600316,2022-02-18,"On 17-02-2022, a case of Assault was reported at Udupi Town PS, Udupi district.",2022-02-17T01:00:00,2022-02-17T09:00:00,2022-02-17T15:00:00,13.3493,74.7084,"Incident occurred near coordinates 13.3493, 74.7084 within jurisdiction of Udupi Town PS.",Crimes Against Body,Assault,IPC,Indian Penal Code,IPC,351,Assault,1,1,,,,,,,,,,0,Kiran Pai,,Transgender,A2,,,,,,,,,,,,
FIR,Heinous,Undetected,Karnataka,Udupi,Udupi District & Sessions Court,Police Station,Udupi Town PS,KA77050,Kavya Shetty,Sub-Inspector,SHO,1995-11-21,Female,A Negative,0,2002-01-08,142212028202600316,202600316,2022-02-18,"On 17-02-2022, a case of Assault was reported at Udupi Town PS, Udupi district.",2022-02-17T01:00:00,2022-02-17T09:00:00,2022-02-17T15:00:00,13.3493,74.7084,"Incident occurred near coordinates 13.3493, 74.7084 within jurisdiction of Udupi Town PS.",Crimes Against Body,Assault,IPC,Indian Penal Code,IPC,351,Assault,1,1,,,,,,,,,,0,Sanjay Kamath,,Transgender,A3,,,,,,,,,,,,
UDR,Non-Heinous,Report Beece (B-Report),Karnataka,Chikkamagaluru,Chikkamagaluru District & Sessions Court,Police Station,Chikkamagaluru PS,KA40465,Aditi Joshi,Head Constable,Station Writer,1978-08-26,Female,B Negative,0,2000-02-01,218825885202600317,202600317,2023-10-08,"On 03-10-2023, a case of Money Laundering was reported at Chikkamagaluru PS, Chikkamagaluru district.",2023-10-03T20:00:00,2023-10-03T22:00:00,2023-10-03T23:00:00,13.2989,75.8143,"Incident occurred near coordinates 13.2989, 75.8143 within jurisdiction of Chikkamagaluru PS.",Financial Crime,Money Laundering,PMLA,"Prevention of Money Laundering Act, 2002",PMLA,3,Offence of money laundering,1,1,Kavya Naik,62,Private Employee,Hindu,General,Female,Sanjay Joshi,70,Female,0,Aarav Nair,,Transgender,A1,1.0,2023-10-15T05:00:00,Karnataka,Chikkamagaluru,Chikkamagaluru PS,KA40465,Chikkamagaluru District & Sessions Court,Aarav Nair,,,,
PAR,Non-Heinous,Chargesheet Filed,Karnataka,Ballari,Ballari District & Sessions Court,Police Station,Ballari City PS,KA70194,Deepak Gowda,Sub-Inspector,Circle Inspector,1986-07-15,Female,B Negative,0,2012-08-16,363188052202400318,202400318,2025-02-08,"On 07-02-2025, a case of Drug Offence was reported at Ballari City PS, Ballari district.",2025-02-07T14:00:00,2025-02-07T19:00:00,2025-02-08T12:00:00,15.1903,76.8435,"Incident occurred near coordinates 15.1903, 76.8435 within jurisdiction of Ballari City PS.",Narcotics,Drug Offence,NDPS,"Narcotic Drugs and Psychotropic Substances Act, 1985",NDPS,20,Punishment for cannabis-related offences,1,1,Sunil Nair,26,Private Employee,Hindu,General,Transgender,Pooja Singh,30,Transgender,0,Vikram Shenoy,,Male,A1,1.0,2025-02-15T18:00:00,Karnataka,Ballari,Ballari City PS,KA70194,Ballari District & Sessions Court,Vikram Shenoy,Manish Verma,2025-03-17T18:00:00,C,KA70194
PAR,Non-Heinous,Chargesheet Filed,Karnataka,Ballari,Ballari District & Sessions Court,Police Station,Ballari City PS,KA70194,Deepak Gowda,Sub-Inspector,Circle Inspector,1991-09-14,Male,B Positive,0,2007-06-08,363188052202400318,202400318,2025-02-08,"On 07-02-2025, a case of Drug Offence was reported at Ballari City PS, Ballari district.",2025-02-07T14:00:00,2025-02-07T19:00:00,2025-02-08T12:00:00,15.1903,76.8435,"Incident occurred near coordinates 15.1903, 76.8435 within jurisdiction of Ballari City PS.",Narcotics,Drug Offence,NDPS,"Narcotic Drugs and Psychotropic Substances Act, 1985",NDPS,20,Punishment for cannabis-related offences,1,1,,,,,,,,,,0,Manish Verma,,Transgender,A2,,,,,,,,,,,,
Zero FIR,Heinous,Under Investigation,Karnataka,Ballari,Ballari District & Sessions Court,Police Station,Ballari City PS,KA94558,Esha Bhat,Inspector,SHO,1990-07-22,Male,O Positive,1,2015-08-13,867926092202200319,202200319,2025-02-16,"On 14-02-2025, a case of Cheating was reported at Ballari City PS, Ballari district.",2025-02-14T12:00:00,2025-02-14T14:00:00,2025-02-14T18:00:00,15.1452,76.9315,"Incident occurred near coordinates 15.1452, 76.9315 within jurisdiction of Ballari City PS.",Financial Crime,Cheating,IPC,Indian Penal Code,IPC,420,Cheating and dishonestly inducing delivery of property,1,1,Rahul Deshmukh,23,Private Employee,Hindu,General,Transgender,Isha Verma,22,Transgender,0,Bhavya Patil,58,Male,A1,1.0,2025-02-23T15:00:00,Karnataka,Ballari,Ballari City PS,KA94558,Ballari District & Sessions Court,Bhavya Patil,Meena Sharma,,,
Zero FIR,Heinous,Under Investigation,Karnataka,Ballari,Ballari District & Sessions Court,Police Station,Ballari City PS,KA94558,Esha Bhat,Constable,SHO,1979-04-15,Female,A Negative,0,2006-09-09,867926092202200319,202200319,2025-02-16,"On 14-02-2025, a case of Cheating was reported at Ballari City PS, Ballari district.",2025-02-14T12:00:00,2025-02-14T14:00:00,2025-02-14T18:00:00,15.1452,76.9315,"Incident occurred near coordinates 15.1452, 76.9315 within jurisdiction of Ballari City PS.",Financial Crime,Cheating,IPC,Indian Penal Code,IPC,420,Cheating and dishonestly inducing delivery of property,1,1,,,,,,,,,,0,Meena Sharma,64,Female,A2,,,,,,,,,,,,
FIR,Heinous,Undetected,Karnataka,Chikkamagaluru,Chikkamagaluru District & Sessions Court,Police Station,Chikkamagaluru PS,KA37386,Pooja Bhat,Head Constable,SHO,1991-04-12,Female,B Positive,0,2019-10-02,159134507202600320,202600320,2024-02-16,"On 10-02-2024, a case of Theft was reported at Chikkamagaluru PS, Chikkamagaluru district.",2024-02-10T21:00:00,2024-02-11T01:00:00,2024-02-11T08:00:00,13.2493,75.8177,"Incident occurred near coordinates 13.2493, 75.8177 within jurisdiction of Chikkamagaluru PS.",Property Crimes,Theft,IPC,Indian Penal Code,IPC,379,Punishment for theft,1,1,Abhishek Naik,59,Private Employee,Hindu,General,Male,Kiran Nair,25,Male,0,Kavya Shenoy,74,Female,A1,,,,,,,,,,,,
UDR,Non-Heinous,Report Beece (B-Report),Karnataka,Hubballi-Dharwad,Dharwad District & Sessions Court,Police Station,Dharwad Town PS,KA24564,Bhavya Shetty,Head Constable,Station Writer,1970-01-07,Female,O Positive,0,2011-05-11,273505615202600321,202600321,2024-08-19,"On 15-08-2024, a case of Cheating was reported at Dharwad Town PS, Hubballi-Dharwad district.",2024-08-15T01:00:00,2024-08-15T05:00:00,2024-08-15T15:00:00,15.3597,75.0695,"Incident occurred near coordinates 15.3597, 75.0695 within jurisdiction of Dharwad Town PS.",Financial Crime,Cheating,IPC,Indian Penal Code,IPC,420,Cheating and dishonestly inducing delivery of property,1,1,Aditi Sharma,54,Private Employee,Hindu,General,Transgender,Manish Naik,24,Female,0,Rajesh Shenoy,,Female,A1,1.0,2024-08-26T05:00:00,Karnataka,Hubballi-Dharwad,Dharwad Town PS,KA24564,Dharwad District & Sessions Court,Rajesh Shenoy,,,,
Zero FIR,Non-Heinous,Under Investigation,Karnataka,Belagavi,Belagavi District & Sessions Court,Police Station,Belagavi City PS,KA24918,Sanjay Shenoy,Deputy Superintendent,SHO,1974-08-20,Male,B Negative,0,2018-06-01,827994020202600322,202600322,2025-07-19,"On 18-07-2025, a case of Dark Web Crime was reported at Belagavi City PS, Belagavi district.",2025-07-18T17:00:00,2025-07-19T00:00:00,2025-07-19T17:00:00,15.8868,74.4681,"Incident occurred near coordinates 15.8868, 74.4681 within jurisdiction of Belagavi City PS.",Cyber Crime,Dark Web Crime,ITA,"Information Technology Act, 2000",IT Act,67,Publishing/transmitting obscene material electronically,1,1,Sanjay Deshmukh,74,Private Employee,Hindu,General,Female,Isha Deshmukh,53,Female,0,Ananya Das,69,Female,A1,1.0,2025-07-26T22:00:00,Karnataka,Belagavi,Belagavi City PS,KA24918,Belagavi District & Sessions Court,Ananya Das,Nikhil Kulkarni,,,
Zero FIR,Heinous,Under Investigation,Karnataka,Belagavi,Belagavi District & Sessions Court,Police Station,Belagavi City PS,KA24918,Sanjay Shenoy,Deputy Superintendent,Investigating Officer,1994-10-22,Female,A Negative,0,2015-08-16,827994020202600322,202600322,2025-07-19,"On 18-07-2025, a case of Dark Web Crime was reported at Belagavi City PS, Belagavi district.",2025-07-18T17:00:00,2025-07-19T00:00:00,2025-07-19T17:00:00,15.8868,74.4681,"Incident occurred near coordinates 15.8868, 74.4681 within jurisdiction of Belagavi City PS.",Cyber Crime,Dark Web Crime,ITA,"Information Technology Act, 2000",IT Act,67,Publishing/transmitting obscene material electronically,1,1,,,,,,,,,,0,Nikhil Kulkarni,,Female,A2,,,,,,,,,,,,
UDR,Heinous,Under Investigation,Karnataka,Tumakuru,Tumakuru District & Sessions Court,Police Station,Tumakuru Town PS,KA48172,Dev Patil,Constable,SHO,1987-09-04,Male,O Positive,0,2018-03-03,231083523202300323,202300323,2024-03-11,"On 06-03-2024, a case of Drug Offence was reported at Tumakuru Town PS, Tumakuru district.",2024-03-06T14:00:00,2024-03-06T15:00:00,2024-03-07T14:00:00,13.2971,77.1482,"Incident occurred near coordinates 13.2971, 77.1482 within jurisdiction of Tumakuru Town PS.",Narcotics,Drug Offence,NDPS,"Narcotic Drugs and Psychotropic Substances Act, 1985",NDPS,20,Punishment for cannabis-related offences,1,1,Rahul Das,48,Private Employee,Hindu,General,Transgender,Meena Singh,14,Female,0,Sunil Kamath,65,Transgender,A1,1.0,2024-03-18T19:00:00,Karnataka,Tumakuru,Tumakuru Town PS,KA48172,Tumakuru District & Sessions Court,Sunil Kamath,,,,
Zero FIR,Heinous,Report Beece (B-Report),Karnataka,Kalaburagi,Kalaburagi District & Sessions Court,Police Station,Kalaburagi City PS,KA91829,Tanvi Naik,Head Constable,SHO,1992-07-15,Female,AB Positive,1,2018-08-15,840224082202200324,202200324,2022-07-20,"On 18-07-2022, a case of Money Laundering was reported at Kalaburagi City PS, Kalaburagi district.",2022-07-18T07:00:00,2022-07-18T14:00:00,2022-07-19T07:00:00,17.2981,76.8169,"Incident occurred near coordinates 17.2981, 76.8169 within jurisdiction of Kalaburagi City PS.",Financial Crime,Money Laundering,PMLA,"Prevention of Money Laundering Act, 2002",PMLA,3,Offence of money laundering,1,1,Hari Kumar,80,Private Employee,Hindu,General,Female,Pooja Sharma,74,Female,0,Kavya Deshmukh,51,Male,A1,1.0,2022-07-27T12:00:00,Karnataka,Kalaburagi,Kalaburagi City PS,KA91829,Kalaburagi District & Sessions Court,Kavya Deshmukh,,,,
FIR,Heinous,Report Beece (B-Report),Karnataka,Udupi,Udupi District & Sessions Court,Police Station,Udupi Town PS,KA45855,Deepak Nair,Deputy Superintendent,Circle Inspector,1989-04-04,Female,AB Positive,0,2006-10-22,132727995202200325,202200325,2025-10-03,"On 29-09-2025, a case of Dark Web Crime was reported at Udupi Town PS, Udupi district.",2025-09-29T08:00:00,2025-09-29T12:00:00,2025-09-29T19:00:00,13.3604,74.7714,"Incident occurred near coordinates 13.3604, 74.7714 within jurisdiction of Udupi Town PS.",Cyber Crime,Dark Web Crime,ITA,"Information Technology Act, 2000",IT Act,67,Publishing/transmitting obscene material electronically,1,1,Meena Kamath,39,Private Employee,Hindu,General,Transgender,Deepak Hegde,14,Male,0,Tanvi Verma,,Transgender,A1,1.0,2025-10-10T12:00:00,Karnataka,Udupi,Udupi Town PS,KA45855,Udupi District & Sessions Court,Tanvi Verma,,,,
Zero FIR,Heinous,Chargesheet Filed,Karnataka,Ramanagara,Ramanagara District & Sessions Court,Police Station,Ramanagara Town PS,KA31584,Esha Rao,Inspector,Investigating Officer,1984-04-09,Female,AB Positive,0,2002-12-01,864331492202600326,202600326,2023-07-17,"On 12-07-2023, a case of Drug Offence was reported at Ramanagara Town PS, Ramanagara district.",2023-07-12T12:00:00,2023-07-12T13:00:00,2023-07-12T14:00:00,12.7868,77.2421,"Incident occurred near coordinates 12.7868, 77.2421 within jurisdiction of Ramanagara Town PS.",Narcotics,Drug Offence,NDPS,"Narcotic Drugs and Psychotropic Substances Act, 1985",NDPS,20,Punishment for cannabis-related offences,1,1,Farhan Verma,66,Private Employee,Hindu,General,Male,Bhavya Verma,73,Transgender,0,Priya Kamath,,Transgender,A1,1.0,2023-07-24T21:00:00,Karnataka,Ramanagara,Ramanagara Town PS,KA31584,Ramanagara District & Sessions Court,Priya Kamath,"Chirag Joshi,Kavya Rao",2023-09-09T21:00:00,A,KA31584
Zero FIR,Heinous,Chargesheet Filed,Karnataka,Ramanagara,Ramanagara District & Sessions Court,Police Station,Ramanagara Town PS,KA31584,Esha Rao,Constable,Investigating Officer,1971-09-04,Male,O Positive,1,2011-07-01,864331492202600326,202600326,2023-07-17,"On 12-07-2023, a case of Drug Offence was reported at Ramanagara Town PS, Ramanagara district.",2023-07-12T12:00:00,2023-07-12T13:00:00,2023-07-12T14:00:00,12.7868,77.2421,"Incident occurred near coordinates 12.7868, 77.2421 within jurisdiction of Ramanagara Town PS.",Narcotics,Drug Offence,NDPS,"Narcotic Drugs and Psychotropic Substances Act, 1985",NDPS,20,Punishment for cannabis-related offences,1,1,,,,,,,,,,0,Chirag Joshi,64,Male,A2,,,,,,,,,,,,
Zero FIR,Non-Heinous,Chargesheet Filed,Karnataka,Ramanagara,Ramanagara District & Sessions Court,Police Station,Ramanagara Town PS,KA31584,Esha Rao,Sub-Inspector,Station Writer,1974-02-09,Male,B Positive,1,2006-07-16,864331492202600326,202600326,2023-07-17,"On 12-07-2023, a case of Drug Offence was reported at Ramanagara Town PS, Ramanagara district.",2023-07-12T12:00:00,2023-07-12T13:00:00,2023-07-12T14:00:00,12.7868,77.2421,"Incident occurred near coordinates 12.7868, 77.2421 within jurisdiction of Ramanagara Town PS.",Narcotics,Drug Offence,NDPS,"Narcotic Drugs and Psychotropic Substances Act, 1985",NDPS,20,Punishment for cannabis-related offences,1,1,,,,,,,,,,0,Kavya Rao,,Transgender,A3,,,,,,,,,,,,
Zero FIR,Non-Heinous,Report Beece (B-Report),Karnataka,Mandya,Mandya District & Sessions Court,Police Station,Mandya Town PS,KA13770,Sunil Kulkarni,Inspector,Circle Inspector,1996-07-11,Male,AB Positive,0,2014-04-10,899231873202400327,202400327,2025-02-05,"On 03-02-2025, a case of Murder was reported at Mandya Town PS, Mandya district.",2025-02-03T07:00:00,2025-02-03T13:00:00,2025-02-04T01:00:00,12.4943,76.9415,"Incident occurred near coordinates 12.4943, 76.9415 within jurisdiction of Mandya Town PS.",Crimes Against Body,Murder,IPC,Indian Penal Code,IPC,302,Punishment for murder,1,1,Sanjay Pai,49,Private Employee,Hindu,General,Transgender,Hari Singh,26,Transgender,0,Rajesh Shetty,46,Male,A1,1.0,2025-02-12T13:00:00,Karnataka,Mandya,Mandya Town PS,KA13770,Mandya District & Sessions Court,Rajesh Shetty,,,,
PAR,Non-Heinous,Report Beece (B-Report),Karnataka,Mysuru,Mysuru District & Sessions Court,Police Station,Saraswathipuram PS,KA79537,Isha Das,Head Constable,Investigating Officer,1987-09-18,Male,AB Positive,0,2010-03-10,324492672202400328,202400328,2022-09-02,"On 30-08-2022, a case of Dark Web Crime was reported at Saraswathipuram PS, Mysuru district.",2022-08-30T13:00:00,2022-08-30T18:00:00,2022-08-30T21:00:00,12.2436,76.605,"Incident occurred near coordinates 12.2436, 76.605 within jurisdiction of Saraswathipuram PS.",Cyber Crime,Dark Web Crime,ITA,"Information Technology Act, 2000",IT Act,67,Publishing/transmitting obscene material electronically,1,1,Sanjay Patil,43,Private Employee,Hindu,General,Female,Pooja Das,42,Transgender,0,Kavya Pai,,Male,A1,1.0,2022-09-09T18:00:00,Karnataka,Mysuru,Saraswathipuram PS,KA79537,Mysuru District & Sessions Court,Kavya Pai,,,,
PAR,Heinous,Undetected,Karnataka,Davangere,Davangere District & Sessions Court,Police Station,Davangere Extension PS,KA81035,Siddharth Deshmukh,Inspector,Circle Inspector,1996-08-28,Female,O Negative,0,2010-07-02,330262440202600329,202600329,2023-11-19,"On 14-11-2023, a case of Dark Web Crime was reported at Davangere Extension PS, Davangere district.",2023-11-14T00:00:00,2023-11-14T04:00:00,2023-11-14T23:00:00,14.4141,75.9555,"Incident occurred near coordinates 14.4141, 75.9555 within jurisdiction of Davangere Extension PS.",Cyber Crime,Dark Web Crime,ITA,"Information Technology Act, 2000",IT Act,67,Publishing/transmitting obscene material electronically,1,1,Aarav Patil,31,Private Employee,Hindu,General,Female,Chirag Shetty,33,Transgender,0,Sanjay Verma,72,Transgender,A1,,,,,,,,,,,,
UDR,Heinous,Undetected,Karnataka,Bagalkote,Bagalkote District & Sessions Court,Police Station,Bagalkote Town PS,KA57278,Rajesh Verma,Deputy Superintendent,Investigating Officer,1970-07-25,Male,B Positive,1,2002-04-21,281614999202300330,202300330,2025-02-26,"On 25-02-2025, a case of Murder was reported at Bagalkote Town PS, Bagalkote district.",2025-02-25T02:00:00,2025-02-25T08:00:00,2025-02-26T02:00:00,16.2313,75.6907,"Incident occurred near coordinates 16.2313, 75.6907 within jurisdiction of Bagalkote Town PS.",Crimes Against Body,Murder,IPC,Indian Penal Code,IPC,302,Punishment for murder,1,1,Kiran Shetty,58,Private Employee,Hindu,General,Male,Meena Gowda,67,Female,0,Rajesh Nair,,Transgender,A1,,,,,,,,,,,,
Zero FIR,Non-Heinous,Undetected,Karnataka,Davangere,Davangere District & Sessions Court,Police Station,Davangere Extension PS,KA13309,Chirag Kulkarni,Sub-Inspector,Investigating Officer,1985-08-20,Male,A Negative,1,2009-03-03,873998296202300331,202300331,2024-05-13,"On 09-05-2024, a case of Murder was reported at Davangere Extension PS, Davangere district.",2024-05-09T03:00:00,2024-05-09T08:00:00,2024-05-10T00:00:00,14.4764,75.913,"Incident occurred near coordinates 14.4764, 75.913 within jurisdiction of Davangere Extension PS.",Crimes Against Body,Murder,IPC,Indian Penal Code,IPC,302,Punishment for murder,1,1,Nikhil Shetty,59,Private Employee,Hindu,General,Transgender,Manish Bhat,55,Male,0,Esha Gowda,49,Female,A1,,,,,,,,,,,,
FIR,Heinous,Undetected,Karnataka,Shivamogga,Shivamogga District & Sessions Court,Police Station,Shivamogga Town PS,KA53120,Isha Shenoy,Constable,Circle Inspector,1970-03-05,Male,A Positive,1,2003-03-05,168002970202300332,202300332,2025-08-14,"On 10-08-2025, a case of Cyber Crime was reported at Shivamogga Town PS, Shivamogga district.",2025-08-10T11:00:00,2025-08-10T18:00:00,2025-08-10T21:00:00,13.8882,75.6284,"Incident occurred near coordinates 13.8882, 75.6284 within jurisdiction of Shivamogga Town PS.",Cyber Crime,Cyber Crime,ITA,"Information Technology Act, 2000",IT Act,66C,Identity theft using computer resource,1,1,Deepak Sharma,43,Private Employee,Hindu,General,Transgender,Gautam Reddy,62,Transgender,0,Kavya Kulkarni,50,Female,A1,,,,,,,,,,,,
FIR,Non-Heinous,Under Investigation,Karnataka,Kolar,Kolar District & Sessions Court,Police Station,Kolar Town PS,KA94872,Rahul Shenoy,Deputy Superintendent,SHO,1973-11-10,Female,B Positive,0,2014-02-04,139091673202600333,202600333,2023-05-09,"On 05-05-2023, a case of Money Laundering was reported at Kolar Town PS, Kolar district.",2023-05-05T13:00:00,2023-05-05T16:00:00,2023-05-06T06:00:00,13.1253,78.1182,"Incident occurred near coordinates 13.1253, 78.1182 within jurisdiction of Kolar Town PS.",Financial Crime,Money Laundering,PMLA,"Prevention of Money Laundering Act, 2002",PMLA,3,Offence of money laundering,1,1,Vikram Nair,65,Private Employee,Hindu,General,Male,Deepak Nair,53,Male,0,Manish Hegde,23,Male,A1,1.0,2023-05-16T17:00:00,Karnataka,Kolar,Kolar Town PS,KA94872,Kolar District & Sessions Court,Manish Hegde,Anil Shenoy,,,
FIR,Non-Heinous,Under Investigation,Karnataka,Kolar,Kolar District & Sessions Court,Police Station,Kolar Town PS,KA94872,Rahul Shenoy,Head Constable,Investigating Officer,1979-10-20,Female,AB Positive,0,2007-01-17,139091673202600333,202600333,2023-05-09,"On 05-05-2023, a case of Money Laundering was reported at Kolar Town PS, Kolar district.",2023-05-05T13:00:00,2023-05-05T16:00:00,2023-05-06T06:00:00,13.1253,78.1182,"Incident occurred near coordinates 13.1253, 78.1182 within jurisdiction of Kolar Town PS.",Financial Crime,Money Laundering,PMLA,"Prevention of Money Laundering Act, 2002",PMLA,3,Offence of money laundering,1,1,,,,,,,,,,0,Anil Shenoy,67,Male,A2,,,,,,,,,,,,
Zero FIR,Heinous,Under Investigation,Karnataka,Hubballi-Dharwad,Dharwad District & Sessions Court,Police Station,Dharwad Town PS,KA12104,Chirag Singh,Sub-Inspector,Circle Inspector,1990-07-18,Male,AB Positive,0,2009-07-03,855322389202400334,202400334,2025-01-15,"On 12-01-2025, a case of Robbery was reported at Dharwad Town PS, Hubballi-Dharwad district.",2025-01-12T15:00:00,2025-01-12T16:00:00,2025-01-12T21:00:00,15.3899,75.1187,"Incident occurred near coordinates 15.3899, 75.1187 within jurisdiction of Dharwad Town PS.",Property Crimes,Robbery,IPC,Indian Penal Code,IPC,392,Punishment for robbery,1,1,Isha Kulkarni,75,Private Employee,Hindu,General,Female,Kiran Rao,75,Female,0,Suresh Rao,,Transgender,A1,1.0,2025-01-22T01:00:00,Karnataka,Hubballi-Dharwad,Dharwad Town PS,KA12104,Dharwad District & Sessions Court,Suresh Rao,"Hari Naik,Vikram Kumar",,,
Zero FIR,Heinous,Under Investigation,Karnataka,Hubballi-Dharwad,Dharwad District & Sessions Court,Police Station,Dharwad Town PS,KA12104,Chirag Singh,Sub-Inspector,SHO,1990-08-22,Female,AB Negative,1,2010-11-25,855322389202400334,202400334,2025-01-15,"On 12-01-2025, a case of Robbery was reported at Dharwad Town PS, Hubballi-Dharwad district.",2025-01-12T15:00:00,2025-01-12T16:00:00,2025-01-12T21:00:00,15.3899,75.1187,"Incident occurred near coordinates 15.3899, 75.1187 within jurisdiction of Dharwad Town PS.",Property Crimes,Robbery,IPC,Indian Penal Code,IPC,392,Punishment for robbery,1,1,,,,,,,,,,0,Hari Naik,43,Male,A2,,,,,,,,,,,,
Zero FIR,Non-Heinous,Under Investigation,Karnataka,Hubballi-Dharwad,Dharwad District & Sessions Court,Police Station,Dharwad Town PS,KA12104,Chirag Singh,Deputy Superintendent,Station Writer,1993-12-04,Female,B Positive,0,2018-10-21,855322389202400334,202400334,2025-01-15,"On 12-01-2025, a case of Robbery was reported at Dharwad Town PS, Hubballi-Dharwad district.",2025-01-12T15:00:00,2025-01-12T16:00:00,2025-01-12T21:00:00,15.3899,75.1187,"Incident occurred near coordinates 15.3899, 75.1187 within jurisdiction of Dharwad Town PS.",Property Crimes,Robbery,IPC,Indian Penal Code,IPC,392,Punishment for robbery,1,1,,,,,,,,,,0,Vikram Kumar,,Transgender,A3,,,,,,,,,,,,
Zero FIR,Non-Heinous,Undetected,Karnataka,Chikkamagaluru,Chikkamagaluru District & Sessions Court,Police Station,Chikkamagaluru PS,KA20770,Hari Bhat,Deputy Superintendent,Circle Inspector,1972-06-09,Male,AB Positive,0,2011-08-07,874893813202500335,202500335,2022-11-30,"On 24-11-2022, a case of Money Laundering was reported at Chikkamagaluru PS, Chikkamagaluru district.",2022-11-24T23:00:00,2022-11-25T07:00:00,2022-11-25T15:00:00,13.3587,75.7176,"Incident occurred near coordinates 13.3587, 75.7176 within jurisdiction of Chikkamagaluru PS.",Financial Crime,Money Laundering,PMLA,"Prevention of Money Laundering Act, 2002",PMLA,3,Offence of money laundering,1,1,Rahul Kumar,73,Private Employee,Hindu,General,Female,Siddharth Patil,40,Male,0,Manish Shenoy,,Female,A1,,,,,,,,,,,,
Zero FIR,Heinous,Undetected,Karnataka,Chikkamagaluru,Chikkamagaluru District & Sessions Court,Police Station,Chikkamagaluru PS,KA20770,Hari Bhat,Sub-Inspector,SHO,1980-12-17,Male,A Negative,0,2008-07-17,874893813202500335,202500335,2022-11-30,"On 24-11-2022, a case of Money Laundering was reported at Chikkamagaluru PS, Chikkamagaluru district.",2022-11-24T23:00:00,2022-11-25T07:00:00,2022-11-25T15:00:00,13.3587,75.7176,"Incident occurred near coordinates 13.3587, 75.7176 within jurisdiction of Chikkamagaluru PS.",Financial Crime,Money Laundering,PMLA,"Prevention of Money Laundering Act, 2002",PMLA,3,Offence of money laundering,1,1,,,,,,,,,,0,Sanjay Rao,,Transgender,A2,,,,,,,,,,,,
UDR,Non-Heinous,Chargesheet Filed,Karnataka,Kolar,Kolar District & Sessions Court,Police Station,Kolar Town PS,KA96480,Sunil Shenoy,Deputy Superintendent,SHO,1973-05-28,Female,AB Negative,0,2007-11-26,253521232202400336,202400336,2024-09-19,"On 15-09-2024, a case of Cheating was reported at Kolar Town PS, Kolar district.",2024-09-15T10:00:00,2024-09-15T17:00:00,2024-09-16T01:00:00,13.0844,78.0724,"Incident occurred near coordinates 13.0844, 78.0724 within jurisdiction of Kolar Town PS.",Financial Crime,Cheating,IPC,Indian Penal Code,IPC,420,Cheating and dishonestly inducing delivery of property,1,1,Gautam Nair,37,Private Employee,Hindu,General,Transgender,Bhavya Gowda,64,Female,0,Hari Sharma,,Female,A1,1.0,2024-09-26T18:00:00,Karnataka,Kolar,Kolar Town PS,KA96480,Kolar District & Sessions Court,Hari Sharma,Pooja Joshi,2024-10-18T18:00:00,B,KA96480
UDR,Heinous,Chargesheet Filed,Karnataka,Kolar,Kolar District & Sessions Court,Police Station,Kolar Town PS,KA96480,Sunil Shenoy,Head Constable,Circle Inspector,1975-03-04,Female,AB Positive,0,2014-06-09,253521232202400336,202400336,2024-09-19,"On 15-09-2024, a case of Cheating was reported at Kolar Town PS, Kolar district.",2024-09-15T10:00:00,2024-09-15T17:00:00,2024-09-16T01:00:00,13.0844,78.0724,"Incident occurred near coordinates 13.0844, 78.0724 within jurisdiction of Kolar Town PS.",Financial Crime,Cheating,IPC,Indian Penal Code,IPC,420,Cheating and dishonestly inducing delivery of property,1,1,,,,,,,,,,0,Pooja Joshi,72,Female,A2,,,,,,,,,,,,
Zero FIR,Non-Heinous,Under Investigation,Karnataka,Mandya,Mandya District & Sessions Court,Police Station,Mandya Town PS,KA62922,Esha Sharma,Constable,Station Writer,1972-03-27,Female,B Negative,1,2000-02-15,899133513202400337,202400337,2023-11-05,"On 31-10-2023, a case of Cryptocurrency Crime was reported at Mandya Town PS, Mandya district.",2023-10-31T17:00:00,2023-11-01T00:00:00,2023-11-01T09:00:00,12.504,76.8728,"Incident occurred near coordinates 12.504, 76.8728 within jurisdiction of Mandya Town PS.",Cyber Crime,Cryptocurrency Crime,ITA,"Information Technology Act, 2000",IT Act,66D,Cheating by personation using a computer resource,1,1,Priya Joshi,42,Private Employee,Hindu,General,Transgender,Rahul Rao,46,Female,0,Sanjay Singh,25,Transgender,A1,1.0,2023-11-12T00:00:00,Karnataka,Mandya,Mandya Town PS,KA62922,Mandya District & Sessions Court,Sanjay Singh,,,,
PAR,Heinous,Report Beece (B-Report),Karnataka,Bagalkote,Bagalkote District & Sessions Court,Police Station,Bagalkote Town PS,KA40314,Siddharth Gowda,Constable,SHO,1971-02-20,Male,A Positive,0,2020-12-21,341936552202500338,202500338,2022-03-18,"On 14-03-2022, a case of Money Laundering was reported at Bagalkote Town PS, Bagalkote district.",2022-03-14T10:00:00,2022-03-14T13:00:00,2022-03-14T22:00:00,16.2176,75.6606,"Incident occurred near coordinates 16.2176, 75.6606 within jurisdiction of Bagalkote Town PS.",Financial Crime,Money Laundering,PMLA,"Prevention of Money Laundering Act, 2002",PMLA,3,Offence of money laundering,1,1,Esha Shenoy,36,Private Employee,Hindu,General,Transgender,Bhavya Deshmukh,66,Transgender,0,Anil Sharma,,Male,A1,1.0,2022-03-25T22:00:00,Karnataka,Bagalkote,Bagalkote Town PS,KA40314,Bagalkote District & Sessions Court,Anil Sharma,,,,
FIR,Heinous,Report Beece (B-Report),Karnataka,Kalaburagi,Kalaburagi District & Sessions Court,Police Station,Kalaburagi City PS,KA55596,Siddharth Das,Head Constable,Circle Inspector,1982-09-16,Female,O Negative,0,2017-10-16,172793459202500339,202500339,2025-04-21,"On 20-04-2025, a case of Cryptocurrency Crime was reported at Kalaburagi City PS, Kalaburagi district.",2025-04-20T09:00:00,2025-04-20T10:00:00,2025-04-20T18:00:00,17.3146,76.7862,"Incident occurred near coordinates 17.3146, 76.7862 within jurisdiction of Kalaburagi City PS.",Cyber Crime,Cryptocurrency Crime,ITA,"Information Technology Act, 2000",IT Act,66D,Cheating by personation using a computer resource,1,1,Farhan Kulkarni,33,Private Employee,Hindu,General,Transgender,Dev Joshi,31,Female,0,Aarav Shenoy,,Female,A1,1.0,2025-04-28T10:00:00,Karnataka,Kalaburagi,Kalaburagi City PS,KA55596,Kalaburagi District & Sessions Court,Aarav Shenoy,,,,
UDR,Non-Heinous,Undetected,Karnataka,Bengaluru Rural,Bengaluru Rural District & Sessions Court,Police Station,Bengaluru Rural PS,KA17431,Anil Deshmukh,Head Constable,Station Writer,1990-03-21,Female,O Positive,0,2007-11-17,259691917202500340,202500340,2022-04-25,"On 21-04-2022, a case of Cheating was reported at Bengaluru Rural PS, Bengaluru Rural district.",2022-04-21T13:00:00,2022-04-21T14:00:00,2022-04-21T16:00:00,13.2221,77.5802,"Incident occurred near coordinates 13.2221, 77.5802 within jurisdiction of Bengaluru Rural PS.",Financial Crime,Cheating,IPC,Indian Penal Code,IPC,420,Cheating and dishonestly inducing delivery of property,1,1,Aarav Sharma,80,Private Employee,Hindu,General,Transgender,Meena Pai,27,Male,0,Aditi Das,,Transgender,A1,,,,,,,,,,,,
PAR,Heinous,Under Investigation,Karnataka,Tumakuru,Tumakuru District & Sessions Court,Police Station,Tumakuru Town PS,KA55555,Vikram Naik,Inspector,Station Writer,1988-01-12,Female,A Negative,1,2010-10-02,318176664202400341,202400341,2022-11-09,"On 06-11-2022, a case of Money Laundering was reported at Tumakuru Town PS, Tumakuru district.",2022-11-06T08:00:00,2022-11-06T10:00:00,2022-11-06T19:00:00,13.2607,77.0264,"Incident occurred near coordinates 13.2607, 77.0264 within jurisdiction of Tumakuru Town PS.",Financial Crime,Money Laundering,PMLA,"Prevention of Money Laundering Act, 2002",PMLA,3,Offence of money laundering,1,1,Kavya Kumar,58,Private Employee,Hindu,General,Female,Priya Kumar,19,Male,0,Bhavya Sharma,,Female,A1,1.0,2022-11-16T10:00:00,Karnataka,Tumakuru,Tumakuru Town PS,KA55555,Tumakuru District & Sessions Court,Bhavya Sharma,,,,
UDR,Non-Heinous,Under Investigation,Karnataka,Hubballi-Dharwad,Dharwad District & Sessions Court,Police Station,Dharwad Town PS,KA55026,Deepak Rao,Head Constable,Circle Inspector,1997-02-11,Male,O Positive,0,2015-09-05,234159462202300342,202300342,2023-11-29,"On 23-11-2023, a case of Dark Web Crime was reported at Dharwad Town PS, Hubballi-Dharwad district.",2023-11-23T18:00:00,2023-11-23T19:00:00,2023-11-24T10:00:00,15.3716,75.0908,"Incident occurred near coordinates 15.3716, 75.0908 within jurisdiction of Dharwad Town PS.",Cyber Crime,Dark Web Crime,ITA,"Information Technology Act, 2000",IT Act,67,Publishing/transmitting obscene material electronically,1,1,Manish Shenoy,23,Private Employee,Hindu,General,Female,Vikram Naik,29,Female,0,Kiran Joshi,25,Female,A1,1.0,2023-12-06T01:00:00,Karnataka,Hubballi-Dharwad,Dharwad Town PS,KA55026,Dharwad District & Sessions Court,Kiran Joshi,,,,
UDR,Heinous,Undetected,Karnataka,Udupi,Udupi District & Sessions Court,Police Station,Udupi Town PS,KA75567,Pooja Reddy,Head Constable,SHO,1971-03-10,Male,O Positive,1,2019-07-16,290405463202400343,202400343,2023-03-07,"On 05-03-2023, a case of Assault was reported at Udupi Town PS, Udupi district.",2023-03-05T23:00:00,2023-03-06T01:00:00,2023-03-06T21:00:00,13.3556,74.8001,"Incident occurred near coordinates 13.3556, 74.8001 within jurisdiction of Udupi Town PS.",Crimes Against Body,Assault,IPC,Indian Penal Code,IPC,351,Assault,1,1,Pooja Shenoy,34,Private Employee,Hindu,General,Male,Tanvi Bhat,48,Female,0,Chirag Verma,,Male,A1,,,,,,,,,,,,
UDR,Heinous,Undetected,Karnataka,Udupi,Udupi District & Sessions Court,Police Station,Udupi Town PS,KA75567,Pooja Reddy,Inspector,Investigating Officer,1990-08-25,Male,A Positive,0,2016-07-01,290405463202400343,202400343,2023-03-07,"On 05-03-2023, a case of Assault was reported at Udupi Town PS, Udupi district.",2023-03-05T23:00:00,2023-03-06T01:00:00,2023-03-06T21:00:00,13.3556,74.8001,"Incident occurred near coordinates 13.3556, 74.8001 within jurisdiction of Udupi Town PS.",Crimes Against Body,Assault,IPC,Indian Penal Code,IPC,351,Assault,1,1,,,,,,,,,,0,Chirag Pai,40,Transgender,A2,,,,,,,,,,,,
UDR,Heinous,Undetected,Karnataka,Udupi,Udupi District & Sessions Court,Police Station,Udupi Town PS,KA75567,Pooja Reddy,Constable,SHO,1972-01-25,Male,A Positive,0,2020-09-08,290405463202400343,202400343,2023-03-07,"On 05-03-2023, a case of Assault was reported at Udupi Town PS, Udupi district.",2023-03-05T23:00:00,2023-03-06T01:00:00,2023-03-06T21:00:00,13.3556,74.8001,"Incident occurred near coordinates 13.3556, 74.8001 within jurisdiction of Udupi Town PS.",Crimes Against Body,Assault,IPC,Indian Penal Code,IPC,351,Assault,1,1,,,,,,,,,,0,Isha Shenoy,39,Male,A3,,,,,,,,,,,,
PAR,Non-Heinous,Undetected,Karnataka,Kolar,Kolar District & Sessions Court,Police Station,Kolar Town PS,KA56288,Esha Pai,Inspector,SHO,1983-02-16,Female,B Positive,1,2001-02-07,381376949202600344,202600344,2024-08-10,"On 06-08-2024, a case of Murder was reported at Kolar Town PS, Kolar district.",2024-08-06T11:00:00,2024-08-06T16:00:00,2024-08-07T02:00:00,13.0651,78.1343,"Incident occurred near coordinates 13.0651, 78.1343 within jurisdiction of Kolar Town PS.",Crimes Against Body,Murder,IPC,Indian Penal Code,IPC,302,Punishment for murder,1,1,Aditi Joshi,63,Private Employee,Hindu,General,Transgender,Siddharth Reddy,17,Male,0,Rajesh Joshi,,Female,A1,,,,,,,,,,,,
Zero FIR,Heinous,Undetected,Karnataka,Belagavi,Belagavi District & Sessions Court,Police Station,Belagavi City PS,KA56241,Aditi Deshmukh,Constable,Circle Inspector,1978-09-06,Male,AB Negative,0,2015-06-16,873304973202500345,202500345,2024-03-15,"On 11-03-2024, a case of Drug Offence was reported at Belagavi City PS, Belagavi district.",2024-03-11T01:00:00,2024-03-11T03:00:00,2024-03-12T01:00:00,15.7864,74.457,"Incident occurred near coordinates 15.7864, 74.457 within jurisdiction of Belagavi City PS.",Narcotics,Drug Offence,NDPS,"Narcotic Drugs and Psychotropic Substances Act, 1985",NDPS,20,Punishment for cannabis-related offences,1,1,Pooja Shetty,76,Private Employee,Hindu,General,Transgender,Abhishek Nair,64,Female,0,Nikhil Kamath,,Transgender,A1,,,,,,,,,,,,
Zero FIR,Heinous,Undetected,Karnataka,Belagavi,Belagavi District & Sessions Court,Police Station,Belagavi City PS,KA56241,Aditi Deshmukh,Inspector,Investigating Officer,1976-04-26,Male,O Positive,0,2009-01-18,873304973202500345,202500345,2024-03-15,"On 11-03-2024, a case of Drug Offence was reported at Belagavi City PS, Belagavi district.",2024-03-11T01:00:00,2024-03-11T03:00:00,2024-03-12T01:00:00,15.7864,74.457,"Incident occurred near coordinates 15.7864, 74.457 within jurisdiction of Belagavi City PS.",Narcotics,Drug Offence,NDPS,"Narcotic Drugs and Psychotropic Substances Act, 1985",NDPS,20,Punishment for cannabis-related offences,1,1,,,,,,,,,,0,Sanjay Hegde,,Male,A2,,,,,,,,,,,,
FIR,Non-Heinous,Chargesheet Filed,Karnataka,Shivamogga,Shivamogga District & Sessions Court,Police Station,Shivamogga Town PS,KA43439,Rajesh Das,Deputy Superintendent,Investigating Officer,1994-06-08,Female,AB Negative,0,2017-01-19,179933372202500346,202500346,2024-10-19,"On 16-10-2024, a case of Money Laundering was reported at Shivamogga Town PS, Shivamogga district.",2024-10-16T03:00:00,2024-10-16T08:00:00,2024-10-16T07:00:00,14.0094,75.6463,"Incident occurred near coordinates 14.0094, 75.6463 within jurisdiction of Shivamogga Town PS.",Financial Crime,Money Laundering,PMLA,"Prevention of Money Laundering Act, 2002",PMLA,3,Offence of money laundering,1,1,Abhishek Nair,78,Private Employee,Hindu,General,Transgender,Priya Singh,26,Male,0,Dev Singh,,Female,A1,1.0,2024-10-26T09:00:00,Karnataka,Shivamogga,Shivamogga Town PS,KA43439,Shivamogga District & Sessions Court,Dev Singh,Ananya Joshi,2024-11-10T09:00:00,C,KA43439
FIR,Heinous,Chargesheet Filed,Karnataka,Shivamogga,Shivamogga District & Sessions Court,Police Station,Shivamogga Town PS,KA43439,Rajesh Das,Sub-Inspector,SHO,1971-09-18,Female,B Negative,0,2020-12-03,179933372202500346,202500346,2024-10-19,"On 16-10-2024, a case of Money Laundering was reported at Shivamogga Town PS, Shivamogga district.",2024-10-16T03:00:00,2024-10-16T08:00:00,2024-10-16T07:00:00,14.0094,75.6463,"Incident occurred near coordinates 14.0094, 75.6463 within jurisdiction of Shivamogga Town PS.",Financial Crime,Money Laundering,PMLA,"Prevention of Money Laundering Act, 2002",PMLA,3,Offence of money laundering,1,1,,,,,,,,,,0,Ananya Joshi,49,Female,A2,,,,,,,,,,,,
UDR,Non-Heinous,Report Beece (B-Report),Karnataka,Mysuru,Mysuru District & Sessions Court,Police Station,Saraswathipuram PS,KA60581,Deepak Verma,Sub-Inspector,SHO,1997-03-10,Male,B Positive,0,2002-11-15,224402376202600347,202600347,2023-02-17,"On 12-02-2023, a case of Robbery was reported at Saraswathipuram PS, Mysuru district.",2023-02-12T21:00:00,2023-02-13T00:00:00,2023-02-13T10:00:00,12.2913,76.6037,"Incident occurred near coordinates 12.2913, 76.6037 within jurisdiction of Saraswathipuram PS.",Property Crimes,Robbery,IPC,Indian Penal Code,IPC,392,Punishment for robbery,1,1,Hari Kulkarni,43,Private Employee,Hindu,General,Male,Sanjay Verma,39,Female,0,Sunil Deshmukh,,Female,A1,1.0,2023-02-24T00:00:00,Karnataka,Mysuru,Saraswathipuram PS,KA60581,Mysuru District & Sessions Court,Sunil Deshmukh,Aditi Hegde,,,
UDR,Heinous,Report Beece (B-Report),Karnataka,Mysuru,Mysuru District & Sessions Court,Police Station,Saraswathipuram PS,KA60581,Deepak Verma,Inspector,Circle Inspector,1975-08-07,Male,B Positive,0,2015-11-11,224402376202600347,202600347,2023-02-17,"On 12-02-2023, a case of Robbery was reported at Saraswathipuram PS, Mysuru district.",2023-02-12T21:00:00,2023-02-13T00:00:00,2023-02-13T10:00:00,12.2913,76.6037,"Incident occurred near coordinates 12.2913, 76.6037 within jurisdiction of Saraswathipuram PS.",Property Crimes,Robbery,IPC,Indian Penal Code,IPC,392,Punishment for robbery,1,1,,,,,,,,,,0,Aditi Hegde,,Female,A2,,,,,,,,,,,,
FIR,Heinous,Chargesheet Filed,Karnataka,Belagavi,Belagavi District & Sessions Court,Police Station,Belagavi City PS,KA11145,Sanjay Naik,Head Constable,Circle Inspector,1981-09-25,Female,O Negative,0,2015-09-28,156718404202300348,202300348,2025-01-30,"On 28-01-2025, a case of Dark Web Crime was reported at Belagavi City PS, Belagavi district.",2025-01-28T06:00:00,2025-01-28T09:00:00,2025-01-29T05:00:00,15.881,74.4509,"Incident occurred near coordinates 15.881, 74.4509 within jurisdiction of Belagavi City PS.",Cyber Crime,Dark Web Crime,ITA,"Information Technology Act, 2000",IT Act,67,Publishing/transmitting obscene material electronically,1,1,Sunil Singh,23,Private Employee,Hindu,General,Female,Tanvi Singh,64,Female,0,Nikhil Gowda,24,Male,A1,1.0,2025-02-06T16:00:00,Karnataka,Belagavi,Belagavi City PS,KA11145,Belagavi District & Sessions Court,Nikhil Gowda,,2025-02-26T16:00:00,A,KA11145
PAR,Heinous,Under Investigation,Karnataka,Chikkamagaluru,Chikkamagaluru District & Sessions Court,Police Station,Chikkamagaluru PS,KA13528,Bhavya Patil,Inspector,Station Writer,1998-06-08,Male,B Negative,0,2001-11-24,390386749202500349,202500349,2022-06-26,"On 20-06-2022, a case of Cyber Crime was reported at Chikkamagaluru PS, Chikkamagaluru district.",2022-06-20T19:00:00,2022-06-21T01:00:00,2022-06-21T03:00:00,13.2414,75.7465,"Incident occurred near coordinates 13.2414, 75.7465 within jurisdiction of Chikkamagaluru PS.",Cyber Crime,Cyber Crime,ITA,"Information Technology Act, 2000",IT Act,66C,Identity theft using computer resource,1,1,Priya Pai,76,Private Employee,Hindu,General,Transgender,Sanjay Pai,17,Female,0,Aarav Gowda,,Male,A1,1.0,2022-07-03T05:00:00,Karnataka,Chikkamagaluru,Chikkamagaluru PS,KA13528,Chikkamagaluru District & Sessions Court,Aarav Gowda,,,,
FIR,Non-Heinous,Report Beece (B-Report),Karnataka,Davangere,Davangere District & Sessions Court,Police Station,Davangere Extension PS,KA11967,Nikhil Shenoy,Deputy Superintendent,Circle Inspector,1977-12-23,Female,B Positive,1,2011-05-02,187675962202200350,202200350,2024-11-19,"On 16-11-2024, a case of Burglary was reported at Davangere Extension PS, Davangere district.",2024-11-16T18:00:00,2024-11-17T00:00:00,2024-11-17T02:00:00,14.5195,75.8421,"Incident occurred near coordinates 14.5195, 75.8421 within jurisdiction of Davangere Extension PS.",Property Crimes,Burglary,IPC,Indian Penal Code,IPC,457,Lurking house-trespass or house-breaking by night,1,1,Farhan Bhat,36,Private Employee,Hindu,General,Female,Sunil Reddy,64,Transgender,0,Tanvi Sharma,50,Transgender,A1,1.0,2024-11-26T01:00:00,Karnataka,Davangere,Davangere Extension PS,KA11967,Davangere District & Sessions Court,Tanvi Sharma,Siddharth Gowda,,,
FIR,Heinous,Report Beece (B-Report),Karnataka,Davangere,Davangere District & Sessions Court,Police Station,Davangere Extension PS,KA11967,Nikhil Shenoy,Constable,Circle Inspector,1990-09-19,Male,A Positive,0,2002-08-20,187675962202200350,202200350,2024-11-19,"On 16-11-2024, a case of Burglary was reported at Davangere Extension PS, Davangere district.",2024-11-16T18:00:00,2024-11-17T00:00:00,2024-11-17T02:00:00,14.5195,75.8421,"Incident occurred near coordinates 14.5195, 75.8421 within jurisdiction of Davangere Extension PS.",Property Crimes,Burglary,IPC,Indian Penal Code,IPC,457,Lurking house-trespass or house-breaking by night,1,1,,,,,,,,,,0,Siddharth Gowda,,Female,A2,,,,,,,,,,,,
UDR,Heinous,Under Investigation,Karnataka,Ramanagara,Ramanagara District & Sessions Court,Police Station,Ramanagara Town PS,KA64185,Suresh Das,Constable,Investigating Officer,1996-06-16,Female,B Positive,0,2007-01-15,250615504202500351,202500351,2023-01-09,"On 06-01-2023, a case of Cheating was reported at Ramanagara Town PS, Ramanagara district.",2023-01-06T02:00:00,2023-01-06T04:00:00,2023-01-06T18:00:00,12.6567,77.3292,"Incident occurred near coordinates 12.6567, 77.3292 within jurisdiction of Ramanagara Town PS.",Financial Crime,Cheating,IPC,Indian Penal Code,IPC,420,Cheating and dishonestly inducing delivery of property,1,1,Nikhil Pai,30,Private Employee,Hindu,General,Transgender,Rahul Nair,60,Male,0,Meena Shetty,47,Female,A1,1.0,2023-01-16T08:00:00,Karnataka,Ramanagara,Ramanagara Town PS,KA64185,Ramanagara District & Sessions Court,Meena Shetty,,,,
PAR,Heinous,Under Investigation,Karnataka,Belagavi,Belagavi District & Sessions Court,Police Station,Belagavi City PS,KA84764,Tanvi Patil,Head Constable,Investigating Officer,1970-07-24,Female,AB Positive,0,2007-12-12,337692898202500352,202500352,2024-09-07,"On 02-09-2024, a case of Money Laundering was reported at Belagavi City PS, Belagavi district.",2024-09-02T19:00:00,2024-09-02T20:00:00,2024-09-03T13:00:00,15.7703,74.505,"Incident occurred near coordinates 15.7703, 74.505 within jurisdiction of Belagavi City PS.",Financial Crime,Money Laundering,PMLA,"Prevention of Money Laundering Act, 2002",PMLA,3,Offence of money laundering,1,1,Kavya Kumar,52,Private Employee,Hindu,General,Transgender,Divya Rao,31,Female,0,Deepak Verma,,Male,A1,1.0,2024-09-14T21:00:00,Karnataka,Belagavi,Belagavi City PS,KA84764,Belagavi District & Sessions Court,Deepak Verma,,,,
Zero FIR,Non-Heinous,Report Beece (B-Report),Karnataka,Hubballi-Dharwad,Dharwad District & Sessions Court,Police Station,Dharwad Town PS,KA71452,Esha Shenoy,Constable,Circle Inspector,1994-12-22,Female,B Negative,0,2020-10-23,896281778202500353,202500353,2023-01-24,"On 22-01-2023, a case of Theft was reported at Dharwad Town PS, Hubballi-Dharwad district.",2023-01-22T21:00:00,2023-01-22T22:00:00,2023-01-23T17:00:00,15.4048,75.1193,"Incident occurred near coordinates 15.4048, 75.1193 within jurisdiction of Dharwad Town PS.",Property Crimes,Theft,IPC,Indian Penal Code,IPC,379,Punishment for theft,1,1,Aditi Reddy,78,Private Employee,Hindu,General,Male,Kavya Das,54,Transgender,0,Dev Gowda,74,Male,A1,1.0,2023-01-31T08:00:00,Karnataka,Hubballi-Dharwad,Dharwad Town PS,KA71452,Dharwad District & Sessions Court,Dev Gowda,,,,
Zero FIR,Heinous,Chargesheet Filed,Karnataka,Ballari,Ballari District & Sessions Court,Police Station,Ballari City PS,KA38284,Abhishek Verma,Head Constable,Station Writer,1991-02-22,Female,A Negative,0,2020-09-16,875954152202200354,202200354,2023-02-03,"On 31-01-2023, a case of Theft was reported at Ballari City PS, Ballari district.",2023-01-31T01:00:00,2023-01-31T03:00:00,2023-01-31T05:00:00,15.1491,76.8742,"Incident occurred near coordinates 15.1491, 76.8742 within jurisdiction of Ballari City PS.",Property Crimes,Theft,IPC,Indian Penal Code,IPC,379,Punishment for theft,1,1,Deepak Verma,45,Private Employee,Hindu,General,Transgender,Anil Singh,28,Male,0,Esha Shenoy,24,Male,A1,1.0,2023-02-10T04:00:00,Karnataka,Ballari,Ballari City PS,KA38284,Ballari District & Sessions Court,Esha Shenoy,,2023-03-07T04:00:00,B,KA38284
Zero FIR,Heinous,Chargesheet Filed,Karnataka,Kolar,Kolar District & Sessions Court,Police Station,Kolar Town PS,KA73726,Deepak Shenoy,Constable,Station Writer,1980-05-21,Male,AB Positive,0,2005-03-14,882497191202300355,202300355,2025-05-03,"On 30-04-2025, a case of Cryptocurrency Crime was reported at Kolar Town PS, Kolar district.",2025-04-30T03:00:00,2025-04-30T11:00:00,2025-05-01T00:00:00,13.116,78.0606,"Incident occurred near coordinates 13.116, 78.0606 within jurisdiction of Kolar Town PS.",Cyber Crime,Cryptocurrency Crime,ITA,"Information Technology Act, 2000",IT Act,66D,Cheating by personation using a computer resource,1,1,Kavya Reddy,62,Private Employee,Hindu,General,Transgender,Rahul Verma,13,Transgender,0,Aarav Shenoy,20,Female,A1,1.0,2025-05-10T11:00:00,Karnataka,Kolar,Kolar Town PS,KA73726,Kolar District & Sessions Court,Aarav Shenoy,,2025-05-27T11:00:00,A,KA73726
PAR,Non-Heinous,Chargesheet Filed,Karnataka,Mysuru,Mysuru District & Sessions Court,Police Station,Saraswathipuram PS,KA92237,Priya Verma,Head Constable,SHO,1988-01-25,Female,AB Positive,1,2008-04-08,391459594202500356,202500356,2022-05-13,"On 12-05-2022, a case of Cheating was reported at Saraswathipuram PS, Mysuru district.",2022-05-12T02:00:00,2022-05-12T06:00:00,2022-05-12T12:00:00,12.3222,76.6783,"Incident occurred near coordinates 12.3222, 76.6783 within jurisdiction of Saraswathipuram PS.",Financial Crime,Cheating,IPC,Indian Penal Code,IPC,420,Cheating and dishonestly inducing delivery of property,1,1,Dev Patil,70,Private Employee,Hindu,General,Female,Isha Deshmukh,15,Transgender,0,Gautam Kumar,,Male,A1,1.0,2022-05-20T13:00:00,Karnataka,Mysuru,Saraswathipuram PS,KA92237,Mysuru District & Sessions Court,Gautam Kumar,Kiran Gowda,2022-06-12T13:00:00,B,KA92237
PAR,Non-Heinous,Chargesheet Filed,Karnataka,Mysuru,Mysuru District & Sessions Court,Police Station,Saraswathipuram PS,KA92237,Priya Verma,Constable,Station Writer,1978-11-18,Male,AB Negative,0,2012-06-18,391459594202500356,202500356,2022-05-13,"On 12-05-2022, a case of Cheating was reported at Saraswathipuram PS, Mysuru district.",2022-05-12T02:00:00,2022-05-12T06:00:00,2022-05-12T12:00:00,12.3222,76.6783,"Incident occurred near coordinates 12.3222, 76.6783 within jurisdiction of Saraswathipuram PS.",Financial Crime,Cheating,IPC,Indian Penal Code,IPC,420,Cheating and dishonestly inducing delivery of property,1,1,,,,,,,,,,0,Kiran Gowda,45,Female,A2,,,,,,,,,,,,
UDR,Non-Heinous,Under Investigation,Karnataka,Bidar,Bidar District & Sessions Court,Police Station,Bidar Town PS,KA90560,Kavya Das,Constable,SHO,1979-12-16,Male,O Positive,1,2017-09-13,233163426202500357,202500357,2025-06-08,"On 02-06-2025, a case of Cyber Crime was reported at Bidar Town PS, Bidar district.",2025-06-02T17:00:00,2025-06-02T20:00:00,2025-06-03T17:00:00,17.8426,77.4567,"Incident occurred near coordinates 17.8426, 77.4567 within jurisdiction of Bidar Town PS.",Cyber Crime,Cyber Crime,ITA,"Information Technology Act, 2000",IT Act,66C,Identity theft using computer resource,1,1,Siddharth Pai,45,Private Employee,Hindu,General,Transgender,Aarav Singh,19,Female,0,Siddharth Joshi,72,Transgender,A1,1.0,2025-06-15T01:00:00,Karnataka,Bidar,Bidar Town PS,KA90560,Bidar District & Sessions Court,Siddharth Joshi,Tanvi Singh,,,
UDR,Heinous,Under Investigation,Karnataka,Bidar,Bidar District & Sessions Court,Police Station,Bidar Town PS,KA90560,Kavya Das,Deputy Superintendent,Station Writer,1979-09-04,Male,B Negative,0,2006-08-14,233163426202500357,202500357,2025-06-08,"On 02-06-2025, a case of Cyber Crime was reported at Bidar Town PS, Bidar district.",2025-06-02T17:00:00,2025-06-02T20:00:00,2025-06-03T17:00:00,17.8426,77.4567,"Incident occurred near coordinates 17.8426, 77.4567 within jurisdiction of Bidar Town PS.",Cyber Crime,Cyber Crime,ITA,"Information Technology Act, 2000",IT Act,66C,Identity theft using computer resource,1,1,,,,,,,,,,0,Tanvi Singh,,Male,A2,,,,,,,,,,,,
Zero FIR,Non-Heinous,Chargesheet Filed,Karnataka,Kolar,Kolar District & Sessions Court,Police Station,Kolar Town PS,KA82390,Ananya Gowda,Constable,Investigating Officer,1994-08-16,Female,AB Negative,0,2009-07-15,815278222202200358,202200358,2025-02-16,"On 14-02-2025, a case of Robbery was reported at Kolar Town PS, Kolar district.",2025-02-14T05:00:00,2025-02-14T07:00:00,2025-02-14T11:00:00,13.0764,78.1591,"Incident occurred near coordinates 13.0764, 78.1591 within jurisdiction of Kolar Town PS.",Property Crimes,Robbery,IPC,Indian Penal Code,IPC,392,Punishment for robbery,1,1,Esha Kamath,27,Private Employee,Hindu,General,Female,Deepak Hegde,7,Transgender,0,Divya Pai,38,Female,A1,1.0,2025-02-23T15:00:00,Karnataka,Kolar,Kolar Town PS,KA82390,Kolar District & Sessions Court,Divya Pai,,2025-03-22T15:00:00,A,KA82390
UDR,Non-Heinous,Under Investigation,Karnataka,Bengaluru Urban,"Principal City Civil & Sessions Court, Bengaluru",Police Station,Bengaluru City PS,KA98409,Siddharth Gowda,Sub-Inspector,Station Writer,1985-09-27,Female,O Negative,0,2004-05-25,282071240202200359,202200359,2022-04-14,"On 11-04-2022, a case of Cheating was reported at Bengaluru City PS, Bengaluru Urban district.",2022-04-11T05:00:00,2022-04-11T10:00:00,2022-04-11T12:00:00,12.9979,77.5846,"Incident occurred near coordinates 12.9979, 77.5846 within jurisdiction of Bengaluru City PS.",Financial Crime,Cheating,IPC,Indian Penal Code,IPC,420,Cheating and dishonestly inducing delivery of property,1,1,Siddharth Nair,47,Private Employee,Hindu,General,Transgender,Gautam Nair,25,Female,0,Rajesh Reddy,,Transgender,A1,1.0,2022-04-21T14:00:00,Karnataka,Bengaluru Urban,Bengaluru City PS,KA98409,"Principal City Civil & Sessions Court, Bengaluru",Rajesh Reddy,,,,
PAR,Non-Heinous,Under Investigation,Karnataka,Tumakuru,Tumakuru District & Sessions Court,Police Station,Tumakuru Town PS,KA43955,Hari Patil,Inspector,Circle Inspector,1980-02-07,Female,AB Positive,0,2008-06-27,381306510202200360,202200360,2023-07-15,"On 14-07-2023, a case of Murder was reported at Tumakuru Town PS, Tumakuru district.",2023-07-14T07:00:00,2023-07-14T13:00:00,2023-07-15T04:00:00,13.2662,77.1659,"Incident occurred near coordinates 13.2662, 77.1659 within jurisdiction of Tumakuru Town PS.",Crimes Against Body,Murder,IPC,Indian Penal Code,IPC,302,Punishment for murder,1,1,Deepak Sharma,46,Private Employee,Hindu,General,Female,Manish Kulkarni,49,Female,0,Nikhil Shenoy,,Female,A1,1.0,2023-07-22T13:00:00,Karnataka,Tumakuru,Tumakuru Town PS,KA43955,Tumakuru District & Sessions Court,Nikhil Shenoy,Sanjay Hegde,,,
PAR,Non-Heinous,Under Investigation,Karnataka,Tumakuru,Tumakuru District & Sessions Court,Police Station,Tumakuru Town PS,KA43955,Hari Patil,Sub-Inspector,Investigating Officer,1975-08-02,Female,O Negative,0,2009-01-15,381306510202200360,202200360,2023-07-15,"On 14-07-2023, a case of Murder was reported at Tumakuru Town PS, Tumakuru district.",2023-07-14T07:00:00,2023-07-14T13:00:00,2023-07-15T04:00:00,13.2662,77.1659,"Incident occurred near coordinates 13.2662, 77.1659 within jurisdiction of Tumakuru Town PS.",Crimes Against Body,Murder,IPC,Indian Penal Code,IPC,302,Punishment for murder,1,1,,,,,,,,,,0,Sanjay Hegde,32,Female,A2,,,,,,,,,,,,
FIR,Heinous,Chargesheet Filed,Karnataka,Bengaluru Urban,"Principal City Civil & Sessions Court, Bengaluru",Police Station,Bengaluru City PS,KA88405,Kavya Kulkarni,Constable,Station Writer,1978-11-04,Male,A Positive,1,2011-03-18,118735463202300361,202300361,2025-01-21,"On 19-01-2025, a case of Money Laundering was reported at Bengaluru City PS, Bengaluru Urban district.",2025-01-19T00:00:00,2025-01-19T07:00:00,2025-01-19T16:00:00,12.9353,77.6312,"Incident occurred near coordinates 12.9353, 77.6312 within jurisdiction of Bengaluru City PS.",Financial Crime,Money Laundering,PMLA,"Prevention of Money Laundering Act, 2002",PMLA,3,Offence of money laundering,1,1,Tanvi Shetty,52,Private Employee,Hindu,General,Transgender,Suresh Das,43,Male,0,Bhavya Singh,60,Transgender,A1,1.0,2025-01-28T08:00:00,Karnataka,Bengaluru Urban,Bengaluru City PS,KA88405,"Principal City Civil & Sessions Court, Bengaluru",Bhavya Singh,,2025-03-12T08:00:00,C,KA88405
PAR,Heinous,Chargesheet Filed,Karnataka,Mangaluru,Dakshina Kannada District & Sessions Court,Police Station,Mangaluru Town PS,KA66323,Dev Reddy,Sub-Inspector,Circle Inspector,1988-10-05,Male,B Positive,0,2008-11-02,358092918202300362,202300362,2025-01-02,"On 01-01-2025, a case of Murder was reported at Mangaluru Town PS, Mangaluru district.",2025-01-01T12:00:00,2025-01-01T18:00:00,2025-01-01T22:00:00,12.859,74.8962,"Incident occurred near coordinates 12.859, 74.8962 within jurisdiction of Mangaluru Town PS.",Crimes Against Body,Murder,IPC,Indian Penal Code,IPC,302,Punishment for murder,1,1,Dev Gowda,48,Private Employee,Hindu,General,Transgender,Meena Pai,31,Male,0,Chirag Verma,20,Transgender,A1,1.0,2025-01-09T14:00:00,Karnataka,Mangaluru,Mangaluru Town PS,KA66323,Dakshina Kannada District & Sessions Court,Chirag Verma,,2025-02-06T14:00:00,A,KA66323
PAR,Heinous,Under Investigation,Karnataka,Hubballi-Dharwad,Dharwad District & Sessions Court,Police Station,Dharwad Town PS,KA45105,Sunil Singh,Constable,Investigating Officer,1987-06-11,Female,AB Negative,0,2008-04-05,362266012202400363,202400363,2024-03-06,"On 02-03-2024, a case of Cheating was reported at Dharwad Town PS, Hubballi-Dharwad district.",2024-03-02T23:00:00,2024-03-03T06:00:00,2024-03-03T05:00:00,15.406,75.1267,"Incident occurred near coordinates 15.406, 75.1267 within jurisdiction of Dharwad Town PS.",Financial Crime,Cheating,IPC,Indian Penal Code,IPC,420,Cheating and dishonestly inducing delivery of property,1,1,Aarav Shenoy,22,Private Employee,Hindu,General,Female,Dev Verma,58,Transgender,0,Kavya Bhat,34,Female,A1,1.0,2024-03-13T06:00:00,Karnataka,Hubballi-Dharwad,Dharwad Town PS,KA45105,Dharwad District & Sessions Court,Kavya Bhat,"Divya Naik,Esha Kulkarni",,,
PAR,Heinous,Under Investigation,Karnataka,Hubballi-Dharwad,Dharwad District & Sessions Court,Police Station,Dharwad Town PS,KA45105,Sunil Singh,Deputy Superintendent,SHO,1971-09-08,Male,B Positive,0,2001-07-06,362266012202400363,202400363,2024-03-06,"On 02-03-2024, a case of Cheating was reported at Dharwad Town PS, Hubballi-Dharwad district.",2024-03-02T23:00:00,2024-03-03T06:00:00,2024-03-03T05:00:00,15.406,75.1267,"Incident occurred near coordinates 15.406, 75.1267 within jurisdiction of Dharwad Town PS.",Financial Crime,Cheating,IPC,Indian Penal Code,IPC,420,Cheating and dishonestly inducing delivery of property,1,1,,,,,,,,,,0,Divya Naik,,Male,A2,,,,,,,,,,,,
PAR,Heinous,Under Investigation,Karnataka,Hubballi-Dharwad,Dharwad District & Sessions Court,Police Station,Dharwad Town PS,KA45105,Sunil Singh,Constable,SHO,1994-01-24,Male,A Negative,0,2009-01-23,362266012202400363,202400363,2024-03-06,"On 02-03-2024, a case of Cheating was reported at Dharwad Town PS, Hubballi-Dharwad district.",2024-03-02T23:00:00,2024-03-03T06:00:00,2024-03-03T05:00:00,15.406,75.1267,"Incident occurred near coordinates 15.406, 75.1267 within jurisdiction of Dharwad Town PS.",Financial Crime,Cheating,IPC,Indian Penal Code,IPC,420,Cheating and dishonestly inducing delivery of property,1,1,,,,,,,,,,0,Esha Kulkarni,45,Female,A3,,,,,,,,,,,,
Zero FIR,Non-Heinous,Chargesheet Filed,Karnataka,Shivamogga,Shivamogga District & Sessions Court,Police Station,Shivamogga Town PS,KA16900,Farhan Kamath,Head Constable,Circle Inspector,1985-11-16,Male,B Positive,0,2015-02-13,891589646202300364,202300364,2023-06-04,"On 31-05-2023, a case of Money Laundering was reported at Shivamogga Town PS, Shivamogga district.",2023-05-31T21:00:00,2023-06-01T00:00:00,2023-06-01T02:00:00,13.9447,75.64,"Incident occurred near coordinates 13.9447, 75.64 within jurisdiction of Shivamogga Town PS.",Financial Crime,Money Laundering,PMLA,"Prevention of Money Laundering Act, 2002",PMLA,3,Offence of money laundering,1,1,Tanvi Rao,68,Private Employee,Hindu,General,Male,Ananya Sharma,49,Female,0,Siddharth Shenoy,,Transgender,A1,1.0,2023-06-11T01:00:00,Karnataka,Shivamogga,Shivamogga Town PS,KA16900,Shivamogga District & Sessions Court,Siddharth Shenoy,,2023-06-26T01:00:00,C,KA16900
FIR,Non-Heinous,Report Beece (B-Report),Karnataka,Bagalkote,Bagalkote District & Sessions Court,Police Station,Bagalkote Town PS,KA55085,Pooja Sharma,Deputy Superintendent,Station Writer,1993-07-28,Male,B Negative,0,2003-01-28,125262937202600365,202600365,2022-04-23,"On 18-04-2022, a case of Cryptocurrency Crime was reported at Bagalkote Town PS, Bagalkote district.",2022-04-18T12:00:00,2022-04-18T19:00:00,2022-04-19T01:00:00,16.2259,75.6377,"Incident occurred near coordinates 16.2259, 75.6377 within jurisdiction of Bagalkote Town PS.",Cyber Crime,Cryptocurrency Crime,ITA,"Information Technology Act, 2000",IT Act,66D,Cheating by personation using a computer resource,1,1,Hari Singh,56,Private Employee,Hindu,General,Female,Esha Bhat,73,Transgender,0,Meena Gowda,,Female,A1,1.0,2022-04-30T18:00:00,Karnataka,Bagalkote,Bagalkote Town PS,KA55085,Bagalkote District & Sessions Court,Meena Gowda,Divya Das,,,
FIR,Heinous,Report Beece (B-Report),Karnataka,Bagalkote,Bagalkote District & Sessions Court,Police Station,Bagalkote Town PS,KA55085,Pooja Sharma,Sub-Inspector,SHO,1998-07-07,Female,O Positive,0,2012-12-02,125262937202600365,202600365,2022-04-23,"On 18-04-2022, a case of Cryptocurrency Crime was reported at Bagalkote Town PS, Bagalkote district.",2022-04-18T12:00:00,2022-04-18T19:00:00,2022-04-19T01:00:00,16.2259,75.6377,"Incident occurred near coordinates 16.2259, 75.6377 within jurisdiction of Bagalkote Town PS.",Cyber Crime,Cryptocurrency Crime,ITA,"Information Technology Act, 2000",IT Act,66D,Cheating by personation using a computer resource,1,1,,,,,,,,,,0,Divya Das,58,Transgender,A2,,,,,,,,,,,,
PAR,Heinous,Report Beece (B-Report),Karnataka,Shivamogga,Shivamogga District & Sessions Court,Police Station,Shivamogga Town PS,KA64992,Kiran Rao,Head Constable,Circle Inspector,1994-10-16,Male,AB Negative,1,2005-10-21,335564618202200366,202200366,2023-09-14,"On 12-09-2023, a case of Grievous Hurt was reported at Shivamogga Town PS, Shivamogga district.",2023-09-12T13:00:00,2023-09-12T19:00:00,2023-09-13T12:00:00,13.8681,75.5094,"Incident occurred near coordinates 13.8681, 75.5094 within jurisdiction of Shivamogga Town PS.",Crimes Against Body,Grievous Hurt,IPC,Indian Penal Code,IPC,325,Punishment for voluntarily causing grievous hurt,1,1,Rajesh Gowda,34,Private Employee,Hindu,General,Female,Bhavya Shetty,62,Transgender,0,Deepak Sharma,,Transgender,A1,1.0,2023-09-21T20:00:00,Karnataka,Shivamogga,Shivamogga Town PS,KA64992,Shivamogga District & Sessions Court,Deepak Sharma,Gautam Reddy,,,
PAR,Heinous,Report Beece (B-Report),Karnataka,Shivamogga,Shivamogga District & Sessions Court,Police Station,Shivamogga Town PS,KA64992,Kiran Rao,Deputy Superintendent,Circle Inspector,1988-01-27,Female,A Negative,1,2019-08-19,335564618202200366,202200366,2023-09-14,"On 12-09-2023, a case of Grievous Hurt was reported at Shivamogga Town PS, Shivamogga district.",2023-09-12T13:00:00,2023-09-12T19:00:00,2023-09-13T12:00:00,13.8681,75.5094,"Incident occurred near coordinates 13.8681, 75.5094 within jurisdiction of Shivamogga Town PS.",Crimes Against Body,Grievous Hurt,IPC,Indian Penal Code,IPC,325,Punishment for voluntarily causing grievous hurt,1,1,,,,,,,,,,0,Gautam Reddy,19,Female,A2,,,,,,,,,,,,
UDR,Heinous,Undetected,Karnataka,Bengaluru Rural,Bengaluru Rural District & Sessions Court,Police Station,Bengaluru Rural PS,KA12097,Abhishek Verma,Constable,Circle Inspector,1994-12-09,Male,B Negative,0,2001-05-28,285327626202600367,202600367,2024-03-24,"On 20-03-2024, a case of Assault was reported at Bengaluru Rural PS, Bengaluru Rural district.",2024-03-20T03:00:00,2024-03-20T05:00:00,2024-03-20T21:00:00,13.3608,77.5334,"Incident occurred near coordinates 13.3608, 77.5334 within jurisdiction of Bengaluru Rural PS.",Crimes Against Body,Assault,IPC,Indian Penal Code,IPC,351,Assault,1,1,Sunil Pai,63,Private Employee,Hindu,General,Female,Pooja Reddy,58,Transgender,0,Tanvi Patil,55,Transgender,A1,,,,,,,,,,,,
PAR,Heinous,Undetected,Karnataka,Bidar,Bidar District & Sessions Court,Police Station,Bidar Town PS,KA38295,Siddharth Deshmukh,Inspector,Station Writer,1981-08-09,Male,AB Positive,1,2014-09-26,315167586202300368,202300368,2025-10-31,"On 30-10-2025, a case of Drug Offence was reported at Bidar Town PS, Bidar district.",2025-10-30T02:00:00,2025-10-30T07:00:00,2025-10-30T07:00:00,17.8519,77.4436,"Incident occurred near coordinates 17.8519, 77.4436 within jurisdiction of Bidar Town PS.",Narcotics,Drug Offence,NDPS,"Narcotic Drugs and Psychotropic Substances Act, 1985",NDPS,20,Punishment for cannabis-related offences,1,1,Chirag Patil,80,Private Employee,Hindu,General,Female,Farhan Joshi,27,Male,0,Sanjay Shetty,,Transgender,A1,,,,,,,,,,,,
PAR,Heinous,Undetected,Karnataka,Bidar,Bidar District & Sessions Court,Police Station,Bidar Town PS,KA38295,Siddharth Deshmukh,Inspector,Circle Inspector,1986-01-01,Male,B Negative,0,2000-03-22,315167586202300368,202300368,2025-10-31,"On 30-10-2025, a case of Drug Offence was reported at Bidar Town PS, Bidar district.",2025-10-30T02:00:00,2025-10-30T07:00:00,2025-10-30T07:00:00,17.8519,77.4436,"Incident occurred near coordinates 17.8519, 77.4436 within jurisdiction of Bidar Town PS.",Narcotics,Drug Offence,NDPS,"Narcotic Drugs and Psychotropic Substances Act, 1985",NDPS,20,Punishment for cannabis-related offences,1,1,,,,,,,,,,0,Bhavya Pai,42,Male,A2,,,,,,,,,,,,
PAR,Heinous,Undetected,Karnataka,Bidar,Bidar District & Sessions Court,Police Station,Bidar Town PS,KA38295,Siddharth Deshmukh,Inspector,Investigating Officer,1972-05-15,Male,AB Positive,1,2015-07-15,315167586202300368,202300368,2025-10-31,"On 30-10-2025, a case of Drug Offence was reported at Bidar Town PS, Bidar district.",2025-10-30T02:00:00,2025-10-30T07:00:00,2025-10-30T07:00:00,17.8519,77.4436,"Incident occurred near coordinates 17.8519, 77.4436 within jurisdiction of Bidar Town PS.",Narcotics,Drug Offence,NDPS,"Narcotic Drugs and Psychotropic Substances Act, 1985",NDPS,20,Punishment for cannabis-related offences,1,1,,,,,,,,,,0,Abhishek Rao,,Female,A3,,,,,,,,,,,,
Zero FIR,Heinous,Chargesheet Filed,Karnataka,Vijayapura,Vijayapura District & Sessions Court,Police Station,Vijayapura Town PS,KA41382,Aditi Kumar,Constable,Circle Inspector,1981-05-02,Female,AB Positive,0,2007-08-05,865777279202500369,202500369,2024-04-07,"On 02-04-2024, a case of Theft was reported at Vijayapura Town PS, Vijayapura district.",2024-04-02T12:00:00,2024-04-02T16:00:00,2024-04-02T14:00:00,16.8986,75.7116,"Incident occurred near coordinates 16.8986, 75.7116 within jurisdiction of Vijayapura Town PS.",Property Crimes,Theft,IPC,Indian Penal Code,IPC,379,Punishment for theft,1,1,Bhavya Singh,76,Private Employee,Hindu,General,Female,Meena Shenoy,33,Male,0,Farhan Shetty,,Female,A1,1.0,2024-04-14T17:00:00,Karnataka,Vijayapura,Vijayapura Town PS,KA41382,Vijayapura District & Sessions Court,Farhan Shetty,Siddharth Nair,2024-05-10T17:00:00,C,KA41382
Zero FIR,Non-Heinous,Chargesheet Filed,Karnataka,Vijayapura,Vijayapura District & Sessions Court,Police Station,Vijayapura Town PS,KA41382,Aditi Kumar,Head Constable,Station Writer,1993-12-17,Female,B Positive,0,2019-04-20,865777279202500369,202500369,2024-04-07,"On 02-04-2024, a case of Theft was reported at Vijayapura Town PS, Vijayapura district.",2024-04-02T12:00:00,2024-04-02T16:00:00,2024-04-02T14:00:00,16.8986,75.7116,"Incident occurred near coordinates 16.8986, 75.7116 within jurisdiction of Vijayapura Town PS.",Property Crimes,Theft,IPC,Indian Penal Code,IPC,379,Punishment for theft,1,1,,,,,,,,,,0,Siddharth Nair,,Male,A2,,,,,,,,,,,,
UDR,Non-Heinous,Chargesheet Filed,Karnataka,Mandya,Mandya District & Sessions Court,Police Station,Mandya Town PS,KA42043,Chirag Verma,Constable,Station Writer,1994-07-23,Female,A Negative,0,2017-10-23,235783504202600370,202600370,2025-08-14,"On 10-08-2025, a case of Cyber Crime was reported at Mandya Town PS, Mandya district.",2025-08-10T10:00:00,2025-08-10T17:00:00,2025-08-11T01:00:00,12.4609,76.8826,"Incident occurred near coordinates 12.4609, 76.8826 within jurisdiction of Mandya Town PS.",Cyber Crime,Cyber Crime,ITA,"Information Technology Act, 2000",IT Act,66C,Identity theft using computer resource,1,1,Hari Verma,63,Private Employee,Hindu,General,Transgender,Nikhil Rao,13,Female,0,Aditi Joshi,65,Transgender,A1,1.0,2025-08-21T14:00:00,Karnataka,Mandya,Mandya Town PS,KA42043,Mandya District & Sessions Court,Aditi Joshi,,2025-10-10T14:00:00,A,KA42043
FIR,Non-Heinous,Under Investigation,Karnataka,Bagalkote,Bagalkote District & Sessions Court,Police Station,Bagalkote Town PS,KA19922,Gautam Kulkarni,Deputy Superintendent,Station Writer,1970-08-08,Male,O Negative,0,2011-10-17,130541275202400371,202400371,2022-08-25,"On 20-08-2022, a case of Assault was reported at Bagalkote Town PS, Bagalkote district.",2022-08-20T04:00:00,2022-08-20T05:00:00,2022-08-20T19:00:00,16.1759,75.7491,"Incident occurred near coordinates 16.1759, 75.7491 within jurisdiction of Bagalkote Town PS.",Crimes Against Body,Assault,IPC,Indian Penal Code,IPC,351,Assault,1,1,Siddharth Nair,71,Private Employee,Hindu,General,Transgender,Ananya Singh,57,Female,0,Rajesh Hegde,,Transgender,A1,1.0,2022-09-01T14:00:00,Karnataka,Bagalkote,Bagalkote Town PS,KA19922,Bagalkote District & Sessions Court,Rajesh Hegde,Dev Joshi,,,
FIR,Non-Heinous,Under Investigation,Karnataka,Bagalkote,Bagalkote District & Sessions Court,Police Station,Bagalkote Town PS,KA19922,Gautam Kulkarni,Inspector,Investigating Officer,1996-03-01,Male,AB Negative,0,2000-03-06,130541275202400371,202400371,2022-08-25,"On 20-08-2022, a case of Assault was reported at Bagalkote Town PS, Bagalkote district.",2022-08-20T04:00:00,2022-08-20T05:00:00,2022-08-20T19:00:00,16.1759,75.7491,"Incident occurred near coordinates 16.1759, 75.7491 within jurisdiction of Bagalkote Town PS.",Crimes Against Body,Assault,IPC,Indian Penal Code,IPC,351,Assault,1,1,,,,,,,,,,0,Dev Joshi,,Transgender,A2,,,,,,,,,,,,
Zero FIR,Heinous,Under Investigation,Karnataka,Bidar,Bidar District & Sessions Court,Police Station,Bidar Town PS,KA87094,Isha Naik,Head Constable,SHO,1987-11-10,Male,B Positive,0,2009-02-17,869141418202400372,202400372,2023-06-03,"On 30-05-2023, a case of Robbery was reported at Bidar Town PS, Bidar district.",2023-05-30T16:00:00,2023-05-31T00:00:00,2023-05-31T14:00:00,17.877,77.557,"Incident occurred near coordinates 17.877, 77.557 within jurisdiction of Bidar Town PS.",Property Crimes,Robbery,IPC,Indian Penal Code,IPC,392,Punishment for robbery,1,1,Kavya Verma,56,Private Employee,Hindu,General,Transgender,Aditi Singh,52,Transgender,0,Priya Sharma,36,Male,A1,1.0,2023-06-10T23:00:00,Karnataka,Bidar,Bidar Town PS,KA87094,Bidar District & Sessions Court,Priya Sharma,,,,
FIR,Non-Heinous,Under Investigation,Karnataka,Ramanagara,Ramanagara District & Sessions Court,Police Station,Ramanagara Town PS,KA33528,Rahul Hegde,Constable,Investigating Officer,1995-04-26,Male,O Negative,0,2002-01-13,175983287202500373,202500373,2022-10-25,"On 20-10-2022, a case of Assault was reported at Ramanagara Town PS, Ramanagara district.",2022-10-20T11:00:00,2022-10-20T15:00:00,2022-10-20T17:00:00,12.7159,77.2505,"Incident occurred near coordinates 12.7159, 77.2505 within jurisdiction of Ramanagara Town PS.",Crimes Against Body,Assault,IPC,Indian Penal Code,IPC,351,Assault,1,1,Tanvi Naik,48,Private Employee,Hindu,General,Transgender,Gautam Kumar,41,Female,0,Tanvi Patil,75,Transgender,A1,1.0,2022-11-01T20:00:00,Karnataka,Ramanagara,Ramanagara Town PS,KA33528,Ramanagara District & Sessions Court,Tanvi Patil,,,,
Zero FIR,Non-Heinous,Report Beece (B-Report),Karnataka,Kalaburagi,Kalaburagi District & Sessions Court,Police Station,Kalaburagi City PS,KA98897,Bhavya Das,Sub-Inspector,Station Writer,1998-01-21,Female,B Positive,0,2000-09-08,848379389202500374,202500374,2024-06-10,"On 05-06-2024, a case of Grievous Hurt was reported at Kalaburagi City PS, Kalaburagi district.",2024-06-05T14:00:00,2024-06-05T20:00:00,2024-06-06T04:00:00,17.2547,76.8591,"Incident occurred near coordinates 17.2547, 76.8591 within jurisdiction of Kalaburagi City PS.",Crimes Against Body,Grievous Hurt,IPC,Indian Penal Code,IPC,325,Punishment for voluntarily causing grievous hurt,1,1,Priya Nair,23,Private Employee,Hindu,General,Male,Nikhil Sharma,71,Transgender,0,Hari Pai,29,Female,A1,1.0,2024-06-17T16:00:00,Karnataka,Kalaburagi,Kalaburagi City PS,KA98897,Kalaburagi District & Sessions Court,Hari Pai,,,,
FIR,Heinous,Undetected,Karnataka,Mangaluru,Dakshina Kannada District & Sessions Court,Police Station,Mangaluru Town PS,KA91830,Dev Rao,Constable,Circle Inspector,1973-08-26,Female,O Negative,0,2013-10-05,199435082202400375,202400375,2024-12-06,"On 02-12-2024, a case of Money Laundering was reported at Mangaluru Town PS, Mangaluru district.",2024-12-02T20:00:00,2024-12-03T00:00:00,2024-12-03T02:00:00,12.963,74.9,"Incident occurred near coordinates 12.963, 74.9 within jurisdiction of Mangaluru Town PS.",Financial Crime,Money Laundering,PMLA,"Prevention of Money Laundering Act, 2002",PMLA,3,Offence of money laundering,1,1,Abhishek Das,28,Private Employee,Hindu,General,Transgender,Abhishek Rao,5,Female,0,Abhishek Nair,,Transgender,A1,,,,,,,,,,,,
FIR,Non-Heinous,Under Investigation,Karnataka,Davangere,Davangere District & Sessions Court,Police Station,Davangere Extension PS,KA89479,Esha Gowda,Head Constable,SHO,1980-02-22,Male,AB Negative,0,2009-11-14,158348008202600376,202600376,2023-04-18,"On 12-04-2023, a case of Robbery was reported at Davangere Extension PS, Davangere district.",2023-04-12T19:00:00,2023-04-13T01:00:00,2023-04-13T12:00:00,14.4055,75.9588,"Incident occurred near coordinates 14.4055, 75.9588 within jurisdiction of Davangere Extension PS.",Property Crimes,Robbery,IPC,Indian Penal Code,IPC,392,Punishment for robbery,1,1,Kavya Verma,22,Private Employee,Hindu,General,Transgender,Priya Deshmukh,57,Transgender,0,Manish Singh,73,Female,A1,1.0,2023-04-25T06:00:00,Karnataka,Davangere,Davangere Extension PS,KA89479,Davangere District & Sessions Court,Manish Singh,,,,
UDR,Non-Heinous,Under Investigation,Karnataka,Hubballi-Dharwad,Dharwad District & Sessions Court,Police Station,Dharwad Town PS,KA71401,Pooja Hegde,Head Constable,Circle Inspector,1988-10-03,Male,O Negative,0,2001-06-19,262587525202500377,202500377,2022-12-15,"On 12-12-2022, a case of Cyber Crime was reported at Dharwad Town PS, Hubballi-Dharwad district.",2022-12-12T07:00:00,2022-12-12T11:00:00,2022-12-12T13:00:00,15.4053,75.1987,"Incident occurred near coordinates 15.4053, 75.1987 within jurisdiction of Dharwad Town PS.",Cyber Crime,Cyber Crime,ITA,"Information Technology Act, 2000",IT Act,66C,Identity theft using computer resource,1,1,Aarav Verma,76,Private Employee,Hindu,General,Male,Isha Das,69,Male,0,Rajesh Sharma,,Female,A1,1.0,2022-12-22T15:00:00,Karnataka,Hubballi-Dharwad,Dharwad Town PS,KA71401,Dharwad District & Sessions Court,Rajesh Sharma,Hari Das,,,
UDR,Heinous,Under Investigation,Karnataka,Hubballi-Dharwad,Dharwad District & Sessions Court,Police Station,Dharwad Town PS,KA71401,Pooja Hegde,Deputy Superintendent,Investigating Officer,1984-08-04,Male,A Positive,1,2001-05-02,262587525202500377,202500377,2022-12-15,"On 12-12-2022, a case of Cyber Crime was reported at Dharwad Town PS, Hubballi-Dharwad district.",2022-12-12T07:00:00,2022-12-12T11:00:00,2022-12-12T13:00:00,15.4053,75.1987,"Incident occurred near coordinates 15.4053, 75.1987 within jurisdiction of Dharwad Town PS.",Cyber Crime,Cyber Crime,ITA,"Information Technology Act, 2000",IT Act,66C,Identity theft using computer resource,1,1,,,,,,,,,,0,Hari Das,22,Female,A2,,,,,,,,,,,,
UDR,Heinous,Chargesheet Filed,Karnataka,Belagavi,Belagavi District & Sessions Court,Police Station,Belagavi City PS,KA52454,Aditi Rao,Head Constable,Circle Inspector,1971-08-15,Female,A Negative,1,2012-11-01,265156780202200378,202200378,2025-04-13,"On 08-04-2025, a case of Cryptocurrency Crime was reported at Belagavi City PS, Belagavi district.",2025-04-08T01:00:00,2025-04-08T07:00:00,2025-04-08T07:00:00,15.7738,74.4987,"Incident occurred near coordinates 15.7738, 74.4987 within jurisdiction of Belagavi City PS.",Cyber Crime,Cryptocurrency Crime,ITA,"Information Technology Act, 2000",IT Act,66D,Cheating by personation using a computer resource,1,1,Aarav Joshi,59,Private Employee,Hindu,General,Female,Divya Rao,6,Female,0,Isha Shetty,,Male,A1,1.0,2025-04-20T10:00:00,Karnataka,Belagavi,Belagavi City PS,KA52454,Belagavi District & Sessions Court,Isha Shetty,,2025-05-20T10:00:00,C,KA52454
FIR,Heinous,Under Investigation,Karnataka,Mysuru,Mysuru District & Sessions Court,Police Station,Saraswathipuram PS,KA51642,Gautam Kumar,Sub-Inspector,Investigating Officer,1978-05-03,Female,A Positive,0,2007-09-20,113605887202600379,202600379,2025-05-18,"On 15-05-2025, a case of Assault was reported at Saraswathipuram PS, Mysuru district.",2025-05-15T20:00:00,2025-05-16T02:00:00,2025-05-16T07:00:00,12.2514,76.6135,"Incident occurred near coordinates 12.2514, 76.6135 within jurisdiction of Saraswathipuram PS.",Crimes Against Body,Assault,IPC,Indian Penal Code,IPC,351,Assault,1,1,Divya Reddy,25,Private Employee,Hindu,General,Male,Meena Shenoy,30,Female,0,Meena Bhat,,Transgender,A1,1.0,2025-05-25T22:00:00,Karnataka,Mysuru,Saraswathipuram PS,KA51642,Mysuru District & Sessions Court,Meena Bhat,,,,
PAR,Non-Heinous,Undetected,Karnataka,Kolar,Kolar District & Sessions Court,Police Station,Kolar Town PS,KA97590,Sunil Verma,Sub-Inspector,Investigating Officer,1997-06-20,Male,AB Positive,0,2019-07-11,338348402202500380,202500380,2023-02-23,"On 22-02-2023, a case of Grievous Hurt was reported at Kolar Town PS, Kolar district.",2023-02-22T04:00:00,2023-02-22T06:00:00,2023-02-22T18:00:00,13.2091,78.1435,"Incident occurred near coordinates 13.2091, 78.1435 within jurisdiction of Kolar Town PS.",Crimes Against Body,Grievous Hurt,IPC,Indian Penal Code,IPC,325,Punishment for voluntarily causing grievous hurt,1,1,Pooja Shenoy,79,Private Employee,Hindu,General,Female,Dev Kamath,11,Transgender,0,Pooja Hegde,26,Female,A1,,,,,,,,,,,,
UDR,Non-Heinous,Undetected,Karnataka,Mysuru,Mysuru District & Sessions Court,Police Station,Saraswathipuram PS,KA95154,Esha Kamath,Head Constable,SHO,1975-04-17,Male,AB Negative,0,2015-05-09,292796566202200381,202200381,2024-06-25,"On 20-06-2024, a case of Money Laundering was reported at Saraswathipuram PS, Mysuru district.",2024-06-20T22:00:00,2024-06-21T04:00:00,2024-06-21T00:00:00,12.2566,76.6697,"Incident occurred near coordinates 12.2566, 76.6697 within jurisdiction of Saraswathipuram PS.",Financial Crime,Money Laundering,PMLA,"Prevention of Money Laundering Act, 2002",PMLA,3,Offence of money laundering,1,1,Aditi Joshi,69,Private Employee,Hindu,General,Transgender,Isha Gowda,24,Male,0,Farhan Kamath,,Transgender,A1,,,,,,,,,,,,
UDR,Heinous,Report Beece (B-Report),Karnataka,Tumakuru,Tumakuru District & Sessions Court,Police Station,Tumakuru Town PS,KA81229,Aarav Pai,Head Constable,SHO,1986-01-03,Male,O Positive,0,2002-04-23,214471281202600382,202600382,2023-03-24,"On 22-03-2023, a case of Robbery was reported at Tumakuru Town PS, Tumakuru district.",2023-03-22T09:00:00,2023-03-22T11:00:00,2023-03-22T12:00:00,13.3605,77.1318,"Incident occurred near coordinates 13.3605, 77.1318 within jurisdiction of Tumakuru Town PS.",Property Crimes,Robbery,IPC,Indian Penal Code,IPC,392,Punishment for robbery,1,1,Manish Hegde,35,Private Employee,Hindu,General,Female,Nikhil Naik,62,Male,0,Esha Verma,29,Transgender,A1,1.0,2023-03-31T18:00:00,Karnataka,Tumakuru,Tumakuru Town PS,KA81229,Tumakuru District & Sessions Court,Esha Verma,"Tanvi Shetty,Siddharth Naik",,,
UDR,Non-Heinous,Report Beece (B-Report),Karnataka,Tumakuru,Tumakuru District & Sessions Court,Police Station,Tumakuru Town PS,KA81229,Aarav Pai,Head Constable,Investigating Officer,1987-02-16,Female,B Negative,0,2017-11-01,214471281202600382,202600382,2023-03-24,"On 22-03-2023, a case of Robbery was reported at Tumakuru Town PS, Tumakuru district.",2023-03-22T09:00:00,2023-03-22T11:00:00,2023-03-22T12:00:00,13.3605,77.1318,"Incident occurred near coordinates 13.3605, 77.1318 within jurisdiction of Tumakuru Town PS.",Property Crimes,Robbery,IPC,Indian Penal Code,IPC,392,Punishment for robbery,1,1,,,,,,,,,,0,Tanvi Shetty,28,Male,A2,,,,,,,,,,,,
UDR,Heinous,Report Beece (B-Report),Karnataka,Tumakuru,Tumakuru District & Sessions Court,Police Station,Tumakuru Town PS,KA81229,Aarav Pai,Constable,Circle Inspector,1980-05-17,Male,B Positive,0,2013-10-17,214471281202600382,202600382,2023-03-24,"On 22-03-2023, a case of Robbery was reported at Tumakuru Town PS, Tumakuru district.",2023-03-22T09:00:00,2023-03-22T11:00:00,2023-03-22T12:00:00,13.3605,77.1318,"Incident occurred near coordinates 13.3605, 77.1318 within jurisdiction of Tumakuru Town PS.",Property Crimes,Robbery,IPC,Indian Penal Code,IPC,392,Punishment for robbery,1,1,,,,,,,,,,0,Siddharth Naik,46,Female,A3,,,,,,,,,,,,
Zero FIR,Heinous,Report Beece (B-Report),Karnataka,Mangaluru,Dakshina Kannada District & Sessions Court,Police Station,Mangaluru Town PS,KA69533,Meena Hegde,Constable,Investigating Officer,1977-06-28,Male,AB Positive,0,2019-04-10,892961834202200383,202200383,2025-10-13,"On 12-10-2025, a case of Burglary was reported at Mangaluru Town PS, Mangaluru district.",2025-10-12T16:00:00,2025-10-12T20:00:00,2025-10-13T05:00:00,12.8656,74.8573,"Incident occurred near coordinates 12.8656, 74.8573 within jurisdiction of Mangaluru Town PS.",Property Crimes,Burglary,IPC,Indian Penal Code,IPC,457,Lurking house-trespass or house-breaking by night,1,1,Abhishek Rao,69,Private Employee,Hindu,General,Male,Aarav Patil,31,Transgender,0,Rahul Shetty,75,Female,A1,1.0,2025-10-20T17:00:00,Karnataka,Mangaluru,Mangaluru Town PS,KA69533,Dakshina Kannada District & Sessions Court,Rahul Shetty,,,,
FIR,Heinous,Chargesheet Filed,Karnataka,Bengaluru Urban,"Principal City Civil & Sessions Court, Bengaluru",Police Station,Bengaluru City PS,KA12159,Sanjay Rao,Deputy Superintendent,Investigating Officer,1977-09-19,Female,B Positive,1,2016-09-05,115932007202600384,202600384,2025-03-17,"On 12-03-2025, a case of Cryptocurrency Crime was reported at Bengaluru City PS, Bengaluru Urban district.",2025-03-12T22:00:00,2025-03-13T03:00:00,2025-03-13T20:00:00,12.9616,77.6476,"Incident occurred near coordinates 12.9616, 77.6476 within jurisdiction of Bengaluru City PS.",Cyber Crime,Cryptocurrency Crime,ITA,"Information Technology Act, 2000",IT Act,66D,Cheating by personation using a computer resource,1,1,Sunil Naik,67,Private Employee,Hindu,General,Female,Vikram Deshmukh,40,Transgender,0,Divya Kamath,,Male,A1,1.0,2025-03-24T01:00:00,Karnataka,Bengaluru Urban,Bengaluru City PS,KA12159,"Principal City Civil & Sessions Court, Bengaluru",Divya Kamath,,2025-05-14T01:00:00,A,KA12159
PAR,Heinous,Under Investigation,Karnataka,Bidar,Bidar District & Sessions Court,Police Station,Bidar Town PS,KA82391,Vikram Deshmukh,Head Constable,Station Writer,1989-09-19,Female,A Negative,0,2004-03-21,341353203202400385,202400385,2023-04-14,"On 10-04-2023, a case of Assault was reported at Bidar Town PS, Bidar district.",2023-04-10T01:00:00,2023-04-10T09:00:00,2023-04-10T11:00:00,17.9824,77.5514,"Incident occurred near coordinates 17.9824, 77.5514 within jurisdiction of Bidar Town PS.",Crimes Against Body,Assault,IPC,Indian Penal Code,IPC,351,Assault,1,1,Sunil Joshi,75,Private Employee,Hindu,General,Female,Tanvi Reddy,51,Female,0,Siddharth Reddy,57,Transgender,A1,1.0,2023-04-21T03:00:00,Karnataka,Bidar,Bidar Town PS,KA82391,Bidar District & Sessions Court,Siddharth Reddy,Ananya Shenoy,,,
PAR,Heinous,Under Investigation,Karnataka,Bidar,Bidar District & Sessions Court,Police Station,Bidar Town PS,KA82391,Vikram Deshmukh,Deputy Superintendent,Circle Inspector,1977-01-06,Male,AB Positive,1,2010-07-05,341353203202400385,202400385,2023-04-14,"On 10-04-2023, a case of Assault was reported at Bidar Town PS, Bidar district.",2023-04-10T01:00:00,2023-04-10T09:00:00,2023-04-10T11:00:00,17.9824,77.5514,"Incident occurred near coordinates 17.9824, 77.5514 within jurisdiction of Bidar Town PS.",Crimes Against Body,Assault,IPC,Indian Penal Code,IPC,351,Assault,1,1,,,,,,,,,,0,Ananya Shenoy,63,Male,A2,,,,,,,,,,,,
Zero FIR,Heinous,Chargesheet Filed,Karnataka,Bidar,Bidar District & Sessions Court,Police Station,Bidar Town PS,KA71915,Siddharth Shetty,Deputy Superintendent,Circle Inspector,1995-03-04,Male,AB Negative,0,2005-09-02,896355673202300386,202300386,2023-12-25,"On 20-12-2023, a case of Money Laundering was reported at Bidar Town PS, Bidar district.",2023-12-20T21:00:00,2023-12-20T22:00:00,2023-12-20T23:00:00,17.8784,77.5578,"Incident occurred near coordinates 17.8784, 77.5578 within jurisdiction of Bidar Town PS.",Financial Crime,Money Laundering,PMLA,"Prevention of Money Laundering Act, 2002",PMLA,3,Offence of money laundering,1,1,Rajesh Shetty,39,Private Employee,Hindu,General,Female,Kiran Kumar,62,Male,0,Tanvi Pai,58,Male,A1,1.0,2024-01-01T08:00:00,Karnataka,Bidar,Bidar Town PS,KA71915,Bidar District & Sessions Court,Tanvi Pai,"Sunil Kulkarni,Manish Shenoy",2024-02-03T08:00:00,B,KA71915
Zero FIR,Non-Heinous,Chargesheet Filed,Karnataka,Bidar,Bidar District & Sessions Court,Police Station,Bidar Town PS,KA71915,Siddharth Shetty,Inspector,Investigating Officer,1988-12-22,Female,AB Negative,0,2013-04-15,896355673202300386,202300386,2023-12-25,"On 20-12-2023, a case of Money Laundering was reported at Bidar Town PS, Bidar district.",2023-12-20T21:00:00,2023-12-20T22:00:00,2023-12-20T23:00:00,17.8784,77.5578,"Incident occurred near coordinates 17.8784, 77.5578 within jurisdiction of Bidar Town PS.",Financial Crime,Money Laundering,PMLA,"Prevention of Money Laundering Act, 2002",PMLA,3,Offence of money laundering,1,1,,,,,,,,,,0,Sunil Kulkarni,,Male,A2,,,,,,,,,,,,
Zero FIR,Non-Heinous,Chargesheet Filed,Karnataka,Bidar,Bidar District & Sessions Court,Police Station,Bidar Town PS,KA71915,Siddharth Shetty,Head Constable,Circle Inspector,1987-07-27,Male,A Negative,0,2003-04-07,896355673202300386,202300386,2023-12-25,"On 20-12-2023, a case of Money Laundering was reported at Bidar Town PS, Bidar district.",2023-12-20T21:00:00,2023-12-20T22:00:00,2023-12-20T23:00:00,17.8784,77.5578,"Incident occurred near coordinates 17.8784, 77.5578 within jurisdiction of Bidar Town PS.",Financial Crime,Money Laundering,PMLA,"Prevention of Money Laundering Act, 2002",PMLA,3,Offence of money laundering,1,1,,,,,,,,,,0,Manish Shenoy,24,Transgender,A3,,,,,,,,,,,,
PAR,Non-Heinous,Chargesheet Filed,Karnataka,Mysuru,Mysuru District & Sessions Court,Police Station,Saraswathipuram PS,KA26486,Suresh Verma,Constable,Circle Inspector,1974-05-24,Female,O Negative,1,2012-04-14,342969802202200387,202200387,2025-10-09,"On 03-10-2025, a case of Robbery was reported at Saraswathipuram PS, Mysuru district.",2025-10-03T21:00:00,2025-10-04T00:00:00,2025-10-04T09:00:00,12.3263,76.6907,"Incident occurred near coordinates 12.3263, 76.6907 within jurisdiction of Saraswathipuram PS.",Property Crimes,Robbery,IPC,Indian Penal Code,IPC,392,Punishment for robbery,1,1,Abhishek Kulkarni,78,Private Employee,Hindu,General,Female,Anil Shetty,70,Transgender,0,Tanvi Rao,,Male,A1,1.0,2025-10-16T00:00:00,Karnataka,Mysuru,Saraswathipuram PS,KA26486,Mysuru District & Sessions Court,Tanvi Rao,,2025-10-30T00:00:00,A,KA26486
UDR,Heinous,Chargesheet Filed,Karnataka,Bagalkote,Bagalkote District & Sessions Court,Police Station,Bagalkote Town PS,KA61673,Aarav Singh,Deputy Superintendent,Circle Inspector,1971-02-15,Male,O Positive,0,2001-11-18,213675974202200388,202200388,2022-07-23,"On 21-07-2022, a case of Theft was reported at Bagalkote Town PS, Bagalkote district.",2022-07-21T21:00:00,2022-07-22T05:00:00,2022-07-22T21:00:00,16.2505,75.7211,"Incident occurred near coordinates 16.2505, 75.7211 within jurisdiction of Bagalkote Town PS.",Property Crimes,Theft,IPC,Indian Penal Code,IPC,379,Punishment for theft,1,1,Bhavya Nair,36,Private Employee,Hindu,General,Transgender,Deepak Sharma,48,Male,0,Vikram Reddy,69,Transgender,A1,1.0,2022-07-30T03:00:00,Karnataka,Bagalkote,Bagalkote Town PS,KA61673,Bagalkote District & Sessions Court,Vikram Reddy,,2022-08-15T03:00:00,B,KA61673
PAR,Heinous,Chargesheet Filed,Karnataka,Mangaluru,Dakshina Kannada District & Sessions Court,Police Station,Mangaluru Town PS,KA59604,Pooja Kamath,Sub-Inspector,Station Writer,1998-11-02,Male,AB Positive,0,2019-08-15,387384355202400389,202400389,2022-12-29,"On 25-12-2022, a case of Cyber Crime was reported at Mangaluru Town PS, Mangaluru district.",2022-12-25T21:00:00,2022-12-25T22:00:00,2022-12-26T16:00:00,12.9484,74.8129,"Incident occurred near coordinates 12.9484, 74.8129 within jurisdiction of Mangaluru Town PS.",Cyber Crime,Cyber Crime,ITA,"Information Technology Act, 2000",IT Act,66C,Identity theft using computer resource,1,1,Suresh Kulkarni,52,Private Employee,Hindu,General,Transgender,Vikram Deshmukh,56,Male,0,Pooja Kamath,,Female,A1,1.0,2023-01-05T09:00:00,Karnataka,Mangaluru,Mangaluru Town PS,KA59604,Dakshina Kannada District & Sessions Court,Pooja Kamath,,2023-02-15T09:00:00,A,KA59604
UDR,Non-Heinous,Chargesheet Filed,Karnataka,Shivamogga,Shivamogga District & Sessions Court,Police Station,Shivamogga Town PS,KA36337,Gautam Naik,Deputy Superintendent,Circle Inspector,1991-02-27,Male,O Positive,0,2018-03-21,280632912202500390,202500390,2024-02-07,"On 05-02-2024, a case of Drug Offence was reported at Shivamogga Town PS, Shivamogga district.",2024-02-05T05:00:00,2024-02-05T10:00:00,2024-02-05T23:00:00,13.9041,75.494,"Incident occurred near coordinates 13.9041, 75.494 within jurisdiction of Shivamogga Town PS.",Narcotics,Drug Offence,NDPS,"Narcotic Drugs and Psychotropic Substances Act, 1985",NDPS,20,Punishment for cannabis-related offences,1,1,Aarav Naik,61,Private Employee,Hindu,General,Female,Tanvi Rao,7,Male,0,Farhan Gowda,54,Male,A1,1.0,2024-02-14T09:00:00,Karnataka,Shivamogga,Shivamogga Town PS,KA36337,Shivamogga District & Sessions Court,Farhan Gowda,,2024-03-10T09:00:00,B,KA36337
Zero FIR,Non-Heinous,Chargesheet Filed,Karnataka,Mysuru,Mysuru District & Sessions Court,Police Station,Saraswathipuram PS,KA97987,Rajesh Deshmukh,Deputy Superintendent,Circle Inspector,1975-07-23,Male,AB Positive,0,2020-01-15,865718434202300391,202300391,2023-06-26,"On 21-06-2023, a case of Drug Offence was reported at Saraswathipuram PS, Mysuru district.",2023-06-21T12:00:00,2023-06-21T15:00:00,2023-06-22T07:00:00,12.2764,76.6805,"Incident occurred near coordinates 12.2764, 76.6805 within jurisdiction of Saraswathipuram PS.",Narcotics,Drug Offence,NDPS,"Narcotic Drugs and Psychotropic Substances Act, 1985",NDPS,20,Punishment for cannabis-related offences,1,1,Abhishek Patil,51,Private Employee,Hindu,General,Male,Aarav Shenoy,51,Male,0,Kavya Deshmukh,,Transgender,A1,1.0,2023-07-03T13:00:00,Karnataka,Mysuru,Saraswathipuram PS,KA97987,Mysuru District & Sessions Court,Kavya Deshmukh,Gautam Naik,2023-07-20T13:00:00,C,KA97987
Zero FIR,Heinous,Chargesheet Filed,Karnataka,Mysuru,Mysuru District & Sessions Court,Police Station,Saraswathipuram PS,KA97987,Rajesh Deshmukh,Sub-Inspector,SHO,1989-11-26,Male,B Positive,0,2001-09-19,865718434202300391,202300391,2023-06-26,"On 21-06-2023, a case of Drug Offence was reported at Saraswathipuram PS, Mysuru district.",2023-06-21T12:00:00,2023-06-21T15:00:00,2023-06-22T07:00:00,12.2764,76.6805,"Incident occurred near coordinates 12.2764, 76.6805 within jurisdiction of Saraswathipuram PS.",Narcotics,Drug Offence,NDPS,"Narcotic Drugs and Psychotropic Substances Act, 1985",NDPS,20,Punishment for cannabis-related offences,1,1,,,,,,,,,,0,Gautam Naik,,Transgender,A2,,,,,,,,,,,,
FIR,Heinous,Undetected,Karnataka,Chikkamagaluru,Chikkamagaluru District & Sessions Court,Police Station,Chikkamagaluru PS,KA67823,Abhishek Pai,Constable,SHO,1977-11-20,Male,A Positive,0,2019-04-25,153824671202400392,202400392,2024-08-25,"On 19-08-2024, a case of Dark Web Crime was reported at Chikkamagaluru PS, Chikkamagaluru district.",2024-08-19T20:00:00,2024-08-19T21:00:00,2024-08-20T11:00:00,13.2656,75.7793,"Incident occurred near coordinates 13.2656, 75.7793 within jurisdiction of Chikkamagaluru PS.",Cyber Crime,Dark Web Crime,ITA,"Information Technology Act, 2000",IT Act,67,Publishing/transmitting obscene material electronically,1,1,Kavya Hegde,54,Private Employee,Hindu,General,Transgender,Bhavya Nair,75,Female,0,Rahul Singh,41,Male,A1,,,,,,,,,,,,
Zero FIR,Non-Heinous,Under Investigation,Karnataka,Udupi,Udupi District & Sessions Court,Police Station,Udupi Town PS,KA60813,Rahul Joshi,Inspector,SHO,1975-04-09,Female,AB Positive,0,2014-05-15,870768089202400393,202400393,2022-03-06,"On 03-03-2022, a case of Theft was reported at Udupi Town PS, Udupi district.",2022-03-03T22:00:00,2022-03-04T06:00:00,2022-03-04T12:00:00,13.3869,74.8202,"Incident occurred near coordinates 13.3869, 74.8202 within jurisdiction of Udupi Town PS.",Property Crimes,Theft,IPC,Indian Penal Code,IPC,379,Punishment for theft,1,1,Farhan Joshi,77,Private Employee,Hindu,General,Male,Sunil Pai,68,Transgender,0,Tanvi Shenoy,,Female,A1,1.0,2022-03-13T10:00:00,Karnataka,Udupi,Udupi Town PS,KA60813,Udupi District & Sessions Court,Tanvi Shenoy,Siddharth Joshi,,,
Zero FIR,Non-Heinous,Under Investigation,Karnataka,Udupi,Udupi District & Sessions Court,Police Station,Udupi Town PS,KA60813,Rahul Joshi,Constable,SHO,1972-06-04,Female,A Negative,0,2005-03-04,870768089202400393,202400393,2022-03-06,"On 03-03-2022, a case of Theft was reported at Udupi Town PS, Udupi district.",2022-03-03T22:00:00,2022-03-04T06:00:00,2022-03-04T12:00:00,13.3869,74.8202,"Incident occurred near coordinates 13.3869, 74.8202 within jurisdiction of Udupi Town PS.",Property Crimes,Theft,IPC,Indian Penal Code,IPC,379,Punishment for theft,1,1,,,,,,,,,,0,Siddharth Joshi,55,Transgender,A2,,,,,,,,,,,,
FIR,Heinous,Under Investigation,Karnataka,Hubballi-Dharwad,Dharwad District & Sessions Court,Police Station,Dharwad Town PS,KA29690,Vikram Patil,Sub-Inspector,Station Writer,1973-01-24,Female,AB Positive,0,2002-06-06,136998797202300394,202300394,2025-04-04,"On 03-04-2025, a case of Theft was reported at Dharwad Town PS, Hubballi-Dharwad district.",2025-04-03T16:00:00,2025-04-03T21:00:00,2025-04-04T08:00:00,15.3179,75.1429,"Incident occurred near coordinates 15.3179, 75.1429 within jurisdiction of Dharwad Town PS.",Property Crimes,Theft,IPC,Indian Penal Code,IPC,379,Punishment for theft,1,1,Priya Shetty,35,Private Employee,Hindu,General,Male,Chirag Singh,58,Female,0,Dev Reddy,,Transgender,A1,1.0,2025-04-11T22:00:00,Karnataka,Hubballi-Dharwad,Dharwad Town PS,KA29690,Dharwad District & Sessions Court,Dev Reddy,Kavya Nair,,,
FIR,Non-Heinous,Under Investigation,Karnataka,Hubballi-Dharwad,Dharwad District & Sessions Court,Police Station,Dharwad Town PS,KA29690,Vikram Patil,Deputy Superintendent,Investigating Officer,1997-09-26,Female,A Positive,0,2016-06-18,136998797202300394,202300394,2025-04-04,"On 03-04-2025, a case of Theft was reported at Dharwad Town PS, Hubballi-Dharwad district.",2025-04-03T16:00:00,2025-04-03T21:00:00,2025-04-04T08:00:00,15.3179,75.1429,"Incident occurred near coordinates 15.3179, 75.1429 within jurisdiction of Dharwad Town PS.",Property Crimes,Theft,IPC,Indian Penal Code,IPC,379,Punishment for theft,1,1,,,,,,,,,,0,Kavya Nair,36,Female,A2,,,,,,,,,,,,
PAR,Heinous,Undetected,Karnataka,Belagavi,Belagavi District & Sessions Court,Police Station,Belagavi City PS,KA64067,Rahul Joshi,Sub-Inspector,SHO,1992-08-12,Female,AB Positive,1,2011-10-18,318987179202300395,202300395,2022-07-08,"On 02-07-2022, a case of Robbery was reported at Belagavi City PS, Belagavi district.",2022-07-02T20:00:00,2022-07-03T03:00:00,2022-07-03T10:00:00,15.8188,74.4338,"Incident occurred near coordinates 15.8188, 74.4338 within jurisdiction of Belagavi City PS.",Property Crimes,Robbery,IPC,Indian Penal Code,IPC,392,Punishment for robbery,1,1,Aarav Rao,70,Private Employee,Hindu,General,Female,Rajesh Kumar,10,Female,0,Isha Verma,,Male,A1,,,,,,,,,,,,
UDR,Non-Heinous,Report Beece (B-Report),Karnataka,Shivamogga,Shivamogga District & Sessions Court,Police Station,Shivamogga Town PS,KA71147,Sanjay Kamath,Constable,Investigating Officer,1983-10-06,Female,AB Negative,0,2020-04-08,239857672202300396,202300396,2022-04-02,"On 01-04-2022, a case of Dark Web Crime was reported at Shivamogga Town PS, Shivamogga district.",2022-04-01T09:00:00,2022-04-01T14:00:00,2022-04-01T17:00:00,13.8904,75.532,"Incident occurred near coordinates 13.8904, 75.532 within jurisdiction of Shivamogga Town PS.",Cyber Crime,Dark Web Crime,ITA,"Information Technology Act, 2000",IT Act,67,Publishing/transmitting obscene material electronically,1,1,Nikhil Sharma,45,Private Employee,Hindu,General,Female,Suresh Shenoy,59,Male,0,Kavya Singh,24,Male,A1,1.0,2022-04-09T21:00:00,Karnataka,Shivamogga,Shivamogga Town PS,KA71147,Shivamogga District & Sessions Court,Kavya Singh,Kiran Patil,,,
UDR,Heinous,Report Beece (B-Report),Karnataka,Shivamogga,Shivamogga District & Sessions Court,Police Station,Shivamogga Town PS,KA71147,Sanjay Kamath,Sub-Inspector,Station Writer,1988-11-03,Female,B Positive,0,2007-11-19,239857672202300396,202300396,2022-04-02,"On 01-04-2022, a case of Dark Web Crime was reported at Shivamogga Town PS, Shivamogga district.",2022-04-01T09:00:00,2022-04-01T14:00:00,2022-04-01T17:00:00,13.8904,75.532,"Incident occurred near coordinates 13.8904, 75.532 within jurisdiction of Shivamogga Town PS.",Cyber Crime,Dark Web Crime,ITA,"Information Technology Act, 2000",IT Act,67,Publishing/transmitting obscene material electronically,1,1,,,,,,,,,,0,Kiran Patil,,Male,A2,,,,,,,,,,,,
UDR,Heinous,Under Investigation,Karnataka,Belagavi,Belagavi District & Sessions Court,Police Station,Belagavi City PS,KA29607,Sanjay Hegde,Constable,SHO,1975-12-01,Female,A Positive,0,2008-02-03,237868721202500397,202500397,2022-12-18,"On 17-12-2022, a case of Grievous Hurt was reported at Belagavi City PS, Belagavi district.",2022-12-17T03:00:00,2022-12-17T11:00:00,2022-12-17T12:00:00,15.7897,74.4263,"Incident occurred near coordinates 15.7897, 74.4263 within jurisdiction of Belagavi City PS.",Crimes Against Body,Grievous Hurt,IPC,Indian Penal Code,IPC,325,Punishment for voluntarily causing grievous hurt,1,1,Chirag Nair,64,Private Employee,Hindu,General,Male,Divya Bhat,33,Female,0,Chirag Verma,,Transgender,A1,1.0,2022-12-25T11:00:00,Karnataka,Belagavi,Belagavi City PS,KA29607,Belagavi District & Sessions Court,Chirag Verma,,,,
UDR,Heinous,Report Beece (B-Report),Karnataka,Mangaluru,Dakshina Kannada District & Sessions Court,Police Station,Mangaluru Town PS,KA67584,Vikram Joshi,Deputy Superintendent,SHO,1982-10-04,Male,B Positive,0,2012-09-25,286474647202600398,202600398,2022-08-06,"On 31-07-2022, a case of Cyber Crime was reported at Mangaluru Town PS, Mangaluru district.",2022-07-31T12:00:00,2022-07-31T15:00:00,2022-08-01T04:00:00,12.9204,74.8583,"Incident occurred near coordinates 12.9204, 74.8583 within jurisdiction of Mangaluru Town PS.",Cyber Crime,Cyber Crime,ITA,"Information Technology Act, 2000",IT Act,66C,Identity theft using computer resource,1,1,Rahul Hegde,32,Private Employee,Hindu,General,Transgender,Kiran Sharma,28,Transgender,0,Divya Shetty,63,Female,A1,1.0,2022-08-13T00:00:00,Karnataka,Mangaluru,Mangaluru Town PS,KA67584,Dakshina Kannada District & Sessions Court,Divya Shetty,"Chirag Patil,Rajesh Naik",,,
UDR,Non-Heinous,Report Beece (B-Report),Karnataka,Mangaluru,Dakshina Kannada District & Sessions Court,Police Station,Mangaluru Town PS,KA67584,Vikram Joshi,Inspector,Investigating Officer,1988-07-06,Female,AB Negative,1,2020-04-26,286474647202600398,202600398,2022-08-06,"On 31-07-2022, a case of Cyber Crime was reported at Mangaluru Town PS, Mangaluru district.",2022-07-31T12:00:00,2022-07-31T15:00:00,2022-08-01T04:00:00,12.9204,74.8583,"Incident occurred near coordinates 12.9204, 74.8583 within jurisdiction of Mangaluru Town PS.",Cyber Crime,Cyber Crime,ITA,"Information Technology Act, 2000",IT Act,66C,Identity theft using computer resource,1,1,,,,,,,,,,0,Chirag Patil,24,Female,A2,,,,,,,,,,,,
UDR,Heinous,Report Beece (B-Report),Karnataka,Mangaluru,Dakshina Kannada District & Sessions Court,Police Station,Mangaluru Town PS,KA67584,Vikram Joshi,Inspector,Circle Inspector,1982-03-19,Female,A Negative,0,2002-05-25,286474647202600398,202600398,2022-08-06,"On 31-07-2022, a case of Cyber Crime was reported at Mangaluru Town PS, Mangaluru district.",2022-07-31T12:00:00,2022-07-31T15:00:00,2022-08-01T04:00:00,12.9204,74.8583,"Incident occurred near coordinates 12.9204, 74.8583 within jurisdiction of Mangaluru Town PS.",Cyber Crime,Cyber Crime,ITA,"Information Technology Act, 2000",IT Act,66C,Identity theft using computer resource,1,1,,,,,,,,,,0,Rajesh Naik,48,Male,A3,,,,,,,,,,,,
FIR,Non-Heinous,Chargesheet Filed,Karnataka,Tumakuru,Tumakuru District & Sessions Court,Police Station,Tumakuru Town PS,KA89861,Abhishek Naik,Deputy Superintendent,Station Writer,1981-12-18,Female,AB Positive,1,2006-06-12,155733680202300399,202300399,2022-06-01,"On 26-05-2022, a case of Robbery was reported at Tumakuru Town PS, Tumakuru district.",2022-05-26T22:00:00,2022-05-27T05:00:00,2022-05-27T03:00:00,13.3538,77.0338,"Incident occurred near coordinates 13.3538, 77.0338 within jurisdiction of Tumakuru Town PS.",Property Crimes,Robbery,IPC,Indian Penal Code,IPC,392,Punishment for robbery,1,1,Anil Deshmukh,72,Private Employee,Hindu,General,Female,Kavya Hegde,27,Transgender,0,Esha Reddy,29,Female,A1,1.0,2022-06-08T04:00:00,Karnataka,Tumakuru,Tumakuru Town PS,KA89861,Tumakuru District & Sessions Court,Esha Reddy,Divya Shenoy,2022-07-11T04:00:00,C,KA89861
FIR,Non-Heinous,Chargesheet Filed,Karnataka,Tumakuru,Tumakuru District & Sessions Court,Police Station,Tumakuru Town PS,KA89861,Abhishek Naik,Deputy Superintendent,Circle Inspector,1989-10-03,Male,B Positive,0,2001-06-16,155733680202300399,202300399,2022-06-01,"On 26-05-2022, a case of Robbery was reported at Tumakuru Town PS, Tumakuru district.",2022-05-26T22:00:00,2022-05-27T05:00:00,2022-05-27T03:00:00,13.3538,77.0338,"Incident occurred near coordinates 13.3538, 77.0338 within jurisdiction of Tumakuru Town PS.",Property Crimes,Robbery,IPC,Indian Penal Code,IPC,392,Punishment for robbery,1,1,,,,,,,,,,0,Divya Shenoy,50,Male,A2,,,,,,,,,,,,
UDR,Heinous,Chargesheet Filed,Karnataka,Kolar,Kolar District & Sessions Court,Police Station,Kolar Town PS,KA24928,Manish Kumar,Constable,Investigating Officer,1974-01-10,Female,A Negative,1,2014-03-03,218742204202300400,202300400,2023-10-14,"On 09-10-2023, a case of Dark Web Crime was reported at Kolar Town PS, Kolar district.",2023-10-09T14:00:00,2023-10-09T18:00:00,2023-10-10T13:00:00,13.1148,78.1116,"Incident occurred near coordinates 13.1148, 78.1116 within jurisdiction of Kolar Town PS.",Cyber Crime,Dark Web Crime,ITA,"Information Technology Act, 2000",IT Act,67,Publishing/transmitting obscene material electronically,1,1,Abhishek Nair,47,Private Employee,Hindu,General,Transgender,Isha Deshmukh,58,Male,0,Deepak Shenoy,,Male,A1,1.0,2023-10-21T16:00:00,Karnataka,Kolar,Kolar Town PS,KA24928,Kolar District & Sessions Court,Deepak Shenoy,,2023-12-08T16:00:00,A,KA24928
FIR,Heinous,Undetected,Karnataka,Bagalkote,Bagalkote District & Sessions Court,Police Station,Bagalkote Town PS,KA62252,Chirag Singh,Inspector,Circle Inspector,1990-02-23,Male,A Negative,0,2011-03-27,191358314202500401,202500401,2022-07-06,"On 04-07-2022, a case of Cheating was reported at Bagalkote Town PS, Bagalkote district.",2022-07-04T05:00:00,2022-07-04T07:00:00,2022-07-04T16:00:00,16.2426,75.6442,"Incident occurred near coordinates 16.2426, 75.6442 within jurisdiction of Bagalkote Town PS.",Financial Crime,Cheating,IPC,Indian Penal Code,IPC,420,Cheating and dishonestly inducing delivery of property,1,1,Kiran Kumar,43,Private Employee,Hindu,General,Male,Hari Pai,20,Female,0,Pooja Verma,,Female,A1,,,,,,,,,,,,
Zero FIR,Heinous,Report Beece (B-Report),Karnataka,Bagalkote,Bagalkote District & Sessions Court,Police Station,Bagalkote Town PS,KA97361,Dev Patil,Constable,Investigating Officer,1992-10-15,Male,A Negative,0,2018-06-17,853726251202200402,202200402,2024-08-23,"On 19-08-2024, a case of Cryptocurrency Crime was reported at Bagalkote Town PS, Bagalkote district.",2024-08-19T11:00:00,2024-08-19T18:00:00,2024-08-19T18:00:00,16.2049,75.6625,"Incident occurred near coordinates 16.2049, 75.6625 within jurisdiction of Bagalkote Town PS.",Cyber Crime,Cryptocurrency Crime,ITA,"Information Technology Act, 2000",IT Act,66D,Cheating by personation using a computer resource,1,1,Rahul Gowda,24,Private Employee,Hindu,General,Male,Priya Kamath,37,Transgender,0,Abhishek Patil,23,Male,A1,1.0,2024-08-30T13:00:00,Karnataka,Bagalkote,Bagalkote Town PS,KA97361,Bagalkote District & Sessions Court,Abhishek Patil,,,,
UDR,Non-Heinous,Under Investigation,Karnataka,Shivamogga,Shivamogga District & Sessions Court,Police Station,Shivamogga Town PS,KA73130,Nikhil Bhat,Head Constable,Circle Inspector,1976-03-23,Male,AB Negative,0,2008-06-07,239629519202200403,202200403,2023-05-26,"On 21-05-2023, a case of Dark Web Crime was reported at Shivamogga Town PS, Shivamogga district.",2023-05-21T20:00:00,2023-05-22T01:00:00,2023-05-21T22:00:00,13.935,75.548,"Incident occurred near coordinates 13.935, 75.548 within jurisdiction of Shivamogga Town PS.",Cyber Crime,Dark Web Crime,ITA,"Information Technology Act, 2000",IT Act,67,Publishing/transmitting obscene material electronically,1,1,Dev Deshmukh,74,Private Employee,Hindu,General,Female,Chirag Patil,50,Female,0,Priya Kumar,73,Male,A1,1.0,2023-06-02T02:00:00,Karnataka,Shivamogga,Shivamogga Town PS,KA73130,Shivamogga District & Sessions Court,Priya Kumar,,,,
FIR,Heinous,Chargesheet Filed,Karnataka,Chikkamagaluru,Chikkamagaluru District & Sessions Court,Police Station,Chikkamagaluru PS,KA29635,Sanjay Shenoy,Head Constable,SHO,1979-04-05,Female,O Negative,1,2015-02-25,130516907202400404,202400404,2022-05-21,"On 19-05-2022, a case of Robbery was reported at Chikkamagaluru PS, Chikkamagaluru district.",2022-05-19T05:00:00,2022-05-19T10:00:00,2022-05-19T09:00:00,13.2728,75.7777,"Incident occurred near coordinates 13.2728, 75.7777 within jurisdiction of Chikkamagaluru PS.",Property Crimes,Robbery,IPC,Indian Penal Code,IPC,392,Punishment for robbery,1,1,Rahul Gowda,48,Private Employee,Hindu,General,Male,Kiran Shenoy,43,Female,0,Manish Hegde,,Male,A1,1.0,2022-05-28T16:00:00,Karnataka,Chikkamagaluru,Chikkamagaluru PS,KA29635,Chikkamagaluru District & Sessions Court,Manish Hegde,,2022-07-06T16:00:00,A,KA29635
FIR,Non-Heinous,Chargesheet Filed,Karnataka,Davangere,Davangere District & Sessions Court,Police Station,Davangere Extension PS,KA93751,Esha Hegde,Deputy Superintendent,SHO,1988-04-10,Female,B Negative,0,2012-08-20,156795832202500405,202500405,2023-12-20,"On 17-12-2023, a case of Robbery was reported at Davangere Extension PS, Davangere district.",2023-12-17T22:00:00,2023-12-18T02:00:00,2023-12-18T16:00:00,14.4108,75.9964,"Incident occurred near coordinates 14.4108, 75.9964 within jurisdiction of Davangere Extension PS.",Property Crimes,Robbery,IPC,Indian Penal Code,IPC,392,Punishment for robbery,1,1,Isha Singh,37,Private Employee,Hindu,General,Transgender,Kavya Das,65,Male,0,Ananya Gowda,,Transgender,A1,1.0,2023-12-27T23:00:00,Karnataka,Davangere,Davangere Extension PS,KA93751,Davangere District & Sessions Court,Ananya Gowda,,2024-02-17T23:00:00,A,KA93751
UDR,Non-Heinous,Chargesheet Filed,Karnataka,Ballari,Ballari District & Sessions Court,Police Station,Ballari City PS,KA66914,Siddharth Shenoy,Sub-Inspector,SHO,1970-01-11,Female,AB Positive,0,2008-01-10,234938329202400406,202400406,2023-02-07,"On 05-02-2023, a case of Murder was reported at Ballari City PS, Ballari district.",2023-02-05T11:00:00,2023-02-05T15:00:00,2023-02-06T02:00:00,15.1655,76.9356,"Incident occurred near coordinates 15.1655, 76.9356 within jurisdiction of Ballari City PS.",Crimes Against Body,Murder,IPC,Indian Penal Code,IPC,302,Punishment for murder,1,1,Priya Deshmukh,62,Private Employee,Hindu,General,Transgender,Sunil Nair,39,Male,0,Kiran Kulkarni,45,Female,A1,1.0,2023-02-14T19:00:00,Karnataka,Ballari,Ballari City PS,KA66914,Ballari District & Sessions Court,Kiran Kulkarni,"Nikhil Hegde,Dev Singh",2023-02-26T19:00:00,B,KA66914
UDR,Non-Heinous,Chargesheet Filed,Karnataka,Ballari,Ballari District & Sessions Court,Police Station,Ballari City PS,KA66914,Siddharth Shenoy,Sub-Inspector,Circle Inspector,1984-05-12,Male,O Positive,0,2020-04-28,234938329202400406,202400406,2023-02-07,"On 05-02-2023, a case of Murder was reported at Ballari City PS, Ballari district.",2023-02-05T11:00:00,2023-02-05T15:00:00,2023-02-06T02:00:00,15.1655,76.9356,"Incident occurred near coordinates 15.1655, 76.9356 within jurisdiction of Ballari City PS.",Crimes Against Body,Murder,IPC,Indian Penal Code,IPC,302,Punishment for murder,1,1,,,,,,,,,,0,Nikhil Hegde,74,Transgender,A2,,,,,,,,,,,,
UDR,Heinous,Chargesheet Filed,Karnataka,Ballari,Ballari District & Sessions Court,Police Station,Ballari City PS,KA66914,Siddharth Shenoy,Constable,SHO,1985-01-28,Female,B Positive,0,2000-06-16,234938329202400406,202400406,2023-02-07,"On 05-02-2023, a case of Murder was reported at Ballari City PS, Ballari district.",2023-02-05T11:00:00,2023-02-05T15:00:00,2023-02-06T02:00:00,15.1655,76.9356,"Incident occurred near coordinates 15.1655, 76.9356 within jurisdiction of Ballari City PS.",Crimes Against Body,Murder,IPC,Indian Penal Code,IPC,302,Punishment for murder,1,1,,,,,,,,,,0,Dev Singh,,Transgender,A3,,,,,,,,,,,,
Zero FIR,Heinous,Under Investigation,Karnataka,Hassan,Hassan District & Sessions Court,Police Station,Hassan Town PS,KA30892,Deepak Reddy,Constable,Station Writer,1992-01-06,Female,AB Positive,0,2015-07-22,814962160202600407,202600407,2022-08-19,"On 18-08-2022, a case of Money Laundering was reported at Hassan Town PS, Hassan district.",2022-08-18T22:00:00,2022-08-19T06:00:00,2022-08-19T12:00:00,12.9659,76.0911,"Incident occurred near coordinates 12.9659, 76.0911 within jurisdiction of Hassan Town PS.",Financial Crime,Money Laundering,PMLA,"Prevention of Money Laundering Act, 2002",PMLA,3,Offence of money laundering,1,1,Ananya Bhat,77,Private Employee,Hindu,General,Female,Abhishek Hegde,49,Female,0,Rajesh Nair,62,Female,A1,1.0,2022-08-26T23:00:00,Karnataka,Hassan,Hassan Town PS,KA30892,Hassan District & Sessions Court,Rajesh Nair,,,,
Zero FIR,Non-Heinous,Under Investigation,Karnataka,Vijayapura,Vijayapura District & Sessions Court,Police Station,Vijayapura Town PS,KA11376,Isha Sharma,Deputy Superintendent,SHO,1973-02-19,Male,AB Positive,0,2005-03-19,873693595202200408,202200408,2022-10-15,"On 09-10-2022, a case of Cheating was reported at Vijayapura Town PS, Vijayapura district.",2022-10-09T17:00:00,2022-10-09T20:00:00,2022-10-10T12:00:00,16.8726,75.757,"Incident occurred near coordinates 16.8726, 75.757 within jurisdiction of Vijayapura Town PS.",Financial Crime,Cheating,IPC,Indian Penal Code,IPC,420,Cheating and dishonestly inducing delivery of property,1,1,Siddharth Kamath,59,Private Employee,Hindu,General,Male,Siddharth Pai,69,Transgender,0,Kavya Deshmukh,,Male,A1,1.0,2022-10-22T00:00:00,Karnataka,Vijayapura,Vijayapura Town PS,KA11376,Vijayapura District & Sessions Court,Kavya Deshmukh,Siddharth Sharma,,,
Zero FIR,Heinous,Under Investigation,Karnataka,Vijayapura,Vijayapura District & Sessions Court,Police Station,Vijayapura Town PS,KA11376,Isha Sharma,Sub-Inspector,Investigating Officer,1993-03-24,Male,AB Positive,0,2014-01-02,873693595202200408,202200408,2022-10-15,"On 09-10-2022, a case of Cheating was reported at Vijayapura Town PS, Vijayapura district.",2022-10-09T17:00:00,2022-10-09T20:00:00,2022-10-10T12:00:00,16.8726,75.757,"Incident occurred near coordinates 16.8726, 75.757 within jurisdiction of Vijayapura Town PS.",Financial Crime,Cheating,IPC,Indian Penal Code,IPC,420,Cheating and dishonestly inducing delivery of property,1,1,,,,,,,,,,0,Siddharth Sharma,55,Male,A2,,,,,,,,,,,,
UDR,Non-Heinous,Report Beece (B-Report),Karnataka,Kalaburagi,Kalaburagi District & Sessions Court,Police Station,Kalaburagi City PS,KA13354,Suresh Naik,Head Constable,Investigating Officer,1982-10-17,Male,A Positive,1,2000-11-03,215561694202200409,202200409,2024-11-29,"On 24-11-2024, a case of Murder was reported at Kalaburagi City PS, Kalaburagi district.",2024-11-24T18:00:00,2024-11-25T01:00:00,2024-11-25T04:00:00,17.3473,76.8793,"Incident occurred near coordinates 17.3473, 76.8793 within jurisdiction of Kalaburagi City PS.",Crimes Against Body,Murder,IPC,Indian Penal Code,IPC,302,Punishment for murder,1,1,Rajesh Shenoy,37,Private Employee,Hindu,General,Female,Priya Pai,46,Male,0,Dev Nair,47,Male,A1,1.0,2024-12-06T23:00:00,Karnataka,Kalaburagi,Kalaburagi City PS,KA13354,Kalaburagi District & Sessions Court,Dev Nair,,,,
Zero FIR,Heinous,Undetected,Karnataka,Tumakuru,Tumakuru District & Sessions Court,Police Station,Tumakuru Town PS,KA24016,Hari Sharma,Deputy Superintendent,Investigating Officer,1994-03-10,Male,B Negative,1,2008-12-11,822986307202400410,202400410,2023-12-26,"On 21-12-2023, a case of Drug Offence was reported at Tumakuru Town PS, Tumakuru district.",2023-12-21T16:00:00,2023-12-21T19:00:00,2023-12-22T04:00:00,13.3023,77.0962,"Incident occurred near coordinates 13.3023, 77.0962 within jurisdiction of Tumakuru Town PS.",Narcotics,Drug Offence,NDPS,"Narcotic Drugs and Psychotropic Substances Act, 1985",NDPS,20,Punishment for cannabis-related offences,1,1,Rajesh Kamath,23,Private Employee,Hindu,General,Transgender,Sanjay Kumar,46,Male,0,Sunil Bhat,62,Male,A1,,,,,,,,,,,,
FIR,Non-Heinous,Undetected,Karnataka,Bengaluru Rural,Bengaluru Rural District & Sessions Court,Police Station,Bengaluru Rural PS,KA14503,Aarav Hegde,Deputy Superintendent,SHO,1996-04-09,Male,O Positive,0,2016-11-25,193595317202500411,202500411,2022-09-13,"On 08-09-2022, a case of Cyber Crime was reported at Bengaluru Rural PS, Bengaluru Rural district.",2022-09-08T04:00:00,2022-09-08T09:00:00,2022-09-08T13:00:00,13.3057,77.5526,"Incident occurred near coordinates 13.3057, 77.5526 within jurisdiction of Bengaluru Rural PS.",Cyber Crime,Cyber Crime,ITA,"Information Technology Act, 2000",IT Act,66C,Identity theft using computer resource,1,1,Priya Shenoy,75,Private Employee,Hindu,General,Male,Bhavya Hegde,41,Female,0,Manish Rao,70,Female,A1,,,,,,,,,,,,
Zero FIR,Non-Heinous,Under Investigation,Karnataka,Ramanagara,Ramanagara District & Sessions Court,Police Station,Ramanagara Town PS,KA84127,Tanvi Hegde,Inspector,Circle Inspector,1989-01-03,Male,B Negative,0,2017-02-06,820945696202500412,202500412,2022-08-22,"On 20-08-2022, a case of Money Laundering was reported at Ramanagara Town PS, Ramanagara district.",2022-08-20T11:00:00,2022-08-20T16:00:00,2022-08-21T11:00:00,12.6465,77.2308,"Incident occurred near coordinates 12.6465, 77.2308 within jurisdiction of Ramanagara Town PS.",Financial Crime,Money Laundering,PMLA,"Prevention of Money Laundering Act, 2002",PMLA,3,Offence of money laundering,1,1,Deepak Kumar,23,Private Employee,Hindu,General,Female,Abhishek Das,65,Female,0,Chirag Kamath,,Female,A1,1.0,2022-08-29T16:00:00,Karnataka,Ramanagara,Ramanagara Town PS,KA84127,Ramanagara District & Sessions Court,Chirag Kamath,Rajesh Hegde,,,
Zero FIR,Non-Heinous,Under Investigation,Karnataka,Ramanagara,Ramanagara District & Sessions Court,Police Station,Ramanagara Town PS,KA84127,Tanvi Hegde,Constable,Investigating Officer,1994-04-04,Female,B Positive,0,2005-05-13,820945696202500412,202500412,2022-08-22,"On 20-08-2022, a case of Money Laundering was reported at Ramanagara Town PS, Ramanagara district.",2022-08-20T11:00:00,2022-08-20T16:00:00,2022-08-21T11:00:00,12.6465,77.2308,"Incident occurred near coordinates 12.6465, 77.2308 within jurisdiction of Ramanagara Town PS.",Financial Crime,Money Laundering,PMLA,"Prevention of Money Laundering Act, 2002",PMLA,3,Offence of money laundering,1,1,,,,,,,,,,0,Rajesh Hegde,56,Transgender,A2,,,,,,,,,,,,
PAR,Heinous,Undetected,Karnataka,Bengaluru Urban,"Principal City Civil & Sessions Court, Bengaluru",Police Station,Bengaluru City PS,KA42118,Vikram Hegde,Sub-Inspector,Investigating Officer,1982-10-01,Male,A Positive,0,2008-05-03,396309657202600413,202600413,2022-08-15,"On 10-08-2022, a case of Grievous Hurt was reported at Bengaluru City PS, Bengaluru Urban district.",2022-08-10T22:00:00,2022-08-11T06:00:00,2022-08-11T04:00:00,12.9063,77.5641,"Incident occurred near coordinates 12.9063, 77.5641 within jurisdiction of Bengaluru City PS.",Crimes Against Body,Grievous Hurt,IPC,Indian Penal Code,IPC,325,Punishment for voluntarily causing grievous hurt,1,1,Sanjay Nair,25,Private Employee,Hindu,General,Transgender,Pooja Das,63,Female,0,Aarav Shenoy,,Male,A1,,,,,,,,,,,,
PAR,Heinous,Undetected,Karnataka,Bengaluru Urban,"Principal City Civil & Sessions Court, Bengaluru",Police Station,Bengaluru City PS,KA42118,Vikram Hegde,Head Constable,SHO,1972-03-27,Female,O Positive,0,2020-04-27,396309657202600413,202600413,2022-08-15,"On 10-08-2022, a case of Grievous Hurt was reported at Bengaluru City PS, Bengaluru Urban district.",2022-08-10T22:00:00,2022-08-11T06:00:00,2022-08-11T04:00:00,12.9063,77.5641,"Incident occurred near coordinates 12.9063, 77.5641 within jurisdiction of Bengaluru City PS.",Crimes Against Body,Grievous Hurt,IPC,Indian Penal Code,IPC,325,Punishment for voluntarily causing grievous hurt,1,1,,,,,,,,,,0,Kiran Singh,,Transgender,A2,,,,,,,,,,,,
UDR,Heinous,Under Investigation,Karnataka,Ramanagara,Ramanagara District & Sessions Court,Police Station,Ramanagara Town PS,KA60784,Hari Kumar,Sub-Inspector,SHO,1987-08-09,Male,O Positive,0,2001-10-19,220327739202300414,202300414,2023-05-25,"On 19-05-2023, a case of Drug Offence was reported at Ramanagara Town PS, Ramanagara district.",2023-05-19T21:00:00,2023-05-20T00:00:00,2023-05-20T01:00:00,12.664,77.3517,"Incident occurred near coordinates 12.664, 77.3517 within jurisdiction of Ramanagara Town PS.",Narcotics,Drug Offence,NDPS,"Narcotic Drugs and Psychotropic Substances Act, 1985",NDPS,20,Punishment for cannabis-related offences,1,1,Dev Sharma,34,Private Employee,Hindu,General,Female,Rajesh Shenoy,47,Male,0,Priya Nair,70,Female,A1,1.0,2023-06-01T06:00:00,Karnataka,Ramanagara,Ramanagara Town PS,KA60784,Ramanagara District & Sessions Court,Priya Nair,,,,
Zero FIR,Non-Heinous,Chargesheet Filed,Karnataka,Bagalkote,Bagalkote District & Sessions Court,Police Station,Bagalkote Town PS,KA16610,Anil Nair,Sub-Inspector,SHO,1984-01-18,Male,AB Positive,0,2010-09-26,823194072202200415,202200415,2023-09-15,"On 14-09-2023, a case of Burglary was reported at Bagalkote Town PS, Bagalkote district.",2023-09-14T20:00:00,2023-09-15T00:00:00,2023-09-14T22:00:00,16.1253,75.7448,"Incident occurred near coordinates 16.1253, 75.7448 within jurisdiction of Bagalkote Town PS.",Property Crimes,Burglary,IPC,Indian Penal Code,IPC,457,Lurking house-trespass or house-breaking by night,1,1,Gautam Verma,80,Private Employee,Hindu,General,Female,Sunil Shetty,53,Transgender,0,Gautam Reddy,,Male,A1,1.0,2023-09-22T21:00:00,Karnataka,Bagalkote,Bagalkote Town PS,KA16610,Bagalkote District & Sessions Court,Gautam Reddy,,2023-10-18T21:00:00,C,KA16610
FIR,Heinous,Undetected,Karnataka,Chikkamagaluru,Chikkamagaluru District & Sessions Court,Police Station,Chikkamagaluru PS,KA19429,Rajesh Sharma,Sub-Inspector,Investigating Officer,1996-06-22,Male,O Positive,0,2013-07-08,133718827202500416,202500416,2022-06-24,"On 23-06-2022, a case of Cyber Crime was reported at Chikkamagaluru PS, Chikkamagaluru district.",2022-06-23T03:00:00,2022-06-23T04:00:00,2022-06-23T18:00:00,13.3569,75.7629,"Incident occurred near coordinates 13.3569, 75.7629 within jurisdiction of Chikkamagaluru PS.",Cyber Crime,Cyber Crime,ITA,"Information Technology Act, 2000",IT Act,66C,Identity theft using computer resource,1,1,Kavya Kumar,46,Private Employee,Hindu,General,Female,Deepak Hegde,17,Male,0,Sunil Kamath,,Male,A1,,,,,,,,,,,,
Zero FIR,Heinous,Chargesheet Filed,Karnataka,Bengaluru Rural,Bengaluru Rural District & Sessions Court,Police Station,Bengaluru Rural PS,KA36073,Aarav Bhat,Deputy Superintendent,Station Writer,1986-06-26,Male,B Negative,1,2014-03-20,839479822202300417,202300417,2024-01-14,"On 09-01-2024, a case of Dark Web Crime was reported at Bengaluru Rural PS, Bengaluru Rural district.",2024-01-09T00:00:00,2024-01-09T03:00:00,2024-01-09T11:00:00,13.2934,77.4739,"Incident occurred near coordinates 13.2934, 77.4739 within jurisdiction of Bengaluru Rural PS.",Cyber Crime,Dark Web Crime,ITA,"Information Technology Act, 2000",IT Act,67,Publishing/transmitting obscene material electronically,1,1,Nikhil Naik,74,Private Employee,Hindu,General,Male,Rahul Shetty,33,Male,0,Sanjay Hegde,65,Female,A1,1.0,2024-01-21T05:00:00,Karnataka,Bengaluru Rural,Bengaluru Rural PS,KA36073,Bengaluru Rural District & Sessions Court,Sanjay Hegde,,2024-03-08T05:00:00,A,KA36073
UDR,Heinous,Under Investigation,Karnataka,Hassan,Hassan District & Sessions Court,Police Station,Hassan Town PS,KA73532,Deepak Hegde,Sub-Inspector,SHO,1989-01-02,Female,B Negative,0,2011-11-19,217677932202500418,202500418,2024-09-11,"On 06-09-2024, a case of Murder was reported at Hassan Town PS, Hassan district.",2024-09-06T04:00:00,2024-09-06T10:00:00,2024-09-06T17:00:00,13.0095,76.0697,"Incident occurred near coordinates 13.0095, 76.0697 within jurisdiction of Hassan Town PS.",Crimes Against Body,Murder,IPC,Indian Penal Code,IPC,302,Punishment for murder,1,1,Dev Nair,27,Private Employee,Hindu,General,Male,Siddharth Pai,52,Male,0,Bhavya Reddy,,Female,A1,1.0,2024-09-18T08:00:00,Karnataka,Hassan,Hassan Town PS,KA73532,Hassan District & Sessions Court,Bhavya Reddy,,,,
UDR,Non-Heinous,Undetected,Karnataka,Tumakuru,Tumakuru District & Sessions Court,Police Station,Tumakuru Town PS,KA10390,Esha Shenoy,Inspector,Investigating Officer,1970-12-23,Male,B Negative,0,2017-09-12,219028245202400419,202400419,2023-01-07,"On 04-01-2023, a case of Cyber Crime was reported at Tumakuru Town PS, Tumakuru district.",2023-01-04T08:00:00,2023-01-04T14:00:00,2023-01-04T11:00:00,13.3854,77.0721,"Incident occurred near coordinates 13.3854, 77.0721 within jurisdiction of Tumakuru Town PS.",Cyber Crime,Cyber Crime,ITA,"Information Technology Act, 2000",IT Act,66C,Identity theft using computer resource,1,1,Hari Shenoy,21,Private Employee,Hindu,General,Female,Aarav Bhat,75,Female,0,Chirag Shetty,,Female,A1,,,,,,,,,,,,
UDR,Non-Heinous,Undetected,Karnataka,Mysuru,Mysuru District & Sessions Court,Police Station,Saraswathipuram PS,KA49148,Rajesh Kulkarni,Deputy Superintendent,Circle Inspector,1997-07-11,Male,O Positive,0,2003-08-05,272199601202200420,202200420,2025-09-09,"On 08-09-2025, a case of Robbery was reported at Saraswathipuram PS, Mysuru district.",2025-09-08T15:00:00,2025-09-08T20:00:00,2025-09-09T14:00:00,12.3083,76.6041,"Incident occurred near coordinates 12.3083, 76.6041 within jurisdiction of Saraswathipuram PS.",Property Crimes,Robbery,IPC,Indian Penal Code,IPC,392,Punishment for robbery,1,1,Divya Kulkarni,61,Private Employee,Hindu,General,Male,Ananya Naik,45,Female,0,Ananya Sharma,,Transgender,A1,,,,,,,,,,,,
UDR,Heinous,Under Investigation,Karnataka,Belagavi,Belagavi District & Sessions Court,Police Station,Belagavi City PS,KA65351,Sunil Verma,Sub-Inspector,SHO,1972-01-16,Male,A Negative,0,2014-01-01,282701088202400421,202400421,2025-07-27,"On 26-07-2025, a case of Robbery was reported at Belagavi City PS, Belagavi district.",2025-07-26T07:00:00,2025-07-26T14:00:00,2025-07-27T05:00:00,15.8111,74.5099,"Incident occurred near coordinates 15.8111, 74.5099 within jurisdiction of Belagavi City PS.",Property Crimes,Robbery,IPC,Indian Penal Code,IPC,392,Punishment for robbery,1,1,Sanjay Gowda,27,Private Employee,Hindu,General,Transgender,Anil Verma,62,Female,0,Esha Singh,26,Male,A1,1.0,2025-08-03T10:00:00,Karnataka,Belagavi,Belagavi City PS,KA65351,Belagavi District & Sessions Court,Esha Singh,Divya Kulkarni,,,
UDR,Heinous,Under Investigation,Karnataka,Belagavi,Belagavi District & Sessions Court,Police Station,Belagavi City PS,KA65351,Sunil Verma,Constable,Station Writer,1992-08-22,Male,O Positive,0,2010-11-02,282701088202400421,202400421,2025-07-27,"On 26-07-2025, a case of Robbery was reported at Belagavi City PS, Belagavi district.",2025-07-26T07:00:00,2025-07-26T14:00:00,2025-07-27T05:00:00,15.8111,74.5099,"Incident occurred near coordinates 15.8111, 74.5099 within jurisdiction of Belagavi City PS.",Property Crimes,Robbery,IPC,Indian Penal Code,IPC,392,Punishment for robbery,1,1,,,,,,,,,,0,Divya Kulkarni,36,Female,A2,,,,,,,,,,,,
FIR,Non-Heinous,Undetected,Karnataka,Bengaluru Urban,"Principal City Civil & Sessions Court, Bengaluru",Police Station,Bengaluru City PS,KA12189,Siddharth Sharma,Deputy Superintendent,Investigating Officer,1975-09-21,Female,A Negative,0,2004-04-15,197487889202600422,202600422,2023-12-20,"On 18-12-2023, a case of Cryptocurrency Crime was reported at Bengaluru City PS, Bengaluru Urban district.",2023-12-18T15:00:00,2023-12-18T16:00:00,2023-12-19T01:00:00,12.9948,77.6636,"Incident occurred near coordinates 12.9948, 77.6636 within jurisdiction of Bengaluru City PS.",Cyber Crime,Cryptocurrency Crime,ITA,"Information Technology Act, 2000",IT Act,66D,Cheating by personation using a computer resource,1,1,Abhishek Kumar,29,Private Employee,Hindu,General,Male,Hari Gowda,61,Male,0,Isha Shetty,75,Transgender,A1,,,,,,,,,,,,
FIR,Heinous,Undetected,Karnataka,Vijayapura,Vijayapura District & Sessions Court,Police Station,Vijayapura Town PS,KA44387,Suresh Joshi,Inspector,Circle Inspector,1973-06-09,Female,AB Negative,0,2015-03-20,185048820202200423,202200423,2022-11-02,"On 01-11-2022, a case of Murder was reported at Vijayapura Town PS, Vijayapura district.",2022-11-01T10:00:00,2022-11-01T12:00:00,2022-11-01T18:00:00,16.7531,75.749,"Incident occurred near coordinates 16.7531, 75.749 within jurisdiction of Vijayapura Town PS.",Crimes Against Body,Murder,IPC,Indian Penal Code,IPC,302,Punishment for murder,1,1,Farhan Shenoy,61,Private Employee,Hindu,General,Male,Priya Shenoy,61,Transgender,0,Nikhil Pai,53,Female,A1,,,,,,,,,,,,
FIR,Non-Heinous,Undetected,Karnataka,Vijayapura,Vijayapura District & Sessions Court,Police Station,Vijayapura Town PS,KA44387,Suresh Joshi,Head Constable,Circle Inspector,1995-01-11,Male,A Positive,0,2008-04-04,185048820202200423,202200423,2022-11-02,"On 01-11-2022, a case of Murder was reported at Vijayapura Town PS, Vijayapura district.",2022-11-01T10:00:00,2022-11-01T12:00:00,2022-11-01T18:00:00,16.7531,75.749,"Incident occurred near coordinates 16.7531, 75.749 within jurisdiction of Vijayapura Town PS.",Crimes Against Body,Murder,IPC,Indian Penal Code,IPC,302,Punishment for murder,1,1,,,,,,,,,,0,Deepak Nair,,Male,A2,,,,,,,,,,,,
UDR,Non-Heinous,Undetected,Karnataka,Udupi,Udupi District & Sessions Court,Police Station,Udupi Town PS,KA20397,Deepak Pai,Inspector,SHO,1987-07-18,Female,B Positive,0,2018-10-04,278399194202200424,202200424,2023-03-10,"On 06-03-2023, a case of Cheating was reported at Udupi Town PS, Udupi district.",2023-03-06T00:00:00,2023-03-06T07:00:00,2023-03-06T05:00:00,13.2905,74.7662,"Incident occurred near coordinates 13.2905, 74.7662 within jurisdiction of Udupi Town PS.",Financial Crime,Cheating,IPC,Indian Penal Code,IPC,420,Cheating and dishonestly inducing delivery of property,1,1,Priya Sharma,30,Private Employee,Hindu,General,Male,Deepak Shetty,58,Female,0,Nikhil Kamath,20,Female,A1,,,,,,,,,,,,
UDR,Heinous,Undetected,Karnataka,Udupi,Udupi District & Sessions Court,Police Station,Udupi Town PS,KA20397,Deepak Pai,Deputy Superintendent,SHO,1996-10-04,Female,O Negative,0,2000-06-25,278399194202200424,202200424,2023-03-10,"On 06-03-2023, a case of Cheating was reported at Udupi Town PS, Udupi district.",2023-03-06T00:00:00,2023-03-06T07:00:00,2023-03-06T05:00:00,13.2905,74.7662,"Incident occurred near coordinates 13.2905, 74.7662 within jurisdiction of Udupi Town PS.",Financial Crime,Cheating,IPC,Indian Penal Code,IPC,420,Cheating and dishonestly inducing delivery of property,1,1,,,,,,,,,,0,Dev Singh,,Transgender,A2,,,,,,,,,,,,
Zero FIR,Heinous,Undetected,Karnataka,Bidar,Bidar District & Sessions Court,Police Station,Bidar Town PS,KA32492,Meena Shetty,Deputy Superintendent,Investigating Officer,1973-04-03,Female,B Negative,0,2008-03-05,879041189202200425,202200425,2023-02-05,"On 01-02-2023, a case of Drug Offence was reported at Bidar Town PS, Bidar district.",2023-02-01T12:00:00,2023-02-01T18:00:00,2023-02-02T08:00:00,17.9293,77.5869,"Incident occurred near coordinates 17.9293, 77.5869 within jurisdiction of Bidar Town PS.",Narcotics,Drug Offence,NDPS,"Narcotic Drugs and Psychotropic Substances Act, 1985",NDPS,20,Punishment for cannabis-related offences,1,1,Chirag Pai,62,Private Employee,Hindu,General,Male,Bhavya Bhat,62,Male,0,Farhan Shenoy,64,Female,A1,,,,,,,,,,,,
Zero FIR,Non-Heinous,Undetected,Karnataka,Bidar,Bidar District & Sessions Court,Police Station,Bidar Town PS,KA32492,Meena Shetty,Constable,Station Writer,1994-05-24,Female,AB Negative,0,2016-12-14,879041189202200425,202200425,2023-02-05,"On 01-02-2023, a case of Drug Offence was reported at Bidar Town PS, Bidar district.",2023-02-01T12:00:00,2023-02-01T18:00:00,2023-02-02T08:00:00,17.9293,77.5869,"Incident occurred near coordinates 17.9293, 77.5869 within jurisdiction of Bidar Town PS.",Narcotics,Drug Offence,NDPS,"Narcotic Drugs and Psychotropic Substances Act, 1985",NDPS,20,Punishment for cannabis-related offences,1,1,,,,,,,,,,0,Esha Pai,,Male,A2,,,,,,,,,,,,
UDR,Heinous,Under Investigation,Karnataka,Shivamogga,Shivamogga District & Sessions Court,Police Station,Shivamogga Town PS,KA72359,Chirag Singh,Inspector,Circle Inspector,1989-06-27,Male,O Negative,0,2013-10-28,297271779202200426,202200426,2025-04-07,"On 02-04-2025, a case of Burglary was reported at Shivamogga Town PS, Shivamogga district.",2025-04-02T09:00:00,2025-04-02T14:00:00,2025-04-03T02:00:00,13.8938,75.6228,"Incident occurred near coordinates 13.8938, 75.6228 within jurisdiction of Shivamogga Town PS.",Property Crimes,Burglary,IPC,Indian Penal Code,IPC,457,Lurking house-trespass or house-breaking by night,1,1,Deepak Gowda,75,Private Employee,Hindu,General,Transgender,Tanvi Shenoy,51,Transgender,0,Hari Kulkarni,57,Male,A1,1.0,2025-04-14T18:00:00,Karnataka,Shivamogga,Shivamogga Town PS,KA72359,Shivamogga District & Sessions Court,Hari Kulkarni,,,,
FIR,Heinous,Report Beece (B-Report),Karnataka,Belagavi,Belagavi District & Sessions Court,Police Station,Belagavi City PS,KA72660,Pooja Kamath,Sub-Inspector,Circle Inspector,1982-04-09,Male,A Negative,1,2008-04-06,112249544202200427,202200427,2023-03-05,"On 27-02-2023, a case of Cryptocurrency Crime was reported at Belagavi City PS, Belagavi district.",2023-02-27T21:00:00,2023-02-28T05:00:00,2023-02-28T18:00:00,15.8464,74.5104,"Incident occurred near coordinates 15.8464, 74.5104 within jurisdiction of Belagavi City PS.",Cyber Crime,Cryptocurrency Crime,ITA,"Information Technology Act, 2000",IT Act,66D,Cheating by personation using a computer resource,1,1,Isha Pai,42,Private Employee,Hindu,General,Male,Bhavya Kulkarni,45,Female,0,Siddharth Verma,62,Female,A1,1.0,2023-03-12T01:00:00,Karnataka,Belagavi,Belagavi City PS,KA72660,Belagavi District & Sessions Court,Siddharth Verma,,,,
Zero FIR,Non-Heinous,Under Investigation,Karnataka,Bagalkote,Bagalkote District & Sessions Court,Police Station,Bagalkote Town PS,KA88395,Vikram Verma,Deputy Superintendent,Circle Inspector,1978-02-18,Female,O Negative,1,2016-09-23,866399677202400428,202400428,2023-10-24,"On 22-10-2023, a case of Assault was reported at Bagalkote Town PS, Bagalkote district.",2023-10-22T02:00:00,2023-10-22T10:00:00,2023-10-22T13:00:00,16.1895,75.622,"Incident occurred near coordinates 16.1895, 75.622 within jurisdiction of Bagalkote Town PS.",Crimes Against Body,Assault,IPC,Indian Penal Code,IPC,351,Assault,1,1,Bhavya Kulkarni,54,Private Employee,Hindu,General,Transgender,Isha Patil,17,Male,0,Anil Gowda,,Transgender,A1,1.0,2023-10-31T12:00:00,Karnataka,Bagalkote,Bagalkote Town PS,KA88395,Bagalkote District & Sessions Court,Anil Gowda,,,,
UDR,Heinous,Under Investigation,Karnataka,Vijayapura,Vijayapura District & Sessions Court,Police Station,Vijayapura Town PS,KA25754,Priya Das,Head Constable,SHO,1983-05-10,Female,AB Negative,0,2018-06-26,281734357202400429,202400429,2024-11-13,"On 11-11-2024, a case of Grievous Hurt was reported at Vijayapura Town PS, Vijayapura district.",2024-11-11T11:00:00,2024-11-11T12:00:00,2024-11-12T01:00:00,16.8857,75.7095,"Incident occurred near coordinates 16.8857, 75.7095 within jurisdiction of Vijayapura Town PS.",Crimes Against Body,Grievous Hurt,IPC,Indian Penal Code,IPC,325,Punishment for voluntarily causing grievous hurt,1,1,Deepak Pai,45,Private Employee,Hindu,General,Transgender,Vikram Verma,68,Female,0,Abhishek Nair,31,Male,A1,1.0,2024-11-20T18:00:00,Karnataka,Vijayapura,Vijayapura Town PS,KA25754,Vijayapura District & Sessions Court,Abhishek Nair,Kavya Naik,,,
UDR,Heinous,Under Investigation,Karnataka,Vijayapura,Vijayapura District & Sessions Court,Police Station,Vijayapura Town PS,KA25754,Priya Das,Deputy Superintendent,SHO,1985-06-28,Female,B Negative,0,2020-01-20,281734357202400429,202400429,2024-11-13,"On 11-11-2024, a case of Grievous Hurt was reported at Vijayapura Town PS, Vijayapura district.",2024-11-11T11:00:00,2024-11-11T12:00:00,2024-11-12T01:00:00,16.8857,75.7095,"Incident occurred near coordinates 16.8857, 75.7095 within jurisdiction of Vijayapura Town PS.",Crimes Against Body,Grievous Hurt,IPC,Indian Penal Code,IPC,325,Punishment for voluntarily causing grievous hurt,1,1,,,,,,,,,,0,Kavya Naik,,Male,A2,,,,,,,,,,,,
UDR,Non-Heinous,Undetected,Karnataka,Udupi,Udupi District & Sessions Court,Police Station,Udupi Town PS,KA14131,Gautam Das,Constable,Circle Inspector,1980-10-09,Male,B Positive,0,2001-08-17,222129778202200430,202200430,2025-01-22,"On 20-01-2025, a case of Murder was reported at Udupi Town PS, Udupi district.",2025-01-20T09:00:00,2025-01-20T15:00:00,2025-01-20T15:00:00,13.3668,74.683,"Incident occurred near coordinates 13.3668, 74.683 within jurisdiction of Udupi Town PS.",Crimes Against Body,Murder,IPC,Indian Penal Code,IPC,302,Punishment for murder,1,1,Sanjay Nair,61,Private Employee,Hindu,General,Transgender,Kavya Sharma,46,Male,0,Manish Kumar,,Transgender,A1,,,,,,,,,,,,
PAR,Heinous,Under Investigation,Karnataka,Kolar,Kolar District & Sessions Court,Police Station,Kolar Town PS,KA71563,Divya Reddy,Sub-Inspector,Station Writer,1979-06-25,Female,AB Negative,0,2020-03-18,329587580202200431,202200431,2022-04-25,"On 21-04-2022, a case of Cyber Crime was reported at Kolar Town PS, Kolar district.",2022-04-21T13:00:00,2022-04-21T19:00:00,2022-04-22T01:00:00,13.216,78.0759,"Incident occurred near coordinates 13.216, 78.0759 within jurisdiction of Kolar Town PS.",Cyber Crime,Cyber Crime,ITA,"Information Technology Act, 2000",IT Act,66C,Identity theft using computer resource,1,1,Aarav Bhat,37,Private Employee,Hindu,General,Male,Anil Deshmukh,25,Female,0,Divya Das,,Male,A1,1.0,2022-05-02T18:00:00,Karnataka,Kolar,Kolar Town PS,KA71563,Kolar District & Sessions Court,Divya Das,,,,
FIR,Heinous,Chargesheet Filed,Karnataka,Mysuru,Mysuru District & Sessions Court,Police Station,Saraswathipuram PS,KA74974,Farhan Patil,Sub-Inspector,SHO,1990-03-10,Female,AB Negative,0,2019-11-28,126812889202500432,202500432,2024-07-07,"On 02-07-2024, a case of Grievous Hurt was reported at Saraswathipuram PS, Mysuru district.",2024-07-02T22:00:00,2024-07-03T04:00:00,2024-07-03T22:00:00,12.2729,76.594,"Incident occurred near coordinates 12.2729, 76.594 within jurisdiction of Saraswathipuram PS.",Crimes Against Body,Grievous Hurt,IPC,Indian Penal Code,IPC,325,Punishment for voluntarily causing grievous hurt,1,1,Sunil Bhat,62,Private Employee,Hindu,General,Male,Meena Gowda,27,Female,0,Kiran Kamath,,Male,A1,1.0,2024-07-14T03:00:00,Karnataka,Mysuru,Saraswathipuram PS,KA74974,Mysuru District & Sessions Court,Kiran Kamath,,2024-08-21T03:00:00,A,KA74974
PAR,Heinous,Undetected,Karnataka,Ballari,Ballari District & Sessions Court,Police Station,Ballari City PS,KA80703,Priya Kumar,Deputy Superintendent,Investigating Officer,1992-04-17,Female,B Positive,1,2020-09-01,350813477202600433,202600433,2024-09-18,"On 14-09-2024, a case of Cyber Crime was reported at Ballari City PS, Ballari district.",2024-09-14T03:00:00,2024-09-14T04:00:00,2024-09-14T23:00:00,15.1841,76.8572,"Incident occurred near coordinates 15.1841, 76.8572 within jurisdiction of Ballari City PS.",Cyber Crime,Cyber Crime,ITA,"Information Technology Act, 2000",IT Act,66C,Identity theft using computer resource,1,1,Esha Deshmukh,40,Private Employee,Hindu,General,Male,Anil Bhat,42,Male,0,Deepak Shenoy,27,Transgender,A1,,,,,,,,,,,,
Zero FIR,Non-Heinous,Under Investigation,Karnataka,Vijayapura,Vijayapura District & Sessions Court,Police Station,Vijayapura Town PS,KA88387,Nikhil Kamath,Sub-Inspector,SHO,1979-11-10,Male,O Negative,0,2005-06-27,888588893202600434,202600434,2023-12-29,"On 27-12-2023, a case of Cheating was reported at Vijayapura Town PS, Vijayapura district.",2023-12-27T13:00:00,2023-12-27T21:00:00,2023-12-28T03:00:00,16.8037,75.7815,"Incident occurred near coordinates 16.8037, 75.7815 within jurisdiction of Vijayapura Town PS.",Financial Crime,Cheating,IPC,Indian Penal Code,IPC,420,Cheating and dishonestly inducing delivery of property,1,1,Chirag Singh,64,Private Employee,Hindu,General,Transgender,Manish Gowda,7,Female,0,Farhan Reddy,63,Male,A1,1.0,2024-01-05T16:00:00,Karnataka,Vijayapura,Vijayapura Town PS,KA88387,Vijayapura District & Sessions Court,Farhan Reddy,,,,
Zero FIR,Non-Heinous,Chargesheet Filed,Karnataka,Chikkamagaluru,Chikkamagaluru District & Sessions Court,Police Station,Chikkamagaluru PS,KA67792,Anil Kumar,Sub-Inspector,Station Writer,1973-03-15,Male,A Positive,0,2011-09-26,861028748202400435,202400435,2024-10-14,"On 11-10-2024, a case of Assault was reported at Chikkamagaluru PS, Chikkamagaluru district.",2024-10-11T19:00:00,2024-10-12T03:00:00,2024-10-12T19:00:00,13.3695,75.7496,"Incident occurred near coordinates 13.3695, 75.7496 within jurisdiction of Chikkamagaluru PS.",Crimes Against Body,Assault,IPC,Indian Penal Code,IPC,351,Assault,1,1,Manish Kumar,51,Private Employee,Hindu,General,Male,Priya Shetty,69,Male,0,Deepak Reddy,,Transgender,A1,1.0,2024-10-21T06:00:00,Karnataka,Chikkamagaluru,Chikkamagaluru PS,KA67792,Chikkamagaluru District & Sessions Court,Deepak Reddy,Divya Singh,2024-11-06T06:00:00,B,KA67792
Zero FIR,Non-Heinous,Chargesheet Filed,Karnataka,Chikkamagaluru,Chikkamagaluru District & Sessions Court,Police Station,Chikkamagaluru PS,KA67792,Anil Kumar,Head Constable,Investigating Officer,1987-09-04,Female,AB Negative,0,2005-03-01,861028748202400435,202400435,2024-10-14,"On 11-10-2024, a case of Assault was reported at Chikkamagaluru PS, Chikkamagaluru district.",2024-10-11T19:00:00,2024-10-12T03:00:00,2024-10-12T19:00:00,13.3695,75.7496,"Incident occurred near coordinates 13.3695, 75.7496 within jurisdiction of Chikkamagaluru PS.",Crimes Against Body,Assault,IPC,Indian Penal Code,IPC,351,Assault,1,1,,,,,,,,,,0,Divya Singh,58,Female,A2,,,,,,,,,,,,
Zero FIR,Heinous,Report Beece (B-Report),Karnataka,Mysuru,Mysuru District & Sessions Court,Police Station,Saraswathipuram PS,KA48057,Isha Kamath,Inspector,SHO,1972-02-28,Female,AB Positive,0,2011-08-04,837803954202600436,202600436,2022-12-25,"On 22-12-2022, a case of Cryptocurrency Crime was reported at Saraswathipuram PS, Mysuru district.",2022-12-22T20:00:00,2022-12-23T02:00:00,2022-12-23T12:00:00,12.2896,76.5885,"Incident occurred near coordinates 12.2896, 76.5885 within jurisdiction of Saraswathipuram PS.",Cyber Crime,Cryptocurrency Crime,ITA,"Information Technology Act, 2000",IT Act,66D,Cheating by personation using a computer resource,1,1,Anil Patil,64,Private Employee,Hindu,General,Transgender,Siddharth Kulkarni,56,Female,0,Farhan Nair,,Female,A1,1.0,2023-01-01T00:00:00,Karnataka,Mysuru,Saraswathipuram PS,KA48057,Mysuru District & Sessions Court,Farhan Nair,,,,
Zero FIR,Non-Heinous,Undetected,Karnataka,Bengaluru Rural,Bengaluru Rural District & Sessions Court,Police Station,Bengaluru Rural PS,KA39182,Pooja Shetty,Constable,SHO,1971-09-09,Female,B Positive,0,2014-10-12,853127309202600437,202600437,2024-03-04,"On 03-03-2024, a case of Robbery was reported at Bengaluru Rural PS, Bengaluru Rural district.",2024-03-03T07:00:00,2024-03-03T11:00:00,2024-03-03T15:00:00,13.2227,77.5479,"Incident occurred near coordinates 13.2227, 77.5479 within jurisdiction of Bengaluru Rural PS.",Property Crimes,Robbery,IPC,Indian Penal Code,IPC,392,Punishment for robbery,1,1,Dev Shetty,48,Private Employee,Hindu,General,Male,Dev Pai,67,Male,0,Siddharth Joshi,73,Male,A1,,,,,,,,,,,,
Zero FIR,Non-Heinous,Undetected,Karnataka,Ballari,Ballari District & Sessions Court,Police Station,Ballari City PS,KA26049,Ananya Kulkarni,Sub-Inspector,Circle Inspector,1977-10-13,Male,B Positive,0,2001-11-01,899359687202200438,202200438,2025-08-06,"On 01-08-2025, a case of Murder was reported at Ballari City PS, Ballari district.",2025-08-01T21:00:00,2025-08-02T02:00:00,2025-08-02T19:00:00,15.1612,76.8478,"Incident occurred near coordinates 15.1612, 76.8478 within jurisdiction of Ballari City PS.",Crimes Against Body,Murder,IPC,Indian Penal Code,IPC,302,Punishment for murder,1,1,Abhishek Nair,71,Private Employee,Hindu,General,Female,Esha Das,30,Male,0,Manish Naik,,Transgender,A1,,,,,,,,,,,,
PAR,Non-Heinous,Under Investigation,Karnataka,Bagalkote,Bagalkote District & Sessions Court,Police Station,Bagalkote Town PS,KA44041,Gautam Reddy,Inspector,Circle Inspector,1982-11-06,Male,AB Positive,0,2016-11-11,376416746202400439,202400439,2024-08-23,"On 22-08-2024, a case of Money Laundering was reported at Bagalkote Town PS, Bagalkote district.",2024-08-22T06:00:00,2024-08-22T08:00:00,2024-08-22T15:00:00,16.2361,75.6992,"Incident occurred near coordinates 16.2361, 75.6992 within jurisdiction of Bagalkote Town PS.",Financial Crime,Money Laundering,PMLA,"Prevention of Money Laundering Act, 2002",PMLA,3,Offence of money laundering,1,1,Farhan Shenoy,53,Private Employee,Hindu,General,Female,Kiran Das,51,Male,0,Gautam Das,26,Transgender,A1,1.0,2024-08-30T09:00:00,Karnataka,Bagalkote,Bagalkote Town PS,KA44041,Bagalkote District & Sessions Court,Gautam Das,Gautam Kamath,,,
PAR,Heinous,Under Investigation,Karnataka,Bagalkote,Bagalkote District & Sessions Court,Police Station,Bagalkote Town PS,KA44041,Gautam Reddy,Constable,SHO,1989-04-04,Male,A Positive,0,2004-10-10,376416746202400439,202400439,2024-08-23,"On 22-08-2024, a case of Money Laundering was reported at Bagalkote Town PS, Bagalkote district.",2024-08-22T06:00:00,2024-08-22T08:00:00,2024-08-22T15:00:00,16.2361,75.6992,"Incident occurred near coordinates 16.2361, 75.6992 within jurisdiction of Bagalkote Town PS.",Financial Crime,Money Laundering,PMLA,"Prevention of Money Laundering Act, 2002",PMLA,3,Offence of money laundering,1,1,,,,,,,,,,0,Gautam Kamath,22,Female,A2,,,,,,,,,,,,
Zero FIR,Non-Heinous,Report Beece (B-Report),Karnataka,Tumakuru,Tumakuru District & Sessions Court,Police Station,Tumakuru Town PS,KA24600,Rajesh Singh,Sub-Inspector,SHO,1975-12-21,Male,B Negative,0,2009-06-11,826122139202400440,202400440,2022-06-14,"On 11-06-2022, a case of Theft was reported at Tumakuru Town PS, Tumakuru district.",2022-06-11T01:00:00,2022-06-11T08:00:00,2022-06-11T08:00:00,13.3173,77.1784,"Incident occurred near coordinates 13.3173, 77.1784 within jurisdiction of Tumakuru Town PS.",Property Crimes,Theft,IPC,Indian Penal Code,IPC,379,Punishment for theft,1,1,Deepak Reddy,43,Private Employee,Hindu,General,Transgender,Meena Patil,52,Female,0,Divya Shenoy,,Transgender,A1,1.0,2022-06-21T05:00:00,Karnataka,Tumakuru,Tumakuru Town PS,KA24600,Tumakuru District & Sessions Court,Divya Shenoy,Kiran Gowda,,,
Zero FIR,Heinous,Report Beece (B-Report),Karnataka,Tumakuru,Tumakuru District & Sessions Court,Police Station,Tumakuru Town PS,KA24600,Rajesh Singh,Constable,Station Writer,1973-02-22,Female,AB Positive,0,2017-10-17,826122139202400440,202400440,2022-06-14,"On 11-06-2022, a case of Theft was reported at Tumakuru Town PS, Tumakuru district.",2022-06-11T01:00:00,2022-06-11T08:00:00,2022-06-11T08:00:00,13.3173,77.1784,"Incident occurred near coordinates 13.3173, 77.1784 within jurisdiction of Tumakuru Town PS.",Property Crimes,Theft,IPC,Indian Penal Code,IPC,379,Punishment for theft,1,1,,,,,,,,,,0,Kiran Gowda,,Transgender,A2,,,,,,,,,,,,
FIR,Non-Heinous,Report Beece (B-Report),Karnataka,Shivamogga,Shivamogga District & Sessions Court,Police Station,Shivamogga Town PS,KA11531,Abhishek Gowda,Sub-Inspector,Circle Inspector,1977-02-14,Female,AB Positive,0,2000-04-28,139792452202200441,202200441,2022-03-21,"On 20-03-2022, a case of Theft was reported at Shivamogga Town PS, Shivamogga district.",2022-03-20T13:00:00,2022-03-20T18:00:00,2022-03-20T21:00:00,13.9963,75.5566,"Incident occurred near coordinates 13.9963, 75.5566 within jurisdiction of Shivamogga Town PS.",Property Crimes,Theft,IPC,Indian Penal Code,IPC,379,Punishment for theft,1,1,Kiran Singh,25,Private Employee,Hindu,General,Female,Kiran Das,11,Female,0,Sunil Shenoy,,Female,A1,1.0,2022-03-28T17:00:00,Karnataka,Shivamogga,Shivamogga Town PS,KA11531,Shivamogga District & Sessions Court,Sunil Shenoy,Dev Kumar,,,
FIR,Heinous,Report Beece (B-Report),Karnataka,Shivamogga,Shivamogga District & Sessions Court,Police Station,Shivamogga Town PS,KA11531,Abhishek Gowda,Inspector,Station Writer,1978-06-04,Male,A Positive,0,2006-03-01,139792452202200441,202200441,2022-03-21,"On 20-03-2022, a case of Theft was reported at Shivamogga Town PS, Shivamogga district.",2022-03-20T13:00:00,2022-03-20T18:00:00,2022-03-20T21:00:00,13.9963,75.5566,"Incident occurred near coordinates 13.9963, 75.5566 within jurisdiction of Shivamogga Town PS.",Property Crimes,Theft,IPC,Indian Penal Code,IPC,379,Punishment for theft,1,1,,,,,,,,,,0,Dev Kumar,58,Transgender,A2,,,,,,,,,,,,
Zero FIR,Heinous,Undetected,Karnataka,Hubballi-Dharwad,Dharwad District & Sessions Court,Police Station,Dharwad Town PS,KA38357,Dev Gowda,Sub-Inspector,Investigating Officer,1984-10-25,Female,B Positive,0,2011-12-25,825688622202200442,202200442,2024-01-09,"On 04-01-2024, a case of Drug Offence was reported at Dharwad Town PS, Hubballi-Dharwad district.",2024-01-04T15:00:00,2024-01-04T22:00:00,2024-01-04T21:00:00,15.4243,75.0461,"Incident occurred near coordinates 15.4243, 75.0461 within jurisdiction of Dharwad Town PS.",Narcotics,Drug Offence,NDPS,"Narcotic Drugs and Psychotropic Substances Act, 1985",NDPS,20,Punishment for cannabis-related offences,1,1,Esha Bhat,75,Private Employee,Hindu,General,Female,Sunil Shetty,46,Transgender,0,Isha Pai,,Female,A1,,,,,,,,,,,,
Zero FIR,Non-Heinous,Undetected,Karnataka,Hubballi-Dharwad,Dharwad District & Sessions Court,Police Station,Dharwad Town PS,KA38357,Dev Gowda,Inspector,Station Writer,1978-08-18,Male,AB Positive,1,2016-06-05,825688622202200442,202200442,2024-01-09,"On 04-01-2024, a case of Drug Offence was reported at Dharwad Town PS, Hubballi-Dharwad district.",2024-01-04T15:00:00,2024-01-04T22:00:00,2024-01-04T21:00:00,15.4243,75.0461,"Incident occurred near coordinates 15.4243, 75.0461 within jurisdiction of Dharwad Town PS.",Narcotics,Drug Offence,NDPS,"Narcotic Drugs and Psychotropic Substances Act, 1985",NDPS,20,Punishment for cannabis-related offences,1,1,,,,,,,,,,0,Meena Kulkarni,67,Male,A2,,,,,,,,,,,,
Zero FIR,Non-Heinous,Under Investigation,Karnataka,Hassan,Hassan District & Sessions Court,Police Station,Hassan Town PS,KA99928,Esha Deshmukh,Deputy Superintendent,Circle Inspector,1996-07-11,Female,AB Positive,0,2001-11-11,826319483202200443,202200443,2024-05-27,"On 24-05-2024, a case of Cryptocurrency Crime was reported at Hassan Town PS, Hassan district.",2024-05-24T23:00:00,2024-05-25T03:00:00,2024-05-25T15:00:00,13.0184,76.1309,"Incident occurred near coordinates 13.0184, 76.1309 within jurisdiction of Hassan Town PS.",Cyber Crime,Cryptocurrency Crime,ITA,"Information Technology Act, 2000",IT Act,66D,Cheating by personation using a computer resource,1,1,Kavya Kulkarni,62,Private Employee,Hindu,General,Male,Sunil Gowda,37,Male,0,Hari Singh,,Transgender,A1,1.0,2024-06-03T03:00:00,Karnataka,Hassan,Hassan Town PS,KA99928,Hassan District & Sessions Court,Hari Singh,,,,
Zero FIR,Heinous,Chargesheet Filed,Karnataka,Bengaluru Urban,"Principal City Civil & Sessions Court, Bengaluru",Police Station,Bengaluru City PS,KA84444,Chirag Reddy,Constable,SHO,1974-09-10,Male,AB Positive,0,2009-05-17,851072572202200444,202200444,2024-02-05,"On 31-01-2024, a case of Cyber Crime was reported at Bengaluru City PS, Bengaluru Urban district.",2024-01-31T13:00:00,2024-01-31T14:00:00,2024-01-31T17:00:00,12.9157,77.5793,"Incident occurred near coordinates 12.9157, 77.5793 within jurisdiction of Bengaluru City PS.",Cyber Crime,Cyber Crime,ITA,"Information Technology Act, 2000",IT Act,66C,Identity theft using computer resource,1,1,Rajesh Joshi,28,Private Employee,Hindu,General,Female,Kavya Deshmukh,26,Transgender,0,Deepak Joshi,,Male,A1,1.0,2024-02-12T14:00:00,Karnataka,Bengaluru Urban,Bengaluru City PS,KA84444,"Principal City Civil & Sessions Court, Bengaluru",Deepak Joshi,,2024-02-23T14:00:00,B,KA84444
FIR,Heinous,Under Investigation,Karnataka,Tumakuru,Tumakuru District & Sessions Court,Police Station,Tumakuru Town PS,KA79063,Nikhil Pai,Sub-Inspector,SHO,1986-06-05,Male,AB Negative,0,2004-11-24,179398630202300445,202300445,2022-03-07,"On 04-03-2022, a case of Drug Offence was reported at Tumakuru Town PS, Tumakuru district.",2022-03-04T18:00:00,2022-03-04T20:00:00,2022-03-04T23:00:00,13.3959,77.1653,"Incident occurred near coordinates 13.3959, 77.1653 within jurisdiction of Tumakuru Town PS.",Narcotics,Drug Offence,NDPS,"Narcotic Drugs and Psychotropic Substances Act, 1985",NDPS,20,Punishment for cannabis-related offences,1,1,Sanjay Shetty,78,Private Employee,Hindu,General,Transgender,Nikhil Bhat,31,Female,0,Aditi Kulkarni,,Transgender,A1,1.0,2022-03-14T02:00:00,Karnataka,Tumakuru,Tumakuru Town PS,KA79063,Tumakuru District & Sessions Court,Aditi Kulkarni,Tanvi Das,,,
FIR,Non-Heinous,Under Investigation,Karnataka,Tumakuru,Tumakuru District & Sessions Court,Police Station,Tumakuru Town PS,KA79063,Nikhil Pai,Sub-Inspector,SHO,1987-09-14,Male,A Negative,1,2012-05-20,179398630202300445,202300445,2022-03-07,"On 04-03-2022, a case of Drug Offence was reported at Tumakuru Town PS, Tumakuru district.",2022-03-04T18:00:00,2022-03-04T20:00:00,2022-03-04T23:00:00,13.3959,77.1653,"Incident occurred near coordinates 13.3959, 77.1653 within jurisdiction of Tumakuru Town PS.",Narcotics,Drug Offence,NDPS,"Narcotic Drugs and Psychotropic Substances Act, 1985",NDPS,20,Punishment for cannabis-related offences,1,1,,,,,,,,,,0,Tanvi Das,,Transgender,A2,,,,,,,,,,,,
Zero FIR,Heinous,Undetected,Karnataka,Tumakuru,Tumakuru District & Sessions Court,Police Station,Tumakuru Town PS,KA33944,Suresh Patil,Head Constable,Circle Inspector,1996-09-15,Female,B Negative,0,2002-03-18,874047015202300446,202300446,2023-09-08,"On 03-09-2023, a case of Dark Web Crime was reported at Tumakuru Town PS, Tumakuru district.",2023-09-03T12:00:00,2023-09-03T16:00:00,2023-09-04T05:00:00,13.408,77.1788,"Incident occurred near coordinates 13.408, 77.1788 within jurisdiction of Tumakuru Town PS.",Cyber Crime,Dark Web Crime,ITA,"Information Technology Act, 2000",IT Act,67,Publishing/transmitting obscene material electronically,1,1,Kiran Nair,30,Private Employee,Hindu,General,Male,Hari Verma,31,Female,0,Rajesh Rao,49,Male,A1,,,,,,,,,,,,
UDR,Non-Heinous,Chargesheet Filed,Karnataka,Belagavi,Belagavi District & Sessions Court,Police Station,Belagavi City PS,KA55515,Kavya Shetty,Head Constable,Investigating Officer,1993-06-04,Male,O Positive,0,2007-10-27,269114583202600447,202600447,2024-08-27,"On 23-08-2024, a case of Robbery was reported at Belagavi City PS, Belagavi district.",2024-08-23T17:00:00,2024-08-23T20:00:00,2024-08-24T06:00:00,15.9297,74.5141,"Incident occurred near coordinates 15.9297, 74.5141 within jurisdiction of Belagavi City PS.",Property Crimes,Robbery,IPC,Indian Penal Code,IPC,392,Punishment for robbery,1,1,Bhavya Bhat,76,Private Employee,Hindu,General,Transgender,Siddharth Hegde,24,Male,0,Kiran Gowda,,Transgender,A1,1.0,2024-09-03T00:00:00,Karnataka,Belagavi,Belagavi City PS,KA55515,Belagavi District & Sessions Court,Kiran Gowda,,2024-10-19T00:00:00,C,KA55515
Zero FIR,Heinous,Chargesheet Filed,Karnataka,Kolar,Kolar District & Sessions Court,Police Station,Kolar Town PS,KA36494,Isha Reddy,Sub-Inspector,Investigating Officer,1983-09-02,Female,A Positive,1,2013-01-05,881293367202600448,202600448,2024-08-10,"On 05-08-2024, a case of Theft was reported at Kolar Town PS, Kolar district.",2024-08-05T08:00:00,2024-08-05T09:00:00,2024-08-05T19:00:00,13.0775,78.129,"Incident occurred near coordinates 13.0775, 78.129 within jurisdiction of Kolar Town PS.",Property Crimes,Theft,IPC,Indian Penal Code,IPC,379,Punishment for theft,1,1,Suresh Shenoy,79,Private Employee,Hindu,General,Female,Esha Sharma,56,Male,0,Siddharth Verma,,Transgender,A1,1.0,2024-08-17T10:00:00,Karnataka,Kolar,Kolar Town PS,KA36494,Kolar District & Sessions Court,Siddharth Verma,,2024-09-07T10:00:00,C,KA36494
UDR,Heinous,Report Beece (B-Report),Karnataka,Chikkamagaluru,Chikkamagaluru District & Sessions Court,Police Station,Chikkamagaluru PS,KA81475,Anil Hegde,Sub-Inspector,Circle Inspector,1992-09-25,Male,B Negative,0,2018-08-03,240276563202300449,202300449,2022-08-23,"On 17-08-2022, a case of Cyber Crime was reported at Chikkamagaluru PS, Chikkamagaluru district.",2022-08-17T20:00:00,2022-08-18T01:00:00,2022-08-18T16:00:00,13.2952,75.7589,"Incident occurred near coordinates 13.2952, 75.7589 within jurisdiction of Chikkamagaluru PS.",Cyber Crime,Cyber Crime,ITA,"Information Technology Act, 2000",IT Act,66C,Identity theft using computer resource,1,1,Chirag Verma,65,Private Employee,Hindu,General,Male,Suresh Joshi,18,Male,0,Deepak Pai,,Transgender,A1,1.0,2022-08-30T03:00:00,Karnataka,Chikkamagaluru,Chikkamagaluru PS,KA81475,Chikkamagaluru District & Sessions Court,Deepak Pai,,,,
PAR,Non-Heinous,Chargesheet Filed,Karnataka,Hubballi-Dharwad,Dharwad District & Sessions Court,Police Station,Dharwad Town PS,KA86343,Aditi Verma,Constable,SHO,1987-01-25,Male,O Positive,1,2005-02-11,317787552202300450,202300450,2025-06-17,"On 16-06-2025, a case of Cheating was reported at Dharwad Town PS, Hubballi-Dharwad district.",2025-06-16T10:00:00,2025-06-16T12:00:00,2025-06-16T13:00:00,15.3094,75.1232,"Incident occurred near coordinates 15.3094, 75.1232 within jurisdiction of Dharwad Town PS.",Financial Crime,Cheating,IPC,Indian Penal Code,IPC,420,Cheating and dishonestly inducing delivery of property,1,1,Suresh Reddy,62,Private Employee,Hindu,General,Male,Kiran Patil,68,Transgender,0,Kavya Joshi,34,Female,A1,1.0,2025-06-24T19:00:00,Karnataka,Hubballi-Dharwad,Dharwad Town PS,KA86343,Dharwad District & Sessions Court,Kavya Joshi,Kavya Shenoy,2025-07-25T19:00:00,C,KA86343
PAR,Non-Heinous,Chargesheet Filed,Karnataka,Hubballi-Dharwad,Dharwad District & Sessions Court,Police Station,Dharwad Town PS,KA86343,Aditi Verma,Deputy Superintendent,Circle Inspector,1975-09-26,Male,O Positive,0,2012-04-20,317787552202300450,202300450,2025-06-17,"On 16-06-2025, a case of Cheating was reported at Dharwad Town PS, Hubballi-Dharwad district.",2025-06-16T10:00:00,2025-06-16T12:00:00,2025-06-16T13:00:00,15.3094,75.1232,"Incident occurred near coordinates 15.3094, 75.1232 within jurisdiction of Dharwad Town PS.",Financial Crime,Cheating,IPC,Indian Penal Code,IPC,420,Cheating and dishonestly inducing delivery of property,1,1,,,,,,,,,,0,Kavya Shenoy,,Transgender,A2,,,,,,,,,,,,
UDR,Non-Heinous,Under Investigation,Karnataka,Hubballi-Dharwad,Dharwad District & Sessions Court,Police Station,Dharwad Town PS,KA32241,Priya Deshmukh,Constable,Station Writer,1980-01-15,Male,O Negative,1,2008-06-14,236724576202500451,202500451,2023-05-15,"On 12-05-2023, a case of Dark Web Crime was reported at Dharwad Town PS, Hubballi-Dharwad district.",2023-05-12T00:00:00,2023-05-12T02:00:00,2023-05-12T08:00:00,15.3595,75.098,"Incident occurred near coordinates 15.3595, 75.098 within jurisdiction of Dharwad Town PS.",Cyber Crime,Dark Web Crime,ITA,"Information Technology Act, 2000",IT Act,67,Publishing/transmitting obscene material electronically,1,1,Sanjay Das,63,Private Employee,Hindu,General,Transgender,Meena Verma,69,Transgender,0,Sanjay Reddy,52,Transgender,A1,1.0,2023-05-22T07:00:00,Karnataka,Hubballi-Dharwad,Dharwad Town PS,KA32241,Dharwad District & Sessions Court,Sanjay Reddy,,,,
Zero FIR,Non-Heinous,Undetected,Karnataka,Ramanagara,Ramanagara District & Sessions Court,Police Station,Ramanagara Town PS,KA82951,Rajesh Shenoy,Constable,Station Writer,1994-12-11,Male,AB Negative,0,2018-04-18,811385744202600452,202600452,2024-06-21,"On 17-06-2024, a case of Robbery was reported at Ramanagara Town PS, Ramanagara district.",2024-06-17T10:00:00,2024-06-17T11:00:00,2024-06-17T21:00:00,12.7223,77.2387,"Incident occurred near coordinates 12.7223, 77.2387 within jurisdiction of Ramanagara Town PS.",Property Crimes,Robbery,IPC,Indian Penal Code,IPC,392,Punishment for robbery,1,1,Aditi Das,49,Private Employee,Hindu,General,Transgender,Anil Nair,64,Female,0,Tanvi Shetty,61,Male,A1,,,,,,,,,,,,
Zero FIR,Heinous,Undetected,Karnataka,Ramanagara,Ramanagara District & Sessions Court,Police Station,Ramanagara Town PS,KA82951,Rajesh Shenoy,Head Constable,Station Writer,1976-01-28,Male,B Negative,0,2005-08-09,811385744202600452,202600452,2024-06-21,"On 17-06-2024, a case of Robbery was reported at Ramanagara Town PS, Ramanagara district.",2024-06-17T10:00:00,2024-06-17T11:00:00,2024-06-17T21:00:00,12.7223,77.2387,"Incident occurred near coordinates 12.7223, 77.2387 within jurisdiction of Ramanagara Town PS.",Property Crimes,Robbery,IPC,Indian Penal Code,IPC,392,Punishment for robbery,1,1,,,,,,,,,,0,Dev Bhat,61,Male,A2,,,,,,,,,,,,
FIR,Non-Heinous,Undetected,Karnataka,Mangaluru,Dakshina Kannada District & Sessions Court,Police Station,Mangaluru Town PS,KA90831,Kiran Gowda,Deputy Superintendent,Station Writer,1988-08-26,Female,B Positive,0,2007-03-06,142845042202400453,202400453,2022-06-30,"On 28-06-2022, a case of Drug Offence was reported at Mangaluru Town PS, Mangaluru district.",2022-06-28T12:00:00,2022-06-28T16:00:00,2022-06-29T08:00:00,12.9914,74.8058,"Incident occurred near coordinates 12.9914, 74.8058 within jurisdiction of Mangaluru Town PS.",Narcotics,Drug Offence,NDPS,"Narcotic Drugs and Psychotropic Substances Act, 1985",NDPS,20,Punishment for cannabis-related offences,1,1,Vikram Shenoy,24,Private Employee,Hindu,General,Transgender,Farhan Bhat,32,Female,0,Siddharth Hegde,,Male,A1,,,,,,,,,,,,
FIR,Non-Heinous,Undetected,Karnataka,Mangaluru,Dakshina Kannada District & Sessions Court,Police Station,Mangaluru Town PS,KA90831,Kiran Gowda,Constable,Station Writer,1980-01-25,Male,A Negative,0,2005-08-19,142845042202400453,202400453,2022-06-30,"On 28-06-2022, a case of Drug Offence was reported at Mangaluru Town PS, Mangaluru district.",2022-06-28T12:00:00,2022-06-28T16:00:00,2022-06-29T08:00:00,12.9914,74.8058,"Incident occurred near coordinates 12.9914, 74.8058 within jurisdiction of Mangaluru Town PS.",Narcotics,Drug Offence,NDPS,"Narcotic Drugs and Psychotropic Substances Act, 1985",NDPS,20,Punishment for cannabis-related offences,1,1,,,,,,,,,,0,Siddharth Rao,71,Male,A2,,,,,,,,,,,,
FIR,Non-Heinous,Undetected,Karnataka,Mangaluru,Dakshina Kannada District & Sessions Court,Police Station,Mangaluru Town PS,KA90831,Kiran Gowda,Head Constable,Investigating Officer,1998-04-07,Male,B Positive,0,2016-05-22,142845042202400453,202400453,2022-06-30,"On 28-06-2022, a case of Drug Offence was reported at Mangaluru Town PS, Mangaluru district.",2022-06-28T12:00:00,2022-06-28T16:00:00,2022-06-29T08:00:00,12.9914,74.8058,"Incident occurred near coordinates 12.9914, 74.8058 within jurisdiction of Mangaluru Town PS.",Narcotics,Drug Offence,NDPS,"Narcotic Drugs and Psychotropic Substances Act, 1985",NDPS,20,Punishment for cannabis-related offences,1,1,,,,,,,,,,0,Meena Reddy,,Female,A3,,,,,,,,,,,,
PAR,Non-Heinous,Undetected,Karnataka,Mandya,Mandya District & Sessions Court,Police Station,Mandya Town PS,KA70649,Sanjay Naik,Constable,Investigating Officer,1983-07-13,Male,AB Negative,1,2013-10-10,397203131202500454,202500454,2023-06-30,"On 27-06-2023, a case of Murder was reported at Mandya Town PS, Mandya district.",2023-06-27T13:00:00,2023-06-27T14:00:00,2023-06-28T00:00:00,12.5327,76.8776,"Incident occurred near coordinates 12.5327, 76.8776 within jurisdiction of Mandya Town PS.",Crimes Against Body,Murder,IPC,Indian Penal Code,IPC,302,Punishment for murder,1,1,Divya Joshi,62,Private Employee,Hindu,General,Transgender,Aditi Shetty,72,Male,0,Farhan Kumar,28,Female,A1,,,,,,,,,,,,
PAR,Non-Heinous,Undetected,Karnataka,Mandya,Mandya District & Sessions Court,Police Station,Mandya Town PS,KA70649,Sanjay Naik,Deputy Superintendent,SHO,1980-03-02,Female,O Negative,1,2007-11-25,397203131202500454,202500454,2023-06-30,"On 27-06-2023, a case of Murder was reported at Mandya Town PS, Mandya district.",2023-06-27T13:00:00,2023-06-27T14:00:00,2023-06-28T00:00:00,12.5327,76.8776,"Incident occurred near coordinates 12.5327, 76.8776 within jurisdiction of Mandya Town PS.",Crimes Against Body,Murder,IPC,Indian Penal Code,IPC,302,Punishment for murder,1,1,,,,,,,,,,0,Kiran Joshi,,Transgender,A2,,,,,,,,,,,,
FIR,Heinous,Under Investigation,Karnataka,Mandya,Mandya District & Sessions Court,Police Station,Mandya Town PS,KA86744,Manish Kulkarni,Constable,Station Writer,1995-04-15,Male,O Positive,1,2019-06-01,145772896202600455,202600455,2025-09-27,"On 24-09-2025, a case of Dark Web Crime was reported at Mandya Town PS, Mandya district.",2025-09-24T09:00:00,2025-09-24T11:00:00,2025-09-24T15:00:00,12.4659,76.8942,"Incident occurred near coordinates 12.4659, 76.8942 within jurisdiction of Mandya Town PS.",Cyber Crime,Dark Web Crime,ITA,"Information Technology Act, 2000",IT Act,67,Publishing/transmitting obscene material electronically,1,1,Sanjay Hegde,58,Private Employee,Hindu,General,Female,Vikram Patil,59,Male,0,Vikram Joshi,39,Transgender,A1,1.0,2025-10-04T13:00:00,Karnataka,Mandya,Mandya Town PS,KA86744,Mandya District & Sessions Court,Vikram Joshi,"Meena Pai,Rajesh Gowda",,,
FIR,Non-Heinous,Under Investigation,Karnataka,Mandya,Mandya District & Sessions Court,Police Station,Mandya Town PS,KA86744,Manish Kulkarni,Constable,Investigating Officer,1982-01-22,Female,A Positive,1,2019-12-28,145772896202600455,202600455,2025-09-27,"On 24-09-2025, a case of Dark Web Crime was reported at Mandya Town PS, Mandya district.",2025-09-24T09:00:00,2025-09-24T11:00:00,2025-09-24T15:00:00,12.4659,76.8942,"Incident occurred near coordinates 12.4659, 76.8942 within jurisdiction of Mandya Town PS.",Cyber Crime,Dark Web Crime,ITA,"Information Technology Act, 2000",IT Act,67,Publishing/transmitting obscene material electronically,1,1,,,,,,,,,,0,Meena Pai,26,Male,A2,,,,,,,,,,,,
FIR,Heinous,Under Investigation,Karnataka,Mandya,Mandya District & Sessions Court,Police Station,Mandya Town PS,KA86744,Manish Kulkarni,Deputy Superintendent,Circle Inspector,1986-12-13,Male,B Positive,1,2013-06-09,145772896202600455,202600455,2025-09-27,"On 24-09-2025, a case of Dark Web Crime was reported at Mandya Town PS, Mandya district.",2025-09-24T09:00:00,2025-09-24T11:00:00,2025-09-24T15:00:00,12.4659,76.8942,"Incident occurred near coordinates 12.4659, 76.8942 within jurisdiction of Mandya Town PS.",Cyber Crime,Dark Web Crime,ITA,"Information Technology Act, 2000",IT Act,67,Publishing/transmitting obscene material electronically,1,1,,,,,,,,,,0,Rajesh Gowda,65,Transgender,A3,,,,,,,,,,,,
UDR,Non-Heinous,Chargesheet Filed,Karnataka,Hubballi-Dharwad,Dharwad District & Sessions Court,Police Station,Dharwad Town PS,KA82722,Kavya Patil,Sub-Inspector,Circle Inspector,1988-10-03,Female,AB Negative,0,2005-07-08,213533227202600456,202600456,2022-01-20,"On 15-01-2022, a case of Burglary was reported at Dharwad Town PS, Hubballi-Dharwad district.",2022-01-15T22:00:00,2022-01-16T03:00:00,2022-01-16T16:00:00,15.3059,75.19,"Incident occurred near coordinates 15.3059, 75.19 within jurisdiction of Dharwad Town PS.",Property Crimes,Burglary,IPC,Indian Penal Code,IPC,457,Lurking house-trespass or house-breaking by night,1,1,Abhishek Shetty,76,Private Employee,Hindu,General,Male,Meena Kulkarni,23,Male,0,Suresh Sharma,,Male,A1,1.0,2022-01-27T07:00:00,Karnataka,Hubballi-Dharwad,Dharwad Town PS,KA82722,Dharwad District & Sessions Court,Suresh Sharma,,2022-03-18T07:00:00,B,KA82722
FIR,Heinous,Undetected,Karnataka,Bengaluru Urban,"Principal City Civil & Sessions Court, Bengaluru",Police Station,Bengaluru City PS,KA27146,Gautam Singh,Constable,Investigating Officer,1992-10-20,Male,B Negative,0,2011-03-15,148667403202500457,202500457,2023-07-29,"On 28-07-2023, a case of Murder was reported at Bengaluru City PS, Bengaluru Urban district.",2023-07-28T09:00:00,2023-07-28T17:00:00,2023-07-29T02:00:00,12.9936,77.6279,"Incident occurred near coordinates 12.9936, 77.6279 within jurisdiction of Bengaluru City PS.",Crimes Against Body,Murder,IPC,Indian Penal Code,IPC,302,Punishment for murder,1,1,Rahul Hegde,44,Private Employee,Hindu,General,Transgender,Manish Rao,64,Female,0,Anil Nair,37,Male,A1,,,,,,,,,,,,
FIR,Non-Heinous,Report Beece (B-Report),Karnataka,Ramanagara,Ramanagara District & Sessions Court,Police Station,Ramanagara Town PS,KA54688,Bhavya Singh,Sub-Inspector,Station Writer,1993-01-07,Female,AB Positive,0,2020-06-16,131632172202300458,202300458,2023-02-09,"On 07-02-2023, a case of Cyber Crime was reported at Ramanagara Town PS, Ramanagara district.",2023-02-07T02:00:00,2023-02-07T03:00:00,2023-02-07T06:00:00,12.7509,77.2084,"Incident occurred near coordinates 12.7509, 77.2084 within jurisdiction of Ramanagara Town PS.",Cyber Crime,Cyber Crime,ITA,"Information Technology Act, 2000",IT Act,66C,Identity theft using computer resource,1,1,Nikhil Kamath,37,Private Employee,Hindu,General,Male,Hari Sharma,48,Male,0,Rahul Das,27,Transgender,A1,1.0,2023-02-16T04:00:00,Karnataka,Ramanagara,Ramanagara Town PS,KA54688,Ramanagara District & Sessions Court,Rahul Das,Gautam Deshmukh,,,
FIR,Non-Heinous,Report Beece (B-Report),Karnataka,Ramanagara,Ramanagara District & Sessions Court,Police Station,Ramanagara Town PS,KA54688,Bhavya Singh,Constable,Investigating Officer,1993-12-16,Female,AB Positive,0,2014-12-02,131632172202300458,202300458,2023-02-09,"On 07-02-2023, a case of Cyber Crime was reported at Ramanagara Town PS, Ramanagara district.",2023-02-07T02:00:00,2023-02-07T03:00:00,2023-02-07T06:00:00,12.7509,77.2084,"Incident occurred near coordinates 12.7509, 77.2084 within jurisdiction of Ramanagara Town PS.",Cyber Crime,Cyber Crime,ITA,"Information Technology Act, 2000",IT Act,66C,Identity theft using computer resource,1,1,,,,,,,,,,0,Gautam Deshmukh,,Female,A2,,,,,,,,,,,,
PAR,Heinous,Chargesheet Filed,Karnataka,Hubballi-Dharwad,Dharwad District & Sessions Court,Police Station,Dharwad Town PS,KA95810,Ananya Kamath,Inspector,Investigating Officer,1995-11-09,Female,O Negative,1,2017-06-05,382976431202400459,202400459,2024-11-07,"On 04-11-2024, a case of Dark Web Crime was reported at Dharwad Town PS, Hubballi-Dharwad district.",2024-11-04T16:00:00,2024-11-05T00:00:00,2024-11-04T20:00:00,15.3997,75.0882,"Incident occurred near coordinates 15.3997, 75.0882 within jurisdiction of Dharwad Town PS.",Cyber Crime,Dark Web Crime,ITA,"Information Technology Act, 2000",IT Act,67,Publishing/transmitting obscene material electronically,1,1,Suresh Verma,58,Private Employee,Hindu,General,Female,Kavya Shetty,73,Female,0,Esha Shenoy,41,Transgender,A1,1.0,2024-11-14T20:00:00,Karnataka,Hubballi-Dharwad,Dharwad Town PS,KA95810,Dharwad District & Sessions Court,Esha Shenoy,,2024-12-26T20:00:00,B,KA95810
Zero FIR,Non-Heinous,Undetected,Karnataka,Hubballi-Dharwad,Dharwad District & Sessions Court,Police Station,Dharwad Town PS,KA30966,Kiran Singh,Sub-Inspector,Circle Inspector,1975-08-26,Male,AB Negative,0,2000-06-26,875511629202200460,202200460,2025-06-20,"On 16-06-2025, a case of Theft was reported at Dharwad Town PS, Hubballi-Dharwad district.",2025-06-16T07:00:00,2025-06-16T14:00:00,2025-06-16T16:00:00,15.4242,75.0483,"Incident occurred near coordinates 15.4242, 75.0483 within jurisdiction of Dharwad Town PS.",Property Crimes,Theft,IPC,Indian Penal Code,IPC,379,Punishment for theft,1,1,Manish Naik,34,Private Employee,Hindu,General,Male,Kiran Bhat,39,Male,0,Abhishek Kamath,,Transgender,A1,,,,,,,,,,,,
UDR,Heinous,Undetected,Karnataka,Bengaluru Rural,Bengaluru Rural District & Sessions Court,Police Station,Bengaluru Rural PS,KA35800,Aarav Hegde,Constable,Circle Inspector,1974-08-11,Female,A Negative,0,2020-11-12,212122555202200461,202200461,2023-05-20,"On 15-05-2023, a case of Dark Web Crime was reported at Bengaluru Rural PS, Bengaluru Rural district.",2023-05-15T19:00:00,2023-05-15T22:00:00,2023-05-16T09:00:00,13.2666,77.5378,"Incident occurred near coordinates 13.2666, 77.5378 within jurisdiction of Bengaluru Rural PS.",Cyber Crime,Dark Web Crime,ITA,"Information Technology Act, 2000",IT Act,67,Publishing/transmitting obscene material electronically,1,1,Esha Patil,40,Private Employee,Hindu,General,Female,Deepak Hegde,19,Transgender,0,Manish Singh,,Male,A1,,,,,,,,,,,,
UDR,Non-Heinous,Undetected,Karnataka,Bengaluru Rural,Bengaluru Rural District & Sessions Court,Police Station,Bengaluru Rural PS,KA35800,Aarav Hegde,Deputy Superintendent,Circle Inspector,1975-07-06,Male,AB Positive,0,2020-12-24,212122555202200461,202200461,2023-05-20,"On 15-05-2023, a case of Dark Web Crime was reported at Bengaluru Rural PS, Bengaluru Rural district.",2023-05-15T19:00:00,2023-05-15T22:00:00,2023-05-16T09:00:00,13.2666,77.5378,"Incident occurred near coordinates 13.2666, 77.5378 within jurisdiction of Bengaluru Rural PS.",Cyber Crime,Dark Web Crime,ITA,"Information Technology Act, 2000",IT Act,67,Publishing/transmitting obscene material electronically,1,1,,,,,,,,,,0,Suresh Shetty,27,Male,A2,,,,,,,,,,,,
UDR,Non-Heinous,Undetected,Karnataka,Bengaluru Rural,Bengaluru Rural District & Sessions Court,Police Station,Bengaluru Rural PS,KA35800,Aarav Hegde,Inspector,SHO,1981-04-25,Male,AB Positive,0,2016-03-25,212122555202200461,202200461,2023-05-20,"On 15-05-2023, a case of Dark Web Crime was reported at Bengaluru Rural PS, Bengaluru Rural district.",2023-05-15T19:00:00,2023-05-15T22:00:00,2023-05-16T09:00:00,13.2666,77.5378,"Incident occurred near coordinates 13.2666, 77.5378 within jurisdiction of Bengaluru Rural PS.",Cyber Crime,Dark Web Crime,ITA,"Information Technology Act, 2000",IT Act,67,Publishing/transmitting obscene material electronically,1,1,,,,,,,,,,0,Gautam Shenoy,,Transgender,A3,,,,,,,,,,,,
Zero FIR,Non-Heinous,Chargesheet Filed,Karnataka,Chikkamagaluru,Chikkamagaluru District & Sessions Court,Police Station,Chikkamagaluru PS,KA57856,Divya Naik,Constable,Circle Inspector,1973-08-16,Female,B Negative,1,2005-05-05,875779722202400462,202400462,2022-06-22,"On 18-06-2022, a case of Drug Offence was reported at Chikkamagaluru PS, Chikkamagaluru district.",2022-06-18T13:00:00,2022-06-18T19:00:00,2022-06-18T21:00:00,13.2548,75.7029,"Incident occurred near coordinates 13.2548, 75.7029 within jurisdiction of Chikkamagaluru PS.",Narcotics,Drug Offence,NDPS,"Narcotic Drugs and Psychotropic Substances Act, 1985",NDPS,20,Punishment for cannabis-related offences,1,1,Gautam Kamath,79,Private Employee,Hindu,General,Female,Ananya Rao,47,Female,0,Abhishek Rao,,Male,A1,1.0,2022-06-29T21:00:00,Karnataka,Chikkamagaluru,Chikkamagaluru PS,KA57856,Chikkamagaluru District & Sessions Court,Abhishek Rao,"Chirag Patil,Priya Bhat",2022-08-04T21:00:00,A,KA57856
Zero FIR,Non-Heinous,Chargesheet Filed,Karnataka,Chikkamagaluru,Chikkamagaluru District & Sessions Court,Police Station,Chikkamagaluru PS,KA57856,Divya Naik,Constable,Circle Inspector,1983-12-02,Male,B Positive,0,2017-01-14,875779722202400462,202400462,2022-06-22,"On 18-06-2022, a case of Drug Offence was reported at Chikkamagaluru PS, Chikkamagaluru district.",2022-06-18T13:00:00,2022-06-18T19:00:00,2022-06-18T21:00:00,13.2548,75.7029,"Incident occurred near coordinates 13.2548, 75.7029 within jurisdiction of Chikkamagaluru PS.",Narcotics,Drug Offence,NDPS,"Narcotic Drugs and Psychotropic Substances Act, 1985",NDPS,20,Punishment for cannabis-related offences,1,1,,,,,,,,,,0,Chirag Patil,67,Transgender,A2,,,,,,,,,,,,
Zero FIR,Heinous,Chargesheet Filed,Karnataka,Chikkamagaluru,Chikkamagaluru District & Sessions Court,Police Station,Chikkamagaluru PS,KA57856,Divya Naik,Deputy Superintendent,Circle Inspector,1996-06-03,Female,AB Negative,1,2016-02-03,875779722202400462,202400462,2022-06-22,"On 18-06-2022, a case of Drug Offence was reported at Chikkamagaluru PS, Chikkamagaluru district.",2022-06-18T13:00:00,2022-06-18T19:00:00,2022-06-18T21:00:00,13.2548,75.7029,"Incident occurred near coordinates 13.2548, 75.7029 within jurisdiction of Chikkamagaluru PS.",Narcotics,Drug Offence,NDPS,"Narcotic Drugs and Psychotropic Substances Act, 1985",NDPS,20,Punishment for cannabis-related offences,1,1,,,,,,,,,,0,Priya Bhat,,Male,A3,,,,,,,,,,,,
PAR,Non-Heinous,Under Investigation,Karnataka,Tumakuru,Tumakuru District & Sessions Court,Police Station,Tumakuru Town PS,KA18345,Aditi Nair,Deputy Superintendent,Investigating Officer,1970-06-28,Female,AB Positive,0,2009-03-12,373535777202600463,202600463,2023-10-23,"On 22-10-2023, a case of Drug Offence was reported at Tumakuru Town PS, Tumakuru district.",2023-10-22T07:00:00,2023-10-22T13:00:00,2023-10-22T13:00:00,13.2763,77.1104,"Incident occurred near coordinates 13.2763, 77.1104 within jurisdiction of Tumakuru Town PS.",Narcotics,Drug Offence,NDPS,"Narcotic Drugs and Psychotropic Substances Act, 1985",NDPS,20,Punishment for cannabis-related offences,1,1,Rajesh Patil,68,Private Employee,Hindu,General,Female,Gautam Pai,36,Transgender,0,Gautam Naik,24,Transgender,A1,1.0,2023-10-30T09:00:00,Karnataka,Tumakuru,Tumakuru Town PS,KA18345,Tumakuru District & Sessions Court,Gautam Naik,,,,
FIR,Heinous,Undetected,Karnataka,Kalaburagi,Kalaburagi District & Sessions Court,Police Station,Kalaburagi City PS,KA25307,Chirag Rao,Inspector,Investigating Officer,1980-02-10,Male,O Positive,0,2000-06-05,137556907202600464,202600464,2025-08-07,"On 05-08-2025, a case of Burglary was reported at Kalaburagi City PS, Kalaburagi district.",2025-08-05T17:00:00,2025-08-06T00:00:00,2025-08-05T19:00:00,17.3033,76.7701,"Incident occurred near coordinates 17.3033, 76.7701 within jurisdiction of Kalaburagi City PS.",Property Crimes,Burglary,IPC,Indian Penal Code,IPC,457,Lurking house-trespass or house-breaking by night,1,1,Meena Shetty,75,Private Employee,Hindu,General,Male,Vikram Joshi,34,Male,0,Ananya Shenoy,,Female,A1,,,,,,,,,,,,
FIR,Non-Heinous,Undetected,Karnataka,Hubballi-Dharwad,Dharwad District & Sessions Court,Police Station,Dharwad Town PS,KA46946,Kiran Nair,Sub-Inspector,Investigating Officer,1997-03-11,Female,A Positive,0,2002-04-13,148518043202400465,202400465,2022-08-04,"On 03-08-2022, a case of Cyber Crime was reported at Dharwad Town PS, Hubballi-Dharwad district.",2022-08-03T16:00:00,2022-08-04T00:00:00,2022-08-04T10:00:00,15.2982,75.1916,"Incident occurred near coordinates 15.2982, 75.1916 within jurisdiction of Dharwad Town PS.",Cyber Crime,Cyber Crime,ITA,"Information Technology Act, 2000",IT Act,66C,Identity theft using computer resource,1,1,Bhavya Kulkarni,24,Private Employee,Hindu,General,Female,Rajesh Kulkarni,29,Transgender,0,Pooja Kamath,,Transgender,A1,,,,,,,,,,,,
PAR,Heinous,Under Investigation,Karnataka,Chikkamagaluru,Chikkamagaluru District & Sessions Court,Police Station,Chikkamagaluru PS,KA71343,Pooja Reddy,Deputy Superintendent,Circle Inspector,1977-04-04,Male,AB Negative,0,2007-10-08,398475860202600466,202600466,2025-08-16,"On 11-08-2025, a case of Assault was reported at Chikkamagaluru PS, Chikkamagaluru district.",2025-08-11T07:00:00,2025-08-11T10:00:00,2025-08-11T22:00:00,13.252,75.7836,"Incident occurred near coordinates 13.252, 75.7836 within jurisdiction of Chikkamagaluru PS.",Crimes Against Body,Assault,IPC,Indian Penal Code,IPC,351,Assault,1,1,Deepak Verma,73,Private Employee,Hindu,General,Transgender,Anil Deshmukh,39,Male,0,Siddharth Deshmukh,,Transgender,A1,1.0,2025-08-23T16:00:00,Karnataka,Chikkamagaluru,Chikkamagaluru PS,KA71343,Chikkamagaluru District & Sessions Court,Siddharth Deshmukh,Pooja Shenoy,,,
PAR,Heinous,Under Investigation,Karnataka,Chikkamagaluru,Chikkamagaluru District & Sessions Court,Police Station,Chikkamagaluru PS,KA71343,Pooja Reddy,Head Constable,SHO,1983-12-07,Male,AB Positive,0,2018-10-17,398475860202600466,202600466,2025-08-16,"On 11-08-2025, a case of Assault was reported at Chikkamagaluru PS, Chikkamagaluru district.",2025-08-11T07:00:00,2025-08-11T10:00:00,2025-08-11T22:00:00,13.252,75.7836,"Incident occurred near coordinates 13.252, 75.7836 within jurisdiction of Chikkamagaluru PS.",Crimes Against Body,Assault,IPC,Indian Penal Code,IPC,351,Assault,1,1,,,,,,,,,,0,Pooja Shenoy,,Female,A2,,,,,,,,,,,,
FIR,Heinous,Chargesheet Filed,Karnataka,Chikkamagaluru,Chikkamagaluru District & Sessions Court,Police Station,Chikkamagaluru PS,KA61643,Abhishek Reddy,Sub-Inspector,Station Writer,1976-09-25,Male,A Negative,1,2017-07-05,192822633202500467,202500467,2024-03-29,"On 23-03-2024, a case of Assault was reported at Chikkamagaluru PS, Chikkamagaluru district.",2024-03-23T14:00:00,2024-03-23T18:00:00,2024-03-24T07:00:00,13.3231,75.7696,"Incident occurred near coordinates 13.3231, 75.7696 within jurisdiction of Chikkamagaluru PS.",Crimes Against Body,Assault,IPC,Indian Penal Code,IPC,351,Assault,1,1,Nikhil Shetty,36,Private Employee,Hindu,General,Female,Meena Rao,46,Male,0,Pooja Sharma,39,Male,A1,1.0,2024-04-05T01:00:00,Karnataka,Chikkamagaluru,Chikkamagaluru PS,KA61643,Chikkamagaluru District & Sessions Court,Pooja Sharma,Divya Sharma,2024-05-28T01:00:00,B,KA61643
FIR,Non-Heinous,Chargesheet Filed,Karnataka,Chikkamagaluru,Chikkamagaluru District & Sessions Court,Police Station,Chikkamagaluru PS,KA61643,Abhishek Reddy,Inspector,SHO,1987-11-14,Female,O Positive,0,2007-02-13,192822633202500467,202500467,2024-03-29,"On 23-03-2024, a case of Assault was reported at Chikkamagaluru PS, Chikkamagaluru district.",2024-03-23T14:00:00,2024-03-23T18:00:00,2024-03-24T07:00:00,13.3231,75.7696,"Incident occurred near coordinates 13.3231, 75.7696 within jurisdiction of Chikkamagaluru PS.",Crimes Against Body,Assault,IPC,Indian Penal Code,IPC,351,Assault,1,1,,,,,,,,,,0,Divya Sharma,30,Female,A2,,,,,,,,,,,,
Zero FIR,Heinous,Undetected,Karnataka,Kolar,Kolar District & Sessions Court,Police Station,Kolar Town PS,KA81344,Isha Kumar,Inspector,Investigating Officer,1985-09-02,Male,A Positive,0,2015-10-21,843782512202200468,202200468,2023-10-10,"On 05-10-2023, a case of Robbery was reported at Kolar Town PS, Kolar district.",2023-10-05T23:00:00,2023-10-06T02:00:00,2023-10-06T15:00:00,13.1856,78.0605,"Incident occurred near coordinates 13.1856, 78.0605 within jurisdiction of Kolar Town PS.",Property Crimes,Robbery,IPC,Indian Penal Code,IPC,392,Punishment for robbery,1,1,Kiran Joshi,65,Private Employee,Hindu,General,Female,Pooja Reddy,30,Male,0,Tanvi Naik,,Male,A1,,,,,,,,,,,,
FIR,Non-Heinous,Chargesheet Filed,Karnataka,Bengaluru Rural,Bengaluru Rural District & Sessions Court,Police Station,Bengaluru Rural PS,KA71309,Manish Singh,Sub-Inspector,SHO,1992-05-06,Female,A Positive,0,2016-06-01,156561287202600469,202600469,2022-05-14,"On 09-05-2022, a case of Robbery was reported at Bengaluru Rural PS, Bengaluru Rural district.",2022-05-09T13:00:00,2022-05-09T15:00:00,2022-05-09T22:00:00,13.2216,77.534,"Incident occurred near coordinates 13.2216, 77.534 within jurisdiction of Bengaluru Rural PS.",Property Crimes,Robbery,IPC,Indian Penal Code,IPC,392,Punishment for robbery,1,1,Vikram Kulkarni,36,Private Employee,Hindu,General,Male,Farhan Verma,19,Male,0,Anil Verma,72,Male,A1,1.0,2022-05-21T19:00:00,Karnataka,Bengaluru Rural,Bengaluru Rural PS,KA71309,Bengaluru Rural District & Sessions Court,Anil Verma,,2022-07-01T19:00:00,B,KA71309
UDR,Heinous,Chargesheet Filed,Karnataka,Belagavi,Belagavi District & Sessions Court,Police Station,Belagavi City PS,KA63061,Suresh Gowda,Head Constable,Station Writer,1983-03-15,Male,B Negative,1,2008-01-11,229649351202400470,202400470,2024-10-17,"On 15-10-2024, a case of Drug Offence was reported at Belagavi City PS, Belagavi district.",2024-10-15T06:00:00,2024-10-15T14:00:00,2024-10-15T09:00:00,15.9004,74.5356,"Incident occurred near coordinates 15.9004, 74.5356 within jurisdiction of Belagavi City PS.",Narcotics,Drug Offence,NDPS,"Narcotic Drugs and Psychotropic Substances Act, 1985",NDPS,20,Punishment for cannabis-related offences,1,1,Tanvi Deshmukh,37,Private Employee,Hindu,General,Female,Nikhil Rao,50,Male,0,Pooja Pai,25,Male,A1,1.0,2024-10-24T17:00:00,Karnataka,Belagavi,Belagavi City PS,KA63061,Belagavi District & Sessions Court,Pooja Pai,,2024-11-26T17:00:00,B,KA63061
UDR,Non-Heinous,Report Beece (B-Report),Karnataka,Hubballi-Dharwad,Dharwad District & Sessions Court,Police Station,Dharwad Town PS,KA57119,Abhishek Sharma,Inspector,Circle Inspector,1997-11-06,Female,AB Negative,1,2017-10-22,279933694202500471,202500471,2022-08-02,"On 30-07-2022, a case of Dark Web Crime was reported at Dharwad Town PS, Hubballi-Dharwad district.",2022-07-30T10:00:00,2022-07-30T13:00:00,2022-07-31T09:00:00,15.4078,75.1048,"Incident occurred near coordinates 15.4078, 75.1048 within jurisdiction of Dharwad Town PS.",Cyber Crime,Dark Web Crime,ITA,"Information Technology Act, 2000",IT Act,67,Publishing/transmitting obscene material electronically,1,1,Priya Das,57,Private Employee,Hindu,General,Transgender,Abhishek Shenoy,72,Transgender,0,Anil Bhat,25,Female,A1,1.0,2022-08-09T11:00:00,Karnataka,Hubballi-Dharwad,Dharwad Town PS,KA57119,Dharwad District & Sessions Court,Anil Bhat,"Hari Nair,Chirag Sharma",,,
UDR,Heinous,Report Beece (B-Report),Karnataka,Hubballi-Dharwad,Dharwad District & Sessions Court,Police Station,Dharwad Town PS,KA57119,Abhishek Sharma,Sub-Inspector,Circle Inspector,1975-12-20,Male,B Positive,0,2002-07-26,279933694202500471,202500471,2022-08-02,"On 30-07-2022, a case of Dark Web Crime was reported at Dharwad Town PS, Hubballi-Dharwad district.",2022-07-30T10:00:00,2022-07-30T13:00:00,2022-07-31T09:00:00,15.4078,75.1048,"Incident occurred near coordinates 15.4078, 75.1048 within jurisdiction of Dharwad Town PS.",Cyber Crime,Dark Web Crime,ITA,"Information Technology Act, 2000",IT Act,67,Publishing/transmitting obscene material electronically,1,1,,,,,,,,,,0,Hari Nair,,Male,A2,,,,,,,,,,,,
UDR,Heinous,Report Beece (B-Report),Karnataka,Hubballi-Dharwad,Dharwad District & Sessions Court,Police Station,Dharwad Town PS,KA57119,Abhishek Sharma,Head Constable,Investigating Officer,1990-02-11,Female,A Positive,0,2008-06-14,279933694202500471,202500471,2022-08-02,"On 30-07-2022, a case of Dark Web Crime was reported at Dharwad Town PS, Hubballi-Dharwad district.",2022-07-30T10:00:00,2022-07-30T13:00:00,2022-07-31T09:00:00,15.4078,75.1048,"Incident occurred near coordinates 15.4078, 75.1048 within jurisdiction of Dharwad Town PS.",Cyber Crime,Dark Web Crime,ITA,"Information Technology Act, 2000",IT Act,67,Publishing/transmitting obscene material electronically,1,1,,,,,,,,,,0,Chirag Sharma,,Male,A3,,,,,,,,,,,,
PAR,Non-Heinous,Under Investigation,Karnataka,Bagalkote,Bagalkote District & Sessions Court,Police Station,Bagalkote Town PS,KA90589,Dev Nair,Head Constable,Investigating Officer,1980-04-06,Female,AB Positive,1,2009-05-11,329391414202600472,202600472,2022-05-06,"On 04-05-2022, a case of Assault was reported at Bagalkote Town PS, Bagalkote district.",2022-05-04T04:00:00,2022-05-04T11:00:00,2022-05-04T22:00:00,16.1687,75.6584,"Incident occurred near coordinates 16.1687, 75.6584 within jurisdiction of Bagalkote Town PS.",Crimes Against Body,Assault,IPC,Indian Penal Code,IPC,351,Assault,1,1,Aditi Kulkarni,61,Private Employee,Hindu,General,Female,Rajesh Kumar,69,Transgender,0,Siddharth Kulkarni,,Male,A1,1.0,2022-05-13T07:00:00,Karnataka,Bagalkote,Bagalkote Town PS,KA90589,Bagalkote District & Sessions Court,Siddharth Kulkarni,"Gautam Deshmukh,Farhan Verma",,,
PAR,Non-Heinous,Under Investigation,Karnataka,Bagalkote,Bagalkote District & Sessions Court,Police Station,Bagalkote Town PS,KA90589,Dev Nair,Sub-Inspector,Investigating Officer,1985-02-25,Male,B Positive,0,2000-05-01,329391414202600472,202600472,2022-05-06,"On 04-05-2022, a case of Assault was reported at Bagalkote Town PS, Bagalkote district.",2022-05-04T04:00:00,2022-05-04T11:00:00,2022-05-04T22:00:00,16.1687,75.6584,"Incident occurred near coordinates 16.1687, 75.6584 within jurisdiction of Bagalkote Town PS.",Crimes Against Body,Assault,IPC,Indian Penal Code,IPC,351,Assault,1,1,,,,,,,,,,0,Gautam Deshmukh,25,Female,A2,,,,,,,,,,,,
PAR,Non-Heinous,Under Investigation,Karnataka,Bagalkote,Bagalkote District & Sessions Court,Police Station,Bagalkote Town PS,KA90589,Dev Nair,Inspector,Station Writer,1974-08-22,Male,AB Positive,0,2015-08-06,329391414202600472,202600472,2022-05-06,"On 04-05-2022, a case of Assault was reported at Bagalkote Town PS, Bagalkote district.",2022-05-04T04:00:00,2022-05-04T11:00:00,2022-05-04T22:00:00,16.1687,75.6584,"Incident occurred near coordinates 16.1687, 75.6584 within jurisdiction of Bagalkote Town PS.",Crimes Against Body,Assault,IPC,Indian Penal Code,IPC,351,Assault,1,1,,,,,,,,,,0,Farhan Verma,62,Female,A3,,,,,,,,,,,,
FIR,Heinous,Chargesheet Filed,Karnataka,Bengaluru Urban,"Principal City Civil & Sessions Court, Bengaluru",Police Station,Bengaluru City PS,KA77464,Nikhil Pai,Head Constable,SHO,1975-03-03,Male,AB Positive,0,2018-02-04,125587849202500473,202500473,2023-12-30,"On 25-12-2023, a case of Grievous Hurt was reported at Bengaluru City PS, Bengaluru Urban district.",2023-12-25T02:00:00,2023-12-25T06:00:00,2023-12-25T08:00:00,12.9817,77.6721,"Incident occurred near coordinates 12.9817, 77.6721 within jurisdiction of Bengaluru City PS.",Crimes Against Body,Grievous Hurt,IPC,Indian Penal Code,IPC,325,Punishment for voluntarily causing grievous hurt,1,1,Tanvi Joshi,71,Private Employee,Hindu,General,Transgender,Siddharth Kumar,40,Female,0,Divya Bhat,,Female,A1,1.0,2024-01-06T10:00:00,Karnataka,Bengaluru Urban,Bengaluru City PS,KA77464,"Principal City Civil & Sessions Court, Bengaluru",Divya Bhat,Esha Kulkarni,2024-01-27T10:00:00,C,KA77464
FIR,Heinous,Chargesheet Filed,Karnataka,Bengaluru Urban,"Principal City Civil & Sessions Court, Bengaluru",Police Station,Bengaluru City PS,KA77464,Nikhil Pai,Constable,Investigating Officer,1987-12-19,Female,B Negative,0,2019-12-18,125587849202500473,202500473,2023-12-30,"On 25-12-2023, a case of Grievous Hurt was reported at Bengaluru City PS, Bengaluru Urban district.",2023-12-25T02:00:00,2023-12-25T06:00:00,2023-12-25T08:00:00,12.9817,77.6721,"Incident occurred near coordinates 12.9817, 77.6721 within jurisdiction of Bengaluru City PS.",Crimes Against Body,Grievous Hurt,IPC,Indian Penal Code,IPC,325,Punishment for voluntarily causing grievous hurt,1,1,,,,,,,,,,0,Esha Kulkarni,21,Transgender,A2,,,,,,,,,,,,
FIR,Non-Heinous,Report Beece (B-Report),Karnataka,Ramanagara,Ramanagara District & Sessions Court,Police Station,Ramanagara Town PS,KA84903,Kiran Kamath,Head Constable,Investigating Officer,1978-04-05,Male,O Positive,0,2000-03-21,193645797202400474,202400474,2024-04-27,"On 25-04-2024, a case of Robbery was reported at Ramanagara Town PS, Ramanagara district.",2024-04-25T00:00:00,2024-04-25T06:00:00,2024-04-25T14:00:00,12.7669,77.233,"Incident occurred near coordinates 12.7669, 77.233 within jurisdiction of Ramanagara Town PS.",Property Crimes,Robbery,IPC,Indian Penal Code,IPC,392,Punishment for robbery,1,1,Rajesh Sharma,29,Private Employee,Hindu,General,Female,Gautam Kumar,67,Transgender,0,Abhishek Kamath,36,Male,A1,1.0,2024-05-04T01:00:00,Karnataka,Ramanagara,Ramanagara Town PS,KA84903,Ramanagara District & Sessions Court,Abhishek Kamath,,,,
Zero FIR,Heinous,Chargesheet Filed,Karnataka,Mangaluru,Dakshina Kannada District & Sessions Court,Police Station,Mangaluru Town PS,KA91410,Pooja Pai,Deputy Superintendent,Station Writer,1995-08-06,Male,B Negative,0,2009-04-01,828121536202400475,202400475,2022-10-21,"On 18-10-2022, a case of Money Laundering was reported at Mangaluru Town PS, Mangaluru district.",2022-10-18T09:00:00,2022-10-18T14:00:00,2022-10-18T14:00:00,12.9716,74.8283,"Incident occurred near coordinates 12.9716, 74.8283 within jurisdiction of Mangaluru Town PS.",Financial Crime,Money Laundering,PMLA,"Prevention of Money Laundering Act, 2002",PMLA,3,Offence of money laundering,1,1,Vikram Rao,23,Private Employee,Hindu,General,Male,Anil Kumar,12,Female,0,Kavya Reddy,43,Transgender,A1,1.0,2022-10-28T21:00:00,Karnataka,Mangaluru,Mangaluru Town PS,KA91410,Dakshina Kannada District & Sessions Court,Kavya Reddy,Divya Shetty,2022-11-16T21:00:00,C,KA91410
Zero FIR,Heinous,Chargesheet Filed,Karnataka,Mangaluru,Dakshina Kannada District & Sessions Court,Police Station,Mangaluru Town PS,KA91410,Pooja Pai,Head Constable,Station Writer,1984-08-27,Male,AB Positive,0,2002-06-09,828121536202400475,202400475,2022-10-21,"On 18-10-2022, a case of Money Laundering was reported at Mangaluru Town PS, Mangaluru district.",2022-10-18T09:00:00,2022-10-18T14:00:00,2022-10-18T14:00:00,12.9716,74.8283,"Incident occurred near coordinates 12.9716, 74.8283 within jurisdiction of Mangaluru Town PS.",Financial Crime,Money Laundering,PMLA,"Prevention of Money Laundering Act, 2002",PMLA,3,Offence of money laundering,1,1,,,,,,,,,,0,Divya Shetty,,Male,A2,,,,,,,,,,,,
Zero FIR,Non-Heinous,Chargesheet Filed,Karnataka,Kolar,Kolar District & Sessions Court,Police Station,Kolar Town PS,KA51667,Anil Shenoy,Inspector,SHO,1975-05-26,Male,A Negative,1,2019-12-08,832182884202400476,202400476,2023-06-15,"On 10-06-2023, a case of Cyber Crime was reported at Kolar Town PS, Kolar district.",2023-06-10T18:00:00,2023-06-10T19:00:00,2023-06-10T22:00:00,13.0693,78.082,"Incident occurred near coordinates 13.0693, 78.082 within jurisdiction of Kolar Town PS.",Cyber Crime,Cyber Crime,ITA,"Information Technology Act, 2000",IT Act,66C,Identity theft using computer resource,1,1,Abhishek Gowda,51,Private Employee,Hindu,General,Male,Aditi Joshi,30,Transgender,0,Manish Sharma,23,Female,A1,1.0,2023-06-22T04:00:00,Karnataka,Kolar,Kolar Town PS,KA51667,Kolar District & Sessions Court,Manish Sharma,,2023-07-13T04:00:00,B,KA51667
UDR,Heinous,Undetected,Karnataka,Mangaluru,Dakshina Kannada District & Sessions Court,Police Station,Mangaluru Town PS,KA44966,Farhan Shetty,Sub-Inspector,Station Writer,1994-06-21,Female,AB Negative,0,2020-12-02,236625956202300477,202300477,2022-08-27,"On 23-08-2022, a case of Robbery was reported at Mangaluru Town PS, Mangaluru district.",2022-08-23T00:00:00,2022-08-23T04:00:00,2022-08-23T03:00:00,12.9529,74.8456,"Incident occurred near coordinates 12.9529, 74.8456 within jurisdiction of Mangaluru Town PS.",Property Crimes,Robbery,IPC,Indian Penal Code,IPC,392,Punishment for robbery,1,1,Isha Shenoy,31,Private Employee,Hindu,General,Female,Nikhil Bhat,58,Female,0,Tanvi Reddy,,Male,A1,,,,,,,,,,,,
UDR,Heinous,Undetected,Karnataka,Mangaluru,Dakshina Kannada District & Sessions Court,Police Station,Mangaluru Town PS,KA44966,Farhan Shetty,Sub-Inspector,Investigating Officer,1986-05-21,Female,A Negative,0,2009-12-16,236625956202300477,202300477,2022-08-27,"On 23-08-2022, a case of Robbery was reported at Mangaluru Town PS, Mangaluru district.",2022-08-23T00:00:00,2022-08-23T04:00:00,2022-08-23T03:00:00,12.9529,74.8456,"Incident occurred near coordinates 12.9529, 74.8456 within jurisdiction of Mangaluru Town PS.",Property Crimes,Robbery,IPC,Indian Penal Code,IPC,392,Punishment for robbery,1,1,,,,,,,,,,0,Vikram Nair,,Transgender,A2,,,,,,,,,,,,
Zero FIR,Heinous,Undetected,Karnataka,Chikkamagaluru,Chikkamagaluru District & Sessions Court,Police Station,Chikkamagaluru PS,KA29979,Divya Kamath,Inspector,Station Writer,1989-08-17,Male,AB Positive,1,2013-03-01,844442852202400478,202400478,2024-08-18,"On 13-08-2024, a case of Cyber Crime was reported at Chikkamagaluru PS, Chikkamagaluru district.",2024-08-13T23:00:00,2024-08-14T06:00:00,2024-08-14T06:00:00,13.3401,75.7439,"Incident occurred near coordinates 13.3401, 75.7439 within jurisdiction of Chikkamagaluru PS.",Cyber Crime,Cyber Crime,ITA,"Information Technology Act, 2000",IT Act,66C,Identity theft using computer resource,1,1,Vikram Shetty,64,Private Employee,Hindu,General,Female,Aarav Deshmukh,13,Transgender,0,Sanjay Naik,,Female,A1,,,,,,,,,,,,
PAR,Non-Heinous,Under Investigation,Karnataka,Shivamogga,Shivamogga District & Sessions Court,Police Station,Shivamogga Town PS,KA50599,Pooja Kulkarni,Constable,Investigating Officer,1973-06-10,Male,A Positive,0,2020-07-08,314716767202200479,202200479,2025-05-03,"On 01-05-2025, a case of Cryptocurrency Crime was reported at Shivamogga Town PS, Shivamogga district.",2025-05-01T15:00:00,2025-05-01T22:00:00,2025-05-02T15:00:00,13.9,75.6164,"Incident occurred near coordinates 13.9, 75.6164 within jurisdiction of Shivamogga Town PS.",Cyber Crime,Cryptocurrency Crime,ITA,"Information Technology Act, 2000",IT Act,66D,Cheating by personation using a computer resource,1,1,Vikram Shetty,69,Private Employee,Hindu,General,Transgender,Sunil Kulkarni,61,Male,0,Anil Gowda,,Transgender,A1,1.0,2025-05-10T02:00:00,Karnataka,Shivamogga,Shivamogga Town PS,KA50599,Shivamogga District & Sessions Court,Anil Gowda,"Sunil Sharma,Esha Reddy",,,
PAR,Heinous,Under Investigation,Karnataka,Shivamogga,Shivamogga District & Sessions Court,Police Station,Shivamogga Town PS,KA50599,Pooja Kulkarni,Constable,Station Writer,1994-04-15,Female,B Positive,0,2002-03-18,314716767202200479,202200479,2025-05-03,"On 01-05-2025, a case of Cryptocurrency Crime was reported at Shivamogga Town PS, Shivamogga district.",2025-05-01T15:00:00,2025-05-01T22:00:00,2025-05-02T15:00:00,13.9,75.6164,"Incident occurred near coordinates 13.9, 75.6164 within jurisdiction of Shivamogga Town PS.",Cyber Crime,Cryptocurrency Crime,ITA,"Information Technology Act, 2000",IT Act,66D,Cheating by personation using a computer resource,1,1,,,,,,,,,,0,Sunil Sharma,,Female,A2,,,,,,,,,,,,
PAR,Heinous,Under Investigation,Karnataka,Shivamogga,Shivamogga District & Sessions Court,Police Station,Shivamogga Town PS,KA50599,Pooja Kulkarni,Sub-Inspector,Station Writer,1989-05-20,Male,B Positive,0,2018-02-10,314716767202200479,202200479,2025-05-03,"On 01-05-2025, a case of Cryptocurrency Crime was reported at Shivamogga Town PS, Shivamogga district.",2025-05-01T15:00:00,2025-05-01T22:00:00,2025-05-02T15:00:00,13.9,75.6164,"Incident occurred near coordinates 13.9, 75.6164 within jurisdiction of Shivamogga Town PS.",Cyber Crime,Cryptocurrency Crime,ITA,"Information Technology Act, 2000",IT Act,66D,Cheating by personation using a computer resource,1,1,,,,,,,,,,0,Esha Reddy,57,Male,A3,,,,,,,,,,,,
PAR,Non-Heinous,Undetected,Karnataka,Bagalkote,Bagalkote District & Sessions Court,Police Station,Bagalkote Town PS,KA91495,Suresh Naik,Deputy Superintendent,SHO,1980-02-03,Male,O Positive,0,2014-08-16,377689473202300480,202300480,2022-10-08,"On 03-10-2022, a case of Robbery was reported at Bagalkote Town PS, Bagalkote district.",2022-10-03T05:00:00,2022-10-03T11:00:00,2022-10-03T14:00:00,16.1824,75.6792,"Incident occurred near coordinates 16.1824, 75.6792 within jurisdiction of Bagalkote Town PS.",Property Crimes,Robbery,IPC,Indian Penal Code,IPC,392,Punishment for robbery,1,1,Kiran Sharma,26,Private Employee,Hindu,General,Transgender,Abhishek Hegde,41,Female,0,Bhavya Patil,30,Transgender,A1,,,,,,,,,,,,
PAR,Non-Heinous,Undetected,Karnataka,Bagalkote,Bagalkote District & Sessions Court,Police Station,Bagalkote Town PS,KA91495,Suresh Naik,Constable,SHO,1984-12-03,Male,A Positive,0,2011-12-16,377689473202300480,202300480,2022-10-08,"On 03-10-2022, a case of Robbery was reported at Bagalkote Town PS, Bagalkote district.",2022-10-03T05:00:00,2022-10-03T11:00:00,2022-10-03T14:00:00,16.1824,75.6792,"Incident occurred near coordinates 16.1824, 75.6792 within jurisdiction of Bagalkote Town PS.",Property Crimes,Robbery,IPC,Indian Penal Code,IPC,392,Punishment for robbery,1,1,,,,,,,,,,0,Meena Kulkarni,,Female,A2,,,,,,,,,,,,
PAR,Non-Heinous,Report Beece (B-Report),Karnataka,Bengaluru Urban,"Principal City Civil & Sessions Court, Bengaluru",Police Station,Bengaluru City PS,KA39275,Aarav Singh,Constable,SHO,1996-01-05,Female,B Positive,0,2017-12-05,316041266202300481,202300481,2025-01-26,"On 24-01-2025, a case of Money Laundering was reported at Bengaluru City PS, Bengaluru Urban district.",2025-01-24T15:00:00,2025-01-24T23:00:00,2025-01-25T01:00:00,12.8953,77.624,"Incident occurred near coordinates 12.8953, 77.624 within jurisdiction of Bengaluru City PS.",Financial Crime,Money Laundering,PMLA,"Prevention of Money Laundering Act, 2002",PMLA,3,Offence of money laundering,1,1,Bhavya Das,62,Private Employee,Hindu,General,Male,Suresh Deshmukh,16,Male,0,Kavya Pai,,Female,A1,1.0,2025-02-02T18:00:00,Karnataka,Bengaluru Urban,Bengaluru City PS,KA39275,"Principal City Civil & Sessions Court, Bengaluru",Kavya Pai,Aditi Shetty,,,
PAR,Non-Heinous,Report Beece (B-Report),Karnataka,Bengaluru Urban,"Principal City Civil & Sessions Court, Bengaluru",Police Station,Bengaluru City PS,KA39275,Aarav Singh,Constable,Station Writer,1992-12-05,Male,B Positive,0,2003-07-04,316041266202300481,202300481,2025-01-26,"On 24-01-2025, a case of Money Laundering was reported at Bengaluru City PS, Bengaluru Urban district.",2025-01-24T15:00:00,2025-01-24T23:00:00,2025-01-25T01:00:00,12.8953,77.624,"Incident occurred near coordinates 12.8953, 77.624 within jurisdiction of Bengaluru City PS.",Financial Crime,Money Laundering,PMLA,"Prevention of Money Laundering Act, 2002",PMLA,3,Offence of money laundering,1,1,,,,,,,,,,0,Aditi Shetty,,Female,A2,,,,,,,,,,,,
UDR,Heinous,Report Beece (B-Report),Karnataka,Hubballi-Dharwad,Dharwad District & Sessions Court,Police Station,Dharwad Town PS,KA25910,Suresh Gowda,Head Constable,SHO,1972-01-25,Male,A Positive,0,2001-09-14,210215503202400482,202400482,2025-10-02,"On 27-09-2025, a case of Cyber Crime was reported at Dharwad Town PS, Hubballi-Dharwad district.",2025-09-27T05:00:00,2025-09-27T11:00:00,2025-09-28T03:00:00,15.2895,75.1013,"Incident occurred near coordinates 15.2895, 75.1013 within jurisdiction of Dharwad Town PS.",Cyber Crime,Cyber Crime,ITA,"Information Technology Act, 2000",IT Act,66C,Identity theft using computer resource,1,1,Dev Kulkarni,57,Private Employee,Hindu,General,Male,Manish Naik,27,Male,0,Gautam Gowda,,Female,A1,1.0,2025-10-09T12:00:00,Karnataka,Hubballi-Dharwad,Dharwad Town PS,KA25910,Dharwad District & Sessions Court,Gautam Gowda,,,,
Zero FIR,Heinous,Under Investigation,Karnataka,Ramanagara,Ramanagara District & Sessions Court,Police Station,Ramanagara Town PS,KA19286,Manish Kulkarni,Deputy Superintendent,Station Writer,1984-06-03,Female,B Negative,1,2016-03-21,853938329202200483,202200483,2022-11-26,"On 21-11-2022, a case of Drug Offence was reported at Ramanagara Town PS, Ramanagara district.",2022-11-21T16:00:00,2022-11-21T21:00:00,2022-11-22T09:00:00,12.7474,77.2346,"Incident occurred near coordinates 12.7474, 77.2346 within jurisdiction of Ramanagara Town PS.",Narcotics,Drug Offence,NDPS,"Narcotic Drugs and Psychotropic Substances Act, 1985",NDPS,20,Punishment for cannabis-related offences,1,1,Nikhil Pai,50,Private Employee,Hindu,General,Male,Dev Hegde,6,Male,0,Ananya Hegde,,Transgender,A1,1.0,2022-12-03T23:00:00,Karnataka,Ramanagara,Ramanagara Town PS,KA19286,Ramanagara District & Sessions Court,Ananya Hegde,,,,
PAR,Heinous,Report Beece (B-Report),Karnataka,Bidar,Bidar District & Sessions Court,Police Station,Bidar Town PS,KA79471,Isha Rao,Inspector,Circle Inspector,1974-07-11,Female,O Negative,1,2006-05-23,359816599202200484,202200484,2024-09-25,"On 21-09-2024, a case of Assault was reported at Bidar Town PS, Bidar district.",2024-09-21T18:00:00,2024-09-21T20:00:00,2024-09-22T07:00:00,17.8766,77.5437,"Incident occurred near coordinates 17.8766, 77.5437 within jurisdiction of Bidar Town PS.",Crimes Against Body,Assault,IPC,Indian Penal Code,IPC,351,Assault,1,1,Gautam Das,29,Private Employee,Hindu,General,Transgender,Abhishek Verma,19,Male,0,Esha Pai,37,Female,A1,1.0,2024-10-02T06:00:00,Karnataka,Bidar,Bidar Town PS,KA79471,Bidar District & Sessions Court,Esha Pai,,,,
PAR,Heinous,Report Beece (B-Report),Karnataka,Mangaluru,Dakshina Kannada District & Sessions Court,Police Station,Mangaluru Town PS,KA84371,Vikram Sharma,Deputy Superintendent,Circle Inspector,1973-08-04,Female,O Positive,0,2008-09-26,383201542202500485,202500485,2023-07-03,"On 01-07-2023, a case of Burglary was reported at Mangaluru Town PS, Mangaluru district.",2023-07-01T11:00:00,2023-07-01T13:00:00,2023-07-01T20:00:00,12.8368,74.7969,"Incident occurred near coordinates 12.8368, 74.7969 within jurisdiction of Mangaluru Town PS.",Property Crimes,Burglary,IPC,Indian Penal Code,IPC,457,Lurking house-trespass or house-breaking by night,1,1,Rajesh Gowda,37,Private Employee,Hindu,General,Female,Esha Pai,74,Male,0,Rahul Gowda,,Male,A1,1.0,2023-07-10T18:00:00,Karnataka,Mangaluru,Mangaluru Town PS,KA84371,Dakshina Kannada District & Sessions Court,Rahul Gowda,"Bhavya Gowda,Gautam Shetty",,,
PAR,Heinous,Report Beece (B-Report),Karnataka,Mangaluru,Dakshina Kannada District & Sessions Court,Police Station,Mangaluru Town PS,KA84371,Vikram Sharma,Head Constable,Station Writer,1974-03-09,Female,B Negative,0,2006-07-10,383201542202500485,202500485,2023-07-03,"On 01-07-2023, a case of Burglary was reported at Mangaluru Town PS, Mangaluru district.",2023-07-01T11:00:00,2023-07-01T13:00:00,2023-07-01T20:00:00,12.8368,74.7969,"Incident occurred near coordinates 12.8368, 74.7969 within jurisdiction of Mangaluru Town PS.",Property Crimes,Burglary,IPC,Indian Penal Code,IPC,457,Lurking house-trespass or house-breaking by night,1,1,,,,,,,,,,0,Bhavya Gowda,,Male,A2,,,,,,,,,,,,
PAR,Heinous,Report Beece (B-Report),Karnataka,Mangaluru,Dakshina Kannada District & Sessions Court,Police Station,Mangaluru Town PS,KA84371,Vikram Sharma,Sub-Inspector,Investigating Officer,1986-01-20,Male,O Positive,1,2016-01-15,383201542202500485,202500485,2023-07-03,"On 01-07-2023, a case of Burglary was reported at Mangaluru Town PS, Mangaluru district.",2023-07-01T11:00:00,2023-07-01T13:00:00,2023-07-01T20:00:00,12.8368,74.7969,"Incident occurred near coordinates 12.8368, 74.7969 within jurisdiction of Mangaluru Town PS.",Property Crimes,Burglary,IPC,Indian Penal Code,IPC,457,Lurking house-trespass or house-breaking by night,1,1,,,,,,,,,,0,Gautam Shetty,,Female,A3,,,,,,,,,,,,
FIR,Heinous,Report Beece (B-Report),Karnataka,Vijayapura,Vijayapura District & Sessions Court,Police Station,Vijayapura Town PS,KA49721,Nikhil Hegde,Sub-Inspector,Station Writer,1977-10-11,Male,A Positive,0,2020-12-10,113746035202300486,202300486,2022-08-23,"On 19-08-2022, a case of Cheating was reported at Vijayapura Town PS, Vijayapura district.",2022-08-19T16:00:00,2022-08-19T20:00:00,2022-08-20T02:00:00,16.8154,75.6554,"Incident occurred near coordinates 16.8154, 75.6554 within jurisdiction of Vijayapura Town PS.",Financial Crime,Cheating,IPC,Indian Penal Code,IPC,420,Cheating and dishonestly inducing delivery of property,1,1,Ananya Kamath,45,Private Employee,Hindu,General,Female,Hari Rao,36,Male,0,Anil Joshi,,Male,A1,1.0,2022-08-30T21:00:00,Karnataka,Vijayapura,Vijayapura Town PS,KA49721,Vijayapura District & Sessions Court,Anil Joshi,,,,
PAR,Heinous,Undetected,Karnataka,Ramanagara,Ramanagara District & Sessions Court,Police Station,Ramanagara Town PS,KA56949,Farhan Das,Deputy Superintendent,Circle Inspector,1984-08-11,Female,A Negative,0,2001-07-14,361213752202200487,202200487,2025-09-27,"On 22-09-2025, a case of Cryptocurrency Crime was reported at Ramanagara Town PS, Ramanagara district.",2025-09-22T01:00:00,2025-09-22T02:00:00,2025-09-23T01:00:00,12.684,77.2515,"Incident occurred near coordinates 12.684, 77.2515 within jurisdiction of Ramanagara Town PS.",Cyber Crime,Cryptocurrency Crime,ITA,"Information Technology Act, 2000",IT Act,66D,Cheating by personation using a computer resource,1,1,Meena Gowda,74,Private Employee,Hindu,General,Male,Meena Kamath,29,Female,0,Sanjay Deshmukh,,Female,A1,,,,,,,,,,,,
PAR,Non-Heinous,Undetected,Karnataka,Ramanagara,Ramanagara District & Sessions Court,Police Station,Ramanagara Town PS,KA56949,Farhan Das,Sub-Inspector,Circle Inspector,1985-07-21,Female,O Negative,0,2020-01-03,361213752202200487,202200487,2025-09-27,"On 22-09-2025, a case of Cryptocurrency Crime was reported at Ramanagara Town PS, Ramanagara district.",2025-09-22T01:00:00,2025-09-22T02:00:00,2025-09-23T01:00:00,12.684,77.2515,"Incident occurred near coordinates 12.684, 77.2515 within jurisdiction of Ramanagara Town PS.",Cyber Crime,Cryptocurrency Crime,ITA,"Information Technology Act, 2000",IT Act,66D,Cheating by personation using a computer resource,1,1,,,,,,,,,,0,Kavya Bhat,,Transgender,A2,,,,,,,,,,,,
PAR,Non-Heinous,Undetected,Karnataka,Bagalkote,Bagalkote District & Sessions Court,Police Station,Bagalkote Town PS,KA31020,Ananya Patil,Head Constable,Circle Inspector,1998-07-06,Male,AB Negative,0,2008-07-11,310892103202600488,202600488,2024-11-23,"On 21-11-2024, a case of Robbery was reported at Bagalkote Town PS, Bagalkote district.",2024-11-21T15:00:00,2024-11-21T21:00:00,2024-11-21T20:00:00,16.2208,75.6246,"Incident occurred near coordinates 16.2208, 75.6246 within jurisdiction of Bagalkote Town PS.",Property Crimes,Robbery,IPC,Indian Penal Code,IPC,392,Punishment for robbery,1,1,Aarav Gowda,68,Private Employee,Hindu,General,Male,Gautam Deshmukh,42,Male,0,Bhavya Bhat,,Male,A1,,,,,,,,,,,,
PAR,Heinous,Undetected,Karnataka,Bagalkote,Bagalkote District & Sessions Court,Police Station,Bagalkote Town PS,KA31020,Ananya Patil,Inspector,Circle Inspector,1986-02-21,Female,A Negative,1,2020-07-26,310892103202600488,202600488,2024-11-23,"On 21-11-2024, a case of Robbery was reported at Bagalkote Town PS, Bagalkote district.",2024-11-21T15:00:00,2024-11-21T21:00:00,2024-11-21T20:00:00,16.2208,75.6246,"Incident occurred near coordinates 16.2208, 75.6246 within jurisdiction of Bagalkote Town PS.",Property Crimes,Robbery,IPC,Indian Penal Code,IPC,392,Punishment for robbery,1,1,,,,,,,,,,0,Divya Naik,,Male,A2,,,,,,,,,,,,
FIR,Heinous,Report Beece (B-Report),Karnataka,Bidar,Bidar District & Sessions Court,Police Station,Bidar Town PS,KA15422,Siddharth Naik,Head Constable,Circle Inspector,1981-11-10,Male,B Negative,0,2003-04-26,168978871202400489,202400489,2022-10-29,"On 24-10-2022, a case of Burglary was reported at Bidar Town PS, Bidar district.",2022-10-24T17:00:00,2022-10-24T21:00:00,2022-10-25T17:00:00,17.9342,77.502,"Incident occurred near coordinates 17.9342, 77.502 within jurisdiction of Bidar Town PS.",Property Crimes,Burglary,IPC,Indian Penal Code,IPC,457,Lurking house-trespass or house-breaking by night,1,1,Pooja Patil,61,Private Employee,Hindu,General,Transgender,Ananya Verma,66,Transgender,0,Bhavya Kamath,,Transgender,A1,1.0,2022-11-05T00:00:00,Karnataka,Bidar,Bidar Town PS,KA15422,Bidar District & Sessions Court,Bhavya Kamath,"Chirag Joshi,Rahul Patil",,,
FIR,Heinous,Report Beece (B-Report),Karnataka,Bidar,Bidar District & Sessions Court,Police Station,Bidar Town PS,KA15422,Siddharth Naik,Deputy Superintendent,SHO,1971-12-24,Female,B Positive,0,2017-06-07,168978871202400489,202400489,2022-10-29,"On 24-10-2022, a case of Burglary was reported at Bidar Town PS, Bidar district.",2022-10-24T17:00:00,2022-10-24T21:00:00,2022-10-25T17:00:00,17.9342,77.502,"Incident occurred near coordinates 17.9342, 77.502 within jurisdiction of Bidar Town PS.",Property Crimes,Burglary,IPC,Indian Penal Code,IPC,457,Lurking house-trespass or house-breaking by night,1,1,,,,,,,,,,0,Chirag Joshi,,Transgender,A2,,,,,,,,,,,,
FIR,Heinous,Report Beece (B-Report),Karnataka,Bidar,Bidar District & Sessions Court,Police Station,Bidar Town PS,KA15422,Siddharth Naik,Inspector,SHO,1979-03-14,Female,B Negative,1,2014-02-17,168978871202400489,202400489,2022-10-29,"On 24-10-2022, a case of Burglary was reported at Bidar Town PS, Bidar district.",2022-10-24T17:00:00,2022-10-24T21:00:00,2022-10-25T17:00:00,17.9342,77.502,"Incident occurred near coordinates 17.9342, 77.502 within jurisdiction of Bidar Town PS.",Property Crimes,Burglary,IPC,Indian Penal Code,IPC,457,Lurking house-trespass or house-breaking by night,1,1,,,,,,,,,,0,Rahul Patil,61,Transgender,A3,,,,,,,,,,,,
UDR,Heinous,Under Investigation,Karnataka,Bidar,Bidar District & Sessions Court,Police Station,Bidar Town PS,KA93832,Rahul Verma,Deputy Superintendent,Investigating Officer,1978-07-03,Female,O Positive,0,2009-07-01,255408587202600490,202600490,2024-11-14,"On 09-11-2024, a case of Assault was reported at Bidar Town PS, Bidar district.",2024-11-09T21:00:00,2024-11-10T02:00:00,2024-11-10T20:00:00,17.9118,77.4963,"Incident occurred near coordinates 17.9118, 77.4963 within jurisdiction of Bidar Town PS.",Crimes Against Body,Assault,IPC,Indian Penal Code,IPC,351,Assault,1,1,Farhan Rao,41,Private Employee,Hindu,General,Male,Deepak Singh,36,Female,0,Abhishek Kulkarni,22,Transgender,A1,1.0,2024-11-21T23:00:00,Karnataka,Bidar,Bidar Town PS,KA93832,Bidar District & Sessions Court,Abhishek Kulkarni,,,,
Zero FIR,Non-Heinous,Undetected,Karnataka,Shivamogga,Shivamogga District & Sessions Court,Police Station,Shivamogga Town PS,KA57517,Farhan Hegde,Deputy Superintendent,Station Writer,1985-02-14,Male,A Negative,0,2019-12-24,862247977202200491,202200491,2022-11-23,"On 22-11-2022, a case of Robbery was reported at Shivamogga Town PS, Shivamogga district.",2022-11-22T05:00:00,2022-11-22T08:00:00,2022-11-23T02:00:00,14.0024,75.5196,"Incident occurred near coordinates 14.0024, 75.5196 within jurisdiction of Shivamogga Town PS.",Property Crimes,Robbery,IPC,Indian Penal Code,IPC,392,Punishment for robbery,1,1,Suresh Shetty,31,Private Employee,Hindu,General,Male,Farhan Kamath,14,Female,0,Divya Reddy,40,Male,A1,,,,,,,,,,,,
PAR,Heinous,Undetected,Karnataka,Belagavi,Belagavi District & Sessions Court,Police Station,Belagavi City PS,KA72469,Tanvi Shenoy,Head Constable,Circle Inspector,1990-07-04,Female,A Positive,0,2001-09-26,313133417202400492,202400492,2024-04-17,"On 12-04-2024, a case of Assault was reported at Belagavi City PS, Belagavi district.",2024-04-12T18:00:00,2024-04-12T21:00:00,2024-04-13T16:00:00,15.8606,74.5266,"Incident occurred near coordinates 15.8606, 74.5266 within jurisdiction of Belagavi City PS.",Crimes Against Body,Assault,IPC,Indian Penal Code,IPC,351,Assault,1,1,Divya Verma,23,Private Employee,Hindu,General,Male,Rajesh Shetty,55,Male,0,Vikram Pai,,Male,A1,,,,,,,,,,,,
PAR,Non-Heinous,Undetected,Karnataka,Belagavi,Belagavi District & Sessions Court,Police Station,Belagavi City PS,KA72469,Tanvi Shenoy,Head Constable,SHO,1992-04-23,Female,AB Negative,0,2019-03-22,313133417202400492,202400492,2024-04-17,"On 12-04-2024, a case of Assault was reported at Belagavi City PS, Belagavi district.",2024-04-12T18:00:00,2024-04-12T21:00:00,2024-04-13T16:00:00,15.8606,74.5266,"Incident occurred near coordinates 15.8606, 74.5266 within jurisdiction of Belagavi City PS.",Crimes Against Body,Assault,IPC,Indian Penal Code,IPC,351,Assault,1,1,,,,,,,,,,0,Farhan Naik,,Transgender,A2,,,,,,,,,,,,
PAR,Non-Heinous,Undetected,Karnataka,Belagavi,Belagavi District & Sessions Court,Police Station,Belagavi City PS,KA72469,Tanvi Shenoy,Inspector,Investigating Officer,1981-06-17,Male,A Negative,1,2011-11-10,313133417202400492,202400492,2024-04-17,"On 12-04-2024, a case of Assault was reported at Belagavi City PS, Belagavi district.",2024-04-12T18:00:00,2024-04-12T21:00:00,2024-04-13T16:00:00,15.8606,74.5266,"Incident occurred near coordinates 15.8606, 74.5266 within jurisdiction of Belagavi City PS.",Crimes Against Body,Assault,IPC,Indian Penal Code,IPC,351,Assault,1,1,,,,,,,,,,0,Nikhil Das,,Male,A3,,,,,,,,,,,,
UDR,Non-Heinous,Under Investigation,Karnataka,Bengaluru Urban,"Principal City Civil & Sessions Court, Bengaluru",Police Station,Bengaluru City PS,KA21183,Chirag Joshi,Deputy Superintendent,Investigating Officer,1986-06-16,Female,B Positive,0,2004-09-02,282551522202400493,202400493,2022-02-22,"On 17-02-2022, a case of Burglary was reported at Bengaluru City PS, Bengaluru Urban district.",2022-02-17T07:00:00,2022-02-17T09:00:00,2022-02-18T00:00:00,12.9089,77.6362,"Incident occurred near coordinates 12.9089, 77.6362 within jurisdiction of Bengaluru City PS.",Property Crimes,Burglary,IPC,Indian Penal Code,IPC,457,Lurking house-trespass or house-breaking by night,1,1,Rajesh Singh,60,Private Employee,Hindu,General,Female,Anil Nair,54,Transgender,0,Esha Rao,,Female,A1,1.0,2022-03-01T13:00:00,Karnataka,Bengaluru Urban,Bengaluru City PS,KA21183,"Principal City Civil & Sessions Court, Bengaluru",Esha Rao,,,,
Zero FIR,Heinous,Undetected,Karnataka,Udupi,Udupi District & Sessions Court,Police Station,Udupi Town PS,KA13773,Ananya Pai,Deputy Superintendent,Circle Inspector,1988-07-27,Female,B Positive,1,2010-04-09,825424727202500494,202500494,2022-08-14,"On 12-08-2022, a case of Dark Web Crime was reported at Udupi Town PS, Udupi district.",2022-08-12T16:00:00,2022-08-12T18:00:00,2022-08-12T23:00:00,13.2654,74.7364,"Incident occurred near coordinates 13.2654, 74.7364 within jurisdiction of Udupi Town PS.",Cyber Crime,Dark Web Crime,ITA,"Information Technology Act, 2000",IT Act,67,Publishing/transmitting obscene material electronically,1,1,Aarav Shenoy,51,Private Employee,Hindu,General,Male,Tanvi Shetty,71,Female,0,Deepak Das,59,Male,A1,,,,,,,,,,,,
Zero FIR,Heinous,Undetected,Karnataka,Udupi,Udupi District & Sessions Court,Police Station,Udupi Town PS,KA13773,Ananya Pai,Deputy Superintendent,SHO,1982-10-05,Male,O Positive,0,2003-09-11,825424727202500494,202500494,2022-08-14,"On 12-08-2022, a case of Dark Web Crime was reported at Udupi Town PS, Udupi district.",2022-08-12T16:00:00,2022-08-12T18:00:00,2022-08-12T23:00:00,13.2654,74.7364,"Incident occurred near coordinates 13.2654, 74.7364 within jurisdiction of Udupi Town PS.",Cyber Crime,Dark Web Crime,ITA,"Information Technology Act, 2000",IT Act,67,Publishing/transmitting obscene material electronically,1,1,,,,,,,,,,0,Anil Deshmukh,,Transgender,A2,,,,,,,,,,,,
FIR,Non-Heinous,Undetected,Karnataka,Belagavi,Belagavi District & Sessions Court,Police Station,Belagavi City PS,KA15682,Aditi Shenoy,Deputy Superintendent,Circle Inspector,1992-08-11,Female,AB Negative,0,2009-05-01,186414603202200495,202200495,2023-12-16,"On 10-12-2023, a case of Drug Offence was reported at Belagavi City PS, Belagavi district.",2023-12-10T17:00:00,2023-12-10T19:00:00,2023-12-10T22:00:00,15.9176,74.4517,"Incident occurred near coordinates 15.9176, 74.4517 within jurisdiction of Belagavi City PS.",Narcotics,Drug Offence,NDPS,"Narcotic Drugs and Psychotropic Substances Act, 1985",NDPS,20,Punishment for cannabis-related offences,1,1,Rahul Sharma,54,Private Employee,Hindu,General,Female,Abhishek Hegde,51,Female,0,Vikram Shenoy,,Transgender,A1,,,,,,,,,,,,
UDR,Non-Heinous,Under Investigation,Karnataka,Mangaluru,Dakshina Kannada District & Sessions Court,Police Station,Mangaluru Town PS,KA33025,Deepak Sharma,Constable,Investigating Officer,1980-01-28,Female,B Negative,1,2015-02-08,253138353202400496,202400496,2025-06-13,"On 10-06-2025, a case of Dark Web Crime was reported at Mangaluru Town PS, Mangaluru district.",2025-06-10T22:00:00,2025-06-11T04:00:00,2025-06-11T14:00:00,12.9389,74.7999,"Incident occurred near coordinates 12.9389, 74.7999 within jurisdiction of Mangaluru Town PS.",Cyber Crime,Dark Web Crime,ITA,"Information Technology Act, 2000",IT Act,67,Publishing/transmitting obscene material electronically,1,1,Hari Pai,79,Private Employee,Hindu,General,Transgender,Farhan Gowda,58,Female,0,Suresh Shetty,,Male,A1,1.0,2025-06-20T03:00:00,Karnataka,Mangaluru,Mangaluru Town PS,KA33025,Dakshina Kannada District & Sessions Court,Suresh Shetty,,,,
PAR,Heinous,Report Beece (B-Report),Karnataka,Tumakuru,Tumakuru District & Sessions Court,Police Station,Tumakuru Town PS,KA37034,Nikhil Das,Constable,SHO,1975-08-13,Female,A Negative,0,2015-10-13,356577425202500497,202500497,2022-03-31,"On 27-03-2022, a case of Money Laundering was reported at Tumakuru Town PS, Tumakuru district.",2022-03-27T17:00:00,2022-03-27T19:00:00,2022-03-27T23:00:00,13.3268,77.0903,"Incident occurred near coordinates 13.3268, 77.0903 within jurisdiction of Tumakuru Town PS.",Financial Crime,Money Laundering,PMLA,"Prevention of Money Laundering Act, 2002",PMLA,3,Offence of money laundering,1,1,Sunil Joshi,28,Private Employee,Hindu,General,Male,Aditi Kulkarni,75,Transgender,0,Dev Reddy,31,Female,A1,1.0,2022-04-07T23:00:00,Karnataka,Tumakuru,Tumakuru Town PS,KA37034,Tumakuru District & Sessions Court,Dev Reddy,,,,
UDR,Non-Heinous,Under Investigation,Karnataka,Kalaburagi,Kalaburagi District & Sessions Court,Police Station,Kalaburagi City PS,KA14594,Farhan Hegde,Constable,Circle Inspector,1993-09-17,Male,A Negative,0,2009-06-21,235258051202200498,202200498,2023-07-29,"On 24-07-2023, a case of Drug Offence was reported at Kalaburagi City PS, Kalaburagi district.",2023-07-24T15:00:00,2023-07-24T23:00:00,2023-07-24T17:00:00,17.3085,76.8667,"Incident occurred near coordinates 17.3085, 76.8667 within jurisdiction of Kalaburagi City PS.",Narcotics,Drug Offence,NDPS,"Narcotic Drugs and Psychotropic Substances Act, 1985",NDPS,20,Punishment for cannabis-related offences,1,1,Abhishek Hegde,23,Private Employee,Hindu,General,Male,Isha Kamath,11,Male,0,Sanjay Shetty,64,Female,A1,1.0,2023-08-05T02:00:00,Karnataka,Kalaburagi,Kalaburagi City PS,KA14594,Kalaburagi District & Sessions Court,Sanjay Shetty,,,,
Zero FIR,Non-Heinous,Report Beece (B-Report),Karnataka,Kalaburagi,Kalaburagi District & Sessions Court,Police Station,Kalaburagi City PS,KA79635,Farhan Shetty,Head Constable,Investigating Officer,1986-08-01,Female,B Positive,0,2020-03-24,851631625202400499,202400499,2023-06-05,"On 01-06-2023, a case of Robbery was reported at Kalaburagi City PS, Kalaburagi district.",2023-06-01T13:00:00,2023-06-01T20:00:00,2023-06-02T06:00:00,17.3273,76.7824,"Incident occurred near coordinates 17.3273, 76.7824 within jurisdiction of Kalaburagi City PS.",Property Crimes,Robbery,IPC,Indian Penal Code,IPC,392,Punishment for robbery,1,1,Nikhil Sharma,71,Private Employee,Hindu,General,Female,Tanvi Joshi,59,Female,0,Isha Rao,18,Female,A1,1.0,2023-06-12T22:00:00,Karnataka,Kalaburagi,Kalaburagi City PS,KA79635,Kalaburagi District & Sessions Court,Isha Rao,,,,
PAR,Non-Heinous,Report Beece (B-Report),Karnataka,Ballari,Ballari District & Sessions Court,Police Station,Ballari City PS,KA28336,Manish Kulkarni,Sub-Inspector,SHO,1996-12-12,Female,B Negative,0,2002-03-19,340602401202200500,202200500,2024-09-14,"On 11-09-2024, a case of Burglary was reported at Ballari City PS, Ballari district.",2024-09-11T06:00:00,2024-09-11T10:00:00,2024-09-11T17:00:00,15.1729,76.9421,"Incident occurred near coordinates 15.1729, 76.9421 within jurisdiction of Ballari City PS.",Property Crimes,Burglary,IPC,Indian Penal Code,IPC,457,Lurking house-trespass or house-breaking by night,1,1,Meena Gowda,70,Private Employee,Hindu,General,Female,Aarav Nair,33,Transgender,0,Chirag Das,26,Male,A1,1.0,2024-09-21T17:00:00,Karnataka,Ballari,Ballari City PS,KA28336,Ballari District & Sessions Court,Chirag Das,Aditi Bhat,,,
PAR,Non-Heinous,Report Beece (B-Report),Karnataka,Ballari,Ballari District & Sessions Court,Police Station,Ballari City PS,KA28336,Manish Kulkarni,Constable,Investigating Officer,1974-07-04,Male,AB Negative,0,2017-06-09,340602401202200500,202200500,2024-09-14,"On 11-09-2024, a case of Burglary was reported at Ballari City PS, Ballari district.",2024-09-11T06:00:00,2024-09-11T10:00:00,2024-09-11T17:00:00,15.1729,76.9421,"Incident occurred near coordinates 15.1729, 76.9421 within jurisdiction of Ballari City PS.",Property Crimes,Burglary,IPC,Indian Penal Code,IPC,457,Lurking house-trespass or house-breaking by night,1,1,,,,,,,,,,0,Aditi Bhat,40,Male,A2,,,,,,,,,,,,
FIR,Non-Heinous,Report Beece (B-Report),Karnataka,Bidar,Bidar District & Sessions Court,Police Station,Bidar Town PS,KA98739,Aditi Kumar,Constable,Investigating Officer,1993-09-04,Female,B Negative,0,2019-02-05,172879658202600501,202600501,2024-08-15,"On 11-08-2024, a case of Cyber Crime was reported at Bidar Town PS, Bidar district.",2024-08-11T22:00:00,2024-08-12T03:00:00,2024-08-12T22:00:00,17.8984,77.5752,"Incident occurred near coordinates 17.8984, 77.5752 within jurisdiction of Bidar Town PS.",Cyber Crime,Cyber Crime,ITA,"Information Technology Act, 2000",IT Act,66C,Identity theft using computer resource,1,1,Farhan Naik,43,Private Employee,Hindu,General,Male,Meena Pai,70,Transgender,0,Siddharth Rao,,Male,A1,1.0,2024-08-22T05:00:00,Karnataka,Bidar,Bidar Town PS,KA98739,Bidar District & Sessions Court,Siddharth Rao,Deepak Gowda,,,
FIR,Heinous,Report Beece (B-Report),Karnataka,Bidar,Bidar District & Sessions Court,Police Station,Bidar Town PS,KA98739,Aditi Kumar,Inspector,SHO,1993-07-28,Female,B Positive,0,2003-10-23,172879658202600501,202600501,2024-08-15,"On 11-08-2024, a case of Cyber Crime was reported at Bidar Town PS, Bidar district.",2024-08-11T22:00:00,2024-08-12T03:00:00,2024-08-12T22:00:00,17.8984,77.5752,"Incident occurred near coordinates 17.8984, 77.5752 within jurisdiction of Bidar Town PS.",Cyber Crime,Cyber Crime,ITA,"Information Technology Act, 2000",IT Act,66C,Identity theft using computer resource,1,1,,,,,,,,,,0,Deepak Gowda,68,Female,A2,,,,,,,,,,,,
Zero FIR,Heinous,Undetected,Karnataka,Shivamogga,Shivamogga District & Sessions Court,Police Station,Shivamogga Town PS,KA46674,Abhishek Deshmukh,Sub-Inspector,Circle Inspector,1981-08-08,Male,O Negative,0,2012-08-08,880595535202200502,202200502,2022-12-18,"On 14-12-2022, a case of Cheating was reported at Shivamogga Town PS, Shivamogga district.",2022-12-14T16:00:00,2022-12-14T19:00:00,2022-12-15T11:00:00,13.9889,75.5087,"Incident occurred near coordinates 13.9889, 75.5087 within jurisdiction of Shivamogga Town PS.",Financial Crime,Cheating,IPC,Indian Penal Code,IPC,420,Cheating and dishonestly inducing delivery of property,1,1,Chirag Verma,53,Private Employee,Hindu,General,Transgender,Deepak Deshmukh,73,Male,0,Esha Shetty,,Male,A1,,,,,,,,,,,,
PAR,Heinous,Chargesheet Filed,Karnataka,Hassan,Hassan District & Sessions Court,Police Station,Hassan Town PS,KA70145,Priya Nair,Constable,Investigating Officer,1983-09-27,Female,A Positive,0,2014-03-04,320702572202600503,202600503,2024-07-16,"On 11-07-2024, a case of Cryptocurrency Crime was reported at Hassan Town PS, Hassan district.",2024-07-11T09:00:00,2024-07-11T13:00:00,2024-07-12T04:00:00,13.01,76.1305,"Incident occurred near coordinates 13.01, 76.1305 within jurisdiction of Hassan Town PS.",Cyber Crime,Cryptocurrency Crime,ITA,"Information Technology Act, 2000",IT Act,66D,Cheating by personation using a computer resource,1,1,Abhishek Hegde,58,Private Employee,Hindu,General,Male,Aditi Shenoy,32,Male,0,Kavya Das,52,Transgender,A1,1.0,2024-07-23T17:00:00,Karnataka,Hassan,Hassan Town PS,KA70145,Hassan District & Sessions Court,Kavya Das,Vikram Singh,2024-09-02T17:00:00,B,KA70145
PAR,Heinous,Chargesheet Filed,Karnataka,Hassan,Hassan District & Sessions Court,Police Station,Hassan Town PS,KA70145,Priya Nair,Head Constable,Station Writer,1977-12-27,Female,B Negative,0,2004-08-27,320702572202600503,202600503,2024-07-16,"On 11-07-2024, a case of Cryptocurrency Crime was reported at Hassan Town PS, Hassan district.",2024-07-11T09:00:00,2024-07-11T13:00:00,2024-07-12T04:00:00,13.01,76.1305,"Incident occurred near coordinates 13.01, 76.1305 within jurisdiction of Hassan Town PS.",Cyber Crime,Cryptocurrency Crime,ITA,"Information Technology Act, 2000",IT Act,66D,Cheating by personation using a computer resource,1,1,,,,,,,,,,0,Vikram Singh,,Male,A2,,,,,,,,,,,,
Zero FIR,Heinous,Report Beece (B-Report),Karnataka,Shivamogga,Shivamogga District & Sessions Court,Police Station,Shivamogga Town PS,KA91185,Rajesh Rao,Deputy Superintendent,Investigating Officer,1971-03-22,Male,O Positive,0,2016-05-12,821046969202600504,202600504,2022-09-20,"On 16-09-2022, a case of Cyber Crime was reported at Shivamogga Town PS, Shivamogga district.",2022-09-16T20:00:00,2022-09-17T00:00:00,2022-09-17T05:00:00,14.0012,75.646,"Incident occurred near coordinates 14.0012, 75.646 within jurisdiction of Shivamogga Town PS.",Cyber Crime,Cyber Crime,ITA,"Information Technology Act, 2000",IT Act,66C,Identity theft using computer resource,1,1,Nikhil Das,77,Private Employee,Hindu,General,Female,Kavya Das,35,Transgender,0,Deepak Bhat,,Female,A1,1.0,2022-09-27T07:00:00,Karnataka,Shivamogga,Shivamogga Town PS,KA91185,Shivamogga District & Sessions Court,Deepak Bhat,,,,
PAR,Heinous,Undetected,Karnataka,Ballari,Ballari District & Sessions Court,Police Station,Ballari City PS,KA69732,Esha Singh,Inspector,Investigating Officer,1971-07-10,Male,B Positive,1,2017-05-06,394028109202600505,202600505,2025-03-17,"On 14-03-2025, a case of Cryptocurrency Crime was reported at Ballari City PS, Ballari district.",2025-03-14T04:00:00,2025-03-14T08:00:00,2025-03-15T04:00:00,15.1408,76.9425,"Incident occurred near coordinates 15.1408, 76.9425 within jurisdiction of Ballari City PS.",Cyber Crime,Cryptocurrency Crime,ITA,"Information Technology Act, 2000",IT Act,66D,Cheating by personation using a computer resource,1,1,Sanjay Bhat,48,Private Employee,Hindu,General,Male,Manish Naik,9,Male,0,Kavya Sharma,,Female,A1,,,,,,,,,,,,
PAR,Non-Heinous,Undetected,Karnataka,Ballari,Ballari District & Sessions Court,Police Station,Ballari City PS,KA69732,Esha Singh,Deputy Superintendent,Station Writer,1970-12-27,Male,B Positive,0,2015-04-12,394028109202600505,202600505,2025-03-17,"On 14-03-2025, a case of Cryptocurrency Crime was reported at Ballari City PS, Ballari district.",2025-03-14T04:00:00,2025-03-14T08:00:00,2025-03-15T04:00:00,15.1408,76.9425,"Incident occurred near coordinates 15.1408, 76.9425 within jurisdiction of Ballari City PS.",Cyber Crime,Cryptocurrency Crime,ITA,"Information Technology Act, 2000",IT Act,66D,Cheating by personation using a computer resource,1,1,,,,,,,,,,0,Aarav Das,23,Transgender,A2,,,,,,,,,,,,
Zero FIR,Heinous,Under Investigation,Karnataka,Mandya,Mandya District & Sessions Court,Police Station,Mandya Town PS,KA88603,Nikhil Nair,Deputy Superintendent,Station Writer,1998-09-26,Female,AB Positive,0,2008-05-10,894519234202600506,202600506,2025-09-17,"On 13-09-2025, a case of Dark Web Crime was reported at Mandya Town PS, Mandya district.",2025-09-13T07:00:00,2025-09-13T10:00:00,2025-09-14T07:00:00,12.4515,76.8718,"Incident occurred near coordinates 12.4515, 76.8718 within jurisdiction of Mandya Town PS.",Cyber Crime,Dark Web Crime,ITA,"Information Technology Act, 2000",IT Act,67,Publishing/transmitting obscene material electronically,1,1,Sunil Sharma,79,Private Employee,Hindu,General,Female,Manish Kumar,60,Female,0,Farhan Bhat,,Male,A1,1.0,2025-09-24T08:00:00,Karnataka,Mandya,Mandya Town PS,KA88603,Mandya District & Sessions Court,Farhan Bhat,,,,
PAR,Non-Heinous,Under Investigation,Karnataka,Davangere,Davangere District & Sessions Court,Police Station,Davangere Extension PS,KA73104,Anil Singh,Head Constable,Circle Inspector,1970-10-10,Female,O Negative,0,2016-05-21,360027547202500507,202500507,2022-07-30,"On 25-07-2022, a case of Robbery was reported at Davangere Extension PS, Davangere district.",2022-07-25T03:00:00,2022-07-25T06:00:00,2022-07-25T11:00:00,14.4049,75.9209,"Incident occurred near coordinates 14.4049, 75.9209 within jurisdiction of Davangere Extension PS.",Property Crimes,Robbery,IPC,Indian Penal Code,IPC,392,Punishment for robbery,1,1,Suresh Singh,50,Private Employee,Hindu,General,Male,Gautam Patil,6,Male,0,Manish Rao,73,Male,A1,1.0,2022-08-06T06:00:00,Karnataka,Davangere,Davangere Extension PS,KA73104,Davangere District & Sessions Court,Manish Rao,Farhan Reddy,,,
PAR,Non-Heinous,Under Investigation,Karnataka,Davangere,Davangere District & Sessions Court,Police Station,Davangere Extension PS,KA73104,Anil Singh,Sub-Inspector,Station Writer,1998-03-21,Male,A Negative,0,2011-12-02,360027547202500507,202500507,2022-07-30,"On 25-07-2022, a case of Robbery was reported at Davangere Extension PS, Davangere district.",2022-07-25T03:00:00,2022-07-25T06:00:00,2022-07-25T11:00:00,14.4049,75.9209,"Incident occurred near coordinates 14.4049, 75.9209 within jurisdiction of Davangere Extension PS.",Property Crimes,Robbery,IPC,Indian Penal Code,IPC,392,Punishment for robbery,1,1,,,,,,,,,,0,Farhan Reddy,,Female,A2,,,,,,,,,,,,
Zero FIR,Non-Heinous,Chargesheet Filed,Karnataka,Tumakuru,Tumakuru District & Sessions Court,Police Station,Tumakuru Town PS,KA92782,Rahul Joshi,Inspector,Station Writer,1980-03-01,Female,O Positive,0,2006-02-10,826122688202600508,202600508,2022-10-21,"On 17-10-2022, a case of Cyber Crime was reported at Tumakuru Town PS, Tumakuru district.",2022-10-17T08:00:00,2022-10-17T15:00:00,2022-10-18T02:00:00,13.3996,77.0282,"Incident occurred near coordinates 13.3996, 77.0282 within jurisdiction of Tumakuru Town PS.",Cyber Crime,Cyber Crime,ITA,"Information Technology Act, 2000",IT Act,66C,Identity theft using computer resource,1,1,Isha Kumar,78,Private Employee,Hindu,General,Female,Rahul Singh,52,Transgender,0,Farhan Shetty,,Male,A1,1.0,2022-10-28T10:00:00,Karnataka,Tumakuru,Tumakuru Town PS,KA92782,Tumakuru District & Sessions Court,Farhan Shetty,,2022-11-06T10:00:00,C,KA92782
Zero FIR,Heinous,Report Beece (B-Report),Karnataka,Mysuru,Mysuru District & Sessions Court,Police Station,Saraswathipuram PS,KA86041,Suresh Naik,Deputy Superintendent,Investigating Officer,1979-05-16,Female,O Positive,1,2014-03-23,824152421202300509,202300509,2022-06-14,"On 11-06-2022, a case of Money Laundering was reported at Saraswathipuram PS, Mysuru district.",2022-06-11T18:00:00,2022-06-11T19:00:00,2022-06-12T04:00:00,12.3745,76.5774,"Incident occurred near coordinates 12.3745, 76.5774 within jurisdiction of Saraswathipuram PS.",Financial Crime,Money Laundering,PMLA,"Prevention of Money Laundering Act, 2002",PMLA,3,Offence of money laundering,1,1,Sanjay Nair,56,Private Employee,Hindu,General,Male,Esha Sharma,73,Female,0,Pooja Patil,,Male,A1,1.0,2022-06-21T01:00:00,Karnataka,Mysuru,Saraswathipuram PS,KA86041,Mysuru District & Sessions Court,Pooja Patil,,,,
Zero FIR,Non-Heinous,Report Beece (B-Report),Karnataka,Kolar,Kolar District & Sessions Court,Police Station,Kolar Town PS,KA13108,Gautam Sharma,Deputy Superintendent,Circle Inspector,1990-09-18,Male,O Positive,0,2006-05-06,872429119202200510,202200510,2024-10-02,"On 30-09-2024, a case of Burglary was reported at Kolar Town PS, Kolar district.",2024-09-30T18:00:00,2024-09-30T22:00:00,2024-10-01T08:00:00,13.1727,78.098,"Incident occurred near coordinates 13.1727, 78.098 within jurisdiction of Kolar Town PS.",Property Crimes,Burglary,IPC,Indian Penal Code,IPC,457,Lurking house-trespass or house-breaking by night,1,1,Gautam Nair,30,Private Employee,Hindu,General,Female,Aditi Patil,14,Transgender,0,Rajesh Singh,,Transgender,A1,1.0,2024-10-09T00:00:00,Karnataka,Kolar,Kolar Town PS,KA13108,Kolar District & Sessions Court,Rajesh Singh,,,,
Zero FIR,Heinous,Under Investigation,Karnataka,Kalaburagi,Kalaburagi District & Sessions Court,Police Station,Kalaburagi City PS,KA75602,Meena Naik,Inspector,SHO,1974-08-13,Male,B Negative,0,2004-09-21,828892163202600511,202600511,2024-10-01,"On 30-09-2024, a case of Cryptocurrency Crime was reported at Kalaburagi City PS, Kalaburagi district.",2024-09-30T14:00:00,2024-09-30T19:00:00,2024-10-01T06:00:00,17.2766,76.7637,"Incident occurred near coordinates 17.2766, 76.7637 within jurisdiction of Kalaburagi City PS.",Cyber Crime,Cryptocurrency Crime,ITA,"Information Technology Act, 2000",IT Act,66D,Cheating by personation using a computer resource,1,1,Ananya Naik,69,Private Employee,Hindu,General,Transgender,Gautam Naik,73,Transgender,0,Abhishek Singh,47,Male,A1,1.0,2024-10-08T17:00:00,Karnataka,Kalaburagi,Kalaburagi City PS,KA75602,Kalaburagi District & Sessions Court,Abhishek Singh,,,,
PAR,Heinous,Chargesheet Filed,Karnataka,Bidar,Bidar District & Sessions Court,Police Station,Bidar Town PS,KA78239,Chirag Pai,Sub-Inspector,Circle Inspector,1992-10-19,Female,B Negative,0,2008-04-27,360432609202500512,202500512,2025-01-30,"On 29-01-2025, a case of Cryptocurrency Crime was reported at Bidar Town PS, Bidar district.",2025-01-29T16:00:00,2025-01-29T21:00:00,2025-01-29T18:00:00,17.9573,77.5547,"Incident occurred near coordinates 17.9573, 77.5547 within jurisdiction of Bidar Town PS.",Cyber Crime,Cryptocurrency Crime,ITA,"Information Technology Act, 2000",IT Act,66D,Cheating by personation using a computer resource,1,1,Priya Kamath,54,Private Employee,Hindu,General,Male,Dev Nair,7,Female,0,Deepak Pai,,Female,A1,1.0,2025-02-06T21:00:00,Karnataka,Bidar,Bidar Town PS,KA78239,Bidar District & Sessions Court,Deepak Pai,Tanvi Deshmukh,2025-02-17T21:00:00,C,KA78239
PAR,Non-Heinous,Chargesheet Filed,Karnataka,Bidar,Bidar District & Sessions Court,Police Station,Bidar Town PS,KA78239,Chirag Pai,Sub-Inspector,SHO,1977-06-05,Male,O Positive,0,2007-07-03,360432609202500512,202500512,2025-01-30,"On 29-01-2025, a case of Cryptocurrency Crime was reported at Bidar Town PS, Bidar district.",2025-01-29T16:00:00,2025-01-29T21:00:00,2025-01-29T18:00:00,17.9573,77.5547,"Incident occurred near coordinates 17.9573, 77.5547 within jurisdiction of Bidar Town PS.",Cyber Crime,Cryptocurrency Crime,ITA,"Information Technology Act, 2000",IT Act,66D,Cheating by personation using a computer resource,1,1,,,,,,,,,,0,Tanvi Deshmukh,20,Transgender,A2,,,,,,,,,,,,
PAR,Heinous,Undetected,Karnataka,Bidar,Bidar District & Sessions Court,Police Station,Bidar Town PS,KA18805,Manish Shenoy,Deputy Superintendent,SHO,1997-03-13,Male,AB Positive,1,2006-07-24,372732631202400513,202400513,2023-08-22,"On 18-08-2023, a case of Cheating was reported at Bidar Town PS, Bidar district.",2023-08-18T09:00:00,2023-08-18T11:00:00,2023-08-19T09:00:00,17.9203,77.4739,"Incident occurred near coordinates 17.9203, 77.4739 within jurisdiction of Bidar Town PS.",Financial Crime,Cheating,IPC,Indian Penal Code,IPC,420,Cheating and dishonestly inducing delivery of property,1,1,Gautam Joshi,69,Private Employee,Hindu,General,Female,Manish Sharma,64,Transgender,0,Siddharth Bhat,35,Male,A1,,,,,,,,,,,,
Zero FIR,Non-Heinous,Report Beece (B-Report),Karnataka,Vijayapura,Vijayapura District & Sessions Court,Police Station,Vijayapura Town PS,KA96350,Meena Joshi,Sub-Inspector,Station Writer,1998-07-06,Male,A Positive,0,2004-08-03,895693916202200514,202200514,2023-07-28,"On 27-07-2023, a case of Cryptocurrency Crime was reported at Vijayapura Town PS, Vijayapura district.",2023-07-27T17:00:00,2023-07-27T21:00:00,2023-07-28T07:00:00,16.8285,75.7172,"Incident occurred near coordinates 16.8285, 75.7172 within jurisdiction of Vijayapura Town PS.",Cyber Crime,Cryptocurrency Crime,ITA,"Information Technology Act, 2000",IT Act,66D,Cheating by personation using a computer resource,1,1,Isha Naik,33,Private Employee,Hindu,General,Female,Aditi Bhat,19,Transgender,0,Sanjay Das,,Male,A1,1.0,2023-08-04T23:00:00,Karnataka,Vijayapura,Vijayapura Town PS,KA96350,Vijayapura District & Sessions Court,Sanjay Das,,,,
Zero FIR,Non-Heinous,Undetected,Karnataka,Shivamogga,Shivamogga District & Sessions Court,Police Station,Shivamogga Town PS,KA10634,Suresh Kulkarni,Head Constable,Circle Inspector,1994-06-02,Female,AB Negative,1,2000-11-11,891333841202200515,202200515,2023-09-24,"On 20-09-2023, a case of Cheating was reported at Shivamogga Town PS, Shivamogga district.",2023-09-20T06:00:00,2023-09-20T13:00:00,2023-09-20T17:00:00,13.8701,75.6399,"Incident occurred near coordinates 13.8701, 75.6399 within jurisdiction of Shivamogga Town PS.",Financial Crime,Cheating,IPC,Indian Penal Code,IPC,420,Cheating and dishonestly inducing delivery of property,1,1,Aditi Hegde,32,Private Employee,Hindu,General,Male,Ananya Sharma,56,Male,0,Divya Das,,Male,A1,,,,,,,,,,,,
Zero FIR,Non-Heinous,Undetected,Karnataka,Shivamogga,Shivamogga District & Sessions Court,Police Station,Shivamogga Town PS,KA10634,Suresh Kulkarni,Constable,Circle Inspector,1973-04-17,Male,B Positive,0,2004-08-09,891333841202200515,202200515,2023-09-24,"On 20-09-2023, a case of Cheating was reported at Shivamogga Town PS, Shivamogga district.",2023-09-20T06:00:00,2023-09-20T13:00:00,2023-09-20T17:00:00,13.8701,75.6399,"Incident occurred near coordinates 13.8701, 75.6399 within jurisdiction of Shivamogga Town PS.",Financial Crime,Cheating,IPC,Indian Penal Code,IPC,420,Cheating and dishonestly inducing delivery of property,1,1,,,,,,,,,,0,Manish Verma,68,Male,A2,,,,,,,,,,,,
FIR,Non-Heinous,Report Beece (B-Report),Karnataka,Davangere,Davangere District & Sessions Court,Police Station,Davangere Extension PS,KA80478,Hari Das,Constable,Station Writer,1971-05-15,Male,AB Positive,0,2011-02-20,160925376202600516,202600516,2024-01-06,"On 04-01-2024, a case of Dark Web Crime was reported at Davangere Extension PS, Davangere district.",2024-01-04T19:00:00,2024-01-04T23:00:00,2024-01-04T23:00:00,14.5281,75.9631,"Incident occurred near coordinates 14.5281, 75.9631 within jurisdiction of Davangere Extension PS.",Cyber Crime,Dark Web Crime,ITA,"Information Technology Act, 2000",IT Act,67,Publishing/transmitting obscene material electronically,1,1,Nikhil Patil,62,Private Employee,Hindu,General,Male,Kiran Deshmukh,23,Male,0,Kavya Bhat,,Male,A1,1.0,2024-01-13T07:00:00,Karnataka,Davangere,Davangere Extension PS,KA80478,Davangere District & Sessions Court,Kavya Bhat,Vikram Pai,,,
FIR,Heinous,Report Beece (B-Report),Karnataka,Davangere,Davangere District & Sessions Court,Police Station,Davangere Extension PS,KA80478,Hari Das,Deputy Superintendent,SHO,1988-07-14,Male,O Positive,0,2019-09-05,160925376202600516,202600516,2024-01-06,"On 04-01-2024, a case of Dark Web Crime was reported at Davangere Extension PS, Davangere district.",2024-01-04T19:00:00,2024-01-04T23:00:00,2024-01-04T23:00:00,14.5281,75.9631,"Incident occurred near coordinates 14.5281, 75.9631 within jurisdiction of Davangere Extension PS.",Cyber Crime,Dark Web Crime,ITA,"Information Technology Act, 2000",IT Act,67,Publishing/transmitting obscene material electronically,1,1,,,,,,,,,,0,Vikram Pai,,Male,A2,,,,,,,,,,,,
UDR,Heinous,Undetected,Karnataka,Ballari,Ballari District & Sessions Court,Police Station,Ballari City PS,KA12492,Aarav Naik,Constable,Investigating Officer,1987-01-06,Female,A Negative,0,2006-10-11,276825614202300517,202300517,2022-02-15,"On 11-02-2022, a case of Assault was reported at Ballari City PS, Ballari district.",2022-02-11T06:00:00,2022-02-11T12:00:00,2022-02-11T20:00:00,15.1523,76.934,"Incident occurred near coordinates 15.1523, 76.934 within jurisdiction of Ballari City PS.",Crimes Against Body,Assault,IPC,Indian Penal Code,IPC,351,Assault,1,1,Priya Joshi,22,Private Employee,Hindu,General,Transgender,Siddharth Das,58,Male,0,Tanvi Bhat,33,Female,A1,,,,,,,,,,,,
UDR,Non-Heinous,Undetected,Karnataka,Ballari,Ballari District & Sessions Court,Police Station,Ballari City PS,KA12492,Aarav Naik,Sub-Inspector,SHO,1976-10-02,Female,AB Negative,0,2011-04-08,276825614202300517,202300517,2022-02-15,"On 11-02-2022, a case of Assault was reported at Ballari City PS, Ballari district.",2022-02-11T06:00:00,2022-02-11T12:00:00,2022-02-11T20:00:00,15.1523,76.934,"Incident occurred near coordinates 15.1523, 76.934 within jurisdiction of Ballari City PS.",Crimes Against Body,Assault,IPC,Indian Penal Code,IPC,351,Assault,1,1,,,,,,,,,,0,Vikram Kulkarni,18,Transgender,A2,,,,,,,,,,,,
UDR,Non-Heinous,Chargesheet Filed,Karnataka,Davangere,Davangere District & Sessions Court,Police Station,Davangere Extension PS,KA23257,Abhishek Hegde,Deputy Superintendent,Circle Inspector,1972-05-20,Male,O Positive,0,2014-02-01,248828198202400518,202400518,2025-10-30,"On 26-10-2025, a case of Grievous Hurt was reported at Davangere Extension PS, Davangere district.",2025-10-26T23:00:00,2025-10-27T02:00:00,2025-10-27T08:00:00,14.5365,75.9234,"Incident occurred near coordinates 14.5365, 75.9234 within jurisdiction of Davangere Extension PS.",Crimes Against Body,Grievous Hurt,IPC,Indian Penal Code,IPC,325,Punishment for voluntarily causing grievous hurt,1,1,Bhavya Bhat,69,Private Employee,Hindu,General,Female,Farhan Joshi,9,Female,0,Sanjay Gowda,,Female,A1,1.0,2025-11-06T08:00:00,Karnataka,Davangere,Davangere Extension PS,KA23257,Davangere District & Sessions Court,Sanjay Gowda,,2025-12-23T08:00:00,B,KA23257
Zero FIR,Heinous,Report Beece (B-Report),Karnataka,Belagavi,Belagavi District & Sessions Court,Police Station,Belagavi City PS,KA47570,Ananya Kulkarni,Constable,SHO,1985-01-19,Male,A Positive,0,2002-08-03,841498177202500519,202500519,2022-12-02,"On 29-11-2022, a case of Theft was reported at Belagavi City PS, Belagavi district.",2022-11-29T03:00:00,2022-11-29T07:00:00,2022-11-29T12:00:00,15.8802,74.5367,"Incident occurred near coordinates 15.8802, 74.5367 within jurisdiction of Belagavi City PS.",Property Crimes,Theft,IPC,Indian Penal Code,IPC,379,Punishment for theft,1,1,Hari Patil,48,Private Employee,Hindu,General,Transgender,Kavya Pai,44,Female,0,Pooja Naik,,Female,A1,1.0,2022-12-09T15:00:00,Karnataka,Belagavi,Belagavi City PS,KA47570,Belagavi District & Sessions Court,Pooja Naik,Nikhil Gowda,,,
Zero FIR,Non-Heinous,Report Beece (B-Report),Karnataka,Belagavi,Belagavi District & Sessions Court,Police Station,Belagavi City PS,KA47570,Ananya Kulkarni,Deputy Superintendent,SHO,1993-06-03,Male,A Negative,1,2002-09-09,841498177202500519,202500519,2022-12-02,"On 29-11-2022, a case of Theft was reported at Belagavi City PS, Belagavi district.",2022-11-29T03:00:00,2022-11-29T07:00:00,2022-11-29T12:00:00,15.8802,74.5367,"Incident occurred near coordinates 15.8802, 74.5367 within jurisdiction of Belagavi City PS.",Property Crimes,Theft,IPC,Indian Penal Code,IPC,379,Punishment for theft,1,1,,,,,,,,,,0,Nikhil Gowda,41,Female,A2,,,,,,,,,,,,
FIR,Non-Heinous,Chargesheet Filed,Karnataka,Shivamogga,Shivamogga District & Sessions Court,Police Station,Shivamogga Town PS,KA76101,Rahul Naik,Head Constable,Investigating Officer,1977-10-21,Male,AB Negative,0,2009-06-03,156388346202500520,202500520,2022-08-12,"On 07-08-2022, a case of Theft was reported at Shivamogga Town PS, Shivamogga district.",2022-08-07T01:00:00,2022-08-07T06:00:00,2022-08-07T05:00:00,13.9602,75.6373,"Incident occurred near coordinates 13.9602, 75.6373 within jurisdiction of Shivamogga Town PS.",Property Crimes,Theft,IPC,Indian Penal Code,IPC,379,Punishment for theft,1,1,Siddharth Rao,65,Private Employee,Hindu,General,Female,Rajesh Das,66,Male,0,Sanjay Kumar,,Female,A1,1.0,2022-08-19T09:00:00,Karnataka,Shivamogga,Shivamogga Town PS,KA76101,Shivamogga District & Sessions Court,Sanjay Kumar,Priya Patil,2022-09-25T09:00:00,B,KA76101
FIR,Non-Heinous,Chargesheet Filed,Karnataka,Shivamogga,Shivamogga District & Sessions Court,Police Station,Shivamogga Town PS,KA76101,Rahul Naik,Constable,Circle Inspector,1976-04-22,Male,AB Positive,0,2016-07-02,156388346202500520,202500520,2022-08-12,"On 07-08-2022, a case of Theft was reported at Shivamogga Town PS, Shivamogga district.",2022-08-07T01:00:00,2022-08-07T06:00:00,2022-08-07T05:00:00,13.9602,75.6373,"Incident occurred near coordinates 13.9602, 75.6373 within jurisdiction of Shivamogga Town PS.",Property Crimes,Theft,IPC,Indian Penal Code,IPC,379,Punishment for theft,1,1,,,,,,,,,,0,Priya Patil,43,Male,A2,,,,,,,,,,,,
UDR,Heinous,Under Investigation,Karnataka,Vijayapura,Vijayapura District & Sessions Court,Police Station,Vijayapura Town PS,KA87395,Manish Joshi,Head Constable,SHO,1990-10-06,Male,AB Negative,0,2008-09-21,217638554202500521,202500521,2023-03-28,"On 25-03-2023, a case of Cryptocurrency Crime was reported at Vijayapura Town PS, Vijayapura district.",2023-03-25T16:00:00,2023-03-25T21:00:00,2023-03-26T11:00:00,16.8119,75.7092,"Incident occurred near coordinates 16.8119, 75.7092 within jurisdiction of Vijayapura Town PS.",Cyber Crime,Cryptocurrency Crime,ITA,"Information Technology Act, 2000",IT Act,66D,Cheating by personation using a computer resource,1,1,Gautam Deshmukh,76,Private Employee,Hindu,General,Male,Nikhil Hegde,44,Transgender,0,Anil Kamath,,Transgender,A1,1.0,2023-04-04T23:00:00,Karnataka,Vijayapura,Vijayapura Town PS,KA87395,Vijayapura District & Sessions Court,Anil Kamath,,,,
PAR,Non-Heinous,Chargesheet Filed,Karnataka,Mangaluru,Dakshina Kannada District & Sessions Court,Police Station,Mangaluru Town PS,KA89489,Anil Sharma,Deputy Superintendent,Investigating Officer,1980-08-09,Female,AB Positive,0,2006-01-08,324913551202400522,202400522,2022-12-19,"On 13-12-2022, a case of Money Laundering was reported at Mangaluru Town PS, Mangaluru district.",2022-12-13T21:00:00,2022-12-14T04:00:00,2022-12-14T09:00:00,12.9009,74.9314,"Incident occurred near coordinates 12.9009, 74.9314 within jurisdiction of Mangaluru Town PS.",Financial Crime,Money Laundering,PMLA,"Prevention of Money Laundering Act, 2002",PMLA,3,Offence of money laundering,1,1,Rajesh Naik,70,Private Employee,Hindu,General,Male,Hari Kumar,58,Transgender,0,Sanjay Verma,43,Male,A1,1.0,2022-12-26T01:00:00,Karnataka,Mangaluru,Mangaluru Town PS,KA89489,Dakshina Kannada District & Sessions Court,Sanjay Verma,,2023-01-18T01:00:00,C,KA89489
Zero FIR,Heinous,Report Beece (B-Report),Karnataka,Kalaburagi,Kalaburagi District & Sessions Court,Police Station,Kalaburagi City PS,KA67224,Priya Kulkarni,Constable,Circle Inspector,1973-02-16,Female,AB Negative,1,2006-04-27,863871410202400523,202400523,2024-07-20,"On 18-07-2024, a case of Money Laundering was reported at Kalaburagi City PS, Kalaburagi district.",2024-07-18T19:00:00,2024-07-19T00:00:00,2024-07-19T10:00:00,17.2993,76.8489,"Incident occurred near coordinates 17.2993, 76.8489 within jurisdiction of Kalaburagi City PS.",Financial Crime,Money Laundering,PMLA,"Prevention of Money Laundering Act, 2002",PMLA,3,Offence of money laundering,1,1,Aarav Pai,25,Private Employee,Hindu,General,Female,Sanjay Pai,22,Transgender,0,Kiran Patil,31,Male,A1,1.0,2024-07-27T23:00:00,Karnataka,Kalaburagi,Kalaburagi City PS,KA67224,Kalaburagi District & Sessions Court,Kiran Patil,,,,
PAR,Non-Heinous,Chargesheet Filed,Karnataka,Ramanagara,Ramanagara District & Sessions Court,Police Station,Ramanagara Town PS,KA80101,Chirag Hegde,Head Constable,SHO,1972-03-07,Female,B Positive,1,2010-03-03,350564674202400524,202400524,2025-08-18,"On 12-08-2025, a case of Cyber Crime was reported at Ramanagara Town PS, Ramanagara district.",2025-08-12T23:00:00,2025-08-13T01:00:00,2025-08-13T11:00:00,12.7593,77.2503,"Incident occurred near coordinates 12.7593, 77.2503 within jurisdiction of Ramanagara Town PS.",Cyber Crime,Cyber Crime,ITA,"Information Technology Act, 2000",IT Act,66C,Identity theft using computer resource,1,1,Farhan Nair,35,Private Employee,Hindu,General,Transgender,Divya Shenoy,75,Transgender,0,Ananya Joshi,43,Transgender,A1,1.0,2025-08-25T07:00:00,Karnataka,Ramanagara,Ramanagara Town PS,KA80101,Ramanagara District & Sessions Court,Ananya Joshi,,2025-09-09T07:00:00,C,KA80101
PAR,Heinous,Under Investigation,Karnataka,Hassan,Hassan District & Sessions Court,Police Station,Hassan Town PS,KA25416,Farhan Sharma,Inspector,Station Writer,1982-01-18,Female,AB Positive,0,2014-12-12,312933045202200525,202200525,2025-05-30,"On 27-05-2025, a case of Burglary was reported at Hassan Town PS, Hassan district.",2025-05-27T06:00:00,2025-05-27T07:00:00,2025-05-27T08:00:00,12.9485,76.0748,"Incident occurred near coordinates 12.9485, 76.0748 within jurisdiction of Hassan Town PS.",Property Crimes,Burglary,IPC,Indian Penal Code,IPC,457,Lurking house-trespass or house-breaking by night,1,1,Meena Naik,57,Private Employee,Hindu,General,Male,Sunil Shetty,56,Female,0,Rajesh Kulkarni,,Male,A1,1.0,2025-06-06T16:00:00,Karnataka,Hassan,Hassan Town PS,KA25416,Hassan District & Sessions Court,Rajesh Kulkarni,,,,
Zero FIR,Heinous,Chargesheet Filed,Karnataka,Shivamogga,Shivamogga District & Sessions Court,Police Station,Shivamogga Town PS,KA23621,Isha Kumar,Constable,Station Writer,1978-05-21,Female,AB Negative,0,2017-10-28,857595581202200526,202200526,2022-05-20,"On 14-05-2022, a case of Dark Web Crime was reported at Shivamogga Town PS, Shivamogga district.",2022-05-14T18:00:00,2022-05-15T00:00:00,2022-05-14T22:00:00,13.9559,75.6442,"Incident occurred near coordinates 13.9559, 75.6442 within jurisdiction of Shivamogga Town PS.",Cyber Crime,Dark Web Crime,ITA,"Information Technology Act, 2000",IT Act,67,Publishing/transmitting obscene material electronically,1,1,Dev Pai,48,Private Employee,Hindu,General,Transgender,Isha Pai,14,Transgender,0,Isha Patil,,Transgender,A1,1.0,2022-05-27T05:00:00,Karnataka,Shivamogga,Shivamogga Town PS,KA23621,Shivamogga District & Sessions Court,Isha Patil,,2022-07-03T05:00:00,B,KA23621
PAR,Heinous,Chargesheet Filed,Karnataka,Kolar,Kolar District & Sessions Court,Police Station,Kolar Town PS,KA91661,Suresh Das,Deputy Superintendent,Investigating Officer,1980-08-18,Male,AB Negative,0,2020-07-07,374295047202500527,202500527,2023-04-05,"On 02-04-2023, a case of Assault was reported at Kolar Town PS, Kolar district.",2023-04-02T05:00:00,2023-04-02T09:00:00,2023-04-03T05:00:00,13.1296,78.1867,"Incident occurred near coordinates 13.1296, 78.1867 within jurisdiction of Kolar Town PS.",Crimes Against Body,Assault,IPC,Indian Penal Code,IPC,351,Assault,1,1,Kavya Singh,74,Private Employee,Hindu,General,Male,Chirag Singh,48,Transgender,0,Bhavya Naik,48,Female,A1,1.0,2023-04-12T09:00:00,Karnataka,Kolar,Kolar Town PS,KA91661,Kolar District & Sessions Court,Bhavya Naik,,2023-04-28T09:00:00,B,KA91661
FIR,Non-Heinous,Undetected,Karnataka,Belagavi,Belagavi District & Sessions Court,Police Station,Belagavi City PS,KA66523,Abhishek Deshmukh,Constable,SHO,1979-06-04,Female,A Positive,1,2003-12-03,138272677202300528,202300528,2023-06-24,"On 22-06-2023, a case of Cyber Crime was reported at Belagavi City PS, Belagavi district.",2023-06-22T10:00:00,2023-06-22T13:00:00,2023-06-23T04:00:00,15.8411,74.4337,"Incident occurred near coordinates 15.8411, 74.4337 within jurisdiction of Belagavi City PS.",Cyber Crime,Cyber Crime,ITA,"Information Technology Act, 2000",IT Act,66C,Identity theft using computer resource,1,1,Chirag Rao,64,Private Employee,Hindu,General,Male,Isha Kumar,42,Female,0,Tanvi Kamath,22,Transgender,A1,,,,,,,,,,,,
Zero FIR,Heinous,Under Investigation,Karnataka,Hubballi-Dharwad,Dharwad District & Sessions Court,Police Station,Dharwad Town PS,KA17217,Aarav Hegde,Sub-Inspector,Investigating Officer,1989-03-28,Female,O Positive,0,2011-06-09,834961324202300529,202300529,2024-05-05,"On 02-05-2024, a case of Murder was reported at Dharwad Town PS, Hubballi-Dharwad district.",2024-05-02T14:00:00,2024-05-02T21:00:00,2024-05-02T20:00:00,15.368,75.1996,"Incident occurred near coordinates 15.368, 75.1996 within jurisdiction of Dharwad Town PS.",Crimes Against Body,Murder,IPC,Indian Penal Code,IPC,302,Punishment for murder,1,1,Esha Kumar,29,Private Employee,Hindu,General,Transgender,Esha Patil,7,Male,0,Suresh Joshi,62,Female,A1,1.0,2024-05-12T17:00:00,Karnataka,Hubballi-Dharwad,Dharwad Town PS,KA17217,Dharwad District & Sessions Court,Suresh Joshi,,,,
UDR,Non-Heinous,Report Beece (B-Report),Karnataka,Kalaburagi,Kalaburagi District & Sessions Court,Police Station,Kalaburagi City PS,KA61154,Gautam Pai,Inspector,Investigating Officer,1988-10-13,Female,A Positive,1,2012-09-02,281334159202600530,202600530,2023-02-18,"On 12-02-2023, a case of Robbery was reported at Kalaburagi City PS, Kalaburagi district.",2023-02-12T16:00:00,2023-02-12T18:00:00,2023-02-12T18:00:00,17.3116,76.8833,"Incident occurred near coordinates 17.3116, 76.8833 within jurisdiction of Kalaburagi City PS.",Property Crimes,Robbery,IPC,Indian Penal Code,IPC,392,Punishment for robbery,1,1,Gautam Shetty,77,Private Employee,Hindu,General,Male,Meena Sharma,6,Transgender,0,Ananya Das,,Male,A1,1.0,2023-02-25T04:00:00,Karnataka,Kalaburagi,Kalaburagi City PS,KA61154,Kalaburagi District & Sessions Court,Ananya Das,,,,
FIR,Heinous,Undetected,Karnataka,Mandya,Mandya District & Sessions Court,Police Station,Mandya Town PS,KA96897,Abhishek Sharma,Head Constable,Circle Inspector,1988-08-13,Male,AB Negative,0,2014-04-23,189225654202600531,202600531,2025-06-10,"On 06-06-2025, a case of Assault was reported at Mandya Town PS, Mandya district.",2025-06-06T04:00:00,2025-06-06T10:00:00,2025-06-06T11:00:00,12.4814,76.8926,"Incident occurred near coordinates 12.4814, 76.8926 within jurisdiction of Mandya Town PS.",Crimes Against Body,Assault,IPC,Indian Penal Code,IPC,351,Assault,1,1,Kavya Nair,39,Private Employee,Hindu,General,Female,Esha Kumar,48,Male,0,Farhan Singh,,Transgender,A1,,,,,,,,,,,,
FIR,Heinous,Undetected,Karnataka,Mandya,Mandya District & Sessions Court,Police Station,Mandya Town PS,KA96897,Abhishek Sharma,Sub-Inspector,SHO,1981-06-20,Female,A Negative,0,2003-07-26,189225654202600531,202600531,2025-06-10,"On 06-06-2025, a case of Assault was reported at Mandya Town PS, Mandya district.",2025-06-06T04:00:00,2025-06-06T10:00:00,2025-06-06T11:00:00,12.4814,76.8926,"Incident occurred near coordinates 12.4814, 76.8926 within jurisdiction of Mandya Town PS.",Crimes Against Body,Assault,IPC,Indian Penal Code,IPC,351,Assault,1,1,,,,,,,,,,0,Manish Hegde,57,Transgender,A2,,,,,,,,,,,,
FIR,Heinous,Report Beece (B-Report),Karnataka,Vijayapura,Vijayapura District & Sessions Court,Police Station,Vijayapura Town PS,KA29215,Tanvi Reddy,Deputy Superintendent,Station Writer,1995-01-27,Female,O Positive,0,2009-03-25,119395043202600532,202600532,2024-12-05,"On 01-12-2024, a case of Assault was reported at Vijayapura Town PS, Vijayapura district.",2024-12-01T11:00:00,2024-12-01T16:00:00,2024-12-02T09:00:00,16.8715,75.6827,"Incident occurred near coordinates 16.8715, 75.6827 within jurisdiction of Vijayapura Town PS.",Crimes Against Body,Assault,IPC,Indian Penal Code,IPC,351,Assault,1,1,Dev Joshi,29,Private Employee,Hindu,General,Male,Sanjay Naik,15,Male,0,Divya Kumar,,Female,A1,1.0,2024-12-12T18:00:00,Karnataka,Vijayapura,Vijayapura Town PS,KA29215,Vijayapura District & Sessions Court,Divya Kumar,Esha Kamath,,,
FIR,Non-Heinous,Report Beece (B-Report),Karnataka,Vijayapura,Vijayapura District & Sessions Court,Police Station,Vijayapura Town PS,KA29215,Tanvi Reddy,Constable,Investigating Officer,1993-02-18,Female,A Positive,0,2002-12-20,119395043202600532,202600532,2024-12-05,"On 01-12-2024, a case of Assault was reported at Vijayapura Town PS, Vijayapura district.",2024-12-01T11:00:00,2024-12-01T16:00:00,2024-12-02T09:00:00,16.8715,75.6827,"Incident occurred near coordinates 16.8715, 75.6827 within jurisdiction of Vijayapura Town PS.",Crimes Against Body,Assault,IPC,Indian Penal Code,IPC,351,Assault,1,1,,,,,,,,,,0,Esha Kamath,65,Male,A2,,,,,,,,,,,,
PAR,Heinous,Under Investigation,Karnataka,Bidar,Bidar District & Sessions Court,Police Station,Bidar Town PS,KA64749,Isha Patil,Constable,Station Writer,1987-03-11,Female,O Positive,1,2005-08-20,391134216202500533,202500533,2023-09-30,"On 25-09-2023, a case of Burglary was reported at Bidar Town PS, Bidar district.",2023-09-25T15:00:00,2023-09-25T17:00:00,2023-09-26T12:00:00,17.8395,77.489,"Incident occurred near coordinates 17.8395, 77.489 within jurisdiction of Bidar Town PS.",Property Crimes,Burglary,IPC,Indian Penal Code,IPC,457,Lurking house-trespass or house-breaking by night,1,1,Farhan Deshmukh,78,Private Employee,Hindu,General,Female,Divya Shetty,9,Male,0,Bhavya Bhat,,Male,A1,1.0,2023-10-07T20:00:00,Karnataka,Bidar,Bidar Town PS,KA64749,Bidar District & Sessions Court,Bhavya Bhat,,,,
PAR,Heinous,Chargesheet Filed,Karnataka,Kalaburagi,Kalaburagi District & Sessions Court,Police Station,Kalaburagi City PS,KA10046,Ananya Patil,Sub-Inspector,Station Writer,1986-11-17,Male,A Positive,1,2013-09-19,382173249202500534,202500534,2023-04-28,"On 26-04-2023, a case of Theft was reported at Kalaburagi City PS, Kalaburagi district.",2023-04-26T07:00:00,2023-04-26T08:00:00,2023-04-26T13:00:00,17.2522,76.8059,"Incident occurred near coordinates 17.2522, 76.8059 within jurisdiction of Kalaburagi City PS.",Property Crimes,Theft,IPC,Indian Penal Code,IPC,379,Punishment for theft,1,1,Suresh Kulkarni,47,Private Employee,Hindu,General,Female,Aditi Kamath,37,Female,0,Bhavya Kamath,65,Transgender,A1,1.0,2023-05-05T13:00:00,Karnataka,Kalaburagi,Kalaburagi City PS,KA10046,Kalaburagi District & Sessions Court,Bhavya Kamath,"Chirag Das,Ananya Shenoy",2023-06-05T13:00:00,C,KA10046
PAR,Non-Heinous,Chargesheet Filed,Karnataka,Kalaburagi,Kalaburagi District & Sessions Court,Police Station,Kalaburagi City PS,KA10046,Ananya Patil,Inspector,SHO,1977-04-28,Male,O Positive,1,2013-08-15,382173249202500534,202500534,2023-04-28,"On 26-04-2023, a case of Theft was reported at Kalaburagi City PS, Kalaburagi district.",2023-04-26T07:00:00,2023-04-26T08:00:00,2023-04-26T13:00:00,17.2522,76.8059,"Incident occurred near coordinates 17.2522, 76.8059 within jurisdiction of Kalaburagi City PS.",Property Crimes,Theft,IPC,Indian Penal Code,IPC,379,Punishment for theft,1,1,,,,,,,,,,0,Chirag Das,,Transgender,A2,,,,,,,,,,,,
PAR,Non-Heinous,Chargesheet Filed,Karnataka,Kalaburagi,Kalaburagi District & Sessions Court,Police Station,Kalaburagi City PS,KA10046,Ananya Patil,Constable,Circle Inspector,1977-06-19,Female,AB Positive,0,2012-12-08,382173249202500534,202500534,2023-04-28,"On 26-04-2023, a case of Theft was reported at Kalaburagi City PS, Kalaburagi district.",2023-04-26T07:00:00,2023-04-26T08:00:00,2023-04-26T13:00:00,17.2522,76.8059,"Incident occurred near coordinates 17.2522, 76.8059 within jurisdiction of Kalaburagi City PS.",Property Crimes,Theft,IPC,Indian Penal Code,IPC,379,Punishment for theft,1,1,,,,,,,,,,0,Ananya Shenoy,,Transgender,A3,,,,,,,,,,,,
FIR,Non-Heinous,Report Beece (B-Report),Karnataka,Bidar,Bidar District & Sessions Court,Police Station,Bidar Town PS,KA72661,Chirag Das,Head Constable,Circle Inspector,1971-07-20,Female,AB Positive,0,2015-01-02,161765957202300535,202300535,2025-09-20,"On 19-09-2025, a case of Money Laundering was reported at Bidar Town PS, Bidar district.",2025-09-19T11:00:00,2025-09-19T12:00:00,2025-09-20T01:00:00,17.8689,77.4981,"Incident occurred near coordinates 17.8689, 77.4981 within jurisdiction of Bidar Town PS.",Financial Crime,Money Laundering,PMLA,"Prevention of Money Laundering Act, 2002",PMLA,3,Offence of money laundering,1,1,Siddharth Sharma,29,Private Employee,Hindu,General,Male,Tanvi Singh,50,Transgender,0,Farhan Joshi,,Male,A1,1.0,2025-09-27T16:00:00,Karnataka,Bidar,Bidar Town PS,KA72661,Bidar District & Sessions Court,Farhan Joshi,,,,
Zero FIR,Heinous,Under Investigation,Karnataka,Ramanagara,Ramanagara District & Sessions Court,Police Station,Ramanagara Town PS,KA36754,Aditi Verma,Inspector,Station Writer,1988-04-02,Male,O Positive,0,2020-04-17,817538826202300536,202300536,2023-01-14,"On 09-01-2023, a case of Dark Web Crime was reported at Ramanagara Town PS, Ramanagara district.",2023-01-09T03:00:00,2023-01-09T08:00:00,2023-01-09T12:00:00,12.6904,77.3359,"Incident occurred near coordinates 12.6904, 77.3359 within jurisdiction of Ramanagara Town PS.",Cyber Crime,Dark Web Crime,ITA,"Information Technology Act, 2000",IT Act,67,Publishing/transmitting obscene material electronically,1,1,Priya Shenoy,43,Private Employee,Hindu,General,Male,Sanjay Shenoy,14,Male,0,Priya Hegde,,Female,A1,1.0,2023-01-21T13:00:00,Karnataka,Ramanagara,Ramanagara Town PS,KA36754,Ramanagara District & Sessions Court,Priya Hegde,Divya Rao,,,
Zero FIR,Non-Heinous,Under Investigation,Karnataka,Ramanagara,Ramanagara District & Sessions Court,Police Station,Ramanagara Town PS,KA36754,Aditi Verma,Inspector,Station Writer,1981-09-06,Male,O Negative,0,2008-01-12,817538826202300536,202300536,2023-01-14,"On 09-01-2023, a case of Dark Web Crime was reported at Ramanagara Town PS, Ramanagara district.",2023-01-09T03:00:00,2023-01-09T08:00:00,2023-01-09T12:00:00,12.6904,77.3359,"Incident occurred near coordinates 12.6904, 77.3359 within jurisdiction of Ramanagara Town PS.",Cyber Crime,Dark Web Crime,ITA,"Information Technology Act, 2000",IT Act,67,Publishing/transmitting obscene material electronically,1,1,,,,,,,,,,0,Divya Rao,23,Male,A2,,,,,,,,,,,,
FIR,Heinous,Report Beece (B-Report),Karnataka,Kalaburagi,Kalaburagi District & Sessions Court,Police Station,Kalaburagi City PS,KA86657,Gautam Shenoy,Constable,Investigating Officer,1986-09-09,Male,AB Positive,0,2001-01-23,158539203202500537,202500537,2023-04-19,"On 14-04-2023, a case of Theft was reported at Kalaburagi City PS, Kalaburagi district.",2023-04-14T01:00:00,2023-04-14T06:00:00,2023-04-14T14:00:00,17.2731,76.901,"Incident occurred near coordinates 17.2731, 76.901 within jurisdiction of Kalaburagi City PS.",Property Crimes,Theft,IPC,Indian Penal Code,IPC,379,Punishment for theft,1,1,Suresh Kulkarni,32,Private Employee,Hindu,General,Female,Kiran Rao,21,Transgender,0,Aarav Deshmukh,,Female,A1,1.0,2023-04-26T02:00:00,Karnataka,Kalaburagi,Kalaburagi City PS,KA86657,Kalaburagi District & Sessions Court,Aarav Deshmukh,Priya Naik,,,
FIR,Heinous,Report Beece (B-Report),Karnataka,Kalaburagi,Kalaburagi District & Sessions Court,Police Station,Kalaburagi City PS,KA86657,Gautam Shenoy,Deputy Superintendent,SHO,1998-10-09,Female,AB Positive,0,2008-02-18,158539203202500537,202500537,2023-04-19,"On 14-04-2023, a case of Theft was reported at Kalaburagi City PS, Kalaburagi district.",2023-04-14T01:00:00,2023-04-14T06:00:00,2023-04-14T14:00:00,17.2731,76.901,"Incident occurred near coordinates 17.2731, 76.901 within jurisdiction of Kalaburagi City PS.",Property Crimes,Theft,IPC,Indian Penal Code,IPC,379,Punishment for theft,1,1,,,,,,,,,,0,Priya Naik,20,Female,A2,,,,,,,,,,,,
PAR,Non-Heinous,Undetected,Karnataka,Shivamogga,Shivamogga District & Sessions Court,Police Station,Shivamogga Town PS,KA85094,Kiran Kumar,Constable,Investigating Officer,1993-12-21,Female,A Positive,0,2010-11-15,350773550202400538,202400538,2024-11-07,"On 02-11-2024, a case of Burglary was reported at Shivamogga Town PS, Shivamogga district.",2024-11-02T04:00:00,2024-11-02T06:00:00,2024-11-02T07:00:00,13.9582,75.5238,"Incident occurred near coordinates 13.9582, 75.5238 within jurisdiction of Shivamogga Town PS.",Property Crimes,Burglary,IPC,Indian Penal Code,IPC,457,Lurking house-trespass or house-breaking by night,1,1,Kiran Bhat,23,Private Employee,Hindu,General,Transgender,Sanjay Singh,52,Female,0,Rahul Patil,,Male,A1,,,,,,,,,,,,
PAR,Heinous,Undetected,Karnataka,Shivamogga,Shivamogga District & Sessions Court,Police Station,Shivamogga Town PS,KA85094,Kiran Kumar,Inspector,Investigating Officer,1979-12-11,Male,A Negative,1,2016-03-21,350773550202400538,202400538,2024-11-07,"On 02-11-2024, a case of Burglary was reported at Shivamogga Town PS, Shivamogga district.",2024-11-02T04:00:00,2024-11-02T06:00:00,2024-11-02T07:00:00,13.9582,75.5238,"Incident occurred near coordinates 13.9582, 75.5238 within jurisdiction of Shivamogga Town PS.",Property Crimes,Burglary,IPC,Indian Penal Code,IPC,457,Lurking house-trespass or house-breaking by night,1,1,,,,,,,,,,0,Meena Naik,43,Female,A2,,,,,,,,,,,,
UDR,Non-Heinous,Chargesheet Filed,Karnataka,Mangaluru,Dakshina Kannada District & Sessions Court,Police Station,Mangaluru Town PS,KA45601,Rajesh Kamath,Sub-Inspector,Circle Inspector,1997-09-18,Female,O Positive,1,2013-05-14,222107744202400539,202400539,2024-09-06,"On 04-09-2024, a case of Drug Offence was reported at Mangaluru Town PS, Mangaluru district.",2024-09-04T11:00:00,2024-09-04T14:00:00,2024-09-04T23:00:00,12.9886,74.8959,"Incident occurred near coordinates 12.9886, 74.8959 within jurisdiction of Mangaluru Town PS.",Narcotics,Drug Offence,NDPS,"Narcotic Drugs and Psychotropic Substances Act, 1985",NDPS,20,Punishment for cannabis-related offences,1,1,Kavya Patil,55,Private Employee,Hindu,General,Male,Manish Kulkarni,21,Male,0,Isha Kulkarni,74,Female,A1,1.0,2024-09-13T21:00:00,Karnataka,Mangaluru,Mangaluru Town PS,KA45601,Dakshina Kannada District & Sessions Court,Isha Kulkarni,,2024-10-04T21:00:00,C,KA45601
Zero FIR,Heinous,Report Beece (B-Report),Karnataka,Bidar,Bidar District & Sessions Court,Police Station,Bidar Town PS,KA90528,Divya Shenoy,Constable,Station Writer,1991-05-21,Female,AB Negative,0,2009-10-01,865547812202600540,202600540,2025-03-19,"On 15-03-2025, a case of Grievous Hurt was reported at Bidar Town PS, Bidar district.",2025-03-15T01:00:00,2025-03-15T09:00:00,2025-03-15T13:00:00,17.84,77.4704,"Incident occurred near coordinates 17.84, 77.4704 within jurisdiction of Bidar Town PS.",Crimes Against Body,Grievous Hurt,IPC,Indian Penal Code,IPC,325,Punishment for voluntarily causing grievous hurt,1,1,Tanvi Sharma,63,Private Employee,Hindu,General,Female,Siddharth Kumar,64,Transgender,0,Tanvi Gowda,45,Female,A1,1.0,2025-03-26T10:00:00,Karnataka,Bidar,Bidar Town PS,KA90528,Bidar District & Sessions Court,Tanvi Gowda,,,,
Zero FIR,Non-Heinous,Report Beece (B-Report),Karnataka,Ballari,Ballari District & Sessions Court,Police Station,Ballari City PS,KA57483,Abhishek Joshi,Sub-Inspector,Station Writer,1973-04-26,Female,O Positive,0,2009-07-14,811521839202600541,202600541,2022-09-24,"On 19-09-2022, a case of Cyber Crime was reported at Ballari City PS, Ballari district.",2022-09-19T20:00:00,2022-09-20T01:00:00,2022-09-20T20:00:00,15.1728,76.8921,"Incident occurred near coordinates 15.1728, 76.8921 within jurisdiction of Ballari City PS.",Cyber Crime,Cyber Crime,ITA,"Information Technology Act, 2000",IT Act,66C,Identity theft using computer resource,1,1,Bhavya Rao,24,Private Employee,Hindu,General,Transgender,Suresh Kamath,75,Transgender,0,Anil Kumar,,Female,A1,1.0,2022-10-01T03:00:00,Karnataka,Ballari,Ballari City PS,KA57483,Ballari District & Sessions Court,Anil Kumar,,,,
UDR,Non-Heinous,Undetected,Karnataka,Mysuru,Mysuru District & Sessions Court,Police Station,Saraswathipuram PS,KA81134,Anil Shenoy,Sub-Inspector,Station Writer,1988-06-10,Female,B Negative,1,2012-11-22,240402429202400542,202400542,2025-09-23,"On 20-09-2025, a case of Robbery was reported at Saraswathipuram PS, Mysuru district.",2025-09-20T21:00:00,2025-09-21T03:00:00,2025-09-21T15:00:00,12.2555,76.7118,"Incident occurred near coordinates 12.2555, 76.7118 within jurisdiction of Saraswathipuram PS.",Property Crimes,Robbery,IPC,Indian Penal Code,IPC,392,Punishment for robbery,1,1,Siddharth Reddy,49,Private Employee,Hindu,General,Transgender,Tanvi Shenoy,21,Female,0,Dev Kamath,,Transgender,A1,,,,,,,,,,,,
FIR,Non-Heinous,Under Investigation,Karnataka,Udupi,Udupi District & Sessions Court,Police Station,Udupi Town PS,KA45759,Meena Sharma,Deputy Superintendent,Investigating Officer,1998-05-06,Female,AB Negative,0,2019-05-21,141523945202400543,202400543,2024-09-01,"On 27-08-2024, a case of Grievous Hurt was reported at Udupi Town PS, Udupi district.",2024-08-27T21:00:00,2024-08-28T03:00:00,2024-08-28T00:00:00,13.3498,74.6782,"Incident occurred near coordinates 13.3498, 74.6782 within jurisdiction of Udupi Town PS.",Crimes Against Body,Grievous Hurt,IPC,Indian Penal Code,IPC,325,Punishment for voluntarily causing grievous hurt,1,1,Manish Kamath,42,Private Employee,Hindu,General,Female,Esha Bhat,17,Female,0,Bhavya Kumar,,Transgender,A1,1.0,2024-09-08T23:00:00,Karnataka,Udupi,Udupi Town PS,KA45759,Udupi District & Sessions Court,Bhavya Kumar,,,,
Zero FIR,Heinous,Undetected,Karnataka,Shivamogga,Shivamogga District & Sessions Court,Police Station,Shivamogga Town PS,KA96011,Divya Shenoy,Deputy Superintendent,Circle Inspector,1989-09-16,Female,A Positive,1,2011-08-04,876146839202300544,202300544,2022-10-10,"On 08-10-2022, a case of Money Laundering was reported at Shivamogga Town PS, Shivamogga district.",2022-10-08T05:00:00,2022-10-08T13:00:00,2022-10-08T20:00:00,13.8559,75.5467,"Incident occurred near coordinates 13.8559, 75.5467 within jurisdiction of Shivamogga Town PS.",Financial Crime,Money Laundering,PMLA,"Prevention of Money Laundering Act, 2002",PMLA,3,Offence of money laundering,1,1,Siddharth Hegde,50,Private Employee,Hindu,General,Female,Rahul Kumar,57,Female,0,Gautam Patil,,Female,A1,,,,,,,,,,,,
UDR,Heinous,Report Beece (B-Report),Karnataka,Kalaburagi,Kalaburagi District & Sessions Court,Police Station,Kalaburagi City PS,KA95339,Kiran Joshi,Deputy Superintendent,Circle Inspector,1982-02-19,Male,O Negative,0,2015-08-01,261342521202500545,202500545,2024-04-14,"On 12-04-2024, a case of Theft was reported at Kalaburagi City PS, Kalaburagi district.",2024-04-12T20:00:00,2024-04-13T04:00:00,2024-04-13T20:00:00,17.4045,76.7909,"Incident occurred near coordinates 17.4045, 76.7909 within jurisdiction of Kalaburagi City PS.",Property Crimes,Theft,IPC,Indian Penal Code,IPC,379,Punishment for theft,1,1,Kavya Joshi,55,Private Employee,Hindu,General,Female,Manish Kulkarni,38,Female,0,Vikram Joshi,55,Female,A1,1.0,2024-04-21T02:00:00,Karnataka,Kalaburagi,Kalaburagi City PS,KA95339,Kalaburagi District & Sessions Court,Vikram Joshi,,,,
PAR,Non-Heinous,Report Beece (B-Report),Karnataka,Vijayapura,Vijayapura District & Sessions Court,Police Station,Vijayapura Town PS,KA70373,Aditi Singh,Constable,Circle Inspector,1986-11-03,Male,O Negative,0,2015-10-16,333471456202200546,202200546,2025-02-09,"On 04-02-2025, a case of Grievous Hurt was reported at Vijayapura Town PS, Vijayapura district.",2025-02-04T14:00:00,2025-02-04T22:00:00,2025-02-04T23:00:00,16.8665,75.7517,"Incident occurred near coordinates 16.8665, 75.7517 within jurisdiction of Vijayapura Town PS.",Crimes Against Body,Grievous Hurt,IPC,Indian Penal Code,IPC,325,Punishment for voluntarily causing grievous hurt,1,1,Dev Reddy,51,Private Employee,Hindu,General,Female,Farhan Joshi,8,Male,0,Abhishek Kumar,71,Male,A1,1.0,2025-02-16T01:00:00,Karnataka,Vijayapura,Vijayapura Town PS,KA70373,Vijayapura District & Sessions Court,Abhishek Kumar,,,,
Zero FIR,Non-Heinous,Chargesheet Filed,Karnataka,Shivamogga,Shivamogga District & Sessions Court,Police Station,Shivamogga Town PS,KA16919,Vikram Gowda,Sub-Inspector,Investigating Officer,1990-11-21,Male,O Positive,0,2020-01-20,882879304202600547,202600547,2024-08-18,"On 14-08-2024, a case of Burglary was reported at Shivamogga Town PS, Shivamogga district.",2024-08-14T22:00:00,2024-08-15T00:00:00,2024-08-15T04:00:00,13.8616,75.5051,"Incident occurred near coordinates 13.8616, 75.5051 within jurisdiction of Shivamogga Town PS.",Property Crimes,Burglary,IPC,Indian Penal Code,IPC,457,Lurking house-trespass or house-breaking by night,1,1,Nikhil Pai,58,Private Employee,Hindu,General,Transgender,Pooja Kulkarni,54,Transgender,0,Sanjay Patil,,Transgender,A1,1.0,2024-08-25T00:00:00,Karnataka,Shivamogga,Shivamogga Town PS,KA16919,Shivamogga District & Sessions Court,Sanjay Patil,,2024-09-24T00:00:00,B,KA16919
UDR,Heinous,Chargesheet Filed,Karnataka,Mysuru,Mysuru District & Sessions Court,Police Station,Saraswathipuram PS,KA69164,Nikhil Shetty,Deputy Superintendent,SHO,1996-09-07,Male,A Positive,0,2012-04-24,229909923202200548,202200548,2022-09-19,"On 14-09-2022, a case of Assault was reported at Saraswathipuram PS, Mysuru district.",2022-09-14T06:00:00,2022-09-14T13:00:00,2022-09-14T13:00:00,12.2665,76.706,"Incident occurred near coordinates 12.2665, 76.706 within jurisdiction of Saraswathipuram PS.",Crimes Against Body,Assault,IPC,Indian Penal Code,IPC,351,Assault,1,1,Rajesh Sharma,80,Private Employee,Hindu,General,Male,Nikhil Reddy,49,Female,0,Meena Kumar,,Female,A1,1.0,2022-09-26T15:00:00,Karnataka,Mysuru,Saraswathipuram PS,KA69164,Mysuru District & Sessions Court,Meena Kumar,,2022-10-11T15:00:00,A,KA69164
FIR,Heinous,Under Investigation,Karnataka,Belagavi,Belagavi District & Sessions Court,Police Station,Belagavi City PS,KA28516,Deepak Rao,Constable,Station Writer,1995-09-23,Female,O Positive,1,2001-11-09,151242490202200549,202200549,2023-07-10,"On 04-07-2023, a case of Cyber Crime was reported at Belagavi City PS, Belagavi district.",2023-07-04T14:00:00,2023-07-04T21:00:00,2023-07-05T02:00:00,15.8886,74.4215,"Incident occurred near coordinates 15.8886, 74.4215 within jurisdiction of Belagavi City PS.",Cyber Crime,Cyber Crime,ITA,"Information Technology Act, 2000",IT Act,66C,Identity theft using computer resource,1,1,Gautam Kamath,78,Private Employee,Hindu,General,Male,Isha Das,16,Male,0,Kavya Kamath,67,Female,A1,1.0,2023-07-17T02:00:00,Karnataka,Belagavi,Belagavi City PS,KA28516,Belagavi District & Sessions Court,Kavya Kamath,,,,
UDR,Non-Heinous,Under Investigation,Karnataka,Belagavi,Belagavi District & Sessions Court,Police Station,Belagavi City PS,KA37056,Sunil Pai,Head Constable,Station Writer,1998-05-28,Female,B Negative,0,2010-02-05,210637829202500550,202500550,2025-02-09,"On 05-02-2025, a case of Burglary was reported at Belagavi City PS, Belagavi district.",2025-02-05T14:00:00,2025-02-05T18:00:00,2025-02-06T01:00:00,15.9024,74.4728,"Incident occurred near coordinates 15.9024, 74.4728 within jurisdiction of Belagavi City PS.",Property Crimes,Burglary,IPC,Indian Penal Code,IPC,457,Lurking house-trespass or house-breaking by night,1,1,Isha Pai,24,Private Employee,Hindu,General,Female,Kavya Deshmukh,38,Female,0,Divya Patil,,Male,A1,1.0,2025-02-16T02:00:00,Karnataka,Belagavi,Belagavi City PS,KA37056,Belagavi District & Sessions Court,Divya Patil,Dev Deshmukh,,,
UDR,Non-Heinous,Under Investigation,Karnataka,Belagavi,Belagavi District & Sessions Court,Police Station,Belagavi City PS,KA37056,Sunil Pai,Deputy Superintendent,Investigating Officer,1975-11-17,Female,B Positive,0,2012-09-18,210637829202500550,202500550,2025-02-09,"On 05-02-2025, a case of Burglary was reported at Belagavi City PS, Belagavi district.",2025-02-05T14:00:00,2025-02-05T18:00:00,2025-02-06T01:00:00,15.9024,74.4728,"Incident occurred near coordinates 15.9024, 74.4728 within jurisdiction of Belagavi City PS.",Property Crimes,Burglary,IPC,Indian Penal Code,IPC,457,Lurking house-trespass or house-breaking by night,1,1,,,,,,,,,,0,Dev Deshmukh,,Female,A2,,,,,,,,,,,,
Zero FIR,Heinous,Under Investigation,Karnataka,Bengaluru Rural,Bengaluru Rural District & Sessions Court,Police Station,Bengaluru Rural PS,KA76689,Bhavya Rao,Sub-Inspector,Investigating Officer,1986-05-02,Female,B Positive,0,2003-12-04,836929670202300551,202300551,2024-02-12,"On 09-02-2024, a case of Murder was reported at Bengaluru Rural PS, Bengaluru Rural district.",2024-02-09T15:00:00,2024-02-09T22:00:00,2024-02-09T20:00:00,13.3168,77.5563,"Incident occurred near coordinates 13.3168, 77.5563 within jurisdiction of Bengaluru Rural PS.",Crimes Against Body,Murder,IPC,Indian Penal Code,IPC,302,Punishment for murder,1,1,Esha Naik,49,Private Employee,Hindu,General,Transgender,Divya Verma,9,Transgender,0,Nikhil Nair,28,Male,A1,1.0,2024-02-19T23:00:00,Karnataka,Bengaluru Rural,Bengaluru Rural PS,KA76689,Bengaluru Rural District & Sessions Court,Nikhil Nair,,,,
FIR,Non-Heinous,Report Beece (B-Report),Karnataka,Kalaburagi,Kalaburagi District & Sessions Court,Police Station,Kalaburagi City PS,KA67248,Nikhil Joshi,Constable,Station Writer,1984-01-13,Female,AB Positive,0,2018-11-24,181173893202400552,202400552,2022-12-01,"On 30-11-2022, a case of Grievous Hurt was reported at Kalaburagi City PS, Kalaburagi district.",2022-11-30T04:00:00,2022-11-30T05:00:00,2022-12-01T03:00:00,17.2817,76.8542,"Incident occurred near coordinates 17.2817, 76.8542 within jurisdiction of Kalaburagi City PS.",Crimes Against Body,Grievous Hurt,IPC,Indian Penal Code,IPC,325,Punishment for voluntarily causing grievous hurt,1,1,Dev Kulkarni,51,Private Employee,Hindu,General,Transgender,Hari Hegde,69,Female,0,Kavya Hegde,45,Male,A1,1.0,2022-12-08T11:00:00,Karnataka,Kalaburagi,Kalaburagi City PS,KA67248,Kalaburagi District & Sessions Court,Kavya Hegde,Divya Bhat,,,
FIR,Non-Heinous,Report Beece (B-Report),Karnataka,Kalaburagi,Kalaburagi District & Sessions Court,Police Station,Kalaburagi City PS,KA67248,Nikhil Joshi,Constable,Investigating Officer,1986-10-23,Female,AB Positive,0,2004-09-27,181173893202400552,202400552,2022-12-01,"On 30-11-2022, a case of Grievous Hurt was reported at Kalaburagi City PS, Kalaburagi district.",2022-11-30T04:00:00,2022-11-30T05:00:00,2022-12-01T03:00:00,17.2817,76.8542,"Incident occurred near coordinates 17.2817, 76.8542 within jurisdiction of Kalaburagi City PS.",Crimes Against Body,Grievous Hurt,IPC,Indian Penal Code,IPC,325,Punishment for voluntarily causing grievous hurt,1,1,,,,,,,,,,0,Divya Bhat,62,Female,A2,,,,,,,,,,,,
Zero FIR,Heinous,Undetected,Karnataka,Mangaluru,Dakshina Kannada District & Sessions Court,Police Station,Mangaluru Town PS,KA50948,Ananya Gowda,Deputy Superintendent,SHO,1975-11-13,Female,B Negative,1,2003-12-19,814838528202600553,202600553,2024-03-30,"On 25-03-2024, a case of Grievous Hurt was reported at Mangaluru Town PS, Mangaluru district.",2024-03-25T06:00:00,2024-03-25T10:00:00,2024-03-26T06:00:00,12.9757,74.8793,"Incident occurred near coordinates 12.9757, 74.8793 within jurisdiction of Mangaluru Town PS.",Crimes Against Body,Grievous Hurt,IPC,Indian Penal Code,IPC,325,Punishment for voluntarily causing grievous hurt,1,1,Rajesh Das,34,Private Employee,Hindu,General,Transgender,Pooja Verma,60,Male,0,Aarav Kumar,34,Transgender,A1,,,,,,,,,,,,
FIR,Heinous,Under Investigation,Karnataka,Bagalkote,Bagalkote District & Sessions Court,Police Station,Bagalkote Town PS,KA66446,Rajesh Verma,Deputy Superintendent,Station Writer,1984-06-20,Female,O Negative,1,2005-04-27,127405639202200554,202200554,2022-12-22,"On 19-12-2022, a case of Robbery was reported at Bagalkote Town PS, Bagalkote district.",2022-12-19T01:00:00,2022-12-19T05:00:00,2022-12-19T13:00:00,16.167,75.7345,"Incident occurred near coordinates 16.167, 75.7345 within jurisdiction of Bagalkote Town PS.",Property Crimes,Robbery,IPC,Indian Penal Code,IPC,392,Punishment for robbery,1,1,Farhan Reddy,43,Private Employee,Hindu,General,Female,Pooja Deshmukh,65,Male,0,Siddharth Pai,,Male,A1,1.0,2022-12-29T07:00:00,Karnataka,Bagalkote,Bagalkote Town PS,KA66446,Bagalkote District & Sessions Court,Siddharth Pai,Nikhil Singh,,,
FIR,Heinous,Under Investigation,Karnataka,Bagalkote,Bagalkote District & Sessions Court,Police Station,Bagalkote Town PS,KA66446,Rajesh Verma,Deputy Superintendent,Investigating Officer,1976-12-12,Male,O Positive,0,2000-05-23,127405639202200554,202200554,2022-12-22,"On 19-12-2022, a case of Robbery was reported at Bagalkote Town PS, Bagalkote district.",2022-12-19T01:00:00,2022-12-19T05:00:00,2022-12-19T13:00:00,16.167,75.7345,"Incident occurred near coordinates 16.167, 75.7345 within jurisdiction of Bagalkote Town PS.",Property Crimes,Robbery,IPC,Indian Penal Code,IPC,392,Punishment for robbery,1,1,,,,,,,,,,0,Nikhil Singh,49,Female,A2,,,,,,,,,,,,
Zero FIR,Heinous,Undetected,Karnataka,Ballari,Ballari District & Sessions Court,Police Station,Ballari City PS,KA21878,Abhishek Kulkarni,Sub-Inspector,Station Writer,1977-10-17,Male,A Negative,0,2007-03-20,846017632202600555,202600555,2022-01-14,"On 12-01-2022, a case of Grievous Hurt was reported at Ballari City PS, Ballari district.",2022-01-12T13:00:00,2022-01-12T18:00:00,2022-01-13T09:00:00,15.1609,76.8941,"Incident occurred near coordinates 15.1609, 76.8941 within jurisdiction of Ballari City PS.",Crimes Against Body,Grievous Hurt,IPC,Indian Penal Code,IPC,325,Punishment for voluntarily causing grievous hurt,1,1,Aditi Rao,61,Private Employee,Hindu,General,Transgender,Gautam Joshi,41,Male,0,Bhavya Shetty,,Male,A1,,,,,,,,,,,,
FIR,Heinous,Report Beece (B-Report),Karnataka,Mysuru,Mysuru District & Sessions Court,Police Station,Saraswathipuram PS,KA32241,Esha Reddy,Head Constable,Station Writer,1983-03-16,Male,A Negative,0,2017-08-02,117161195202600556,202600556,2024-08-03,"On 29-07-2024, a case of Money Laundering was reported at Saraswathipuram PS, Mysuru district.",2024-07-29T18:00:00,2024-07-29T21:00:00,2024-07-30T08:00:00,12.2747,76.6009,"Incident occurred near coordinates 12.2747, 76.6009 within jurisdiction of Saraswathipuram PS.",Financial Crime,Money Laundering,PMLA,"Prevention of Money Laundering Act, 2002",PMLA,3,Offence of money laundering,1,1,Pooja Bhat,80,Private Employee,Hindu,General,Male,Isha Singh,54,Male,0,Manish Kamath,35,Male,A1,1.0,2024-08-10T03:00:00,Karnataka,Mysuru,Saraswathipuram PS,KA32241,Mysuru District & Sessions Court,Manish Kamath,,,,
FIR,Heinous,Undetected,Karnataka,Kolar,Kolar District & Sessions Court,Police Station,Kolar Town PS,KA17632,Deepak Shetty,Constable,Station Writer,1972-04-26,Female,O Positive,0,2008-10-20,145594403202600557,202600557,2025-07-25,"On 20-07-2025, a case of Theft was reported at Kolar Town PS, Kolar district.",2025-07-20T19:00:00,2025-07-21T02:00:00,2025-07-21T17:00:00,13.1102,78.1209,"Incident occurred near coordinates 13.1102, 78.1209 within jurisdiction of Kolar Town PS.",Property Crimes,Theft,IPC,Indian Penal Code,IPC,379,Punishment for theft,1,1,Abhishek Patil,58,Private Employee,Hindu,General,Male,Sanjay Kumar,58,Female,0,Kiran Naik,,Male,A1,,,,,,,,,,,,
FIR,Heinous,Undetected,Karnataka,Kolar,Kolar District & Sessions Court,Police Station,Kolar Town PS,KA17632,Deepak Shetty,Head Constable,Circle Inspector,1978-02-17,Male,A Positive,0,2019-02-09,145594403202600557,202600557,2025-07-25,"On 20-07-2025, a case of Theft was reported at Kolar Town PS, Kolar district.",2025-07-20T19:00:00,2025-07-21T02:00:00,2025-07-21T17:00:00,13.1102,78.1209,"Incident occurred near coordinates 13.1102, 78.1209 within jurisdiction of Kolar Town PS.",Property Crimes,Theft,IPC,Indian Penal Code,IPC,379,Punishment for theft,1,1,,,,,,,,,,0,Ananya Singh,,Female,A2,,,,,,,,,,,,
FIR,Heinous,Undetected,Karnataka,Ballari,Ballari District & Sessions Court,Police Station,Ballari City PS,KA50891,Rahul Nair,Head Constable,Investigating Officer,1975-12-01,Female,B Positive,0,2002-12-13,114704548202400558,202400558,2022-10-07,"On 01-10-2022, a case of Dark Web Crime was reported at Ballari City PS, Ballari district.",2022-10-01T23:00:00,2022-10-02T03:00:00,2022-10-02T14:00:00,15.1977,76.9837,"Incident occurred near coordinates 15.1977, 76.9837 within jurisdiction of Ballari City PS.",Cyber Crime,Dark Web Crime,ITA,"Information Technology Act, 2000",IT Act,67,Publishing/transmitting obscene material electronically,1,1,Kiran Kulkarni,54,Private Employee,Hindu,General,Female,Hari Hegde,68,Female,0,Aarav Rao,32,Male,A1,,,,,,,,,,,,
UDR,Heinous,Chargesheet Filed,Karnataka,Bagalkote,Bagalkote District & Sessions Court,Police Station,Bagalkote Town PS,KA90139,Divya Reddy,Deputy Superintendent,Station Writer,1990-08-03,Female,A Positive,0,2019-05-19,283959579202400559,202400559,2024-06-15,"On 14-06-2024, a case of Theft was reported at Bagalkote Town PS, Bagalkote district.",2024-06-14T07:00:00,2024-06-14T11:00:00,2024-06-15T04:00:00,16.1894,75.621,"Incident occurred near coordinates 16.1894, 75.621 within jurisdiction of Bagalkote Town PS.",Property Crimes,Theft,IPC,Indian Penal Code,IPC,379,Punishment for theft,1,1,Isha Deshmukh,35,Private Employee,Hindu,General,Male,Sunil Reddy,57,Female,0,Tanvi Gowda,46,Male,A1,1.0,2024-06-22T18:00:00,Karnataka,Bagalkote,Bagalkote Town PS,KA90139,Bagalkote District & Sessions Court,Tanvi Gowda,,2024-07-12T18:00:00,B,KA90139
Zero FIR,Non-Heinous,Chargesheet Filed,Karnataka,Kolar,Kolar District & Sessions Court,Police Station,Kolar Town PS,KA11652,Manish Kulkarni,Constable,Circle Inspector,1998-09-04,Female,AB Negative,0,2009-12-27,876298344202300560,202300560,2024-01-03,"On 01-01-2024, a case of Cryptocurrency Crime was reported at Kolar Town PS, Kolar district.",2024-01-01T20:00:00,2024-01-02T02:00:00,2024-01-02T13:00:00,13.076,78.1451,"Incident occurred near coordinates 13.076, 78.1451 within jurisdiction of Kolar Town PS.",Cyber Crime,Cryptocurrency Crime,ITA,"Information Technology Act, 2000",IT Act,66D,Cheating by personation using a computer resource,1,1,Meena Hegde,40,Private Employee,Hindu,General,Male,Hari Verma,48,Transgender,0,Priya Rao,,Transgender,A1,1.0,2024-01-10T08:00:00,Karnataka,Kolar,Kolar Town PS,KA11652,Kolar District & Sessions Court,Priya Rao,,2024-03-03T08:00:00,A,KA11652
PAR,Non-Heinous,Under Investigation,Karnataka,Hubballi-Dharwad,Dharwad District & Sessions Court,Police Station,Dharwad Town PS,KA88427,Sunil Joshi,Sub-Inspector,Investigating Officer,1985-01-03,Female,B Negative,0,2019-10-25,315252134202500561,202500561,2022-10-15,"On 11-10-2022, a case of Cheating was reported at Dharwad Town PS, Hubballi-Dharwad district.",2022-10-11T06:00:00,2022-10-11T11:00:00,2022-10-11T17:00:00,15.2973,75.0441,"Incident occurred near coordinates 15.2973, 75.0441 within jurisdiction of Dharwad Town PS.",Financial Crime,Cheating,IPC,Indian Penal Code,IPC,420,Cheating and dishonestly inducing delivery of property,1,1,Ananya Joshi,51,Private Employee,Hindu,General,Transgender,Abhishek Kamath,54,Transgender,0,Tanvi Kamath,,Female,A1,1.0,2022-10-22T11:00:00,Karnataka,Hubballi-Dharwad,Dharwad Town PS,KA88427,Dharwad District & Sessions Court,Tanvi Kamath,,,,
PAR,Non-Heinous,Under Investigation,Karnataka,Belagavi,Belagavi District & Sessions Court,Police Station,Belagavi City PS,KA98041,Chirag Reddy,Constable,SHO,1987-04-08,Female,AB Negative,0,2004-03-03,378611067202300562,202300562,2022-07-22,"On 19-07-2022, a case of Cryptocurrency Crime was reported at Belagavi City PS, Belagavi district.",2022-07-19T10:00:00,2022-07-19T13:00:00,2022-07-20T00:00:00,15.7975,74.4665,"Incident occurred near coordinates 15.7975, 74.4665 within jurisdiction of Belagavi City PS.",Cyber Crime,Cryptocurrency Crime,ITA,"Information Technology Act, 2000",IT Act,66D,Cheating by personation using a computer resource,1,1,Dev Joshi,60,Private Employee,Hindu,General,Male,Kiran Naik,27,Transgender,0,Abhishek Hegde,55,Transgender,A1,1.0,2022-07-29T20:00:00,Karnataka,Belagavi,Belagavi City PS,KA98041,Belagavi District & Sessions Court,Abhishek Hegde,,,,
UDR,Heinous,Report Beece (B-Report),Karnataka,Shivamogga,Shivamogga District & Sessions Court,Police Station,Shivamogga Town PS,KA39854,Aarav Singh,Inspector,SHO,1993-04-19,Female,B Negative,1,2013-09-27,271378611202200563,202200563,2024-05-18,"On 17-05-2024, a case of Dark Web Crime was reported at Shivamogga Town PS, Shivamogga district.",2024-05-17T14:00:00,2024-05-17T20:00:00,2024-05-18T09:00:00,13.8937,75.6301,"Incident occurred near coordinates 13.8937, 75.6301 within jurisdiction of Shivamogga Town PS.",Cyber Crime,Dark Web Crime,ITA,"Information Technology Act, 2000",IT Act,67,Publishing/transmitting obscene material electronically,1,1,Pooja Gowda,44,Private Employee,Hindu,General,Transgender,Sunil Verma,37,Male,0,Meena Patil,38,Male,A1,1.0,2024-05-25T15:00:00,Karnataka,Shivamogga,Shivamogga Town PS,KA39854,Shivamogga District & Sessions Court,Meena Patil,,,,
Zero FIR,Heinous,Under Investigation,Karnataka,Tumakuru,Tumakuru District & Sessions Court,Police Station,Tumakuru Town PS,KA82102,Sanjay Joshi,Sub-Inspector,Circle Inspector,1982-03-15,Female,AB Positive,0,2010-08-09,836914593202600564,202600564,2022-10-27,"On 26-10-2022, a case of Money Laundering was reported at Tumakuru Town PS, Tumakuru district.",2022-10-26T02:00:00,2022-10-26T06:00:00,2022-10-26T22:00:00,13.4044,77.1416,"Incident occurred near coordinates 13.4044, 77.1416 within jurisdiction of Tumakuru Town PS.",Financial Crime,Money Laundering,PMLA,"Prevention of Money Laundering Act, 2002",PMLA,3,Offence of money laundering,1,1,Isha Hegde,49,Private Employee,Hindu,General,Transgender,Anil Kamath,46,Female,0,Hari Shenoy,21,Male,A1,1.0,2022-11-03T11:00:00,Karnataka,Tumakuru,Tumakuru Town PS,KA82102,Tumakuru District & Sessions Court,Hari Shenoy,,,,
UDR,Heinous,Chargesheet Filed,Karnataka,Hubballi-Dharwad,Dharwad District & Sessions Court,Police Station,Dharwad Town PS,KA91993,Suresh Deshmukh,Deputy Superintendent,Station Writer,1985-06-17,Female,O Negative,1,2010-07-21,240462118202200565,202200565,2023-09-11,"On 06-09-2023, a case of Burglary was reported at Dharwad Town PS, Hubballi-Dharwad district.",2023-09-06T02:00:00,2023-09-06T06:00:00,2023-09-07T02:00:00,15.3798,75.115,"Incident occurred near coordinates 15.3798, 75.115 within jurisdiction of Dharwad Town PS.",Property Crimes,Burglary,IPC,Indian Penal Code,IPC,457,Lurking house-trespass or house-breaking by night,1,1,Sunil Singh,42,Private Employee,Hindu,General,Female,Hari Deshmukh,64,Female,0,Suresh Kumar,,Transgender,A1,1.0,2023-09-18T09:00:00,Karnataka,Hubballi-Dharwad,Dharwad Town PS,KA91993,Dharwad District & Sessions Court,Suresh Kumar,"Esha Kumar,Suresh Deshmukh",2023-10-13T09:00:00,C,KA91993
UDR,Heinous,Chargesheet Filed,Karnataka,Hubballi-Dharwad,Dharwad District & Sessions Court,Police Station,Dharwad Town PS,KA91993,Suresh Deshmukh,Sub-Inspector,Station Writer,1998-09-24,Male,O Positive,0,2003-05-03,240462118202200565,202200565,2023-09-11,"On 06-09-2023, a case of Burglary was reported at Dharwad Town PS, Hubballi-Dharwad district.",2023-09-06T02:00:00,2023-09-06T06:00:00,2023-09-07T02:00:00,15.3798,75.115,"Incident occurred near coordinates 15.3798, 75.115 within jurisdiction of Dharwad Town PS.",Property Crimes,Burglary,IPC,Indian Penal Code,IPC,457,Lurking house-trespass or house-breaking by night,1,1,,,,,,,,,,0,Esha Kumar,38,Transgender,A2,,,,,,,,,,,,
UDR,Heinous,Chargesheet Filed,Karnataka,Hubballi-Dharwad,Dharwad District & Sessions Court,Police Station,Dharwad Town PS,KA91993,Suresh Deshmukh,Deputy Superintendent,Investigating Officer,1981-04-03,Female,B Positive,0,2002-01-02,240462118202200565,202200565,2023-09-11,"On 06-09-2023, a case of Burglary was reported at Dharwad Town PS, Hubballi-Dharwad district.",2023-09-06T02:00:00,2023-09-06T06:00:00,2023-09-07T02:00:00,15.3798,75.115,"Incident occurred near coordinates 15.3798, 75.115 within jurisdiction of Dharwad Town PS.",Property Crimes,Burglary,IPC,Indian Penal Code,IPC,457,Lurking house-trespass or house-breaking by night,1,1,,,,,,,,,,0,Suresh Deshmukh,,Female,A3,,,,,,,,,,,,
UDR,Non-Heinous,Report Beece (B-Report),Karnataka,Udupi,Udupi District & Sessions Court,Police Station,Udupi Town PS,KA43279,Kiran Kulkarni,Sub-Inspector,SHO,1996-08-19,Female,B Positive,1,2002-03-26,229148553202500566,202500566,2022-01-08,"On 02-01-2022, a case of Burglary was reported at Udupi Town PS, Udupi district.",2022-01-02T23:00:00,2022-01-03T03:00:00,2022-01-03T20:00:00,13.3491,74.7839,"Incident occurred near coordinates 13.3491, 74.7839 within jurisdiction of Udupi Town PS.",Property Crimes,Burglary,IPC,Indian Penal Code,IPC,457,Lurking house-trespass or house-breaking by night,1,1,Abhishek Hegde,46,Private Employee,Hindu,General,Female,Kiran Patil,19,Transgender,0,Chirag Joshi,,Female,A1,1.0,2022-01-15T04:00:00,Karnataka,Udupi,Udupi Town PS,KA43279,Udupi District & Sessions Court,Chirag Joshi,Sanjay Singh,,,
UDR,Heinous,Report Beece (B-Report),Karnataka,Udupi,Udupi District & Sessions Court,Police Station,Udupi Town PS,KA43279,Kiran Kulkarni,Head Constable,SHO,1990-12-10,Male,B Positive,1,2006-08-17,229148553202500566,202500566,2022-01-08,"On 02-01-2022, a case of Burglary was reported at Udupi Town PS, Udupi district.",2022-01-02T23:00:00,2022-01-03T03:00:00,2022-01-03T20:00:00,13.3491,74.7839,"Incident occurred near coordinates 13.3491, 74.7839 within jurisdiction of Udupi Town PS.",Property Crimes,Burglary,IPC,Indian Penal Code,IPC,457,Lurking house-trespass or house-breaking by night,1,1,,,,,,,,,,0,Sanjay Singh,,Male,A2,,,,,,,,,,,,
Zero FIR,Heinous,Under Investigation,Karnataka,Kolar,Kolar District & Sessions Court,Police Station,Kolar Town PS,KA10973,Nikhil Naik,Inspector,Circle Inspector,1979-01-02,Female,AB Positive,0,2011-11-24,872697466202400567,202400567,2022-08-23,"On 22-08-2022, a case of Cyber Crime was reported at Kolar Town PS, Kolar district.",2022-08-22T00:00:00,2022-08-22T06:00:00,2022-08-22T23:00:00,13.1117,78.0655,"Incident occurred near coordinates 13.1117, 78.0655 within jurisdiction of Kolar Town PS.",Cyber Crime,Cyber Crime,ITA,"Information Technology Act, 2000",IT Act,66C,Identity theft using computer resource,1,1,Gautam Shetty,65,Private Employee,Hindu,General,Female,Sanjay Verma,57,Female,0,Priya Kulkarni,,Transgender,A1,1.0,2022-08-30T10:00:00,Karnataka,Kolar,Kolar Town PS,KA10973,Kolar District & Sessions Court,Priya Kulkarni,"Kiran Naik,Kavya Kamath",,,
Zero FIR,Heinous,Under Investigation,Karnataka,Kolar,Kolar District & Sessions Court,Police Station,Kolar Town PS,KA10973,Nikhil Naik,Sub-Inspector,Investigating Officer,1984-04-18,Female,AB Positive,0,2014-06-03,872697466202400567,202400567,2022-08-23,"On 22-08-2022, a case of Cyber Crime was reported at Kolar Town PS, Kolar district.",2022-08-22T00:00:00,2022-08-22T06:00:00,2022-08-22T23:00:00,13.1117,78.0655,"Incident occurred near coordinates 13.1117, 78.0655 within jurisdiction of Kolar Town PS.",Cyber Crime,Cyber Crime,ITA,"Information Technology Act, 2000",IT Act,66C,Identity theft using computer resource,1,1,,,,,,,,,,0,Kiran Naik,65,Male,A2,,,,,,,,,,,,
Zero FIR,Non-Heinous,Under Investigation,Karnataka,Kolar,Kolar District & Sessions Court,Police Station,Kolar Town PS,KA10973,Nikhil Naik,Deputy Superintendent,Station Writer,1986-02-25,Male,A Positive,0,2020-05-25,872697466202400567,202400567,2022-08-23,"On 22-08-2022, a case of Cyber Crime was reported at Kolar Town PS, Kolar district.",2022-08-22T00:00:00,2022-08-22T06:00:00,2022-08-22T23:00:00,13.1117,78.0655,"Incident occurred near coordinates 13.1117, 78.0655 within jurisdiction of Kolar Town PS.",Cyber Crime,Cyber Crime,ITA,"Information Technology Act, 2000",IT Act,66C,Identity theft using computer resource,1,1,,,,,,,,,,0,Kavya Kamath,,Transgender,A3,,,,,,,,,,,,
UDR,Non-Heinous,Report Beece (B-Report),Karnataka,Bidar,Bidar District & Sessions Court,Police Station,Bidar Town PS,KA88735,Anil Patil,Sub-Inspector,Station Writer,1986-05-07,Male,AB Positive,1,2007-10-07,286943321202300568,202300568,2023-12-05,"On 03-12-2023, a case of Burglary was reported at Bidar Town PS, Bidar district.",2023-12-03T12:00:00,2023-12-03T16:00:00,2023-12-04T12:00:00,17.9062,77.5004,"Incident occurred near coordinates 17.9062, 77.5004 within jurisdiction of Bidar Town PS.",Property Crimes,Burglary,IPC,Indian Penal Code,IPC,457,Lurking house-trespass or house-breaking by night,1,1,Nikhil Rao,78,Private Employee,Hindu,General,Transgender,Rahul Gowda,25,Female,0,Deepak Joshi,,Male,A1,1.0,2023-12-12T21:00:00,Karnataka,Bidar,Bidar Town PS,KA88735,Bidar District & Sessions Court,Deepak Joshi,Kiran Reddy,,,
UDR,Heinous,Report Beece (B-Report),Karnataka,Bidar,Bidar District & Sessions Court,Police Station,Bidar Town PS,KA88735,Anil Patil,Head Constable,Station Writer,1983-12-20,Female,AB Negative,0,2001-08-15,286943321202300568,202300568,2023-12-05,"On 03-12-2023, a case of Burglary was reported at Bidar Town PS, Bidar district.",2023-12-03T12:00:00,2023-12-03T16:00:00,2023-12-04T12:00:00,17.9062,77.5004,"Incident occurred near coordinates 17.9062, 77.5004 within jurisdiction of Bidar Town PS.",Property Crimes,Burglary,IPC,Indian Penal Code,IPC,457,Lurking house-trespass or house-breaking by night,1,1,,,,,,,,,,0,Kiran Reddy,60,Female,A2,,,,,,,,,,,,
PAR,Heinous,Undetected,Karnataka,Bagalkote,Bagalkote District & Sessions Court,Police Station,Bagalkote Town PS,KA39046,Anil Verma,Sub-Inspector,Circle Inspector,1981-01-23,Male,A Positive,0,2020-06-23,327524656202200569,202200569,2022-01-24,"On 19-01-2022, a case of Robbery was reported at Bagalkote Town PS, Bagalkote district.",2022-01-19T01:00:00,2022-01-19T06:00:00,2022-01-19T13:00:00,16.2516,75.7277,"Incident occurred near coordinates 16.2516, 75.7277 within jurisdiction of Bagalkote Town PS.",Property Crimes,Robbery,IPC,Indian Penal Code,IPC,392,Punishment for robbery,1,1,Sunil Das,46,Private Employee,Hindu,General,Transgender,Dev Joshi,44,Transgender,0,Priya Rao,,Transgender,A1,,,,,,,,,,,,
PAR,Non-Heinous,Undetected,Karnataka,Bagalkote,Bagalkote District & Sessions Court,Police Station,Bagalkote Town PS,KA39046,Anil Verma,Sub-Inspector,Station Writer,1981-01-22,Female,O Negative,0,2008-08-28,327524656202200569,202200569,2022-01-24,"On 19-01-2022, a case of Robbery was reported at Bagalkote Town PS, Bagalkote district.",2022-01-19T01:00:00,2022-01-19T06:00:00,2022-01-19T13:00:00,16.2516,75.7277,"Incident occurred near coordinates 16.2516, 75.7277 within jurisdiction of Bagalkote Town PS.",Property Crimes,Robbery,IPC,Indian Penal Code,IPC,392,Punishment for robbery,1,1,,,,,,,,,,0,Tanvi Bhat,,Transgender,A2,,,,,,,,,,,,
PAR,Non-Heinous,Report Beece (B-Report),Karnataka,Tumakuru,Tumakuru District & Sessions Court,Police Station,Tumakuru Town PS,KA95858,Anil Shetty,Head Constable,Station Writer,1990-05-26,Male,AB Negative,1,2004-05-23,360317974202200570,202200570,2022-08-14,"On 12-08-2022, a case of Money Laundering was reported at Tumakuru Town PS, Tumakuru district.",2022-08-12T21:00:00,2022-08-13T01:00:00,2022-08-13T06:00:00,13.3513,77.1506,"Incident occurred near coordinates 13.3513, 77.1506 within jurisdiction of Tumakuru Town PS.",Financial Crime,Money Laundering,PMLA,"Prevention of Money Laundering Act, 2002",PMLA,3,Offence of money laundering,1,1,Rahul Das,25,Private Employee,Hindu,General,Male,Pooja Sharma,36,Female,0,Sunil Shetty,,Transgender,A1,1.0,2022-08-21T01:00:00,Karnataka,Tumakuru,Tumakuru Town PS,KA95858,Tumakuru District & Sessions Court,Sunil Shetty,,,,
PAR,Heinous,Undetected,Karnataka,Davangere,Davangere District & Sessions Court,Police Station,Davangere Extension PS,KA87761,Hari Sharma,Inspector,SHO,1993-06-11,Female,A Positive,0,2000-12-26,378344410202400571,202400571,2022-05-11,"On 10-05-2022, a case of Dark Web Crime was reported at Davangere Extension PS, Davangere district.",2022-05-10T00:00:00,2022-05-10T01:00:00,2022-05-10T08:00:00,14.4667,75.977,"Incident occurred near coordinates 14.4667, 75.977 within jurisdiction of Davangere Extension PS.",Cyber Crime,Dark Web Crime,ITA,"Information Technology Act, 2000",IT Act,67,Publishing/transmitting obscene material electronically,1,1,Abhishek Kamath,56,Private Employee,Hindu,General,Male,Dev Naik,68,Transgender,0,Divya Rao,,Transgender,A1,,,,,,,,,,,,
PAR,Non-Heinous,Report Beece (B-Report),Karnataka,Belagavi,Belagavi District & Sessions Court,Police Station,Belagavi City PS,KA57900,Nikhil Kumar,Deputy Superintendent,Circle Inspector,1979-11-26,Male,A Positive,1,2020-03-08,380451805202500572,202500572,2024-02-26,"On 21-02-2024, a case of Grievous Hurt was reported at Belagavi City PS, Belagavi district.",2024-02-21T10:00:00,2024-02-21T16:00:00,2024-02-22T06:00:00,15.8422,74.5075,"Incident occurred near coordinates 15.8422, 74.5075 within jurisdiction of Belagavi City PS.",Crimes Against Body,Grievous Hurt,IPC,Indian Penal Code,IPC,325,Punishment for voluntarily causing grievous hurt,1,1,Deepak Kulkarni,72,Private Employee,Hindu,General,Transgender,Suresh Hegde,20,Female,0,Abhishek Kulkarni,63,Male,A1,1.0,2024-03-04T16:00:00,Karnataka,Belagavi,Belagavi City PS,KA57900,Belagavi District & Sessions Court,Abhishek Kulkarni,,,,
Zero FIR,Heinous,Chargesheet Filed,Karnataka,Hassan,Hassan District & Sessions Court,Police Station,Hassan Town PS,KA88616,Ananya Kulkarni,Sub-Inspector,Station Writer,1983-01-21,Male,B Positive,0,2018-07-26,869965862202200573,202200573,2022-12-14,"On 11-12-2022, a case of Grievous Hurt was reported at Hassan Town PS, Hassan district.",2022-12-11T13:00:00,2022-12-11T18:00:00,2022-12-11T20:00:00,12.9444,76.0783,"Incident occurred near coordinates 12.9444, 76.0783 within jurisdiction of Hassan Town PS.",Crimes Against Body,Grievous Hurt,IPC,Indian Penal Code,IPC,325,Punishment for voluntarily causing grievous hurt,1,1,Aditi Singh,70,Private Employee,Hindu,General,Transgender,Farhan Shetty,13,Male,0,Kavya Shenoy,52,Transgender,A1,1.0,2022-12-21T20:00:00,Karnataka,Hassan,Hassan Town PS,KA88616,Hassan District & Sessions Court,Kavya Shenoy,,2023-02-06T20:00:00,B,KA88616
Zero FIR,Non-Heinous,Under Investigation,Karnataka,Vijayapura,Vijayapura District & Sessions Court,Police Station,Vijayapura Town PS,KA60627,Suresh Kumar,Constable,SHO,1991-01-16,Male,O Positive,0,2001-02-01,879161714202400574,202400574,2023-06-22,"On 18-06-2023, a case of Cyber Crime was reported at Vijayapura Town PS, Vijayapura district.",2023-06-18T15:00:00,2023-06-18T23:00:00,2023-06-18T23:00:00,16.7679,75.7545,"Incident occurred near coordinates 16.7679, 75.7545 within jurisdiction of Vijayapura Town PS.",Cyber Crime,Cyber Crime,ITA,"Information Technology Act, 2000",IT Act,66C,Identity theft using computer resource,1,1,Anil Joshi,26,Private Employee,Hindu,General,Female,Meena Patil,60,Transgender,0,Suresh Sharma,,Transgender,A1,1.0,2023-06-29T00:00:00,Karnataka,Vijayapura,Vijayapura Town PS,KA60627,Vijayapura District & Sessions Court,Suresh Sharma,,,,
Zero FIR,Heinous,Undetected,Karnataka,Ballari,Ballari District & Sessions Court,Police Station,Ballari City PS,KA60415,Kiran Bhat,Constable,SHO,1986-06-23,Male,AB Negative,0,2002-01-16,834246045202200575,202200575,2022-04-26,"On 22-04-2022, a case of Cyber Crime was reported at Ballari City PS, Ballari district.",2022-04-22T03:00:00,2022-04-22T06:00:00,2022-04-23T03:00:00,15.1025,76.9508,"Incident occurred near coordinates 15.1025, 76.9508 within jurisdiction of Ballari City PS.",Cyber Crime,Cyber Crime,ITA,"Information Technology Act, 2000",IT Act,66C,Identity theft using computer resource,1,1,Ananya Kamath,52,Private Employee,Hindu,General,Male,Dev Bhat,63,Male,0,Bhavya Joshi,,Female,A1,,,,,,,,,,,,
UDR,Heinous,Undetected,Karnataka,Mangaluru,Dakshina Kannada District & Sessions Court,Police Station,Mangaluru Town PS,KA74053,Rahul Joshi,Sub-Inspector,Investigating Officer,1986-05-15,Male,A Positive,0,2020-03-24,293525011202500576,202500576,2023-08-26,"On 21-08-2023, a case of Burglary was reported at Mangaluru Town PS, Mangaluru district.",2023-08-21T07:00:00,2023-08-21T10:00:00,2023-08-21T23:00:00,12.8958,74.8054,"Incident occurred near coordinates 12.8958, 74.8054 within jurisdiction of Mangaluru Town PS.",Property Crimes,Burglary,IPC,Indian Penal Code,IPC,457,Lurking house-trespass or house-breaking by night,1,1,Aditi Verma,51,Private Employee,Hindu,General,Male,Aditi Naik,74,Male,0,Ananya Kamath,,Female,A1,,,,,,,,,,,,
PAR,Non-Heinous,Under Investigation,Karnataka,Vijayapura,Vijayapura District & Sessions Court,Police Station,Vijayapura Town PS,KA57076,Priya Deshmukh,Inspector,Station Writer,1972-12-21,Female,O Positive,0,2020-05-25,351301601202400577,202400577,2022-04-11,"On 10-04-2022, a case of Money Laundering was reported at Vijayapura Town PS, Vijayapura district.",2022-04-10T06:00:00,2022-04-10T07:00:00,2022-04-11T05:00:00,16.8559,75.6743,"Incident occurred near coordinates 16.8559, 75.6743 within jurisdiction of Vijayapura Town PS.",Financial Crime,Money Laundering,PMLA,"Prevention of Money Laundering Act, 2002",PMLA,3,Offence of money laundering,1,1,Sunil Sharma,24,Private Employee,Hindu,General,Female,Farhan Gowda,49,Female,0,Meena Joshi,50,Female,A1,1.0,2022-04-18T09:00:00,Karnataka,Vijayapura,Vijayapura Town PS,KA57076,Vijayapura District & Sessions Court,Meena Joshi,,,,
PAR,Heinous,Report Beece (B-Report),Karnataka,Ballari,Ballari District & Sessions Court,Police Station,Ballari City PS,KA35406,Rahul Shetty,Inspector,Circle Inspector,1987-03-04,Female,A Positive,0,2017-06-07,326587845202400578,202400578,2024-09-26,"On 21-09-2024, a case of Cyber Crime was reported at Ballari City PS, Ballari district.",2024-09-21T02:00:00,2024-09-21T03:00:00,2024-09-21T04:00:00,15.1541,76.8543,"Incident occurred near coordinates 15.1541, 76.8543 within jurisdiction of Ballari City PS.",Cyber Crime,Cyber Crime,ITA,"Information Technology Act, 2000",IT Act,66C,Identity theft using computer resource,1,1,Rahul Sharma,65,Private Employee,Hindu,General,Male,Pooja Deshmukh,18,Transgender,0,Aditi Bhat,56,Male,A1,1.0,2024-10-03T13:00:00,Karnataka,Ballari,Ballari City PS,KA35406,Ballari District & Sessions Court,Aditi Bhat,,,,
PAR,Non-Heinous,Chargesheet Filed,Karnataka,Hubballi-Dharwad,Dharwad District & Sessions Court,Police Station,Dharwad Town PS,KA54906,Rahul Joshi,Constable,Station Writer,1976-09-04,Male,O Negative,0,2015-04-19,390791948202300579,202300579,2023-08-24,"On 22-08-2023, a case of Grievous Hurt was reported at Dharwad Town PS, Hubballi-Dharwad district.",2023-08-22T09:00:00,2023-08-22T13:00:00,2023-08-22T18:00:00,15.3158,75.0615,"Incident occurred near coordinates 15.3158, 75.0615 within jurisdiction of Dharwad Town PS.",Crimes Against Body,Grievous Hurt,IPC,Indian Penal Code,IPC,325,Punishment for voluntarily causing grievous hurt,1,1,Deepak Das,44,Private Employee,Hindu,General,Transgender,Chirag Shetty,5,Male,0,Abhishek Naik,,Male,A1,1.0,2023-08-31T20:00:00,Karnataka,Hubballi-Dharwad,Dharwad Town PS,KA54906,Dharwad District & Sessions Court,Abhishek Naik,"Kavya Bhat,Ananya Joshi",2023-10-14T20:00:00,B,KA54906
PAR,Non-Heinous,Chargesheet Filed,Karnataka,Hubballi-Dharwad,Dharwad District & Sessions Court,Police Station,Dharwad Town PS,KA54906,Rahul Joshi,Head Constable,Circle Inspector,1976-12-14,Male,O Positive,0,2012-07-23,390791948202300579,202300579,2023-08-24,"On 22-08-2023, a case of Grievous Hurt was reported at Dharwad Town PS, Hubballi-Dharwad district.",2023-08-22T09:00:00,2023-08-22T13:00:00,2023-08-22T18:00:00,15.3158,75.0615,"Incident occurred near coordinates 15.3158, 75.0615 within jurisdiction of Dharwad Town PS.",Crimes Against Body,Grievous Hurt,IPC,Indian Penal Code,IPC,325,Punishment for voluntarily causing grievous hurt,1,1,,,,,,,,,,0,Kavya Bhat,35,Female,A2,,,,,,,,,,,,
PAR,Non-Heinous,Chargesheet Filed,Karnataka,Hubballi-Dharwad,Dharwad District & Sessions Court,Police Station,Dharwad Town PS,KA54906,Rahul Joshi,Deputy Superintendent,Investigating Officer,1979-03-19,Male,B Negative,0,2002-01-01,390791948202300579,202300579,2023-08-24,"On 22-08-2023, a case of Grievous Hurt was reported at Dharwad Town PS, Hubballi-Dharwad district.",2023-08-22T09:00:00,2023-08-22T13:00:00,2023-08-22T18:00:00,15.3158,75.0615,"Incident occurred near coordinates 15.3158, 75.0615 within jurisdiction of Dharwad Town PS.",Crimes Against Body,Grievous Hurt,IPC,Indian Penal Code,IPC,325,Punishment for voluntarily causing grievous hurt,1,1,,,,,,,,,,0,Ananya Joshi,,Female,A3,,,,,,,,,,,,
UDR,Heinous,Undetected,Karnataka,Bengaluru Rural,Bengaluru Rural District & Sessions Court,Police Station,Bengaluru Rural PS,KA64047,Aarav Hegde,Deputy Superintendent,SHO,1990-03-05,Male,A Positive,1,2014-07-23,232953298202300580,202300580,2022-04-13,"On 11-04-2022, a case of Grievous Hurt was reported at Bengaluru Rural PS, Bengaluru Rural district.",2022-04-11T20:00:00,2022-04-11T23:00:00,2022-04-12T18:00:00,13.3073,77.5762,"Incident occurred near coordinates 13.3073, 77.5762 within jurisdiction of Bengaluru Rural PS.",Crimes Against Body,Grievous Hurt,IPC,Indian Penal Code,IPC,325,Punishment for voluntarily causing grievous hurt,1,1,Chirag Patil,44,Private Employee,Hindu,General,Male,Sunil Kumar,55,Transgender,0,Gautam Naik,61,Female,A1,,,,,,,,,,,,
UDR,Non-Heinous,Undetected,Karnataka,Bengaluru Rural,Bengaluru Rural District & Sessions Court,Police Station,Bengaluru Rural PS,KA64047,Aarav Hegde,Head Constable,Station Writer,1987-06-11,Female,O Positive,0,2010-05-18,232953298202300580,202300580,2022-04-13,"On 11-04-2022, a case of Grievous Hurt was reported at Bengaluru Rural PS, Bengaluru Rural district.",2022-04-11T20:00:00,2022-04-11T23:00:00,2022-04-12T18:00:00,13.3073,77.5762,"Incident occurred near coordinates 13.3073, 77.5762 within jurisdiction of Bengaluru Rural PS.",Crimes Against Body,Grievous Hurt,IPC,Indian Penal Code,IPC,325,Punishment for voluntarily causing grievous hurt,1,1,,,,,,,,,,0,Rahul Shenoy,,Transgender,A2,,,,,,,,,,,,
PAR,Non-Heinous,Chargesheet Filed,Karnataka,Ballari,Ballari District & Sessions Court,Police Station,Ballari City PS,KA76944,Pooja Shetty,Deputy Superintendent,SHO,1986-09-23,Female,O Negative,0,2010-10-10,338384912202400581,202400581,2024-12-21,"On 17-12-2024, a case of Dark Web Crime was reported at Ballari City PS, Ballari district.",2024-12-17T01:00:00,2024-12-17T07:00:00,2024-12-17T19:00:00,15.0902,76.8627,"Incident occurred near coordinates 15.0902, 76.8627 within jurisdiction of Ballari City PS.",Cyber Crime,Dark Web Crime,ITA,"Information Technology Act, 2000",IT Act,67,Publishing/transmitting obscene material electronically,1,1,Meena Kulkarni,67,Private Employee,Hindu,General,Female,Bhavya Singh,51,Male,0,Isha Shenoy,,Transgender,A1,1.0,2024-12-28T05:00:00,Karnataka,Ballari,Ballari City PS,KA76944,Ballari District & Sessions Court,Isha Shenoy,,2025-01-22T05:00:00,C,KA76944
UDR,Heinous,Under Investigation,Karnataka,Mandya,Mandya District & Sessions Court,Police Station,Mandya Town PS,KA44800,Aditi Das,Deputy Superintendent,Station Writer,1993-12-09,Male,A Negative,0,2017-07-03,219849447202200582,202200582,2023-09-25,"On 23-09-2023, a case of Assault was reported at Mandya Town PS, Mandya district.",2023-09-23T23:00:00,2023-09-24T01:00:00,2023-09-24T02:00:00,12.504,76.9313,"Incident occurred near coordinates 12.504, 76.9313 within jurisdiction of Mandya Town PS.",Crimes Against Body,Assault,IPC,Indian Penal Code,IPC,351,Assault,1,1,Nikhil Shetty,51,Private Employee,Hindu,General,Transgender,Abhishek Nair,69,Female,0,Esha Reddy,,Female,A1,1.0,2023-10-02T07:00:00,Karnataka,Mandya,Mandya Town PS,KA44800,Mandya District & Sessions Court,Esha Reddy,"Rajesh Deshmukh,Esha Deshmukh",,,
UDR,Heinous,Under Investigation,Karnataka,Mandya,Mandya District & Sessions Court,Police Station,Mandya Town PS,KA44800,Aditi Das,Constable,Circle Inspector,1996-09-12,Male,O Positive,0,2010-03-02,219849447202200582,202200582,2023-09-25,"On 23-09-2023, a case of Assault was reported at Mandya Town PS, Mandya district.",2023-09-23T23:00:00,2023-09-24T01:00:00,2023-09-24T02:00:00,12.504,76.9313,"Incident occurred near coordinates 12.504, 76.9313 within jurisdiction of Mandya Town PS.",Crimes Against Body,Assault,IPC,Indian Penal Code,IPC,351,Assault,1,1,,,,,,,,,,0,Rajesh Deshmukh,,Female,A2,,,,,,,,,,,,
UDR,Heinous,Under Investigation,Karnataka,Mandya,Mandya District & Sessions Court,Police Station,Mandya Town PS,KA44800,Aditi Das,Sub-Inspector,Station Writer,1984-08-20,Female,AB Positive,0,2013-03-07,219849447202200582,202200582,2023-09-25,"On 23-09-2023, a case of Assault was reported at Mandya Town PS, Mandya district.",2023-09-23T23:00:00,2023-09-24T01:00:00,2023-09-24T02:00:00,12.504,76.9313,"Incident occurred near coordinates 12.504, 76.9313 within jurisdiction of Mandya Town PS.",Crimes Against Body,Assault,IPC,Indian Penal Code,IPC,351,Assault,1,1,,,,,,,,,,0,Esha Deshmukh,,Transgender,A3,,,,,,,,,,,,
PAR,Heinous,Report Beece (B-Report),Karnataka,Davangere,Davangere District & Sessions Court,Police Station,Davangere Extension PS,KA56329,Rajesh Shenoy,Deputy Superintendent,SHO,1982-07-18,Male,A Negative,0,2018-04-26,395431901202500583,202500583,2023-01-01,"On 31-12-2022, a case of Cheating was reported at Davangere Extension PS, Davangere district.",2022-12-31T10:00:00,2022-12-31T13:00:00,2023-01-01T05:00:00,14.4458,75.9506,"Incident occurred near coordinates 14.4458, 75.9506 within jurisdiction of Davangere Extension PS.",Financial Crime,Cheating,IPC,Indian Penal Code,IPC,420,Cheating and dishonestly inducing delivery of property,1,1,Kiran Pai,69,Private Employee,Hindu,General,Transgender,Nikhil Shetty,21,Female,0,Suresh Singh,,Female,A1,1.0,2023-01-08T17:00:00,Karnataka,Davangere,Davangere Extension PS,KA56329,Davangere District & Sessions Court,Suresh Singh,,,,
UDR,Heinous,Under Investigation,Karnataka,Ramanagara,Ramanagara District & Sessions Court,Police Station,Ramanagara Town PS,KA92044,Hari Kamath,Sub-Inspector,Station Writer,1990-12-11,Female,B Positive,1,2020-08-26,243333749202300584,202300584,2023-12-07,"On 02-12-2023, a case of Dark Web Crime was reported at Ramanagara Town PS, Ramanagara district.",2023-12-02T22:00:00,2023-12-03T05:00:00,2023-12-03T02:00:00,12.7418,77.3102,"Incident occurred near coordinates 12.7418, 77.3102 within jurisdiction of Ramanagara Town PS.",Cyber Crime,Dark Web Crime,ITA,"Information Technology Act, 2000",IT Act,67,Publishing/transmitting obscene material electronically,1,1,Dev Singh,61,Private Employee,Hindu,General,Female,Isha Nair,50,Female,0,Hari Kamath,,Transgender,A1,1.0,2023-12-14T10:00:00,Karnataka,Ramanagara,Ramanagara Town PS,KA92044,Ramanagara District & Sessions Court,Hari Kamath,Deepak Kulkarni,,,
UDR,Non-Heinous,Under Investigation,Karnataka,Ramanagara,Ramanagara District & Sessions Court,Police Station,Ramanagara Town PS,KA92044,Hari Kamath,Head Constable,SHO,1973-08-20,Female,A Negative,0,2012-08-03,243333749202300584,202300584,2023-12-07,"On 02-12-2023, a case of Dark Web Crime was reported at Ramanagara Town PS, Ramanagara district.",2023-12-02T22:00:00,2023-12-03T05:00:00,2023-12-03T02:00:00,12.7418,77.3102,"Incident occurred near coordinates 12.7418, 77.3102 within jurisdiction of Ramanagara Town PS.",Cyber Crime,Dark Web Crime,ITA,"Information Technology Act, 2000",IT Act,67,Publishing/transmitting obscene material electronically,1,1,,,,,,,,,,0,Deepak Kulkarni,,Female,A2,,,,,,,,,,,,
UDR,Heinous,Undetected,Karnataka,Ballari,Ballari District & Sessions Court,Police Station,Ballari City PS,KA19644,Nikhil Nair,Deputy Superintendent,Station Writer,1995-01-13,Female,AB Positive,0,2019-02-14,216597172202600585,202600585,2023-05-12,"On 08-05-2023, a case of Cyber Crime was reported at Ballari City PS, Ballari district.",2023-05-08T20:00:00,2023-05-08T21:00:00,2023-05-08T23:00:00,15.1786,76.8513,"Incident occurred near coordinates 15.1786, 76.8513 within jurisdiction of Ballari City PS.",Cyber Crime,Cyber Crime,ITA,"Information Technology Act, 2000",IT Act,66C,Identity theft using computer resource,1,1,Gautam Shenoy,55,Private Employee,Hindu,General,Transgender,Aditi Bhat,64,Transgender,0,Tanvi Gowda,39,Male,A1,,,,,,,,,,,,
Zero FIR,Non-Heinous,Chargesheet Filed,Karnataka,Bagalkote,Bagalkote District & Sessions Court,Police Station,Bagalkote Town PS,KA31073,Pooja Shenoy,Inspector,SHO,1972-10-21,Male,B Positive,0,2016-01-02,828729296202500586,202500586,2024-01-05,"On 01-01-2024, a case of Robbery was reported at Bagalkote Town PS, Bagalkote district.",2024-01-01T13:00:00,2024-01-01T18:00:00,2024-01-01T16:00:00,16.2442,75.6892,"Incident occurred near coordinates 16.2442, 75.6892 within jurisdiction of Bagalkote Town PS.",Property Crimes,Robbery,IPC,Indian Penal Code,IPC,392,Punishment for robbery,1,1,Ananya Singh,54,Private Employee,Hindu,General,Female,Siddharth Kulkarni,65,Male,0,Hari Bhat,53,Transgender,A1,1.0,2024-01-12T18:00:00,Karnataka,Bagalkote,Bagalkote Town PS,KA31073,Bagalkote District & Sessions Court,Hari Bhat,,2024-02-05T18:00:00,C,KA31073
Zero FIR,Non-Heinous,Undetected,Karnataka,Udupi,Udupi District & Sessions Court,Police Station,Udupi Town PS,KA61716,Meena Deshmukh,Deputy Superintendent,Investigating Officer,1988-03-26,Male,B Negative,0,2020-01-13,866949796202200587,202200587,2022-12-29,"On 25-12-2022, a case of Drug Offence was reported at Udupi Town PS, Udupi district.",2022-12-25T10:00:00,2022-12-25T17:00:00,2022-12-26T07:00:00,13.3797,74.6936,"Incident occurred near coordinates 13.3797, 74.6936 within jurisdiction of Udupi Town PS.",Narcotics,Drug Offence,NDPS,"Narcotic Drugs and Psychotropic Substances Act, 1985",NDPS,20,Punishment for cannabis-related offences,1,1,Chirag Sharma,40,Private Employee,Hindu,General,Male,Farhan Reddy,13,Male,0,Suresh Kamath,71,Transgender,A1,,,,,,,,,,,,
Zero FIR,Non-Heinous,Undetected,Karnataka,Udupi,Udupi District & Sessions Court,Police Station,Udupi Town PS,KA61716,Meena Deshmukh,Head Constable,Investigating Officer,1989-05-03,Female,A Negative,0,2019-04-07,866949796202200587,202200587,2022-12-29,"On 25-12-2022, a case of Drug Offence was reported at Udupi Town PS, Udupi district.",2022-12-25T10:00:00,2022-12-25T17:00:00,2022-12-26T07:00:00,13.3797,74.6936,"Incident occurred near coordinates 13.3797, 74.6936 within jurisdiction of Udupi Town PS.",Narcotics,Drug Offence,NDPS,"Narcotic Drugs and Psychotropic Substances Act, 1985",NDPS,20,Punishment for cannabis-related offences,1,1,,,,,,,,,,0,Chirag Nair,28,Male,A2,,,,,,,,,,,,
Zero FIR,Heinous,Undetected,Karnataka,Udupi,Udupi District & Sessions Court,Police Station,Udupi Town PS,KA61716,Meena Deshmukh,Constable,Station Writer,1976-09-05,Female,AB Negative,0,2017-09-26,866949796202200587,202200587,2022-12-29,"On 25-12-2022, a case of Drug Offence was reported at Udupi Town PS, Udupi district.",2022-12-25T10:00:00,2022-12-25T17:00:00,2022-12-26T07:00:00,13.3797,74.6936,"Incident occurred near coordinates 13.3797, 74.6936 within jurisdiction of Udupi Town PS.",Narcotics,Drug Offence,NDPS,"Narcotic Drugs and Psychotropic Substances Act, 1985",NDPS,20,Punishment for cannabis-related offences,1,1,,,,,,,,,,0,Gautam Patil,36,Female,A3,,,,,,,,,,,,
Zero FIR,Heinous,Under Investigation,Karnataka,Bengaluru Rural,Bengaluru Rural District & Sessions Court,Police Station,Bengaluru Rural PS,KA44976,Anil Patil,Head Constable,Station Writer,1978-11-16,Male,A Negative,0,2016-10-26,849067384202300588,202300588,2024-01-21,"On 16-01-2024, a case of Robbery was reported at Bengaluru Rural PS, Bengaluru Rural district.",2024-01-16T07:00:00,2024-01-16T11:00:00,2024-01-17T04:00:00,13.2762,77.5696,"Incident occurred near coordinates 13.2762, 77.5696 within jurisdiction of Bengaluru Rural PS.",Property Crimes,Robbery,IPC,Indian Penal Code,IPC,392,Punishment for robbery,1,1,Chirag Nair,59,Private Employee,Hindu,General,Transgender,Aditi Kamath,64,Male,0,Abhishek Rao,,Female,A1,1.0,2024-01-28T13:00:00,Karnataka,Bengaluru Rural,Bengaluru Rural PS,KA44976,Bengaluru Rural District & Sessions Court,Abhishek Rao,,,,
Zero FIR,Heinous,Undetected,Karnataka,Chikkamagaluru,Chikkamagaluru District & Sessions Court,Police Station,Chikkamagaluru PS,KA32504,Anil Kamath,Inspector,SHO,1987-06-26,Female,AB Positive,0,2005-01-10,847518179202400589,202400589,2024-02-21,"On 19-02-2024, a case of Cyber Crime was reported at Chikkamagaluru PS, Chikkamagaluru district.",2024-02-19T09:00:00,2024-02-19T14:00:00,2024-02-20T00:00:00,13.3381,75.6978,"Incident occurred near coordinates 13.3381, 75.6978 within jurisdiction of Chikkamagaluru PS.",Cyber Crime,Cyber Crime,ITA,"Information Technology Act, 2000",IT Act,66C,Identity theft using computer resource,1,1,Kiran Bhat,48,Private Employee,Hindu,General,Transgender,Gautam Shenoy,55,Female,0,Ananya Gowda,75,Male,A1,,,,,,,,,,,,
Zero FIR,Non-Heinous,Undetected,Karnataka,Chikkamagaluru,Chikkamagaluru District & Sessions Court,Police Station,Chikkamagaluru PS,KA32504,Anil Kamath,Inspector,SHO,1974-04-10,Male,B Positive,0,2000-06-16,847518179202400589,202400589,2024-02-21,"On 19-02-2024, a case of Cyber Crime was reported at Chikkamagaluru PS, Chikkamagaluru district.",2024-02-19T09:00:00,2024-02-19T14:00:00,2024-02-20T00:00:00,13.3381,75.6978,"Incident occurred near coordinates 13.3381, 75.6978 within jurisdiction of Chikkamagaluru PS.",Cyber Crime,Cyber Crime,ITA,"Information Technology Act, 2000",IT Act,66C,Identity theft using computer resource,1,1,,,,,,,,,,0,Nikhil Pai,56,Male,A2,,,,,,,,,,,,
UDR,Non-Heinous,Report Beece (B-Report),Karnataka,Chikkamagaluru,Chikkamagaluru District & Sessions Court,Police Station,Chikkamagaluru PS,KA83691,Nikhil Kamath,Inspector,SHO,1994-07-20,Male,AB Positive,0,2016-05-26,212908162202400590,202400590,2023-02-24,"On 21-02-2023, a case of Burglary was reported at Chikkamagaluru PS, Chikkamagaluru district.",2023-02-21T16:00:00,2023-02-22T00:00:00,2023-02-22T02:00:00,13.2818,75.7887,"Incident occurred near coordinates 13.2818, 75.7887 within jurisdiction of Chikkamagaluru PS.",Property Crimes,Burglary,IPC,Indian Penal Code,IPC,457,Lurking house-trespass or house-breaking by night,1,1,Anil Das,76,Private Employee,Hindu,General,Male,Gautam Gowda,43,Female,0,Suresh Shenoy,,Transgender,A1,1.0,2023-03-03T19:00:00,Karnataka,Chikkamagaluru,Chikkamagaluru PS,KA83691,Chikkamagaluru District & Sessions Court,Suresh Shenoy,,,,
FIR,Non-Heinous,Under Investigation,Karnataka,Davangere,Davangere District & Sessions Court,Police Station,Davangere Extension PS,KA84736,Kiran Nair,Sub-Inspector,Investigating Officer,1998-05-12,Female,AB Positive,1,2020-06-03,157393931202500591,202500591,2022-02-20,"On 14-02-2022, a case of Robbery was reported at Davangere Extension PS, Davangere district.",2022-02-14T23:00:00,2022-02-15T05:00:00,2022-02-15T01:00:00,14.5185,75.8783,"Incident occurred near coordinates 14.5185, 75.8783 within jurisdiction of Davangere Extension PS.",Property Crimes,Robbery,IPC,Indian Penal Code,IPC,392,Punishment for robbery,1,1,Rajesh Kamath,25,Private Employee,Hindu,General,Transgender,Rajesh Verma,72,Female,0,Bhavya Bhat,,Transgender,A1,1.0,2022-02-27T05:00:00,Karnataka,Davangere,Davangere Extension PS,KA84736,Davangere District & Sessions Court,Bhavya Bhat,,,,
FIR,Heinous,Report Beece (B-Report),Karnataka,Bagalkote,Bagalkote District & Sessions Court,Police Station,Bagalkote Town PS,KA20775,Abhishek Sharma,Constable,Circle Inspector,1998-03-06,Male,AB Positive,0,2012-09-21,192458301202500592,202500592,2023-01-13,"On 08-01-2023, a case of Dark Web Crime was reported at Bagalkote Town PS, Bagalkote district.",2023-01-08T04:00:00,2023-01-08T08:00:00,2023-01-08T11:00:00,16.2636,75.675,"Incident occurred near coordinates 16.2636, 75.675 within jurisdiction of Bagalkote Town PS.",Cyber Crime,Dark Web Crime,ITA,"Information Technology Act, 2000",IT Act,67,Publishing/transmitting obscene material electronically,1,1,Suresh Shetty,71,Private Employee,Hindu,General,Female,Farhan Sharma,44,Female,0,Rahul Sharma,,Male,A1,1.0,2023-01-20T16:00:00,Karnataka,Bagalkote,Bagalkote Town PS,KA20775,Bagalkote District & Sessions Court,Rahul Sharma,Gautam Joshi,,,
FIR,Non-Heinous,Report Beece (B-Report),Karnataka,Bagalkote,Bagalkote District & Sessions Court,Police Station,Bagalkote Town PS,KA20775,Abhishek Sharma,Deputy Superintendent,Circle Inspector,1977-05-21,Male,B Positive,0,2006-09-17,192458301202500592,202500592,2023-01-13,"On 08-01-2023, a case of Dark Web Crime was reported at Bagalkote Town PS, Bagalkote district.",2023-01-08T04:00:00,2023-01-08T08:00:00,2023-01-08T11:00:00,16.2636,75.675,"Incident occurred near coordinates 16.2636, 75.675 within jurisdiction of Bagalkote Town PS.",Cyber Crime,Dark Web Crime,ITA,"Information Technology Act, 2000",IT Act,67,Publishing/transmitting obscene material electronically,1,1,,,,,,,,,,0,Gautam Joshi,41,Transgender,A2,,,,,,,,,,,,
UDR,Heinous,Report Beece (B-Report),Karnataka,Bengaluru Urban,"Principal City Civil & Sessions Court, Bengaluru",Police Station,Bengaluru City PS,KA94852,Kiran Deshmukh,Deputy Superintendent,Circle Inspector,1980-05-04,Male,A Negative,1,2001-04-14,225561352202600593,202600593,2023-12-10,"On 05-12-2023, a case of Burglary was reported at Bengaluru City PS, Bengaluru Urban district.",2023-12-05T07:00:00,2023-12-05T13:00:00,2023-12-06T07:00:00,13.0181,77.6243,"Incident occurred near coordinates 13.0181, 77.6243 within jurisdiction of Bengaluru City PS.",Property Crimes,Burglary,IPC,Indian Penal Code,IPC,457,Lurking house-trespass or house-breaking by night,1,1,Ananya Pai,30,Private Employee,Hindu,General,Transgender,Deepak Kulkarni,10,Transgender,0,Ananya Nair,28,Male,A1,1.0,2023-12-17T12:00:00,Karnataka,Bengaluru Urban,Bengaluru City PS,KA94852,"Principal City Civil & Sessions Court, Bengaluru",Ananya Nair,,,,
FIR,Heinous,Undetected,Karnataka,Hubballi-Dharwad,Dharwad District & Sessions Court,Police Station,Dharwad Town PS,KA23942,Manish Das,Head Constable,Circle Inspector,1981-08-12,Female,A Negative,1,2018-06-03,141226760202300594,202300594,2022-12-11,"On 07-12-2022, a case of Robbery was reported at Dharwad Town PS, Hubballi-Dharwad district.",2022-12-07T21:00:00,2022-12-08T05:00:00,2022-12-08T05:00:00,15.4363,75.1725,"Incident occurred near coordinates 15.4363, 75.1725 within jurisdiction of Dharwad Town PS.",Property Crimes,Robbery,IPC,Indian Penal Code,IPC,392,Punishment for robbery,1,1,Isha Nair,42,Private Employee,Hindu,General,Male,Meena Sharma,49,Male,0,Siddharth Verma,66,Female,A1,,,,,,,,,,,,
Zero FIR,Non-Heinous,Chargesheet Filed,Karnataka,Bidar,Bidar District & Sessions Court,Police Station,Bidar Town PS,KA10865,Ananya Shenoy,Constable,Circle Inspector,1980-09-21,Female,AB Negative,0,2020-02-11,837377456202300595,202300595,2024-05-18,"On 13-05-2024, a case of Assault was reported at Bidar Town PS, Bidar district.",2024-05-13T17:00:00,2024-05-13T20:00:00,2024-05-14T06:00:00,17.9855,77.5867,"Incident occurred near coordinates 17.9855, 77.5867 within jurisdiction of Bidar Town PS.",Crimes Against Body,Assault,IPC,Indian Penal Code,IPC,351,Assault,1,1,Aditi Shetty,79,Private Employee,Hindu,General,Transgender,Kavya Pai,51,Male,0,Farhan Reddy,20,Female,A1,1.0,2024-05-25T05:00:00,Karnataka,Bidar,Bidar Town PS,KA10865,Bidar District & Sessions Court,Farhan Reddy,,2024-07-17T05:00:00,B,KA10865
PAR,Heinous,Undetected,Karnataka,Shivamogga,Shivamogga District & Sessions Court,Police Station,Shivamogga Town PS,KA52081,Vikram Gowda,Head Constable,Investigating Officer,1989-03-13,Female,A Negative,0,2003-05-22,321186927202300596,202300596,2025-06-07,"On 04-06-2025, a case of Dark Web Crime was reported at Shivamogga Town PS, Shivamogga district.",2025-06-04T08:00:00,2025-06-04T14:00:00,2025-06-05T05:00:00,13.9506,75.5606,"Incident occurred near coordinates 13.9506, 75.5606 within jurisdiction of Shivamogga Town PS.",Cyber Crime,Dark Web Crime,ITA,"Information Technology Act, 2000",IT Act,67,Publishing/transmitting obscene material electronically,1,1,Anil Sharma,49,Private Employee,Hindu,General,Male,Hari Shenoy,12,Transgender,0,Ananya Singh,60,Female,A1,,,,,,,,,,,,
PAR,Heinous,Chargesheet Filed,Karnataka,Mandya,Mandya District & Sessions Court,Police Station,Mandya Town PS,KA51842,Sunil Kamath,Deputy Superintendent,Station Writer,1987-01-28,Male,A Positive,1,2013-07-06,314459610202400597,202400597,2024-10-09,"On 08-10-2024, a case of Cyber Crime was reported at Mandya Town PS, Mandya district.",2024-10-08T05:00:00,2024-10-08T13:00:00,2024-10-08T09:00:00,12.5631,76.8824,"Incident occurred near coordinates 12.5631, 76.8824 within jurisdiction of Mandya Town PS.",Cyber Crime,Cyber Crime,ITA,"Information Technology Act, 2000",IT Act,66C,Identity theft using computer resource,1,1,Sanjay Naik,41,Private Employee,Hindu,General,Male,Kavya Kamath,72,Female,0,Aditi Patil,,Transgender,A1,1.0,2024-10-16T16:00:00,Karnataka,Mandya,Mandya Town PS,KA51842,Mandya District & Sessions Court,Aditi Patil,,2024-11-08T16:00:00,A,KA51842
UDR,Non-Heinous,Report Beece (B-Report),Karnataka,Davangere,Davangere District & Sessions Court,Police Station,Davangere Extension PS,KA92573,Pooja Kulkarni,Head Constable,Circle Inspector,1992-05-09,Female,AB Positive,1,2019-09-18,274066345202200598,202200598,2023-06-19,"On 14-06-2023, a case of Cheating was reported at Davangere Extension PS, Davangere district.",2023-06-14T08:00:00,2023-06-14T12:00:00,2023-06-14T23:00:00,14.449,75.9252,"Incident occurred near coordinates 14.449, 75.9252 within jurisdiction of Davangere Extension PS.",Financial Crime,Cheating,IPC,Indian Penal Code,IPC,420,Cheating and dishonestly inducing delivery of property,1,1,Isha Patil,31,Private Employee,Hindu,General,Male,Suresh Sharma,30,Female,0,Pooja Rao,71,Female,A1,1.0,2023-06-26T19:00:00,Karnataka,Davangere,Davangere Extension PS,KA92573,Davangere District & Sessions Court,Pooja Rao,,,,
UDR,Non-Heinous,Chargesheet Filed,Karnataka,Chikkamagaluru,Chikkamagaluru District & Sessions Court,Police Station,Chikkamagaluru PS,KA59245,Nikhil Rao,Head Constable,SHO,1972-10-11,Female,AB Negative,0,2014-03-10,247112497202300599,202300599,2024-10-09,"On 04-10-2024, a case of Dark Web Crime was reported at Chikkamagaluru PS, Chikkamagaluru district.",2024-10-04T08:00:00,2024-10-04T16:00:00,2024-10-04T13:00:00,13.2747,75.7156,"Incident occurred near coordinates 13.2747, 75.7156 within jurisdiction of Chikkamagaluru PS.",Cyber Crime,Dark Web Crime,ITA,"Information Technology Act, 2000",IT Act,67,Publishing/transmitting obscene material electronically,1,1,Suresh Hegde,39,Private Employee,Hindu,General,Transgender,Manish Reddy,19,Transgender,0,Kavya Reddy,26,Female,A1,1.0,2024-10-16T19:00:00,Karnataka,Chikkamagaluru,Chikkamagaluru PS,KA59245,Chikkamagaluru District & Sessions Court,Kavya Reddy,,2024-11-10T19:00:00,B,KA59245
FIR,Non-Heinous,Chargesheet Filed,Karnataka,Hubballi-Dharwad,Dharwad District & Sessions Court,Police Station,Dharwad Town PS,KA88889,Priya Gowda,Deputy Superintendent,Station Writer,1970-09-28,Female,O Negative,1,2017-06-09,156693195202200600,202200600,2022-06-20,"On 18-06-2022, a case of Assault was reported at Dharwad Town PS, Hubballi-Dharwad district.",2022-06-18T05:00:00,2022-06-18T12:00:00,2022-06-18T16:00:00,15.2862,75.1468,"Incident occurred near coordinates 15.2862, 75.1468 within jurisdiction of Dharwad Town PS.",Crimes Against Body,Assault,IPC,Indian Penal Code,IPC,351,Assault,1,1,Rajesh Pai,66,Private Employee,Hindu,General,Male,Aarav Reddy,26,Transgender,0,Siddharth Kamath,,Female,A1,1.0,2022-06-27T07:00:00,Karnataka,Hubballi-Dharwad,Dharwad Town PS,KA88889,Dharwad District & Sessions Court,Siddharth Kamath,,2022-08-12T07:00:00,A,KA88889
PAR,Heinous,Under Investigation,Karnataka,Hassan,Hassan District & Sessions Court,Police Station,Hassan Town PS,KA10211,Abhishek Hegde,Deputy Superintendent,Station Writer,1981-01-13,Male,O Positive,0,2019-12-18,313991817202300601,202300601,2024-04-29,"On 27-04-2024, a case of Cryptocurrency Crime was reported at Hassan Town PS, Hassan district.",2024-04-27T14:00:00,2024-04-27T18:00:00,2024-04-27T17:00:00,12.9891,76.0689,"Incident occurred near coordinates 12.9891, 76.0689 within jurisdiction of Hassan Town PS.",Cyber Crime,Cryptocurrency Crime,ITA,"Information Technology Act, 2000",IT Act,66D,Cheating by personation using a computer resource,1,1,Pooja Nair,39,Private Employee,Hindu,General,Female,Nikhil Das,40,Transgender,0,Aditi Rao,,Male,A1,1.0,2024-05-06T17:00:00,Karnataka,Hassan,Hassan Town PS,KA10211,Hassan District & Sessions Court,Aditi Rao,,,,
PAR,Non-Heinous,Chargesheet Filed,Karnataka,Bengaluru Rural,Bengaluru Rural District & Sessions Court,Police Station,Bengaluru Rural PS,KA28007,Manish Hegde,Deputy Superintendent,Station Writer,1970-08-05,Female,AB Negative,0,2019-08-21,342644957202200602,202200602,2023-09-13,"On 08-09-2023, a case of Money Laundering was reported at Bengaluru Rural PS, Bengaluru Rural district.",2023-09-08T13:00:00,2023-09-08T14:00:00,2023-09-09T11:00:00,13.3029,77.6203,"Incident occurred near coordinates 13.3029, 77.6203 within jurisdiction of Bengaluru Rural PS.",Financial Crime,Money Laundering,PMLA,"Prevention of Money Laundering Act, 2002",PMLA,3,Offence of money laundering,1,1,Rajesh Kamath,49,Private Employee,Hindu,General,Transgender,Deepak Pai,47,Male,0,Meena Nair,,Male,A1,1.0,2023-09-20T18:00:00,Karnataka,Bengaluru Rural,Bengaluru Rural PS,KA28007,Bengaluru Rural District & Sessions Court,Meena Nair,,2023-10-24T18:00:00,C,KA28007
FIR,Heinous,Report Beece (B-Report),Karnataka,Davangere,Davangere District & Sessions Court,Police Station,Davangere Extension PS,KA64716,Abhishek Patil,Head Constable,Investigating Officer,1984-12-14,Male,AB Positive,1,2005-04-05,166246975202500603,202500603,2024-01-11,"On 06-01-2024, a case of Money Laundering was reported at Davangere Extension PS, Davangere district.",2024-01-06T03:00:00,2024-01-06T10:00:00,2024-01-06T16:00:00,14.4211,75.9619,"Incident occurred near coordinates 14.4211, 75.9619 within jurisdiction of Davangere Extension PS.",Financial Crime,Money Laundering,PMLA,"Prevention of Money Laundering Act, 2002",PMLA,3,Offence of money laundering,1,1,Priya Verma,55,Private Employee,Hindu,General,Female,Meena Gowda,34,Transgender,0,Manish Gowda,38,Male,A1,1.0,2024-01-18T09:00:00,Karnataka,Davangere,Davangere Extension PS,KA64716,Davangere District & Sessions Court,Manish Gowda,,,,
PAR,Heinous,Undetected,Karnataka,Shivamogga,Shivamogga District & Sessions Court,Police Station,Shivamogga Town PS,KA26646,Abhishek Verma,Constable,Circle Inspector,1973-04-12,Female,AB Negative,1,2001-02-25,395147927202400604,202400604,2023-08-05,"On 01-08-2023, a case of Burglary was reported at Shivamogga Town PS, Shivamogga district.",2023-08-01T01:00:00,2023-08-01T04:00:00,2023-08-01T19:00:00,13.9024,75.5788,"Incident occurred near coordinates 13.9024, 75.5788 within jurisdiction of Shivamogga Town PS.",Property Crimes,Burglary,IPC,Indian Penal Code,IPC,457,Lurking house-trespass or house-breaking by night,1,1,Anil Kulkarni,75,Private Employee,Hindu,General,Male,Nikhil Kulkarni,37,Female,0,Bhavya Joshi,70,Male,A1,,,,,,,,,,,,
PAR,Non-Heinous,Undetected,Karnataka,Shivamogga,Shivamogga District & Sessions Court,Police Station,Shivamogga Town PS,KA26646,Abhishek Verma,Deputy Superintendent,Circle Inspector,1975-11-28,Female,B Positive,0,2003-05-11,395147927202400604,202400604,2023-08-05,"On 01-08-2023, a case of Burglary was reported at Shivamogga Town PS, Shivamogga district.",2023-08-01T01:00:00,2023-08-01T04:00:00,2023-08-01T19:00:00,13.9024,75.5788,"Incident occurred near coordinates 13.9024, 75.5788 within jurisdiction of Shivamogga Town PS.",Property Crimes,Burglary,IPC,Indian Penal Code,IPC,457,Lurking house-trespass or house-breaking by night,1,1,,,,,,,,,,0,Vikram Das,,Transgender,A2,,,,,,,,,,,,
PAR,Non-Heinous,Chargesheet Filed,Karnataka,Shivamogga,Shivamogga District & Sessions Court,Police Station,Shivamogga Town PS,KA35633,Bhavya Bhat,Head Constable,Station Writer,1973-10-15,Female,A Positive,0,2020-11-11,394362669202200605,202200605,2024-08-07,"On 05-08-2024, a case of Robbery was reported at Shivamogga Town PS, Shivamogga district.",2024-08-05T13:00:00,2024-08-05T14:00:00,2024-08-05T20:00:00,13.8943,75.5542,"Incident occurred near coordinates 13.8943, 75.5542 within jurisdiction of Shivamogga Town PS.",Property Crimes,Robbery,IPC,Indian Penal Code,IPC,392,Punishment for robbery,1,1,Aditi Sharma,41,Private Employee,Hindu,General,Female,Farhan Kulkarni,60,Female,0,Manish Naik,27,Transgender,A1,1.0,2024-08-14T15:00:00,Karnataka,Shivamogga,Shivamogga Town PS,KA35633,Shivamogga District & Sessions Court,Manish Naik,"Sunil Patil,Rajesh Verma",2024-08-24T15:00:00,B,KA35633
PAR,Heinous,Chargesheet Filed,Karnataka,Shivamogga,Shivamogga District & Sessions Court,Police Station,Shivamogga Town PS,KA35633,Bhavya Bhat,Constable,Station Writer,1993-01-14,Male,A Negative,0,2016-11-17,394362669202200605,202200605,2024-08-07,"On 05-08-2024, a case of Robbery was reported at Shivamogga Town PS, Shivamogga district.",2024-08-05T13:00:00,2024-08-05T14:00:00,2024-08-05T20:00:00,13.8943,75.5542,"Incident occurred near coordinates 13.8943, 75.5542 within jurisdiction of Shivamogga Town PS.",Property Crimes,Robbery,IPC,Indian Penal Code,IPC,392,Punishment for robbery,1,1,,,,,,,,,,0,Sunil Patil,,Male,A2,,,,,,,,,,,,
PAR,Non-Heinous,Chargesheet Filed,Karnataka,Shivamogga,Shivamogga District & Sessions Court,Police Station,Shivamogga Town PS,KA35633,Bhavya Bhat,Constable,Investigating Officer,1994-01-07,Female,AB Positive,0,2018-01-21,394362669202200605,202200605,2024-08-07,"On 05-08-2024, a case of Robbery was reported at Shivamogga Town PS, Shivamogga district.",2024-08-05T13:00:00,2024-08-05T14:00:00,2024-08-05T20:00:00,13.8943,75.5542,"Incident occurred near coordinates 13.8943, 75.5542 within jurisdiction of Shivamogga Town PS.",Property Crimes,Robbery,IPC,Indian Penal Code,IPC,392,Punishment for robbery,1,1,,,,,,,,,,0,Rajesh Verma,,Male,A3,,,,,,,,,,,,
UDR,Non-Heinous,Report Beece (B-Report),Karnataka,Bengaluru Urban,"Principal City Civil & Sessions Court, Bengaluru",Police Station,Bengaluru City PS,KA13904,Vikram Kamath,Inspector,Circle Inspector,1973-01-21,Male,A Positive,0,2015-04-09,263511675202600606,202600606,2025-08-19,"On 16-08-2025, a case of Burglary was reported at Bengaluru City PS, Bengaluru Urban district.",2025-08-16T13:00:00,2025-08-16T17:00:00,2025-08-17T05:00:00,12.9593,77.5765,"Incident occurred near coordinates 12.9593, 77.5765 within jurisdiction of Bengaluru City PS.",Property Crimes,Burglary,IPC,Indian Penal Code,IPC,457,Lurking house-trespass or house-breaking by night,1,1,Kiran Naik,57,Private Employee,Hindu,General,Male,Deepak Hegde,56,Transgender,0,Rahul Pai,,Male,A1,1.0,2025-08-26T20:00:00,Karnataka,Bengaluru Urban,Bengaluru City PS,KA13904,"Principal City Civil & Sessions Court, Bengaluru",Rahul Pai,,,,
UDR,Heinous,Under Investigation,Karnataka,Mandya,Mandya District & Sessions Court,Police Station,Mandya Town PS,KA80259,Priya Reddy,Deputy Superintendent,Investigating Officer,1977-10-03,Female,B Positive,1,2016-03-26,244395926202300607,202300607,2023-02-27,"On 26-02-2023, a case of Theft was reported at Mandya Town PS, Mandya district.",2023-02-26T07:00:00,2023-02-26T15:00:00,2023-02-27T04:00:00,12.4947,76.9059,"Incident occurred near coordinates 12.4947, 76.9059 within jurisdiction of Mandya Town PS.",Property Crimes,Theft,IPC,Indian Penal Code,IPC,379,Punishment for theft,1,1,Deepak Kumar,62,Private Employee,Hindu,General,Transgender,Kavya Kamath,70,Transgender,0,Sunil Deshmukh,,Male,A1,1.0,2023-03-06T09:00:00,Karnataka,Mandya,Mandya Town PS,KA80259,Mandya District & Sessions Court,Sunil Deshmukh,"Gautam Joshi,Manish Gowda",,,
UDR,Heinous,Under Investigation,Karnataka,Mandya,Mandya District & Sessions Court,Police Station,Mandya Town PS,KA80259,Priya Reddy,Deputy Superintendent,SHO,1991-12-03,Female,B Positive,0,2015-08-18,244395926202300607,202300607,2023-02-27,"On 26-02-2023, a case of Theft was reported at Mandya Town PS, Mandya district.",2023-02-26T07:00:00,2023-02-26T15:00:00,2023-02-27T04:00:00,12.4947,76.9059,"Incident occurred near coordinates 12.4947, 76.9059 within jurisdiction of Mandya Town PS.",Property Crimes,Theft,IPC,Indian Penal Code,IPC,379,Punishment for theft,1,1,,,,,,,,,,0,Gautam Joshi,62,Transgender,A2,,,,,,,,,,,,
UDR,Non-Heinous,Under Investigation,Karnataka,Mandya,Mandya District & Sessions Court,Police Station,Mandya Town PS,KA80259,Priya Reddy,Inspector,Circle Inspector,1970-09-18,Male,AB Positive,1,2007-04-08,244395926202300607,202300607,2023-02-27,"On 26-02-2023, a case of Theft was reported at Mandya Town PS, Mandya district.",2023-02-26T07:00:00,2023-02-26T15:00:00,2023-02-27T04:00:00,12.4947,76.9059,"Incident occurred near coordinates 12.4947, 76.9059 within jurisdiction of Mandya Town PS.",Property Crimes,Theft,IPC,Indian Penal Code,IPC,379,Punishment for theft,1,1,,,,,,,,,,0,Manish Gowda,44,Transgender,A3,,,,,,,,,,,,
PAR,Non-Heinous,Chargesheet Filed,Karnataka,Bengaluru Rural,Bengaluru Rural District & Sessions Court,Police Station,Bengaluru Rural PS,KA81264,Aditi Das,Constable,SHO,1981-10-19,Female,B Positive,1,2012-03-16,355178980202200608,202200608,2022-10-29,"On 28-10-2022, a case of Cyber Crime was reported at Bengaluru Rural PS, Bengaluru Rural district.",2022-10-28T19:00:00,2022-10-29T01:00:00,2022-10-29T11:00:00,13.2158,77.4817,"Incident occurred near coordinates 13.2158, 77.4817 within jurisdiction of Bengaluru Rural PS.",Cyber Crime,Cyber Crime,ITA,"Information Technology Act, 2000",IT Act,66C,Identity theft using computer resource,1,1,Deepak Singh,30,Private Employee,Hindu,General,Transgender,Rahul Sharma,22,Female,0,Pooja Sharma,,Female,A1,1.0,2022-11-05T21:00:00,Karnataka,Bengaluru Rural,Bengaluru Rural PS,KA81264,Bengaluru Rural District & Sessions Court,Pooja Sharma,"Anil Deshmukh,Dev Kamath",2022-12-17T21:00:00,C,KA81264
PAR,Non-Heinous,Chargesheet Filed,Karnataka,Bengaluru Rural,Bengaluru Rural District & Sessions Court,Police Station,Bengaluru Rural PS,KA81264,Aditi Das,Constable,Investigating Officer,1978-02-13,Male,B Positive,0,2016-10-11,355178980202200608,202200608,2022-10-29,"On 28-10-2022, a case of Cyber Crime was reported at Bengaluru Rural PS, Bengaluru Rural district.",2022-10-28T19:00:00,2022-10-29T01:00:00,2022-10-29T11:00:00,13.2158,77.4817,"Incident occurred near coordinates 13.2158, 77.4817 within jurisdiction of Bengaluru Rural PS.",Cyber Crime,Cyber Crime,ITA,"Information Technology Act, 2000",IT Act,66C,Identity theft using computer resource,1,1,,,,,,,,,,0,Anil Deshmukh,,Male,A2,,,,,,,,,,,,
PAR,Non-Heinous,Chargesheet Filed,Karnataka,Bengaluru Rural,Bengaluru Rural District & Sessions Court,Police Station,Bengaluru Rural PS,KA81264,Aditi Das,Sub-Inspector,Investigating Officer,1992-04-20,Female,AB Negative,0,2007-12-23,355178980202200608,202200608,2022-10-29,"On 28-10-2022, a case of Cyber Crime was reported at Bengaluru Rural PS, Bengaluru Rural district.",2022-10-28T19:00:00,2022-10-29T01:00:00,2022-10-29T11:00:00,13.2158,77.4817,"Incident occurred near coordinates 13.2158, 77.4817 within jurisdiction of Bengaluru Rural PS.",Cyber Crime,Cyber Crime,ITA,"Information Technology Act, 2000",IT Act,66C,Identity theft using computer resource,1,1,,,,,,,,,,0,Dev Kamath,38,Male,A3,,,,,,,,,,,,
UDR,Non-Heinous,Under Investigation,Karnataka,Hassan,Hassan District & Sessions Court,Police Station,Hassan Town PS,KA59427,Tanvi Shenoy,Deputy Superintendent,Investigating Officer,1970-04-11,Female,A Negative,0,2015-10-15,298558007202500609,202500609,2024-09-21,"On 20-09-2024, a case of Cheating was reported at Hassan Town PS, Hassan district.",2024-09-20T03:00:00,2024-09-20T05:00:00,2024-09-20T22:00:00,12.9308,76.1756,"Incident occurred near coordinates 12.9308, 76.1756 within jurisdiction of Hassan Town PS.",Financial Crime,Cheating,IPC,Indian Penal Code,IPC,420,Cheating and dishonestly inducing delivery of property,1,1,Dev Naik,79,Private Employee,Hindu,General,Male,Aditi Naik,23,Male,0,Rajesh Reddy,,Male,A1,1.0,2024-09-28T13:00:00,Karnataka,Hassan,Hassan Town PS,KA59427,Hassan District & Sessions Court,Rajesh Reddy,,,,
UDR,Non-Heinous,Report Beece (B-Report),Karnataka,Mandya,Mandya District & Sessions Court,Police Station,Mandya Town PS,KA23410,Sanjay Kulkarni,Sub-Inspector,Station Writer,1997-10-06,Male,A Negative,0,2017-12-17,279142680202400610,202400610,2025-10-11,"On 10-10-2025, a case of Theft was reported at Mandya Town PS, Mandya district.",2025-10-10T04:00:00,2025-10-10T12:00:00,2025-10-11T01:00:00,12.5687,76.8356,"Incident occurred near coordinates 12.5687, 76.8356 within jurisdiction of Mandya Town PS.",Property Crimes,Theft,IPC,Indian Penal Code,IPC,379,Punishment for theft,1,1,Ananya Joshi,68,Private Employee,Hindu,General,Female,Abhishek Naik,27,Male,0,Vikram Kulkarni,75,Transgender,A1,1.0,2025-10-18T10:00:00,Karnataka,Mandya,Mandya Town PS,KA23410,Mandya District & Sessions Court,Vikram Kulkarni,Chirag Patil,,,
UDR,Heinous,Report Beece (B-Report),Karnataka,Mandya,Mandya District & Sessions Court,Police Station,Mandya Town PS,KA23410,Sanjay Kulkarni,Constable,Circle Inspector,1996-07-21,Female,O Positive,0,2015-07-03,279142680202400610,202400610,2025-10-11,"On 10-10-2025, a case of Theft was reported at Mandya Town PS, Mandya district.",2025-10-10T04:00:00,2025-10-10T12:00:00,2025-10-11T01:00:00,12.5687,76.8356,"Incident occurred near coordinates 12.5687, 76.8356 within jurisdiction of Mandya Town PS.",Property Crimes,Theft,IPC,Indian Penal Code,IPC,379,Punishment for theft,1,1,,,,,,,,,,0,Chirag Patil,,Transgender,A2,,,,,,,,,,,,
FIR,Heinous,Under Investigation,Karnataka,Bengaluru Urban,"Principal City Civil & Sessions Court, Bengaluru",Police Station,Bengaluru City PS,KA28960,Dev Reddy,Deputy Superintendent,SHO,1994-07-16,Male,AB Positive,0,2010-12-22,181007700202300611,202300611,2022-03-15,"On 14-03-2022, a case of Theft was reported at Bengaluru City PS, Bengaluru Urban district.",2022-03-14T14:00:00,2022-03-14T20:00:00,2022-03-14T19:00:00,12.9937,77.6232,"Incident occurred near coordinates 12.9937, 77.6232 within jurisdiction of Bengaluru City PS.",Property Crimes,Theft,IPC,Indian Penal Code,IPC,379,Punishment for theft,1,1,Esha Patil,46,Private Employee,Hindu,General,Transgender,Deepak Patil,23,Female,0,Siddharth Naik,,Transgender,A1,1.0,2022-03-22T16:00:00,Karnataka,Bengaluru Urban,Bengaluru City PS,KA28960,"Principal City Civil & Sessions Court, Bengaluru",Siddharth Naik,,,,
Zero FIR,Non-Heinous,Undetected,Karnataka,Mysuru,Mysuru District & Sessions Court,Police Station,Saraswathipuram PS,KA14439,Suresh Singh,Sub-Inspector,SHO,1970-02-27,Female,B Negative,0,2017-05-01,850347893202200612,202200612,2022-01-05,"On 02-01-2022, a case of Theft was reported at Saraswathipuram PS, Mysuru district.",2022-01-02T22:00:00,2022-01-03T03:00:00,2022-01-03T01:00:00,12.3599,76.698,"Incident occurred near coordinates 12.3599, 76.698 within jurisdiction of Saraswathipuram PS.",Property Crimes,Theft,IPC,Indian Penal Code,IPC,379,Punishment for theft,1,1,Abhishek Gowda,68,Private Employee,Hindu,General,Transgender,Abhishek Joshi,7,Transgender,0,Ananya Joshi,74,Transgender,A1,,,,,,,,,,,,
Zero FIR,Non-Heinous,Undetected,Karnataka,Mysuru,Mysuru District & Sessions Court,Police Station,Saraswathipuram PS,KA14439,Suresh Singh,Constable,Circle Inspector,1993-08-05,Female,A Negative,0,2002-06-26,850347893202200612,202200612,2022-01-05,"On 02-01-2022, a case of Theft was reported at Saraswathipuram PS, Mysuru district.",2022-01-02T22:00:00,2022-01-03T03:00:00,2022-01-03T01:00:00,12.3599,76.698,"Incident occurred near coordinates 12.3599, 76.698 within jurisdiction of Saraswathipuram PS.",Property Crimes,Theft,IPC,Indian Penal Code,IPC,379,Punishment for theft,1,1,,,,,,,,,,0,Nikhil Nair,45,Female,A2,,,,,,,,,,,,
PAR,Non-Heinous,Report Beece (B-Report),Karnataka,Hassan,Hassan District & Sessions Court,Police Station,Hassan Town PS,KA98312,Gautam Nair,Sub-Inspector,Investigating Officer,1993-10-17,Female,AB Negative,1,2007-01-27,370468224202600613,202600613,2022-08-13,"On 12-08-2022, a case of Cyber Crime was reported at Hassan Town PS, Hassan district.",2022-08-12T07:00:00,2022-08-12T12:00:00,2022-08-12T11:00:00,12.9462,76.0383,"Incident occurred near coordinates 12.9462, 76.0383 within jurisdiction of Hassan Town PS.",Cyber Crime,Cyber Crime,ITA,"Information Technology Act, 2000",IT Act,66C,Identity theft using computer resource,1,1,Manish Gowda,32,Private Employee,Hindu,General,Transgender,Siddharth Bhat,35,Female,0,Tanvi Sharma,42,Transgender,A1,1.0,2022-08-20T12:00:00,Karnataka,Hassan,Hassan Town PS,KA98312,Hassan District & Sessions Court,Tanvi Sharma,,,,
FIR,Heinous,Chargesheet Filed,Karnataka,Hassan,Hassan District & Sessions Court,Police Station,Hassan Town PS,KA48637,Esha Shetty,Constable,Circle Inspector,1977-04-09,Female,AB Positive,0,2000-10-13,186479375202600614,202600614,2023-08-28,"On 25-08-2023, a case of Drug Offence was reported at Hassan Town PS, Hassan district.",2023-08-25T05:00:00,2023-08-25T13:00:00,2023-08-25T13:00:00,13.0394,76.1674,"Incident occurred near coordinates 13.0394, 76.1674 within jurisdiction of Hassan Town PS.",Narcotics,Drug Offence,NDPS,"Narcotic Drugs and Psychotropic Substances Act, 1985",NDPS,20,Punishment for cannabis-related offences,1,1,Suresh Gowda,59,Private Employee,Hindu,General,Female,Divya Joshi,55,Transgender,0,Meena Das,,Female,A1,1.0,2023-09-04T17:00:00,Karnataka,Hassan,Hassan Town PS,KA48637,Hassan District & Sessions Court,Meena Das,Kiran Sharma,2023-09-22T17:00:00,B,KA48637
FIR,Heinous,Chargesheet Filed,Karnataka,Hassan,Hassan District & Sessions Court,Police Station,Hassan Town PS,KA48637,Esha Shetty,Sub-Inspector,Station Writer,1979-05-01,Male,A Positive,1,2004-03-22,186479375202600614,202600614,2023-08-28,"On 25-08-2023, a case of Drug Offence was reported at Hassan Town PS, Hassan district.",2023-08-25T05:00:00,2023-08-25T13:00:00,2023-08-25T13:00:00,13.0394,76.1674,"Incident occurred near coordinates 13.0394, 76.1674 within jurisdiction of Hassan Town PS.",Narcotics,Drug Offence,NDPS,"Narcotic Drugs and Psychotropic Substances Act, 1985",NDPS,20,Punishment for cannabis-related offences,1,1,,,,,,,,,,0,Kiran Sharma,,Female,A2,,,,,,,,,,,,
PAR,Heinous,Report Beece (B-Report),Karnataka,Tumakuru,Tumakuru District & Sessions Court,Police Station,Tumakuru Town PS,KA94011,Hari Gowda,Sub-Inspector,Investigating Officer,1998-01-24,Female,O Negative,0,2019-06-10,352434746202500615,202500615,2024-11-30,"On 24-11-2024, a case of Cyber Crime was reported at Tumakuru Town PS, Tumakuru district.",2024-11-24T19:00:00,2024-11-25T01:00:00,2024-11-25T09:00:00,13.2665,77.0469,"Incident occurred near coordinates 13.2665, 77.0469 within jurisdiction of Tumakuru Town PS.",Cyber Crime,Cyber Crime,ITA,"Information Technology Act, 2000",IT Act,66C,Identity theft using computer resource,1,1,Rajesh Singh,50,Private Employee,Hindu,General,Male,Siddharth Naik,72,Male,0,Dev Deshmukh,22,Transgender,A1,1.0,2024-12-07T02:00:00,Karnataka,Tumakuru,Tumakuru Town PS,KA94011,Tumakuru District & Sessions Court,Dev Deshmukh,,,,
PAR,Non-Heinous,Under Investigation,Karnataka,Shivamogga,Shivamogga District & Sessions Court,Police Station,Shivamogga Town PS,KA68933,Farhan Sharma,Deputy Superintendent,Circle Inspector,1972-10-03,Male,A Positive,0,2003-04-07,374301740202200616,202200616,2023-04-06,"On 03-04-2023, a case of Money Laundering was reported at Shivamogga Town PS, Shivamogga district.",2023-04-03T07:00:00,2023-04-03T11:00:00,2023-04-03T16:00:00,13.8582,75.5585,"Incident occurred near coordinates 13.8582, 75.5585 within jurisdiction of Shivamogga Town PS.",Financial Crime,Money Laundering,PMLA,"Prevention of Money Laundering Act, 2002",PMLA,3,Offence of money laundering,1,1,Aarav Naik,63,Private Employee,Hindu,General,Transgender,Deepak Kumar,73,Female,0,Manish Shenoy,,Male,A1,1.0,2023-04-13T14:00:00,Karnataka,Shivamogga,Shivamogga Town PS,KA68933,Shivamogga District & Sessions Court,Manish Shenoy,,,,
FIR,Heinous,Chargesheet Filed,Karnataka,Chikkamagaluru,Chikkamagaluru District & Sessions Court,Police Station,Chikkamagaluru PS,KA93927,Anil Deshmukh,Deputy Superintendent,SHO,1986-07-27,Female,B Positive,0,2006-06-10,134898746202400617,202400617,2024-10-28,"On 24-10-2024, a case of Assault was reported at Chikkamagaluru PS, Chikkamagaluru district.",2024-10-24T00:00:00,2024-10-24T07:00:00,2024-10-24T05:00:00,13.3226,75.8284,"Incident occurred near coordinates 13.3226, 75.8284 within jurisdiction of Chikkamagaluru PS.",Crimes Against Body,Assault,IPC,Indian Penal Code,IPC,351,Assault,1,1,Isha Nair,50,Private Employee,Hindu,General,Transgender,Abhishek Kumar,22,Female,0,Aarav Sharma,50,Female,A1,1.0,2024-11-04T09:00:00,Karnataka,Chikkamagaluru,Chikkamagaluru PS,KA93927,Chikkamagaluru District & Sessions Court,Aarav Sharma,,2024-11-13T09:00:00,A,KA93927
UDR,Heinous,Under Investigation,Karnataka,Vijayapura,Vijayapura District & Sessions Court,Police Station,Vijayapura Town PS,KA42781,Sanjay Kumar,Head Constable,Investigating Officer,1978-10-11,Male,O Positive,1,2014-02-09,272621362202500618,202500618,2023-10-19,"On 17-10-2023, a case of Burglary was reported at Vijayapura Town PS, Vijayapura district.",2023-10-17T18:00:00,2023-10-17T22:00:00,2023-10-18T04:00:00,16.822,75.7891,"Incident occurred near coordinates 16.822, 75.7891 within jurisdiction of Vijayapura Town PS.",Property Crimes,Burglary,IPC,Indian Penal Code,IPC,457,Lurking house-trespass or house-breaking by night,1,1,Siddharth Das,30,Private Employee,Hindu,General,Female,Kavya Kamath,50,Male,0,Bhavya Shenoy,,Male,A1,1.0,2023-10-26T23:00:00,Karnataka,Vijayapura,Vijayapura Town PS,KA42781,Vijayapura District & Sessions Court,Bhavya Shenoy,,,,
PAR,Non-Heinous,Report Beece (B-Report),Karnataka,Hassan,Hassan District & Sessions Court,Police Station,Hassan Town PS,KA67523,Sanjay Kumar,Deputy Superintendent,SHO,1984-01-19,Male,O Positive,1,2014-02-03,387697113202400619,202400619,2022-08-11,"On 07-08-2022, a case of Burglary was reported at Hassan Town PS, Hassan district.",2022-08-07T20:00:00,2022-08-07T22:00:00,2022-08-08T16:00:00,13.0036,76.1769,"Incident occurred near coordinates 13.0036, 76.1769 within jurisdiction of Hassan Town PS.",Property Crimes,Burglary,IPC,Indian Penal Code,IPC,457,Lurking house-trespass or house-breaking by night,1,1,Deepak Hegde,50,Private Employee,Hindu,General,Male,Vikram Reddy,24,Male,0,Sanjay Das,,Transgender,A1,1.0,2022-08-18T22:00:00,Karnataka,Hassan,Hassan Town PS,KA67523,Hassan District & Sessions Court,Sanjay Das,,,,
PAR,Non-Heinous,Under Investigation,Karnataka,Shivamogga,Shivamogga District & Sessions Court,Police Station,Shivamogga Town PS,KA28935,Dev Rao,Deputy Superintendent,SHO,1972-05-24,Female,B Negative,0,2001-05-19,361573525202500620,202500620,2025-06-03,"On 30-05-2025, a case of Drug Offence was reported at Shivamogga Town PS, Shivamogga district.",2025-05-30T01:00:00,2025-05-30T07:00:00,2025-05-30T17:00:00,13.9401,75.616,"Incident occurred near coordinates 13.9401, 75.616 within jurisdiction of Shivamogga Town PS.",Narcotics,Drug Offence,NDPS,"Narcotic Drugs and Psychotropic Substances Act, 1985",NDPS,20,Punishment for cannabis-related offences,1,1,Pooja Kamath,28,Private Employee,Hindu,General,Transgender,Hari Kamath,42,Transgender,0,Suresh Kamath,46,Male,A1,1.0,2025-06-10T02:00:00,Karnataka,Shivamogga,Shivamogga Town PS,KA28935,Shivamogga District & Sessions Court,Suresh Kamath,,,,
PAR,Heinous,Report Beece (B-Report),Karnataka,Kalaburagi,Kalaburagi District & Sessions Court,Police Station,Kalaburagi City PS,KA28321,Vikram Bhat,Constable,SHO,1993-04-15,Male,A Positive,0,2010-05-15,382924274202200621,202200621,2024-05-13,"On 11-05-2024, a case of Drug Offence was reported at Kalaburagi City PS, Kalaburagi district.",2024-05-11T11:00:00,2024-05-11T13:00:00,2024-05-12T02:00:00,17.323,76.8135,"Incident occurred near coordinates 17.323, 76.8135 within jurisdiction of Kalaburagi City PS.",Narcotics,Drug Offence,NDPS,"Narcotic Drugs and Psychotropic Substances Act, 1985",NDPS,20,Punishment for cannabis-related offences,1,1,Pooja Rao,78,Private Employee,Hindu,General,Transgender,Bhavya Nair,22,Male,0,Divya Joshi,,Transgender,A1,1.0,2024-05-20T19:00:00,Karnataka,Kalaburagi,Kalaburagi City PS,KA28321,Kalaburagi District & Sessions Court,Divya Joshi,"Divya Hegde,Ananya Hegde",,,
PAR,Non-Heinous,Report Beece (B-Report),Karnataka,Kalaburagi,Kalaburagi District & Sessions Court,Police Station,Kalaburagi City PS,KA28321,Vikram Bhat,Deputy Superintendent,Station Writer,1984-05-27,Male,A Negative,0,2007-10-15,382924274202200621,202200621,2024-05-13,"On 11-05-2024, a case of Drug Offence was reported at Kalaburagi City PS, Kalaburagi district.",2024-05-11T11:00:00,2024-05-11T13:00:00,2024-05-12T02:00:00,17.323,76.8135,"Incident occurred near coordinates 17.323, 76.8135 within jurisdiction of Kalaburagi City PS.",Narcotics,Drug Offence,NDPS,"Narcotic Drugs and Psychotropic Substances Act, 1985",NDPS,20,Punishment for cannabis-related offences,1,1,,,,,,,,,,0,Divya Hegde,33,Transgender,A2,,,,,,,,,,,,
PAR,Non-Heinous,Report Beece (B-Report),Karnataka,Kalaburagi,Kalaburagi District & Sessions Court,Police Station,Kalaburagi City PS,KA28321,Vikram Bhat,Head Constable,SHO,1994-09-17,Female,O Negative,1,2017-12-27,382924274202200621,202200621,2024-05-13,"On 11-05-2024, a case of Drug Offence was reported at Kalaburagi City PS, Kalaburagi district.",2024-05-11T11:00:00,2024-05-11T13:00:00,2024-05-12T02:00:00,17.323,76.8135,"Incident occurred near coordinates 17.323, 76.8135 within jurisdiction of Kalaburagi City PS.",Narcotics,Drug Offence,NDPS,"Narcotic Drugs and Psychotropic Substances Act, 1985",NDPS,20,Punishment for cannabis-related offences,1,1,,,,,,,,,,0,Ananya Hegde,,Female,A3,,,,,,,,,,,,
UDR,Heinous,Report Beece (B-Report),Karnataka,Hassan,Hassan District & Sessions Court,Police Station,Hassan Town PS,KA10003,Siddharth Deshmukh,Deputy Superintendent,Investigating Officer,1991-01-16,Female,A Negative,0,2007-10-24,240186170202400622,202400622,2022-01-04,"On 30-12-2021, a case of Dark Web Crime was reported at Hassan Town PS, Hassan district.",2021-12-30T21:00:00,2021-12-31T05:00:00,2021-12-31T09:00:00,13.0147,76.0216,"Incident occurred near coordinates 13.0147, 76.0216 within jurisdiction of Hassan Town PS.",Cyber Crime,Dark Web Crime,ITA,"Information Technology Act, 2000",IT Act,67,Publishing/transmitting obscene material electronically,1,1,Farhan Das,33,Private Employee,Hindu,General,Male,Meena Hegde,15,Male,0,Kiran Verma,20,Transgender,A1,1.0,2022-01-11T09:00:00,Karnataka,Hassan,Hassan Town PS,KA10003,Hassan District & Sessions Court,Kiran Verma,Siddharth Naik,,,
UDR,Non-Heinous,Report Beece (B-Report),Karnataka,Hassan,Hassan District & Sessions Court,Police Station,Hassan Town PS,KA10003,Siddharth Deshmukh,Deputy Superintendent,Station Writer,1984-07-08,Female,AB Negative,0,2008-11-05,240186170202400622,202400622,2022-01-04,"On 30-12-2021, a case of Dark Web Crime was reported at Hassan Town PS, Hassan district.",2021-12-30T21:00:00,2021-12-31T05:00:00,2021-12-31T09:00:00,13.0147,76.0216,"Incident occurred near coordinates 13.0147, 76.0216 within jurisdiction of Hassan Town PS.",Cyber Crime,Dark Web Crime,ITA,"Information Technology Act, 2000",IT Act,67,Publishing/transmitting obscene material electronically,1,1,,,,,,,,,,0,Siddharth Naik,37,Female,A2,,,,,,,,,,,,
FIR,Heinous,Report Beece (B-Report),Karnataka,Vijayapura,Vijayapura District & Sessions Court,Police Station,Vijayapura Town PS,KA13377,Isha Das,Deputy Superintendent,Circle Inspector,1992-06-28,Female,B Positive,1,2013-02-25,117353255202400623,202400623,2023-09-29,"On 23-09-2023, a case of Theft was reported at Vijayapura Town PS, Vijayapura district.",2023-09-23T19:00:00,2023-09-23T23:00:00,2023-09-24T01:00:00,16.795,75.7263,"Incident occurred near coordinates 16.795, 75.7263 within jurisdiction of Vijayapura Town PS.",Property Crimes,Theft,IPC,Indian Penal Code,IPC,379,Punishment for theft,1,1,Priya Shetty,38,Private Employee,Hindu,General,Transgender,Rahul Patil,66,Female,0,Gautam Nair,20,Transgender,A1,1.0,2023-10-06T04:00:00,Karnataka,Vijayapura,Vijayapura Town PS,KA13377,Vijayapura District & Sessions Court,Gautam Nair,,,,
PAR,Non-Heinous,Under Investigation,Karnataka,Kalaburagi,Kalaburagi District & Sessions Court,Police Station,Kalaburagi City PS,KA69928,Abhishek Gowda,Sub-Inspector,SHO,1987-02-11,Male,AB Positive,0,2009-07-27,311901486202200624,202200624,2023-09-06,"On 02-09-2023, a case of Grievous Hurt was reported at Kalaburagi City PS, Kalaburagi district.",2023-09-02T13:00:00,2023-09-02T19:00:00,2023-09-02T19:00:00,17.386,76.816,"Incident occurred near coordinates 17.386, 76.816 within jurisdiction of Kalaburagi City PS.",Crimes Against Body,Grievous Hurt,IPC,Indian Penal Code,IPC,325,Punishment for voluntarily causing grievous hurt,1,1,Meena Sharma,25,Private Employee,Hindu,General,Transgender,Hari Bhat,70,Female,0,Sanjay Reddy,,Female,A1,1.0,2023-09-13T23:00:00,Karnataka,Kalaburagi,Kalaburagi City PS,KA69928,Kalaburagi District & Sessions Court,Sanjay Reddy,,,,
PAR,Heinous,Under Investigation,Karnataka,Kolar,Kolar District & Sessions Court,Police Station,Kolar Town PS,KA82144,Manish Patil,Head Constable,Station Writer,1979-02-27,Female,A Negative,0,2020-05-09,329308060202400625,202400625,2024-02-12,"On 09-02-2024, a case of Theft was reported at Kolar Town PS, Kolar district.",2024-02-09T02:00:00,2024-02-09T10:00:00,2024-02-09T15:00:00,13.073,78.1199,"Incident occurred near coordinates 13.073, 78.1199 within jurisdiction of Kolar Town PS.",Property Crimes,Theft,IPC,Indian Penal Code,IPC,379,Punishment for theft,1,1,Ananya Kulkarni,77,Private Employee,Hindu,General,Transgender,Pooja Joshi,50,Transgender,0,Kavya Kumar,68,Male,A1,1.0,2024-02-19T08:00:00,Karnataka,Kolar,Kolar Town PS,KA82144,Kolar District & Sessions Court,Kavya Kumar,Suresh Deshmukh,,,
PAR,Non-Heinous,Under Investigation,Karnataka,Kolar,Kolar District & Sessions Court,Police Station,Kolar Town PS,KA82144,Manish Patil,Sub-Inspector,Station Writer,1972-11-23,Male,O Positive,1,2009-03-27,329308060202400625,202400625,2024-02-12,"On 09-02-2024, a case of Theft was reported at Kolar Town PS, Kolar district.",2024-02-09T02:00:00,2024-02-09T10:00:00,2024-02-09T15:00:00,13.073,78.1199,"Incident occurred near coordinates 13.073, 78.1199 within jurisdiction of Kolar Town PS.",Property Crimes,Theft,IPC,Indian Penal Code,IPC,379,Punishment for theft,1,1,,,,,,,,,,0,Suresh Deshmukh,,Male,A2,,,,,,,,,,,,
FIR,Heinous,Undetected,Karnataka,Tumakuru,Tumakuru District & Sessions Court,Police Station,Tumakuru Town PS,KA50185,Abhishek Nair,Sub-Inspector,Circle Inspector,1981-11-04,Female,A Positive,0,2002-09-26,140198739202200626,202200626,2022-01-20,"On 17-01-2022, a case of Grievous Hurt was reported at Tumakuru Town PS, Tumakuru district.",2022-01-17T18:00:00,2022-01-17T19:00:00,2022-01-18T18:00:00,13.3694,77.1358,"Incident occurred near coordinates 13.3694, 77.1358 within jurisdiction of Tumakuru Town PS.",Crimes Against Body,Grievous Hurt,IPC,Indian Penal Code,IPC,325,Punishment for voluntarily causing grievous hurt,1,1,Pooja Kulkarni,54,Private Employee,Hindu,General,Female,Kiran Sharma,12,Male,0,Meena Nair,,Transgender,A1,,,,,,,,,,,,
PAR,Non-Heinous,Undetected,Karnataka,Bengaluru Urban,"Principal City Civil & Sessions Court, Bengaluru",Police Station,Bengaluru City PS,KA90596,Tanvi Pai,Sub-Inspector,Investigating Officer,1992-05-15,Female,AB Positive,1,2009-01-01,346283203202300627,202300627,2022-05-19,"On 15-05-2022, a case of Money Laundering was reported at Bengaluru City PS, Bengaluru Urban district.",2022-05-15T23:00:00,2022-05-16T07:00:00,2022-05-16T01:00:00,12.8979,77.516,"Incident occurred near coordinates 12.8979, 77.516 within jurisdiction of Bengaluru City PS.",Financial Crime,Money Laundering,PMLA,"Prevention of Money Laundering Act, 2002",PMLA,3,Offence of money laundering,1,1,Sunil Kamath,53,Private Employee,Hindu,General,Male,Deepak Nair,23,Transgender,0,Ananya Patil,33,Male,A1,,,,,,,,,,,,
Zero FIR,Heinous,Chargesheet Filed,Karnataka,Ballari,Ballari District & Sessions Court,Police Station,Ballari City PS,KA91626,Sanjay Kulkarni,Deputy Superintendent,SHO,1990-12-19,Female,B Negative,0,2020-04-04,881426258202500628,202500628,2022-06-29,"On 27-06-2022, a case of Cyber Crime was reported at Ballari City PS, Ballari district.",2022-06-27T16:00:00,2022-06-27T19:00:00,2022-06-27T22:00:00,15.0639,76.9507,"Incident occurred near coordinates 15.0639, 76.9507 within jurisdiction of Ballari City PS.",Cyber Crime,Cyber Crime,ITA,"Information Technology Act, 2000",IT Act,66C,Identity theft using computer resource,1,1,Kiran Kamath,40,Private Employee,Hindu,General,Transgender,Sunil Bhat,8,Transgender,0,Pooja Bhat,,Male,A1,1.0,2022-07-06T02:00:00,Karnataka,Ballari,Ballari City PS,KA91626,Ballari District & Sessions Court,Pooja Bhat,Siddharth Kumar,2022-08-20T02:00:00,B,KA91626
Zero FIR,Non-Heinous,Chargesheet Filed,Karnataka,Ballari,Ballari District & Sessions Court,Police Station,Ballari City PS,KA91626,Sanjay Kulkarni,Sub-Inspector,Investigating Officer,1997-10-22,Male,O Positive,0,2005-02-22,881426258202500628,202500628,2022-06-29,"On 27-06-2022, a case of Cyber Crime was reported at Ballari City PS, Ballari district.",2022-06-27T16:00:00,2022-06-27T19:00:00,2022-06-27T22:00:00,15.0639,76.9507,"Incident occurred near coordinates 15.0639, 76.9507 within jurisdiction of Ballari City PS.",Cyber Crime,Cyber Crime,ITA,"Information Technology Act, 2000",IT Act,66C,Identity theft using computer resource,1,1,,,,,,,,,,0,Siddharth Kumar,,Male,A2,,,,,,,,,,,,
FIR,Non-Heinous,Undetected,Karnataka,Bengaluru Rural,Bengaluru Rural District & Sessions Court,Police Station,Bengaluru Rural PS,KA29061,Aditi Verma,Inspector,Station Writer,1992-08-04,Female,O Positive,0,2002-09-10,176711475202300629,202300629,2024-02-16,"On 11-02-2024, a case of Robbery was reported at Bengaluru Rural PS, Bengaluru Rural district.",2024-02-11T02:00:00,2024-02-11T03:00:00,2024-02-11T12:00:00,13.2555,77.5123,"Incident occurred near coordinates 13.2555, 77.5123 within jurisdiction of Bengaluru Rural PS.",Property Crimes,Robbery,IPC,Indian Penal Code,IPC,392,Punishment for robbery,1,1,Aarav Shetty,54,Private Employee,Hindu,General,Female,Divya Singh,51,Transgender,0,Kavya Bhat,55,Female,A1,,,,,,,,,,,,
FIR,Heinous,Undetected,Karnataka,Mysuru,Mysuru District & Sessions Court,Police Station,Saraswathipuram PS,KA45064,Isha Kumar,Inspector,SHO,1975-12-08,Female,B Positive,0,2003-07-05,185126603202500630,202500630,2025-05-29,"On 25-05-2025, a case of Assault was reported at Saraswathipuram PS, Mysuru district.",2025-05-25T07:00:00,2025-05-25T10:00:00,2025-05-26T03:00:00,12.2755,76.689,"Incident occurred near coordinates 12.2755, 76.689 within jurisdiction of Saraswathipuram PS.",Crimes Against Body,Assault,IPC,Indian Penal Code,IPC,351,Assault,1,1,Siddharth Naik,56,Private Employee,Hindu,General,Female,Suresh Pai,68,Female,0,Isha Kulkarni,,Transgender,A1,,,,,,,,,,,,
PAR,Heinous,Under Investigation,Karnataka,Bagalkote,Bagalkote District & Sessions Court,Police Station,Bagalkote Town PS,KA23744,Tanvi Rao,Inspector,Investigating Officer,1995-04-02,Female,AB Positive,0,2012-04-07,321749526202200631,202200631,2024-10-16,"On 12-10-2024, a case of Grievous Hurt was reported at Bagalkote Town PS, Bagalkote district.",2024-10-12T14:00:00,2024-10-12T16:00:00,2024-10-12T23:00:00,16.1191,75.6182,"Incident occurred near coordinates 16.1191, 75.6182 within jurisdiction of Bagalkote Town PS.",Crimes Against Body,Grievous Hurt,IPC,Indian Penal Code,IPC,325,Punishment for voluntarily causing grievous hurt,1,1,Bhavya Pai,31,Private Employee,Hindu,General,Female,Chirag Singh,51,Transgender,0,Kavya Shenoy,55,Transgender,A1,1.0,2024-10-23T19:00:00,Karnataka,Bagalkote,Bagalkote Town PS,KA23744,Bagalkote District & Sessions Court,Kavya Shenoy,,,,
PAR,Heinous,Chargesheet Filed,Karnataka,Bagalkote,Bagalkote District & Sessions Court,Police Station,Bagalkote Town PS,KA87683,Suresh Shetty,Inspector,Investigating Officer,1994-11-08,Male,A Negative,1,2014-01-17,332032574202200632,202200632,2022-12-08,"On 05-12-2022, a case of Dark Web Crime was reported at Bagalkote Town PS, Bagalkote district.",2022-12-05T15:00:00,2022-12-05T17:00:00,2022-12-05T17:00:00,16.1247,75.6872,"Incident occurred near coordinates 16.1247, 75.6872 within jurisdiction of Bagalkote Town PS.",Cyber Crime,Dark Web Crime,ITA,"Information Technology Act, 2000",IT Act,67,Publishing/transmitting obscene material electronically,1,1,Kavya Naik,28,Private Employee,Hindu,General,Male,Divya Nair,53,Transgender,0,Priya Reddy,,Female,A1,1.0,2022-12-15T18:00:00,Karnataka,Bagalkote,Bagalkote Town PS,KA87683,Bagalkote District & Sessions Court,Priya Reddy,,2023-01-18T18:00:00,A,KA87683
Zero FIR,Non-Heinous,Report Beece (B-Report),Karnataka,Tumakuru,Tumakuru District & Sessions Court,Police Station,Tumakuru Town PS,KA19801,Aditi Kamath,Constable,Station Writer,1978-10-09,Female,AB Negative,0,2002-10-06,857962024202200633,202200633,2025-01-18,"On 14-01-2025, a case of Money Laundering was reported at Tumakuru Town PS, Tumakuru district.",2025-01-14T07:00:00,2025-01-14T10:00:00,2025-01-15T03:00:00,13.2931,77.066,"Incident occurred near coordinates 13.2931, 77.066 within jurisdiction of Tumakuru Town PS.",Financial Crime,Money Laundering,PMLA,"Prevention of Money Laundering Act, 2002",PMLA,3,Offence of money laundering,1,1,Kiran Singh,55,Private Employee,Hindu,General,Male,Rajesh Hegde,43,Male,0,Meena Nair,,Transgender,A1,1.0,2025-01-25T11:00:00,Karnataka,Tumakuru,Tumakuru Town PS,KA19801,Tumakuru District & Sessions Court,Meena Nair,Nikhil Reddy,,,
Zero FIR,Heinous,Report Beece (B-Report),Karnataka,Tumakuru,Tumakuru District & Sessions Court,Police Station,Tumakuru Town PS,KA19801,Aditi Kamath,Inspector,SHO,1994-12-01,Female,AB Positive,1,2017-04-09,857962024202200633,202200633,2025-01-18,"On 14-01-2025, a case of Money Laundering was reported at Tumakuru Town PS, Tumakuru district.",2025-01-14T07:00:00,2025-01-14T10:00:00,2025-01-15T03:00:00,13.2931,77.066,"Incident occurred near coordinates 13.2931, 77.066 within jurisdiction of Tumakuru Town PS.",Financial Crime,Money Laundering,PMLA,"Prevention of Money Laundering Act, 2002",PMLA,3,Offence of money laundering,1,1,,,,,,,,,,0,Nikhil Reddy,,Female,A2,,,,,,,,,,,,
PAR,Non-Heinous,Under Investigation,Karnataka,Bengaluru Urban,"Principal City Civil & Sessions Court, Bengaluru",Police Station,Bengaluru City PS,KA85263,Farhan Kumar,Constable,Station Writer,1980-01-10,Male,AB Negative,1,2019-08-07,335217918202200634,202200634,2025-06-26,"On 23-06-2025, a case of Robbery was reported at Bengaluru City PS, Bengaluru Urban district.",2025-06-23T19:00:00,2025-06-23T20:00:00,2025-06-24T03:00:00,12.9133,77.5832,"Incident occurred near coordinates 12.9133, 77.5832 within jurisdiction of Bengaluru City PS.",Property Crimes,Robbery,IPC,Indian Penal Code,IPC,392,Punishment for robbery,1,1,Hari Kamath,21,Private Employee,Hindu,General,Female,Aditi Deshmukh,30,Male,0,Nikhil Kumar,65,Female,A1,1.0,2025-07-03T05:00:00,Karnataka,Bengaluru Urban,Bengaluru City PS,KA85263,"Principal City Civil & Sessions Court, Bengaluru",Nikhil Kumar,,,,
Zero FIR,Non-Heinous,Undetected,Karnataka,Mandya,Mandya District & Sessions Court,Police Station,Mandya Town PS,KA17044,Divya Rao,Sub-Inspector,SHO,1974-04-09,Female,AB Positive,0,2007-05-04,837531394202600635,202600635,2022-10-11,"On 07-10-2022, a case of Cyber Crime was reported at Mandya Town PS, Mandya district.",2022-10-07T15:00:00,2022-10-07T19:00:00,2022-10-08T04:00:00,12.5453,76.8536,"Incident occurred near coordinates 12.5453, 76.8536 within jurisdiction of Mandya Town PS.",Cyber Crime,Cyber Crime,ITA,"Information Technology Act, 2000",IT Act,66C,Identity theft using computer resource,1,1,Chirag Shenoy,44,Private Employee,Hindu,General,Female,Meena Nair,63,Male,0,Bhavya Naik,,Male,A1,,,,,,,,,,,,
Zero FIR,Heinous,Undetected,Karnataka,Mandya,Mandya District & Sessions Court,Police Station,Mandya Town PS,KA17044,Divya Rao,Head Constable,Station Writer,1973-07-02,Male,B Negative,1,2010-08-11,837531394202600635,202600635,2022-10-11,"On 07-10-2022, a case of Cyber Crime was reported at Mandya Town PS, Mandya district.",2022-10-07T15:00:00,2022-10-07T19:00:00,2022-10-08T04:00:00,12.5453,76.8536,"Incident occurred near coordinates 12.5453, 76.8536 within jurisdiction of Mandya Town PS.",Cyber Crime,Cyber Crime,ITA,"Information Technology Act, 2000",IT Act,66C,Identity theft using computer resource,1,1,,,,,,,,,,0,Rahul Naik,23,Female,A2,,,,,,,,,,,,
PAR,Non-Heinous,Under Investigation,Karnataka,Mandya,Mandya District & Sessions Court,Police Station,Mandya Town PS,KA37648,Bhavya Rao,Constable,Investigating Officer,1986-07-02,Male,A Positive,0,2005-07-07,361774611202600636,202600636,2023-02-20,"On 19-02-2023, a case of Cheating was reported at Mandya Town PS, Mandya district.",2023-02-19T02:00:00,2023-02-19T04:00:00,2023-02-19T08:00:00,12.5344,76.9203,"Incident occurred near coordinates 12.5344, 76.9203 within jurisdiction of Mandya Town PS.",Financial Crime,Cheating,IPC,Indian Penal Code,IPC,420,Cheating and dishonestly inducing delivery of property,1,1,Sunil Gowda,72,Private Employee,Hindu,General,Male,Meena Verma,46,Female,0,Anil Naik,,Female,A1,1.0,2023-02-27T08:00:00,Karnataka,Mandya,Mandya Town PS,KA37648,Mandya District & Sessions Court,Anil Naik,Priya Hegde,,,
PAR,Heinous,Under Investigation,Karnataka,Mandya,Mandya District & Sessions Court,Police Station,Mandya Town PS,KA37648,Bhavya Rao,Deputy Superintendent,SHO,1986-03-06,Female,AB Positive,0,2002-12-11,361774611202600636,202600636,2023-02-20,"On 19-02-2023, a case of Cheating was reported at Mandya Town PS, Mandya district.",2023-02-19T02:00:00,2023-02-19T04:00:00,2023-02-19T08:00:00,12.5344,76.9203,"Incident occurred near coordinates 12.5344, 76.9203 within jurisdiction of Mandya Town PS.",Financial Crime,Cheating,IPC,Indian Penal Code,IPC,420,Cheating and dishonestly inducing delivery of property,1,1,,,,,,,,,,0,Priya Hegde,,Transgender,A2,,,,,,,,,,,,
Zero FIR,Heinous,Undetected,Karnataka,Bagalkote,Bagalkote District & Sessions Court,Police Station,Bagalkote Town PS,KA96026,Isha Gowda,Sub-Inspector,Investigating Officer,1986-01-14,Male,O Negative,0,2013-07-14,849814377202200637,202200637,2024-06-01,"On 31-05-2024, a case of Burglary was reported at Bagalkote Town PS, Bagalkote district.",2024-05-31T11:00:00,2024-05-31T15:00:00,2024-05-31T21:00:00,16.1964,75.6945,"Incident occurred near coordinates 16.1964, 75.6945 within jurisdiction of Bagalkote Town PS.",Property Crimes,Burglary,IPC,Indian Penal Code,IPC,457,Lurking house-trespass or house-breaking by night,1,1,Sunil Das,54,Private Employee,Hindu,General,Male,Rahul Kumar,25,Transgender,0,Gautam Shenoy,62,Male,A1,,,,,,,,,,,,
Zero FIR,Non-Heinous,Chargesheet Filed,Karnataka,Bidar,Bidar District & Sessions Court,Police Station,Bidar Town PS,KA44005,Divya Rao,Head Constable,Station Writer,1985-01-20,Male,AB Negative,0,2002-04-23,813886984202600638,202600638,2023-11-05,"On 02-11-2023, a case of Drug Offence was reported at Bidar Town PS, Bidar district.",2023-11-02T15:00:00,2023-11-02T23:00:00,2023-11-02T21:00:00,17.8947,77.5764,"Incident occurred near coordinates 17.8947, 77.5764 within jurisdiction of Bidar Town PS.",Narcotics,Drug Offence,NDPS,"Narcotic Drugs and Psychotropic Substances Act, 1985",NDPS,20,Punishment for cannabis-related offences,1,1,Dev Kumar,50,Private Employee,Hindu,General,Female,Esha Hegde,57,Transgender,0,Priya Singh,31,Male,A1,1.0,2023-11-12T03:00:00,Karnataka,Bidar,Bidar Town PS,KA44005,Bidar District & Sessions Court,Priya Singh,,2023-11-24T03:00:00,A,KA44005
Zero FIR,Heinous,Undetected,Karnataka,Bengaluru Rural,Bengaluru Rural District & Sessions Court,Police Station,Bengaluru Rural PS,KA11292,Divya Hegde,Sub-Inspector,Station Writer,1975-02-27,Female,O Negative,0,2017-11-07,818435639202300639,202300639,2025-06-20,"On 18-06-2025, a case of Assault was reported at Bengaluru Rural PS, Bengaluru Rural district.",2025-06-18T05:00:00,2025-06-18T10:00:00,2025-06-19T02:00:00,13.352,77.5784,"Incident occurred near coordinates 13.352, 77.5784 within jurisdiction of Bengaluru Rural PS.",Crimes Against Body,Assault,IPC,Indian Penal Code,IPC,351,Assault,1,1,Gautam Patil,32,Private Employee,Hindu,General,Transgender,Dev Kulkarni,32,Male,0,Suresh Patil,47,Male,A1,,,,,,,,,,,,
PAR,Heinous,Chargesheet Filed,Karnataka,Bagalkote,Bagalkote District & Sessions Court,Police Station,Bagalkote Town PS,KA52659,Rahul Sharma,Sub-Inspector,Station Writer,1975-04-06,Male,B Positive,0,2009-01-26,379206279202200640,202200640,2024-04-01,"On 27-03-2024, a case of Assault was reported at Bagalkote Town PS, Bagalkote district.",2024-03-27T05:00:00,2024-03-27T12:00:00,2024-03-27T08:00:00,16.1485,75.7384,"Incident occurred near coordinates 16.1485, 75.7384 within jurisdiction of Bagalkote Town PS.",Crimes Against Body,Assault,IPC,Indian Penal Code,IPC,351,Assault,1,1,Meena Sharma,50,Private Employee,Hindu,General,Female,Dev Bhat,75,Female,0,Siddharth Das,,Female,A1,1.0,2024-04-08T07:00:00,Karnataka,Bagalkote,Bagalkote Town PS,KA52659,Bagalkote District & Sessions Court,Siddharth Das,,2024-05-18T07:00:00,C,KA52659
FIR,Non-Heinous,Report Beece (B-Report),Karnataka,Chikkamagaluru,Chikkamagaluru District & Sessions Court,Police Station,Chikkamagaluru PS,KA83512,Esha Verma,Inspector,Investigating Officer,1990-09-18,Male,A Negative,0,2017-11-12,186282903202300641,202300641,2024-07-01,"On 28-06-2024, a case of Assault was reported at Chikkamagaluru PS, Chikkamagaluru district.",2024-06-28T09:00:00,2024-06-28T13:00:00,2024-06-29T07:00:00,13.3267,75.7957,"Incident occurred near coordinates 13.3267, 75.7957 within jurisdiction of Chikkamagaluru PS.",Crimes Against Body,Assault,IPC,Indian Penal Code,IPC,351,Assault,1,1,Gautam Patil,54,Private Employee,Hindu,General,Male,Kiran Rao,23,Female,0,Dev Shenoy,60,Transgender,A1,1.0,2024-07-08T11:00:00,Karnataka,Chikkamagaluru,Chikkamagaluru PS,KA83512,Chikkamagaluru District & Sessions Court,Dev Shenoy,,,,
Zero FIR,Heinous,Undetected,Karnataka,Davangere,Davangere District & Sessions Court,Police Station,Davangere Extension PS,KA82591,Divya Shetty,Constable,SHO,1992-12-17,Female,AB Negative,0,2006-08-17,893284847202600642,202600642,2023-03-15,"On 09-03-2023, a case of Burglary was reported at Davangere Extension PS, Davangere district.",2023-03-09T21:00:00,2023-03-10T00:00:00,2023-03-10T16:00:00,14.3932,75.9988,"Incident occurred near coordinates 14.3932, 75.9988 within jurisdiction of Davangere Extension PS.",Property Crimes,Burglary,IPC,Indian Penal Code,IPC,457,Lurking house-trespass or house-breaking by night,1,1,Siddharth Gowda,73,Private Employee,Hindu,General,Transgender,Divya Joshi,17,Male,0,Bhavya Kumar,50,Transgender,A1,,,,,,,,,,,,
Zero FIR,Heinous,Report Beece (B-Report),Karnataka,Bengaluru Urban,"Principal City Civil & Sessions Court, Bengaluru",Police Station,Bengaluru City PS,KA74270,Manish Naik,Deputy Superintendent,Circle Inspector,1990-03-04,Male,AB Negative,0,2000-09-07,887649227202200643,202200643,2023-07-15,"On 11-07-2023, a case of Murder was reported at Bengaluru City PS, Bengaluru Urban district.",2023-07-11T09:00:00,2023-07-11T15:00:00,2023-07-12T05:00:00,12.9104,77.6673,"Incident occurred near coordinates 12.9104, 77.6673 within jurisdiction of Bengaluru City PS.",Crimes Against Body,Murder,IPC,Indian Penal Code,IPC,302,Punishment for murder,1,1,Gautam Shetty,27,Private Employee,Hindu,General,Male,Aarav Patil,21,Female,0,Isha Kulkarni,18,Female,A1,1.0,2023-07-22T21:00:00,Karnataka,Bengaluru Urban,Bengaluru City PS,KA74270,"Principal City Civil & Sessions Court, Bengaluru",Isha Kulkarni,,,,
PAR,Non-Heinous,Under Investigation,Karnataka,Tumakuru,Tumakuru District & Sessions Court,Police Station,Tumakuru Town PS,KA49875,Hari Singh,Sub-Inspector,Station Writer,1988-08-27,Female,A Positive,0,2009-10-01,316837134202500644,202500644,2023-07-21,"On 17-07-2023, a case of Money Laundering was reported at Tumakuru Town PS, Tumakuru district.",2023-07-17T21:00:00,2023-07-18T04:00:00,2023-07-18T16:00:00,13.4112,77.0478,"Incident occurred near coordinates 13.4112, 77.0478 within jurisdiction of Tumakuru Town PS.",Financial Crime,Money Laundering,PMLA,"Prevention of Money Laundering Act, 2002",PMLA,3,Offence of money laundering,1,1,Farhan Bhat,59,Private Employee,Hindu,General,Transgender,Vikram Bhat,70,Male,0,Dev Hegde,,Female,A1,1.0,2023-07-28T04:00:00,Karnataka,Tumakuru,Tumakuru Town PS,KA49875,Tumakuru District & Sessions Court,Dev Hegde,,,,
Zero FIR,Non-Heinous,Report Beece (B-Report),Karnataka,Hassan,Hassan District & Sessions Court,Police Station,Hassan Town PS,KA25283,Rajesh Pai,Head Constable,SHO,1970-11-01,Female,A Positive,0,2009-06-24,895674700202200645,202200645,2022-07-24,"On 19-07-2022, a case of Theft was reported at Hassan Town PS, Hassan district.",2022-07-19T16:00:00,2022-07-19T17:00:00,2022-07-20T04:00:00,12.9828,76.1411,"Incident occurred near coordinates 12.9828, 76.1411 within jurisdiction of Hassan Town PS.",Property Crimes,Theft,IPC,Indian Penal Code,IPC,379,Punishment for theft,1,1,Hari Reddy,24,Private Employee,Hindu,General,Male,Divya Kulkarni,23,Transgender,0,Hari Nair,37,Female,A1,1.0,2022-07-31T00:00:00,Karnataka,Hassan,Hassan Town PS,KA25283,Hassan District & Sessions Court,Hari Nair,,,,
UDR,Heinous,Report Beece (B-Report),Karnataka,Bagalkote,Bagalkote District & Sessions Court,Police Station,Bagalkote Town PS,KA34745,Ananya Gowda,Constable,Investigating Officer,1978-01-03,Male,AB Negative,0,2004-09-10,258641541202400646,202400646,2023-07-21,"On 19-07-2023, a case of Murder was reported at Bagalkote Town PS, Bagalkote district.",2023-07-19T15:00:00,2023-07-19T20:00:00,2023-07-20T11:00:00,16.2617,75.6796,"Incident occurred near coordinates 16.2617, 75.6796 within jurisdiction of Bagalkote Town PS.",Crimes Against Body,Murder,IPC,Indian Penal Code,IPC,302,Punishment for murder,1,1,Gautam Naik,48,Private Employee,Hindu,General,Transgender,Chirag Reddy,14,Transgender,0,Abhishek Nair,33,Transgender,A1,1.0,2023-07-28T20:00:00,Karnataka,Bagalkote,Bagalkote Town PS,KA34745,Bagalkote District & Sessions Court,Abhishek Nair,,,,
PAR,Non-Heinous,Under Investigation,Karnataka,Vijayapura,Vijayapura District & Sessions Court,Police Station,Vijayapura Town PS,KA10176,Suresh Nair,Head Constable,Station Writer,1975-10-15,Male,AB Positive,0,2019-08-12,345901992202600647,202600647,2024-05-29,"On 26-05-2024, a case of Dark Web Crime was reported at Vijayapura Town PS, Vijayapura district.",2024-05-26T18:00:00,2024-05-26T22:00:00,2024-05-27T17:00:00,16.8896,75.7514,"Incident occurred near coordinates 16.8896, 75.7514 within jurisdiction of Vijayapura Town PS.",Cyber Crime,Dark Web Crime,ITA,"Information Technology Act, 2000",IT Act,67,Publishing/transmitting obscene material electronically,1,1,Kiran Verma,65,Private Employee,Hindu,General,Male,Isha Hegde,71,Transgender,0,Priya Verma,63,Transgender,A1,1.0,2024-06-05T20:00:00,Karnataka,Vijayapura,Vijayapura Town PS,KA10176,Vijayapura District & Sessions Court,Priya Verma,,,,
Zero FIR,Non-Heinous,Report Beece (B-Report),Karnataka,Shivamogga,Shivamogga District & Sessions Court,Police Station,Shivamogga Town PS,KA60365,Sunil Bhat,Inspector,Station Writer,1970-08-20,Male,AB Positive,1,2001-02-06,885089149202500648,202500648,2022-08-11,"On 06-08-2022, a case of Money Laundering was reported at Shivamogga Town PS, Shivamogga district.",2022-08-06T21:00:00,2022-08-06T22:00:00,2022-08-07T05:00:00,13.9335,75.6115,"Incident occurred near coordinates 13.9335, 75.6115 within jurisdiction of Shivamogga Town PS.",Financial Crime,Money Laundering,PMLA,"Prevention of Money Laundering Act, 2002",PMLA,3,Offence of money laundering,1,1,Sanjay Reddy,49,Private Employee,Hindu,General,Transgender,Gautam Reddy,55,Female,0,Kiran Singh,,Male,A1,1.0,2022-08-18T06:00:00,Karnataka,Shivamogga,Shivamogga Town PS,KA60365,Shivamogga District & Sessions Court,Kiran Singh,,,,
PAR,Heinous,Report Beece (B-Report),Karnataka,Belagavi,Belagavi District & Sessions Court,Police Station,Belagavi City PS,KA32669,Dev Hegde,Deputy Superintendent,Circle Inspector,1989-01-08,Male,A Negative,0,2013-10-27,352808548202400649,202400649,2023-05-08,"On 03-05-2023, a case of Dark Web Crime was reported at Belagavi City PS, Belagavi district.",2023-05-03T13:00:00,2023-05-03T18:00:00,2023-05-04T06:00:00,15.7992,74.5212,"Incident occurred near coordinates 15.7992, 74.5212 within jurisdiction of Belagavi City PS.",Cyber Crime,Dark Web Crime,ITA,"Information Technology Act, 2000",IT Act,67,Publishing/transmitting obscene material electronically,1,1,Priya Rao,38,Private Employee,Hindu,General,Male,Hari Patil,5,Transgender,0,Rahul Kamath,41,Transgender,A1,1.0,2023-05-15T20:00:00,Karnataka,Belagavi,Belagavi City PS,KA32669,Belagavi District & Sessions Court,Rahul Kamath,,,,
FIR,Non-Heinous,Chargesheet Filed,Karnataka,Ballari,Ballari District & Sessions Court,Police Station,Ballari City PS,KA77826,Deepak Hegde,Head Constable,Station Writer,1992-06-01,Male,AB Positive,0,2011-01-10,118509369202300650,202300650,2023-07-01,"On 30-06-2023, a case of Dark Web Crime was reported at Ballari City PS, Ballari district.",2023-06-30T19:00:00,2023-07-01T00:00:00,2023-07-01T03:00:00,15.1441,76.93,"Incident occurred near coordinates 15.1441, 76.93 within jurisdiction of Ballari City PS.",Cyber Crime,Dark Web Crime,ITA,"Information Technology Act, 2000",IT Act,67,Publishing/transmitting obscene material electronically,1,1,Siddharth Kumar,54,Private Employee,Hindu,General,Female,Sanjay Pai,40,Transgender,0,Aarav Rao,,Female,A1,1.0,2023-07-08T23:00:00,Karnataka,Ballari,Ballari City PS,KA77826,Ballari District & Sessions Court,Aarav Rao,"Kavya Gowda,Chirag Reddy",2023-08-11T23:00:00,B,KA77826
FIR,Heinous,Chargesheet Filed,Karnataka,Ballari,Ballari District & Sessions Court,Police Station,Ballari City PS,KA77826,Deepak Hegde,Constable,Station Writer,1996-11-06,Female,AB Positive,0,2015-09-02,118509369202300650,202300650,2023-07-01,"On 30-06-2023, a case of Dark Web Crime was reported at Ballari City PS, Ballari district.",2023-06-30T19:00:00,2023-07-01T00:00:00,2023-07-01T03:00:00,15.1441,76.93,"Incident occurred near coordinates 15.1441, 76.93 within jurisdiction of Ballari City PS.",Cyber Crime,Dark Web Crime,ITA,"Information Technology Act, 2000",IT Act,67,Publishing/transmitting obscene material electronically,1,1,,,,,,,,,,0,Kavya Gowda,,Transgender,A2,,,,,,,,,,,,
FIR,Heinous,Chargesheet Filed,Karnataka,Ballari,Ballari District & Sessions Court,Police Station,Ballari City PS,KA77826,Deepak Hegde,Inspector,SHO,1987-11-21,Male,B Positive,0,2014-01-12,118509369202300650,202300650,2023-07-01,"On 30-06-2023, a case of Dark Web Crime was reported at Ballari City PS, Ballari district.",2023-06-30T19:00:00,2023-07-01T00:00:00,2023-07-01T03:00:00,15.1441,76.93,"Incident occurred near coordinates 15.1441, 76.93 within jurisdiction of Ballari City PS.",Cyber Crime,Dark Web Crime,ITA,"Information Technology Act, 2000",IT Act,67,Publishing/transmitting obscene material electronically,1,1,,,,,,,,,,0,Chirag Reddy,29,Male,A3,,,,,,,,,,,,
FIR,Non-Heinous,Undetected,Karnataka,Kalaburagi,Kalaburagi District & Sessions Court,Police Station,Kalaburagi City PS,KA19894,Chirag Reddy,Head Constable,Station Writer,1979-04-04,Male,AB Negative,0,2011-05-13,131092763202400651,202400651,2025-07-29,"On 24-07-2025, a case of Money Laundering was reported at Kalaburagi City PS, Kalaburagi district.",2025-07-24T04:00:00,2025-07-24T05:00:00,2025-07-25T02:00:00,17.3015,76.8063,"Incident occurred near coordinates 17.3015, 76.8063 within jurisdiction of Kalaburagi City PS.",Financial Crime,Money Laundering,PMLA,"Prevention of Money Laundering Act, 2002",PMLA,3,Offence of money laundering,1,1,Tanvi Deshmukh,22,Private Employee,Hindu,General,Female,Tanvi Sharma,28,Male,0,Aditi Pai,43,Female,A1,,,,,,,,,,,,
Zero FIR,Heinous,Chargesheet Filed,Karnataka,Mysuru,Mysuru District & Sessions Court,Police Station,Saraswathipuram PS,KA74190,Priya Shenoy,Inspector,SHO,1991-02-03,Male,A Negative,0,2019-08-02,848861538202600652,202600652,2024-09-04,"On 03-09-2024, a case of Dark Web Crime was reported at Saraswathipuram PS, Mysuru district.",2024-09-03T12:00:00,2024-09-03T17:00:00,2024-09-03T18:00:00,12.3401,76.6899,"Incident occurred near coordinates 12.3401, 76.6899 within jurisdiction of Saraswathipuram PS.",Cyber Crime,Dark Web Crime,ITA,"Information Technology Act, 2000",IT Act,67,Publishing/transmitting obscene material electronically,1,1,Ananya Hegde,39,Private Employee,Hindu,General,Female,Farhan Kulkarni,13,Transgender,0,Rajesh Kulkarni,,Male,A1,1.0,2024-09-11T14:00:00,Karnataka,Mysuru,Saraswathipuram PS,KA74190,Mysuru District & Sessions Court,Rajesh Kulkarni,,2024-09-28T14:00:00,A,KA74190
PAR,Heinous,Under Investigation,Karnataka,Mangaluru,Dakshina Kannada District & Sessions Court,Police Station,Mangaluru Town PS,KA39030,Abhishek Patil,Sub-Inspector,SHO,1971-03-15,Male,AB Negative,0,2016-09-22,369696654202600653,202600653,2024-07-24,"On 20-07-2024, a case of Drug Offence was reported at Mangaluru Town PS, Mangaluru district.",2024-07-20T19:00:00,2024-07-20T21:00:00,2024-07-21T18:00:00,12.9669,74.891,"Incident occurred near coordinates 12.9669, 74.891 within jurisdiction of Mangaluru Town PS.",Narcotics,Drug Offence,NDPS,"Narcotic Drugs and Psychotropic Substances Act, 1985",NDPS,20,Punishment for cannabis-related offences,1,1,Farhan Singh,32,Private Employee,Hindu,General,Male,Nikhil Sharma,53,Transgender,0,Manish Das,,Transgender,A1,1.0,2024-07-31T20:00:00,Karnataka,Mangaluru,Mangaluru Town PS,KA39030,Dakshina Kannada District & Sessions Court,Manish Das,,,,
FIR,Heinous,Undetected,Karnataka,Bidar,Bidar District & Sessions Court,Police Station,Bidar Town PS,KA59836,Aditi Deshmukh,Head Constable,Circle Inspector,1997-07-05,Female,A Negative,1,2003-11-21,152853080202500654,202500654,2023-05-17,"On 13-05-2023, a case of Cheating was reported at Bidar Town PS, Bidar district.",2023-05-13T14:00:00,2023-05-13T19:00:00,2023-05-14T02:00:00,17.9664,77.5742,"Incident occurred near coordinates 17.9664, 77.5742 within jurisdiction of Bidar Town PS.",Financial Crime,Cheating,IPC,Indian Penal Code,IPC,420,Cheating and dishonestly inducing delivery of property,1,1,Esha Bhat,63,Private Employee,Hindu,General,Transgender,Sunil Patil,23,Female,0,Gautam Das,,Male,A1,,,,,,,,,,,,
Zero FIR,Non-Heinous,Report Beece (B-Report),Karnataka,Shivamogga,Shivamogga District & Sessions Court,Police Station,Shivamogga Town PS,KA20900,Rahul Naik,Inspector,Investigating Officer,1974-08-12,Male,AB Negative,0,2012-07-05,854574994202200655,202200655,2023-10-09,"On 04-10-2023, a case of Theft was reported at Shivamogga Town PS, Shivamogga district.",2023-10-04T05:00:00,2023-10-04T10:00:00,2023-10-04T12:00:00,13.8538,75.641,"Incident occurred near coordinates 13.8538, 75.641 within jurisdiction of Shivamogga Town PS.",Property Crimes,Theft,IPC,Indian Penal Code,IPC,379,Punishment for theft,1,1,Abhishek Nair,50,Private Employee,Hindu,General,Transgender,Suresh Shetty,68,Male,0,Nikhil Das,39,Female,A1,1.0,2023-10-16T11:00:00,Karnataka,Shivamogga,Shivamogga Town PS,KA20900,Shivamogga District & Sessions Court,Nikhil Das,,,,
PAR,Heinous,Undetected,Karnataka,Mysuru,Mysuru District & Sessions Court,Police Station,Saraswathipuram PS,KA90860,Hari Deshmukh,Inspector,Circle Inspector,1988-07-22,Male,A Positive,0,2016-12-06,313184705202600656,202600656,2024-11-25,"On 22-11-2024, a case of Drug Offence was reported at Saraswathipuram PS, Mysuru district.",2024-11-22T21:00:00,2024-11-23T05:00:00,2024-11-23T09:00:00,12.3367,76.6475,"Incident occurred near coordinates 12.3367, 76.6475 within jurisdiction of Saraswathipuram PS.",Narcotics,Drug Offence,NDPS,"Narcotic Drugs and Psychotropic Substances Act, 1985",NDPS,20,Punishment for cannabis-related offences,1,1,Priya Rao,76,Private Employee,Hindu,General,Female,Chirag Gowda,52,Female,0,Esha Patil,,Female,A1,,,,,,,,,,,,
PAR,Heinous,Report Beece (B-Report),Karnataka,Vijayapura,Vijayapura District & Sessions Court,Police Station,Vijayapura Town PS,KA22545,Suresh Shenoy,Sub-Inspector,Investigating Officer,1977-03-26,Male,B Negative,0,2007-10-14,334448166202600657,202600657,2022-01-21,"On 16-01-2022, a case of Assault was reported at Vijayapura Town PS, Vijayapura district.",2022-01-16T00:00:00,2022-01-16T02:00:00,2022-01-16T06:00:00,16.8546,75.6933,"Incident occurred near coordinates 16.8546, 75.6933 within jurisdiction of Vijayapura Town PS.",Crimes Against Body,Assault,IPC,Indian Penal Code,IPC,351,Assault,1,1,Manish Hegde,75,Private Employee,Hindu,General,Male,Anil Shetty,7,Female,0,Chirag Kamath,,Male,A1,1.0,2022-01-28T09:00:00,Karnataka,Vijayapura,Vijayapura Town PS,KA22545,Vijayapura District & Sessions Court,Chirag Kamath,,,,
UDR,Non-Heinous,Under Investigation,Karnataka,Tumakuru,Tumakuru District & Sessions Court,Police Station,Tumakuru Town PS,KA62803,Pooja Reddy,Sub-Inspector,Station Writer,1992-07-16,Female,A Negative,0,2012-10-19,224012017202500658,202500658,2022-03-30,"On 28-03-2022, a case of Cyber Crime was reported at Tumakuru Town PS, Tumakuru district.",2022-03-28T15:00:00,2022-03-28T19:00:00,2022-03-29T09:00:00,13.3165,77.1227,"Incident occurred near coordinates 13.3165, 77.1227 within jurisdiction of Tumakuru Town PS.",Cyber Crime,Cyber Crime,ITA,"Information Technology Act, 2000",IT Act,66C,Identity theft using computer resource,1,1,Nikhil Reddy,46,Private Employee,Hindu,General,Male,Manish Shenoy,33,Transgender,0,Chirag Pai,71,Female,A1,1.0,2022-04-06T02:00:00,Karnataka,Tumakuru,Tumakuru Town PS,KA62803,Tumakuru District & Sessions Court,Chirag Pai,Priya Shetty,,,
UDR,Non-Heinous,Under Investigation,Karnataka,Tumakuru,Tumakuru District & Sessions Court,Police Station,Tumakuru Town PS,KA62803,Pooja Reddy,Sub-Inspector,Station Writer,1981-04-21,Male,AB Negative,0,2009-03-18,224012017202500658,202500658,2022-03-30,"On 28-03-2022, a case of Cyber Crime was reported at Tumakuru Town PS, Tumakuru district.",2022-03-28T15:00:00,2022-03-28T19:00:00,2022-03-29T09:00:00,13.3165,77.1227,"Incident occurred near coordinates 13.3165, 77.1227 within jurisdiction of Tumakuru Town PS.",Cyber Crime,Cyber Crime,ITA,"Information Technology Act, 2000",IT Act,66C,Identity theft using computer resource,1,1,,,,,,,,,,0,Priya Shetty,74,Female,A2,,,,,,,,,,,,
Zero FIR,Heinous,Report Beece (B-Report),Karnataka,Kalaburagi,Kalaburagi District & Sessions Court,Police Station,Kalaburagi City PS,KA40031,Pooja Gowda,Sub-Inspector,Circle Inspector,1983-10-12,Male,AB Positive,1,2009-02-03,842599249202400659,202400659,2023-08-14,"On 10-08-2023, a case of Theft was reported at Kalaburagi City PS, Kalaburagi district.",2023-08-10T16:00:00,2023-08-10T22:00:00,2023-08-10T22:00:00,17.2713,76.9063,"Incident occurred near coordinates 17.2713, 76.9063 within jurisdiction of Kalaburagi City PS.",Property Crimes,Theft,IPC,Indian Penal Code,IPC,379,Punishment for theft,1,1,Abhishek Sharma,22,Private Employee,Hindu,General,Male,Vikram Shenoy,14,Transgender,0,Suresh Hegde,48,Female,A1,1.0,2023-08-21T20:00:00,Karnataka,Kalaburagi,Kalaburagi City PS,KA40031,Kalaburagi District & Sessions Court,Suresh Hegde,,,,
FIR,Non-Heinous,Under Investigation,Karnataka,Tumakuru,Tumakuru District & Sessions Court,Police Station,Tumakuru Town PS,KA45199,Gautam Kulkarni,Constable,SHO,1973-06-23,Male,O Positive,1,2017-05-06,136765311202300660,202300660,2025-05-20,"On 18-05-2025, a case of Burglary was reported at Tumakuru Town PS, Tumakuru district.",2025-05-18T23:00:00,2025-05-19T01:00:00,2025-05-19T10:00:00,13.4103,77.0864,"Incident occurred near coordinates 13.4103, 77.0864 within jurisdiction of Tumakuru Town PS.",Property Crimes,Burglary,IPC,Indian Penal Code,IPC,457,Lurking house-trespass or house-breaking by night,1,1,Kavya Verma,43,Private Employee,Hindu,General,Female,Bhavya Hegde,56,Male,0,Nikhil Kulkarni,60,Female,A1,1.0,2025-05-27T08:00:00,Karnataka,Tumakuru,Tumakuru Town PS,KA45199,Tumakuru District & Sessions Court,Nikhil Kulkarni,,,,
PAR,Non-Heinous,Under Investigation,Karnataka,Mysuru,Mysuru District & Sessions Court,Police Station,Saraswathipuram PS,KA31543,Sanjay Kamath,Sub-Inspector,Circle Inspector,1998-10-02,Male,B Negative,0,2010-04-27,329364152202300661,202300661,2022-09-22,"On 17-09-2022, a case of Burglary was reported at Saraswathipuram PS, Mysuru district.",2022-09-17T21:00:00,2022-09-18T02:00:00,2022-09-18T05:00:00,12.2884,76.7092,"Incident occurred near coordinates 12.2884, 76.7092 within jurisdiction of Saraswathipuram PS.",Property Crimes,Burglary,IPC,Indian Penal Code,IPC,457,Lurking house-trespass or house-breaking by night,1,1,Suresh Reddy,51,Private Employee,Hindu,General,Transgender,Aditi Shetty,58,Transgender,0,Chirag Singh,63,Transgender,A1,1.0,2022-09-29T07:00:00,Karnataka,Mysuru,Saraswathipuram PS,KA31543,Mysuru District & Sessions Court,Chirag Singh,,,,
UDR,Heinous,Report Beece (B-Report),Karnataka,Tumakuru,Tumakuru District & Sessions Court,Police Station,Tumakuru Town PS,KA14406,Esha Hegde,Inspector,Station Writer,1993-09-10,Male,B Negative,0,2010-02-28,256719794202300662,202300662,2022-04-19,"On 16-04-2022, a case of Assault was reported at Tumakuru Town PS, Tumakuru district.",2022-04-16T17:00:00,2022-04-17T00:00:00,2022-04-16T23:00:00,13.3889,77.0644,"Incident occurred near coordinates 13.3889, 77.0644 within jurisdiction of Tumakuru Town PS.",Crimes Against Body,Assault,IPC,Indian Penal Code,IPC,351,Assault,1,1,Aarav Naik,39,Private Employee,Hindu,General,Female,Esha Nair,24,Male,0,Priya Hegde,,Female,A1,1.0,2022-04-26T21:00:00,Karnataka,Tumakuru,Tumakuru Town PS,KA14406,Tumakuru District & Sessions Court,Priya Hegde,,,,
UDR,Heinous,Report Beece (B-Report),Karnataka,Bagalkote,Bagalkote District & Sessions Court,Police Station,Bagalkote Town PS,KA78929,Sanjay Shenoy,Deputy Superintendent,Station Writer,1985-09-11,Female,A Positive,1,2017-03-27,286338756202500663,202500663,2025-05-20,"On 16-05-2025, a case of Drug Offence was reported at Bagalkote Town PS, Bagalkote district.",2025-05-16T16:00:00,2025-05-16T18:00:00,2025-05-16T20:00:00,16.1562,75.7491,"Incident occurred near coordinates 16.1562, 75.7491 within jurisdiction of Bagalkote Town PS.",Narcotics,Drug Offence,NDPS,"Narcotic Drugs and Psychotropic Substances Act, 1985",NDPS,20,Punishment for cannabis-related offences,1,1,Ananya Nair,76,Private Employee,Hindu,General,Transgender,Sanjay Reddy,47,Female,0,Ananya Nair,,Male,A1,1.0,2025-05-27T04:00:00,Karnataka,Bagalkote,Bagalkote Town PS,KA78929,Bagalkote District & Sessions Court,Ananya Nair,,,,
FIR,Non-Heinous,Report Beece (B-Report),Karnataka,Bagalkote,Bagalkote District & Sessions Court,Police Station,Bagalkote Town PS,KA24757,Dev Verma,Inspector,Investigating Officer,1983-04-25,Male,B Negative,0,2010-12-27,189643883202500664,202500664,2024-08-20,"On 18-08-2024, a case of Dark Web Crime was reported at Bagalkote Town PS, Bagalkote district.",2024-08-18T13:00:00,2024-08-18T17:00:00,2024-08-19T03:00:00,16.1545,75.6885,"Incident occurred near coordinates 16.1545, 75.6885 within jurisdiction of Bagalkote Town PS.",Cyber Crime,Dark Web Crime,ITA,"Information Technology Act, 2000",IT Act,67,Publishing/transmitting obscene material electronically,1,1,Abhishek Reddy,72,Private Employee,Hindu,General,Transgender,Deepak Nair,53,Female,0,Priya Naik,48,Female,A1,1.0,2024-08-27T18:00:00,Karnataka,Bagalkote,Bagalkote Town PS,KA24757,Bagalkote District & Sessions Court,Priya Naik,,,,
UDR,Heinous,Under Investigation,Karnataka,Bagalkote,Bagalkote District & Sessions Court,Police Station,Bagalkote Town PS,KA81437,Farhan Kumar,Constable,Circle Inspector,1996-12-10,Male,O Positive,0,2020-10-13,260536482202300665,202300665,2023-04-17,"On 15-04-2023, a case of Drug Offence was reported at Bagalkote Town PS, Bagalkote district.",2023-04-15T21:00:00,2023-04-16T05:00:00,2023-04-16T01:00:00,16.1325,75.6479,"Incident occurred near coordinates 16.1325, 75.6479 within jurisdiction of Bagalkote Town PS.",Narcotics,Drug Offence,NDPS,"Narcotic Drugs and Psychotropic Substances Act, 1985",NDPS,20,Punishment for cannabis-related offences,1,1,Chirag Kumar,50,Private Employee,Hindu,General,Male,Deepak Patil,65,Transgender,0,Gautam Naik,,Transgender,A1,1.0,2023-04-24T05:00:00,Karnataka,Bagalkote,Bagalkote Town PS,KA81437,Bagalkote District & Sessions Court,Gautam Naik,Sunil Deshmukh,,,
UDR,Non-Heinous,Under Investigation,Karnataka,Bagalkote,Bagalkote District & Sessions Court,Police Station,Bagalkote Town PS,KA81437,Farhan Kumar,Constable,Circle Inspector,1987-08-14,Male,AB Positive,0,2011-08-09,260536482202300665,202300665,2023-04-17,"On 15-04-2023, a case of Drug Offence was reported at Bagalkote Town PS, Bagalkote district.",2023-04-15T21:00:00,2023-04-16T05:00:00,2023-04-16T01:00:00,16.1325,75.6479,"Incident occurred near coordinates 16.1325, 75.6479 within jurisdiction of Bagalkote Town PS.",Narcotics,Drug Offence,NDPS,"Narcotic Drugs and Psychotropic Substances Act, 1985",NDPS,20,Punishment for cannabis-related offences,1,1,,,,,,,,,,0,Sunil Deshmukh,28,Female,A2,,,,,,,,,,,,
PAR,Non-Heinous,Report Beece (B-Report),Karnataka,Ramanagara,Ramanagara District & Sessions Court,Police Station,Ramanagara Town PS,KA38709,Suresh Nair,Constable,Station Writer,1996-03-14,Male,B Positive,0,2020-04-26,337698197202400666,202400666,2025-08-08,"On 05-08-2025, a case of Cheating was reported at Ramanagara Town PS, Ramanagara district.",2025-08-05T15:00:00,2025-08-05T21:00:00,2025-08-06T03:00:00,12.7132,77.2613,"Incident occurred near coordinates 12.7132, 77.2613 within jurisdiction of Ramanagara Town PS.",Financial Crime,Cheating,IPC,Indian Penal Code,IPC,420,Cheating and dishonestly inducing delivery of property,1,1,Meena Reddy,21,Private Employee,Hindu,General,Male,Nikhil Verma,74,Female,0,Anil Sharma,19,Transgender,A1,1.0,2025-08-15T22:00:00,Karnataka,Ramanagara,Ramanagara Town PS,KA38709,Ramanagara District & Sessions Court,Anil Sharma,,,,
Zero FIR,Heinous,Report Beece (B-Report),Karnataka,Ramanagara,Ramanagara District & Sessions Court,Police Station,Ramanagara Town PS,KA70257,Sanjay Shetty,Constable,Investigating Officer,1991-02-27,Male,A Negative,1,2007-06-23,851886085202400667,202400667,2023-05-09,"On 08-05-2023, a case of Robbery was reported at Ramanagara Town PS, Ramanagara district.",2023-05-08T13:00:00,2023-05-08T14:00:00,2023-05-09T03:00:00,12.6459,77.3434,"Incident occurred near coordinates 12.6459, 77.3434 within jurisdiction of Ramanagara Town PS.",Property Crimes,Robbery,IPC,Indian Penal Code,IPC,392,Punishment for robbery,1,1,Ananya Hegde,51,Private Employee,Hindu,General,Male,Suresh Rao,17,Transgender,0,Sunil Hegde,63,Male,A1,1.0,2023-05-16T22:00:00,Karnataka,Ramanagara,Ramanagara Town PS,KA70257,Ramanagara District & Sessions Court,Sunil Hegde,Meena Deshmukh,,,
Zero FIR,Heinous,Report Beece (B-Report),Karnataka,Ramanagara,Ramanagara District & Sessions Court,Police Station,Ramanagara Town PS,KA70257,Sanjay Shetty,Sub-Inspector,Circle Inspector,1972-10-18,Female,AB Negative,0,2000-07-22,851886085202400667,202400667,2023-05-09,"On 08-05-2023, a case of Robbery was reported at Ramanagara Town PS, Ramanagara district.",2023-05-08T13:00:00,2023-05-08T14:00:00,2023-05-09T03:00:00,12.6459,77.3434,"Incident occurred near coordinates 12.6459, 77.3434 within jurisdiction of Ramanagara Town PS.",Property Crimes,Robbery,IPC,Indian Penal Code,IPC,392,Punishment for robbery,1,1,,,,,,,,,,0,Meena Deshmukh,40,Male,A2,,,,,,,,,,,,
PAR,Non-Heinous,Chargesheet Filed,Karnataka,Kolar,Kolar District & Sessions Court,Police Station,Kolar Town PS,KA64102,Manish Deshmukh,Inspector,Station Writer,1984-11-22,Male,A Positive,0,2015-10-01,352247382202500668,202500668,2022-07-11,"On 10-07-2022, a case of Dark Web Crime was reported at Kolar Town PS, Kolar district.",2022-07-10T07:00:00,2022-07-10T12:00:00,2022-07-11T03:00:00,13.1233,78.1065,"Incident occurred near coordinates 13.1233, 78.1065 within jurisdiction of Kolar Town PS.",Cyber Crime,Dark Web Crime,ITA,"Information Technology Act, 2000",IT Act,67,Publishing/transmitting obscene material electronically,1,1,Farhan Rao,46,Private Employee,Hindu,General,Female,Manish Pai,14,Male,0,Esha Singh,,Female,A1,1.0,2022-07-18T14:00:00,Karnataka,Kolar,Kolar Town PS,KA64102,Kolar District & Sessions Court,Esha Singh,,2022-08-18T14:00:00,C,KA64102
UDR,Non-Heinous,Undetected,Karnataka,Udupi,Udupi District & Sessions Court,Police Station,Udupi Town PS,KA97522,Divya Verma,Deputy Superintendent,Investigating Officer,1977-10-21,Female,AB Positive,0,2001-01-24,216705077202600669,202600669,2023-04-22,"On 16-04-2023, a case of Robbery was reported at Udupi Town PS, Udupi district.",2023-04-16T23:00:00,2023-04-17T05:00:00,2023-04-17T06:00:00,13.3145,74.7465,"Incident occurred near coordinates 13.3145, 74.7465 within jurisdiction of Udupi Town PS.",Property Crimes,Robbery,IPC,Indian Penal Code,IPC,392,Punishment for robbery,1,1,Deepak Kulkarni,30,Private Employee,Hindu,General,Female,Tanvi Deshmukh,39,Transgender,0,Dev Nair,57,Female,A1,,,,,,,,,,,,
PAR,Heinous,Chargesheet Filed,Karnataka,Hassan,Hassan District & Sessions Court,Police Station,Hassan Town PS,KA79408,Sunil Kumar,Constable,Circle Inspector,1990-07-14,Female,B Negative,1,2015-02-03,398453242202300670,202300670,2022-02-09,"On 08-02-2022, a case of Murder was reported at Hassan Town PS, Hassan district.",2022-02-08T12:00:00,2022-02-08T14:00:00,2022-02-09T00:00:00,12.9923,76.0455,"Incident occurred near coordinates 12.9923, 76.0455 within jurisdiction of Hassan Town PS.",Crimes Against Body,Murder,IPC,Indian Penal Code,IPC,302,Punishment for murder,1,1,Siddharth Reddy,79,Private Employee,Hindu,General,Transgender,Kiran Reddy,51,Male,0,Nikhil Nair,63,Female,A1,1.0,2022-02-16T21:00:00,Karnataka,Hassan,Hassan Town PS,KA79408,Hassan District & Sessions Court,Nikhil Nair,,2022-03-26T21:00:00,A,KA79408
PAR,Heinous,Under Investigation,Karnataka,Mysuru,Mysuru District & Sessions Court,Police Station,Saraswathipuram PS,KA10818,Sunil Kumar,Head Constable,Circle Inspector,1995-01-18,Female,O Negative,0,2016-12-16,395054136202300671,202300671,2022-01-19,"On 18-01-2022, a case of Robbery was reported at Saraswathipuram PS, Mysuru district.",2022-01-18T08:00:00,2022-01-18T11:00:00,2022-01-18T14:00:00,12.2302,76.574,"Incident occurred near coordinates 12.2302, 76.574 within jurisdiction of Saraswathipuram PS.",Property Crimes,Robbery,IPC,Indian Penal Code,IPC,392,Punishment for robbery,1,1,Kiran Kumar,65,Private Employee,Hindu,General,Male,Rajesh Singh,64,Male,0,Dev Rao,34,Male,A1,1.0,2022-01-26T13:00:00,Karnataka,Mysuru,Saraswathipuram PS,KA10818,Mysuru District & Sessions Court,Dev Rao,Isha Singh,,,
PAR,Heinous,Under Investigation,Karnataka,Mysuru,Mysuru District & Sessions Court,Police Station,Saraswathipuram PS,KA10818,Sunil Kumar,Sub-Inspector,Investigating Officer,1992-04-02,Male,O Positive,1,2003-02-26,395054136202300671,202300671,2022-01-19,"On 18-01-2022, a case of Robbery was reported at Saraswathipuram PS, Mysuru district.",2022-01-18T08:00:00,2022-01-18T11:00:00,2022-01-18T14:00:00,12.2302,76.574,"Incident occurred near coordinates 12.2302, 76.574 within jurisdiction of Saraswathipuram PS.",Property Crimes,Robbery,IPC,Indian Penal Code,IPC,392,Punishment for robbery,1,1,,,,,,,,,,0,Isha Singh,44,Female,A2,,,,,,,,,,,,
Zero FIR,Non-Heinous,Chargesheet Filed,Karnataka,Hassan,Hassan District & Sessions Court,Police Station,Hassan Town PS,KA32375,Divya Hegde,Constable,SHO,1997-08-03,Female,A Positive,0,2018-12-03,869396432202300672,202300672,2023-08-03,"On 01-08-2023, a case of Grievous Hurt was reported at Hassan Town PS, Hassan district.",2023-08-01T03:00:00,2023-08-01T09:00:00,2023-08-01T18:00:00,12.9997,76.1535,"Incident occurred near coordinates 12.9997, 76.1535 within jurisdiction of Hassan Town PS.",Crimes Against Body,Grievous Hurt,IPC,Indian Penal Code,IPC,325,Punishment for voluntarily causing grievous hurt,1,1,Chirag Pai,61,Private Employee,Hindu,General,Male,Aarav Shenoy,51,Female,0,Gautam Shenoy,73,Transgender,A1,1.0,2023-08-10T13:00:00,Karnataka,Hassan,Hassan Town PS,KA32375,Hassan District & Sessions Court,Gautam Shenoy,Esha Gowda,2023-09-17T13:00:00,A,KA32375
Zero FIR,Non-Heinous,Chargesheet Filed,Karnataka,Hassan,Hassan District & Sessions Court,Police Station,Hassan Town PS,KA32375,Divya Hegde,Sub-Inspector,Station Writer,1985-08-15,Male,O Positive,0,2008-05-21,869396432202300672,202300672,2023-08-03,"On 01-08-2023, a case of Grievous Hurt was reported at Hassan Town PS, Hassan district.",2023-08-01T03:00:00,2023-08-01T09:00:00,2023-08-01T18:00:00,12.9997,76.1535,"Incident occurred near coordinates 12.9997, 76.1535 within jurisdiction of Hassan Town PS.",Crimes Against Body,Grievous Hurt,IPC,Indian Penal Code,IPC,325,Punishment for voluntarily causing grievous hurt,1,1,,,,,,,,,,0,Esha Gowda,51,Male,A2,,,,,,,,,,,,
PAR,Heinous,Report Beece (B-Report),Karnataka,Kolar,Kolar District & Sessions Court,Police Station,Kolar Town PS,KA55985,Chirag Das,Sub-Inspector,SHO,1981-02-18,Male,A Negative,0,2000-06-18,382467730202600673,202600673,2025-01-22,"On 21-01-2025, a case of Cyber Crime was reported at Kolar Town PS, Kolar district.",2025-01-21T15:00:00,2025-01-21T18:00:00,2025-01-22T10:00:00,13.0706,78.1388,"Incident occurred near coordinates 13.0706, 78.1388 within jurisdiction of Kolar Town PS.",Cyber Crime,Cyber Crime,ITA,"Information Technology Act, 2000",IT Act,66C,Identity theft using computer resource,1,1,Meena Pai,78,Private Employee,Hindu,General,Female,Esha Hegde,34,Female,0,Bhavya Nair,,Male,A1,1.0,2025-01-29T16:00:00,Karnataka,Kolar,Kolar Town PS,KA55985,Kolar District & Sessions Court,Bhavya Nair,,,,
UDR,Non-Heinous,Chargesheet Filed,Karnataka,Mysuru,Mysuru District & Sessions Court,Police Station,Saraswathipuram PS,KA50449,Tanvi Kumar,Head Constable,Circle Inspector,1996-01-03,Male,A Positive,0,2012-10-07,215124490202200674,202200674,2024-06-18,"On 16-06-2024, a case of Drug Offence was reported at Saraswathipuram PS, Mysuru district.",2024-06-16T07:00:00,2024-06-16T14:00:00,2024-06-17T01:00:00,12.3207,76.5838,"Incident occurred near coordinates 12.3207, 76.5838 within jurisdiction of Saraswathipuram PS.",Narcotics,Drug Offence,NDPS,"Narcotic Drugs and Psychotropic Substances Act, 1985",NDPS,20,Punishment for cannabis-related offences,1,1,Farhan Kumar,78,Private Employee,Hindu,General,Transgender,Vikram Singh,66,Transgender,0,Sunil Kumar,,Transgender,A1,1.0,2024-06-25T09:00:00,Karnataka,Mysuru,Saraswathipuram PS,KA50449,Mysuru District & Sessions Court,Sunil Kumar,Kiran Shenoy,2024-07-22T09:00:00,B,KA50449
UDR,Heinous,Chargesheet Filed,Karnataka,Mysuru,Mysuru District & Sessions Court,Police Station,Saraswathipuram PS,KA50449,Tanvi Kumar,Inspector,Circle Inspector,1980-08-14,Female,AB Positive,0,2013-09-11,215124490202200674,202200674,2024-06-18,"On 16-06-2024, a case of Drug Offence was reported at Saraswathipuram PS, Mysuru district.",2024-06-16T07:00:00,2024-06-16T14:00:00,2024-06-17T01:00:00,12.3207,76.5838,"Incident occurred near coordinates 12.3207, 76.5838 within jurisdiction of Saraswathipuram PS.",Narcotics,Drug Offence,NDPS,"Narcotic Drugs and Psychotropic Substances Act, 1985",NDPS,20,Punishment for cannabis-related offences,1,1,,,,,,,,,,0,Kiran Shenoy,,Transgender,A2,,,,,,,,,,,,
FIR,Heinous,Report Beece (B-Report),Karnataka,Bagalkote,Bagalkote District & Sessions Court,Police Station,Bagalkote Town PS,KA58968,Dev Reddy,Sub-Inspector,Investigating Officer,1990-05-16,Female,A Positive,0,2019-11-28,119717706202200675,202200675,2025-07-20,"On 19-07-2025, a case of Theft was reported at Bagalkote Town PS, Bagalkote district.",2025-07-19T08:00:00,2025-07-19T10:00:00,2025-07-19T12:00:00,16.2257,75.7168,"Incident occurred near coordinates 16.2257, 75.7168 within jurisdiction of Bagalkote Town PS.",Property Crimes,Theft,IPC,Indian Penal Code,IPC,379,Punishment for theft,1,1,Ananya Hegde,80,Private Employee,Hindu,General,Transgender,Priya Shetty,28,Female,0,Nikhil Verma,,Male,A1,1.0,2025-07-27T20:00:00,Karnataka,Bagalkote,Bagalkote Town PS,KA58968,Bagalkote District & Sessions Court,Nikhil Verma,,,,
PAR,Non-Heinous,Report Beece (B-Report),Karnataka,Shivamogga,Shivamogga District & Sessions Court,Police Station,Shivamogga Town PS,KA40440,Siddharth Pai,Deputy Superintendent,Circle Inspector,1987-04-03,Female,O Negative,0,2010-09-02,375391146202500676,202500676,2024-11-03,"On 02-11-2024, a case of Robbery was reported at Shivamogga Town PS, Shivamogga district.",2024-11-02T20:00:00,2024-11-03T02:00:00,2024-11-03T01:00:00,13.8978,75.6009,"Incident occurred near coordinates 13.8978, 75.6009 within jurisdiction of Shivamogga Town PS.",Property Crimes,Robbery,IPC,Indian Penal Code,IPC,392,Punishment for robbery,1,1,Esha Gowda,41,Private Employee,Hindu,General,Female,Ananya Deshmukh,14,Transgender,0,Manish Nair,32,Female,A1,1.0,2024-11-10T23:00:00,Karnataka,Shivamogga,Shivamogga Town PS,KA40440,Shivamogga District & Sessions Court,Manish Nair,Hari Joshi,,,
PAR,Non-Heinous,Report Beece (B-Report),Karnataka,Shivamogga,Shivamogga District & Sessions Court,Police Station,Shivamogga Town PS,KA40440,Siddharth Pai,Deputy Superintendent,Station Writer,1972-12-07,Female,O Negative,0,2000-02-26,375391146202500676,202500676,2024-11-03,"On 02-11-2024, a case of Robbery was reported at Shivamogga Town PS, Shivamogga district.",2024-11-02T20:00:00,2024-11-03T02:00:00,2024-11-03T01:00:00,13.8978,75.6009,"Incident occurred near coordinates 13.8978, 75.6009 within jurisdiction of Shivamogga Town PS.",Property Crimes,Robbery,IPC,Indian Penal Code,IPC,392,Punishment for robbery,1,1,,,,,,,,,,0,Hari Joshi,67,Female,A2,,,,,,,,,,,,
UDR,Heinous,Under Investigation,Karnataka,Belagavi,Belagavi District & Sessions Court,Police Station,Belagavi City PS,KA44433,Aditi Joshi,Inspector,Circle Inspector,1994-08-27,Female,A Negative,0,2002-04-07,272247887202300677,202300677,2023-06-15,"On 12-06-2023, a case of Cryptocurrency Crime was reported at Belagavi City PS, Belagavi district.",2023-06-12T18:00:00,2023-06-12T19:00:00,2023-06-12T23:00:00,15.8163,74.4574,"Incident occurred near coordinates 15.8163, 74.4574 within jurisdiction of Belagavi City PS.",Cyber Crime,Cryptocurrency Crime,ITA,"Information Technology Act, 2000",IT Act,66D,Cheating by personation using a computer resource,1,1,Priya Das,34,Private Employee,Hindu,General,Female,Rajesh Das,33,Female,0,Kavya Naik,32,Female,A1,1.0,2023-06-22T05:00:00,Karnataka,Belagavi,Belagavi City PS,KA44433,Belagavi District & Sessions Court,Kavya Naik,,,,
FIR,Non-Heinous,Undetected,Karnataka,Vijayapura,Vijayapura District & Sessions Court,Police Station,Vijayapura Town PS,KA85119,Isha Deshmukh,Inspector,Station Writer,1972-12-07,Male,A Positive,0,2005-10-21,189901405202600678,202600678,2022-11-30,"On 28-11-2022, a case of Cheating was reported at Vijayapura Town PS, Vijayapura district.",2022-11-28T14:00:00,2022-11-28T20:00:00,2022-11-28T23:00:00,16.799,75.6318,"Incident occurred near coordinates 16.799, 75.6318 within jurisdiction of Vijayapura Town PS.",Financial Crime,Cheating,IPC,Indian Penal Code,IPC,420,Cheating and dishonestly inducing delivery of property,1,1,Kiran Gowda,22,Private Employee,Hindu,General,Transgender,Deepak Singh,33,Male,0,Anil Reddy,44,Male,A1,,,,,,,,,,,,
Zero FIR,Non-Heinous,Under Investigation,Karnataka,Vijayapura,Vijayapura District & Sessions Court,Police Station,Vijayapura Town PS,KA76615,Aarav Gowda,Sub-Inspector,Station Writer,1985-03-02,Female,AB Negative,0,2020-06-06,835524822202600679,202600679,2025-05-12,"On 10-05-2025, a case of Assault was reported at Vijayapura Town PS, Vijayapura district.",2025-05-10T04:00:00,2025-05-10T05:00:00,2025-05-10T08:00:00,16.8911,75.6571,"Incident occurred near coordinates 16.8911, 75.6571 within jurisdiction of Vijayapura Town PS.",Crimes Against Body,Assault,IPC,Indian Penal Code,IPC,351,Assault,1,1,Dev Nair,62,Private Employee,Hindu,General,Female,Sunil Deshmukh,7,Male,0,Esha Hegde,63,Transgender,A1,1.0,2025-05-19T16:00:00,Karnataka,Vijayapura,Vijayapura Town PS,KA76615,Vijayapura District & Sessions Court,Esha Hegde,Rahul Kulkarni,,,
Zero FIR,Non-Heinous,Under Investigation,Karnataka,Vijayapura,Vijayapura District & Sessions Court,Police Station,Vijayapura Town PS,KA76615,Aarav Gowda,Sub-Inspector,SHO,1997-06-01,Male,O Negative,0,2017-11-16,835524822202600679,202600679,2025-05-12,"On 10-05-2025, a case of Assault was reported at Vijayapura Town PS, Vijayapura district.",2025-05-10T04:00:00,2025-05-10T05:00:00,2025-05-10T08:00:00,16.8911,75.6571,"Incident occurred near coordinates 16.8911, 75.6571 within jurisdiction of Vijayapura Town PS.",Crimes Against Body,Assault,IPC,Indian Penal Code,IPC,351,Assault,1,1,,,,,,,,,,0,Rahul Kulkarni,,Male,A2,,,,,,,,,,,,
PAR,Heinous,Under Investigation,Karnataka,Kalaburagi,Kalaburagi District & Sessions Court,Police Station,Kalaburagi City PS,KA81943,Priya Bhat,Deputy Superintendent,Circle Inspector,1988-03-26,Male,A Negative,0,2018-08-02,379416138202400680,202400680,2023-08-02,"On 28-07-2023, a case of Robbery was reported at Kalaburagi City PS, Kalaburagi district.",2023-07-28T04:00:00,2023-07-28T10:00:00,2023-07-28T13:00:00,17.2962,76.9071,"Incident occurred near coordinates 17.2962, 76.9071 within jurisdiction of Kalaburagi City PS.",Property Crimes,Robbery,IPC,Indian Penal Code,IPC,392,Punishment for robbery,1,1,Divya Verma,58,Private Employee,Hindu,General,Transgender,Manish Pai,49,Transgender,0,Rahul Hegde,43,Female,A1,1.0,2023-08-09T16:00:00,Karnataka,Kalaburagi,Kalaburagi City PS,KA81943,Kalaburagi District & Sessions Court,Rahul Hegde,,,,
Zero FIR,Non-Heinous,Undetected,Karnataka,Ballari,Ballari District & Sessions Court,Police Station,Ballari City PS,KA93074,Vikram Verma,Head Constable,Investigating Officer,1977-06-17,Female,AB Negative,0,2004-01-09,880473128202500681,202500681,2022-04-11,"On 07-04-2022, a case of Robbery was reported at Ballari City PS, Ballari district.",2022-04-07T21:00:00,2022-04-07T23:00:00,2022-04-08T19:00:00,15.1729,76.882,"Incident occurred near coordinates 15.1729, 76.882 within jurisdiction of Ballari City PS.",Property Crimes,Robbery,IPC,Indian Penal Code,IPC,392,Punishment for robbery,1,1,Gautam Shenoy,48,Private Employee,Hindu,General,Male,Divya Sharma,49,Female,0,Gautam Gowda,37,Male,A1,,,,,,,,,,,,
Zero FIR,Heinous,Under Investigation,Karnataka,Tumakuru,Tumakuru District & Sessions Court,Police Station,Tumakuru Town PS,KA78696,Kavya Shenoy,Inspector,Station Writer,1998-12-16,Female,AB Negative,0,2015-09-12,819749318202400682,202400682,2024-03-04,"On 02-03-2024, a case of Drug Offence was reported at Tumakuru Town PS, Tumakuru district.",2024-03-02T04:00:00,2024-03-02T12:00:00,2024-03-02T10:00:00,13.4128,77.1079,"Incident occurred near coordinates 13.4128, 77.1079 within jurisdiction of Tumakuru Town PS.",Narcotics,Drug Offence,NDPS,"Narcotic Drugs and Psychotropic Substances Act, 1985",NDPS,20,Punishment for cannabis-related offences,1,1,Nikhil Gowda,65,Private Employee,Hindu,General,Male,Pooja Pai,61,Male,0,Isha Sharma,,Transgender,A1,1.0,2024-03-11T16:00:00,Karnataka,Tumakuru,Tumakuru Town PS,KA78696,Tumakuru District & Sessions Court,Isha Sharma,Aarav Naik,,,
Zero FIR,Non-Heinous,Under Investigation,Karnataka,Tumakuru,Tumakuru District & Sessions Court,Police Station,Tumakuru Town PS,KA78696,Kavya Shenoy,Head Constable,Investigating Officer,1980-11-26,Male,A Positive,0,2007-10-24,819749318202400682,202400682,2024-03-04,"On 02-03-2024, a case of Drug Offence was reported at Tumakuru Town PS, Tumakuru district.",2024-03-02T04:00:00,2024-03-02T12:00:00,2024-03-02T10:00:00,13.4128,77.1079,"Incident occurred near coordinates 13.4128, 77.1079 within jurisdiction of Tumakuru Town PS.",Narcotics,Drug Offence,NDPS,"Narcotic Drugs and Psychotropic Substances Act, 1985",NDPS,20,Punishment for cannabis-related offences,1,1,,,,,,,,,,0,Aarav Naik,67,Female,A2,,,,,,,,,,,,
UDR,Heinous,Under Investigation,Karnataka,Mandya,Mandya District & Sessions Court,Police Station,Mandya Town PS,KA93926,Aarav Joshi,Head Constable,Investigating Officer,1971-02-24,Female,AB Negative,0,2013-04-01,253341936202500683,202500683,2023-09-23,"On 18-09-2023, a case of Cyber Crime was reported at Mandya Town PS, Mandya district.",2023-09-18T10:00:00,2023-09-18T18:00:00,2023-09-18T21:00:00,12.4613,76.9536,"Incident occurred near coordinates 12.4613, 76.9536 within jurisdiction of Mandya Town PS.",Cyber Crime,Cyber Crime,ITA,"Information Technology Act, 2000",IT Act,66C,Identity theft using computer resource,1,1,Anil Patil,27,Private Employee,Hindu,General,Female,Dev Gowda,35,Transgender,0,Divya Verma,42,Male,A1,1.0,2023-09-30T22:00:00,Karnataka,Mandya,Mandya Town PS,KA93926,Mandya District & Sessions Court,Divya Verma,"Chirag Verma,Vikram Bhat",,,
UDR,Non-Heinous,Under Investigation,Karnataka,Mandya,Mandya District & Sessions Court,Police Station,Mandya Town PS,KA93926,Aarav Joshi,Sub-Inspector,Investigating Officer,1977-09-01,Female,O Positive,0,2017-06-23,253341936202500683,202500683,2023-09-23,"On 18-09-2023, a case of Cyber Crime was reported at Mandya Town PS, Mandya district.",2023-09-18T10:00:00,2023-09-18T18:00:00,2023-09-18T21:00:00,12.4613,76.9536,"Incident occurred near coordinates 12.4613, 76.9536 within jurisdiction of Mandya Town PS.",Cyber Crime,Cyber Crime,ITA,"Information Technology Act, 2000",IT Act,66C,Identity theft using computer resource,1,1,,,,,,,,,,0,Chirag Verma,,Male,A2,,,,,,,,,,,,
UDR,Heinous,Under Investigation,Karnataka,Mandya,Mandya District & Sessions Court,Police Station,Mandya Town PS,KA93926,Aarav Joshi,Head Constable,Circle Inspector,1994-07-01,Male,A Positive,0,2015-06-26,253341936202500683,202500683,2023-09-23,"On 18-09-2023, a case of Cyber Crime was reported at Mandya Town PS, Mandya district.",2023-09-18T10:00:00,2023-09-18T18:00:00,2023-09-18T21:00:00,12.4613,76.9536,"Incident occurred near coordinates 12.4613, 76.9536 within jurisdiction of Mandya Town PS.",Cyber Crime,Cyber Crime,ITA,"Information Technology Act, 2000",IT Act,66C,Identity theft using computer resource,1,1,,,,,,,,,,0,Vikram Bhat,43,Transgender,A3,,,,,,,,,,,,
UDR,Heinous,Report Beece (B-Report),Karnataka,Hubballi-Dharwad,Dharwad District & Sessions Court,Police Station,Dharwad Town PS,KA33440,Pooja Patil,Constable,SHO,1982-03-06,Female,O Negative,1,2010-07-03,249668130202300684,202300684,2023-10-18,"On 14-10-2023, a case of Robbery was reported at Dharwad Town PS, Hubballi-Dharwad district.",2023-10-14T11:00:00,2023-10-14T17:00:00,2023-10-15T00:00:00,15.2905,75.1275,"Incident occurred near coordinates 15.2905, 75.1275 within jurisdiction of Dharwad Town PS.",Property Crimes,Robbery,IPC,Indian Penal Code,IPC,392,Punishment for robbery,1,1,Farhan Kumar,79,Private Employee,Hindu,General,Female,Sanjay Nair,10,Transgender,0,Nikhil Reddy,69,Female,A1,1.0,2023-10-25T13:00:00,Karnataka,Hubballi-Dharwad,Dharwad Town PS,KA33440,Dharwad District & Sessions Court,Nikhil Reddy,,,,
UDR,Heinous,Chargesheet Filed,Karnataka,Davangere,Davangere District & Sessions Court,Police Station,Davangere Extension PS,KA18425,Esha Shetty,Head Constable,SHO,1992-11-07,Male,A Positive,0,2011-10-20,248453092202600685,202600685,2024-02-18,"On 12-02-2024, a case of Cyber Crime was reported at Davangere Extension PS, Davangere district.",2024-02-12T21:00:00,2024-02-13T01:00:00,2024-02-13T15:00:00,14.5162,75.896,"Incident occurred near coordinates 14.5162, 75.896 within jurisdiction of Davangere Extension PS.",Cyber Crime,Cyber Crime,ITA,"Information Technology Act, 2000",IT Act,66C,Identity theft using computer resource,1,1,Chirag Gowda,76,Private Employee,Hindu,General,Female,Deepak Bhat,60,Male,0,Divya Kulkarni,,Transgender,A1,1.0,2024-02-25T06:00:00,Karnataka,Davangere,Davangere Extension PS,KA18425,Davangere District & Sessions Court,Divya Kulkarni,Hari Patil,2024-03-16T06:00:00,C,KA18425
UDR,Non-Heinous,Chargesheet Filed,Karnataka,Davangere,Davangere District & Sessions Court,Police Station,Davangere Extension PS,KA18425,Esha Shetty,Head Constable,SHO,1980-12-21,Female,A Negative,0,2003-08-05,248453092202600685,202600685,2024-02-18,"On 12-02-2024, a case of Cyber Crime was reported at Davangere Extension PS, Davangere district.",2024-02-12T21:00:00,2024-02-13T01:00:00,2024-02-13T15:00:00,14.5162,75.896,"Incident occurred near coordinates 14.5162, 75.896 within jurisdiction of Davangere Extension PS.",Cyber Crime,Cyber Crime,ITA,"Information Technology Act, 2000",IT Act,66C,Identity theft using computer resource,1,1,,,,,,,,,,0,Hari Patil,,Female,A2,,,,,,,,,,,,
Zero FIR,Non-Heinous,Chargesheet Filed,Karnataka,Kalaburagi,Kalaburagi District & Sessions Court,Police Station,Kalaburagi City PS,KA26765,Nikhil Pai,Sub-Inspector,SHO,1980-04-14,Female,B Positive,1,2011-01-09,884744675202600686,202600686,2023-06-01,"On 29-05-2023, a case of Money Laundering was reported at Kalaburagi City PS, Kalaburagi district.",2023-05-29T07:00:00,2023-05-29T14:00:00,2023-05-30T05:00:00,17.3786,76.8197,"Incident occurred near coordinates 17.3786, 76.8197 within jurisdiction of Kalaburagi City PS.",Financial Crime,Money Laundering,PMLA,"Prevention of Money Laundering Act, 2002",PMLA,3,Offence of money laundering,1,1,Bhavya Shetty,41,Private Employee,Hindu,General,Transgender,Dev Kamath,64,Transgender,0,Esha Joshi,,Transgender,A1,1.0,2023-06-08T10:00:00,Karnataka,Kalaburagi,Kalaburagi City PS,KA26765,Kalaburagi District & Sessions Court,Esha Joshi,Nikhil Sharma,2023-07-02T10:00:00,C,KA26765
Zero FIR,Non-Heinous,Chargesheet Filed,Karnataka,Kalaburagi,Kalaburagi District & Sessions Court,Police Station,Kalaburagi City PS,KA26765,Nikhil Pai,Deputy Superintendent,SHO,1973-05-14,Female,O Positive,0,2005-02-07,884744675202600686,202600686,2023-06-01,"On 29-05-2023, a case of Money Laundering was reported at Kalaburagi City PS, Kalaburagi district.",2023-05-29T07:00:00,2023-05-29T14:00:00,2023-05-30T05:00:00,17.3786,76.8197,"Incident occurred near coordinates 17.3786, 76.8197 within jurisdiction of Kalaburagi City PS.",Financial Crime,Money Laundering,PMLA,"Prevention of Money Laundering Act, 2002",PMLA,3,Offence of money laundering,1,1,,,,,,,,,,0,Nikhil Sharma,,Transgender,A2,,,,,,,,,,,,
PAR,Heinous,Chargesheet Filed,Karnataka,Hassan,Hassan District & Sessions Court,Police Station,Hassan Town PS,KA81655,Aarav Reddy,Head Constable,Station Writer,1974-03-05,Female,O Negative,1,2009-08-12,337571428202300687,202300687,2022-12-17,"On 15-12-2022, a case of Cryptocurrency Crime was reported at Hassan Town PS, Hassan district.",2022-12-15T07:00:00,2022-12-15T13:00:00,2022-12-15T21:00:00,12.996,76.1268,"Incident occurred near coordinates 12.996, 76.1268 within jurisdiction of Hassan Town PS.",Cyber Crime,Cryptocurrency Crime,ITA,"Information Technology Act, 2000",IT Act,66D,Cheating by personation using a computer resource,1,1,Farhan Naik,23,Private Employee,Hindu,General,Transgender,Bhavya Shenoy,66,Female,0,Aarav Shenoy,40,Female,A1,1.0,2022-12-24T17:00:00,Karnataka,Hassan,Hassan Town PS,KA81655,Hassan District & Sessions Court,Aarav Shenoy,,2023-01-22T17:00:00,B,KA81655
UDR,Non-Heinous,Chargesheet Filed,Karnataka,Kolar,Kolar District & Sessions Court,Police Station,Kolar Town PS,KA74133,Dev Kamath,Head Constable,Investigating Officer,1979-11-17,Female,AB Negative,0,2018-10-04,281006023202200688,202200688,2022-10-26,"On 23-10-2022, a case of Cyber Crime was reported at Kolar Town PS, Kolar district.",2022-10-23T13:00:00,2022-10-23T21:00:00,2022-10-23T16:00:00,13.0686,78.1302,"Incident occurred near coordinates 13.0686, 78.1302 within jurisdiction of Kolar Town PS.",Cyber Crime,Cyber Crime,ITA,"Information Technology Act, 2000",IT Act,66C,Identity theft using computer resource,1,1,Ananya Gowda,36,Private Employee,Hindu,General,Transgender,Tanvi Bhat,37,Transgender,0,Nikhil Kulkarni,42,Female,A1,1.0,2022-11-02T20:00:00,Karnataka,Kolar,Kolar Town PS,KA74133,Kolar District & Sessions Court,Nikhil Kulkarni,,2022-12-16T20:00:00,B,KA74133
UDR,Heinous,Under Investigation,Karnataka,Vijayapura,Vijayapura District & Sessions Court,Police Station,Vijayapura Town PS,KA68766,Esha Kulkarni,Inspector,Station Writer,1998-04-21,Female,O Positive,0,2015-08-12,227737731202500689,202500689,2022-10-22,"On 19-10-2022, a case of Grievous Hurt was reported at Vijayapura Town PS, Vijayapura district.",2022-10-19T12:00:00,2022-10-19T19:00:00,2022-10-20T03:00:00,16.8906,75.6662,"Incident occurred near coordinates 16.8906, 75.6662 within jurisdiction of Vijayapura Town PS.",Crimes Against Body,Grievous Hurt,IPC,Indian Penal Code,IPC,325,Punishment for voluntarily causing grievous hurt,1,1,Ananya Joshi,69,Private Employee,Hindu,General,Male,Ananya Reddy,55,Male,0,Manish Patil,,Transgender,A1,1.0,2022-10-29T23:00:00,Karnataka,Vijayapura,Vijayapura Town PS,KA68766,Vijayapura District & Sessions Court,Manish Patil,,,,
FIR,Non-Heinous,Report Beece (B-Report),Karnataka,Shivamogga,Shivamogga District & Sessions Court,Police Station,Shivamogga Town PS,KA24251,Bhavya Patil,Deputy Superintendent,Station Writer,1989-09-02,Female,A Positive,0,2017-08-26,146169892202500690,202500690,2022-02-06,"On 05-02-2022, a case of Cryptocurrency Crime was reported at Shivamogga Town PS, Shivamogga district.",2022-02-05T07:00:00,2022-02-05T15:00:00,2022-02-05T23:00:00,13.9361,75.5689,"Incident occurred near coordinates 13.9361, 75.5689 within jurisdiction of Shivamogga Town PS.",Cyber Crime,Cryptocurrency Crime,ITA,"Information Technology Act, 2000",IT Act,66D,Cheating by personation using a computer resource,1,1,Priya Das,63,Private Employee,Hindu,General,Transgender,Sanjay Kumar,20,Transgender,0,Deepak Verma,,Transgender,A1,1.0,2022-02-13T14:00:00,Karnataka,Shivamogga,Shivamogga Town PS,KA24251,Shivamogga District & Sessions Court,Deepak Verma,,,,
FIR,Non-Heinous,Report Beece (B-Report),Karnataka,Bengaluru Urban,"Principal City Civil & Sessions Court, Bengaluru",Police Station,Bengaluru City PS,KA11399,Hari Verma,Head Constable,Station Writer,1972-11-19,Female,AB Positive,0,2002-05-24,157447877202600691,202600691,2025-09-14,"On 11-09-2025, a case of Theft was reported at Bengaluru City PS, Bengaluru Urban district.",2025-09-11T09:00:00,2025-09-11T17:00:00,2025-09-11T21:00:00,13.0291,77.6561,"Incident occurred near coordinates 13.0291, 77.6561 within jurisdiction of Bengaluru City PS.",Property Crimes,Theft,IPC,Indian Penal Code,IPC,379,Punishment for theft,1,1,Rajesh Kamath,46,Private Employee,Hindu,General,Male,Isha Kulkarni,55,Male,0,Rahul Rao,,Transgender,A1,1.0,2025-09-21T21:00:00,Karnataka,Bengaluru Urban,Bengaluru City PS,KA11399,"Principal City Civil & Sessions Court, Bengaluru",Rahul Rao,,,,
UDR,Non-Heinous,Chargesheet Filed,Karnataka,Davangere,Davangere District & Sessions Court,Police Station,Davangere Extension PS,KA77398,Hari Reddy,Deputy Superintendent,SHO,1985-08-25,Male,A Positive,0,2001-03-10,218535531202300692,202300692,2022-11-09,"On 08-11-2022, a case of Burglary was reported at Davangere Extension PS, Davangere district.",2022-11-08T07:00:00,2022-11-08T11:00:00,2022-11-09T01:00:00,14.5287,75.9231,"Incident occurred near coordinates 14.5287, 75.9231 within jurisdiction of Davangere Extension PS.",Property Crimes,Burglary,IPC,Indian Penal Code,IPC,457,Lurking house-trespass or house-breaking by night,1,1,Dev Kumar,34,Private Employee,Hindu,General,Female,Vikram Kamath,17,Transgender,0,Aarav Kamath,30,Transgender,A1,1.0,2022-11-16T18:00:00,Karnataka,Davangere,Davangere Extension PS,KA77398,Davangere District & Sessions Court,Aarav Kamath,Nikhil Nair,2022-12-17T18:00:00,A,KA77398
UDR,Non-Heinous,Chargesheet Filed,Karnataka,Davangere,Davangere District & Sessions Court,Police Station,Davangere Extension PS,KA77398,Hari Reddy,Deputy Superintendent,SHO,1971-01-05,Male,B Positive,0,2003-10-01,218535531202300692,202300692,2022-11-09,"On 08-11-2022, a case of Burglary was reported at Davangere Extension PS, Davangere district.",2022-11-08T07:00:00,2022-11-08T11:00:00,2022-11-09T01:00:00,14.5287,75.9231,"Incident occurred near coordinates 14.5287, 75.9231 within jurisdiction of Davangere Extension PS.",Property Crimes,Burglary,IPC,Indian Penal Code,IPC,457,Lurking house-trespass or house-breaking by night,1,1,,,,,,,,,,0,Nikhil Nair,66,Female,A2,,,,,,,,,,,,
PAR,Non-Heinous,Report Beece (B-Report),Karnataka,Davangere,Davangere District & Sessions Court,Police Station,Davangere Extension PS,KA15025,Abhishek Bhat,Deputy Superintendent,SHO,1987-07-03,Female,B Negative,0,2013-05-07,369008172202600693,202600693,2024-08-15,"On 12-08-2024, a case of Money Laundering was reported at Davangere Extension PS, Davangere district.",2024-08-12T10:00:00,2024-08-12T12:00:00,2024-08-12T18:00:00,14.4124,75.9287,"Incident occurred near coordinates 14.4124, 75.9287 within jurisdiction of Davangere Extension PS.",Financial Crime,Money Laundering,PMLA,"Prevention of Money Laundering Act, 2002",PMLA,3,Offence of money laundering,1,1,Sunil Nair,50,Private Employee,Hindu,General,Female,Pooja Verma,64,Transgender,0,Sunil Naik,35,Male,A1,1.0,2024-08-22T20:00:00,Karnataka,Davangere,Davangere Extension PS,KA15025,Davangere District & Sessions Court,Sunil Naik,,,,
UDR,Non-Heinous,Report Beece (B-Report),Karnataka,Bengaluru Urban,"Principal City Civil & Sessions Court, Bengaluru",Police Station,Bengaluru City PS,KA42418,Farhan Kumar,Inspector,SHO,1997-02-12,Male,AB Positive,0,2014-05-26,280822971202400694,202400694,2025-05-31,"On 27-05-2025, a case of Grievous Hurt was reported at Bengaluru City PS, Bengaluru Urban district.",2025-05-27T10:00:00,2025-05-27T17:00:00,2025-05-27T12:00:00,12.9504,77.6629,"Incident occurred near coordinates 12.9504, 77.6629 within jurisdiction of Bengaluru City PS.",Crimes Against Body,Grievous Hurt,IPC,Indian Penal Code,IPC,325,Punishment for voluntarily causing grievous hurt,1,1,Suresh Verma,54,Private Employee,Hindu,General,Male,Nikhil Kumar,55,Female,0,Divya Kamath,57,Transgender,A1,1.0,2025-06-07T11:00:00,Karnataka,Bengaluru Urban,Bengaluru City PS,KA42418,"Principal City Civil & Sessions Court, Bengaluru",Divya Kamath,,,,
Zero FIR,Heinous,Chargesheet Filed,Karnataka,Vijayapura,Vijayapura District & Sessions Court,Police Station,Vijayapura Town PS,KA19968,Siddharth Bhat,Constable,SHO,1979-06-27,Female,B Negative,0,2019-04-22,875191655202400695,202400695,2024-05-26,"On 22-05-2024, a case of Cryptocurrency Crime was reported at Vijayapura Town PS, Vijayapura district.",2024-05-22T18:00:00,2024-05-22T21:00:00,2024-05-23T00:00:00,16.8802,75.7846,"Incident occurred near coordinates 16.8802, 75.7846 within jurisdiction of Vijayapura Town PS.",Cyber Crime,Cryptocurrency Crime,ITA,"Information Technology Act, 2000",IT Act,66D,Cheating by personation using a computer resource,1,1,Vikram Sharma,79,Private Employee,Hindu,General,Transgender,Sunil Joshi,11,Transgender,0,Gautam Naik,,Transgender,A1,1.0,2024-06-02T06:00:00,Karnataka,Vijayapura,Vijayapura Town PS,KA19968,Vijayapura District & Sessions Court,Gautam Naik,Esha Kamath,2024-07-18T06:00:00,A,KA19968
Zero FIR,Heinous,Chargesheet Filed,Karnataka,Vijayapura,Vijayapura District & Sessions Court,Police Station,Vijayapura Town PS,KA19968,Siddharth Bhat,Deputy Superintendent,SHO,1989-05-04,Female,O Positive,0,2012-01-14,875191655202400695,202400695,2024-05-26,"On 22-05-2024, a case of Cryptocurrency Crime was reported at Vijayapura Town PS, Vijayapura district.",2024-05-22T18:00:00,2024-05-22T21:00:00,2024-05-23T00:00:00,16.8802,75.7846,"Incident occurred near coordinates 16.8802, 75.7846 within jurisdiction of Vijayapura Town PS.",Cyber Crime,Cryptocurrency Crime,ITA,"Information Technology Act, 2000",IT Act,66D,Cheating by personation using a computer resource,1,1,,,,,,,,,,0,Esha Kamath,68,Female,A2,,,,,,,,,,,,
Zero FIR,Non-Heinous,Under Investigation,Karnataka,Ballari,Ballari District & Sessions Court,Police Station,Ballari City PS,KA12259,Suresh Bhat,Head Constable,SHO,1975-05-28,Female,O Positive,0,2000-06-10,889088813202400696,202400696,2025-06-11,"On 10-06-2025, a case of Theft was reported at Ballari City PS, Ballari district.",2025-06-10T03:00:00,2025-06-10T08:00:00,2025-06-10T23:00:00,15.1807,76.9165,"Incident occurred near coordinates 15.1807, 76.9165 within jurisdiction of Ballari City PS.",Property Crimes,Theft,IPC,Indian Penal Code,IPC,379,Punishment for theft,1,1,Suresh Kumar,76,Private Employee,Hindu,General,Male,Hari Shenoy,63,Female,0,Gautam Kamath,29,Transgender,A1,1.0,2025-06-18T08:00:00,Karnataka,Ballari,Ballari City PS,KA12259,Ballari District & Sessions Court,Gautam Kamath,,,,
Zero FIR,Heinous,Chargesheet Filed,Karnataka,Davangere,Davangere District & Sessions Court,Police Station,Davangere Extension PS,KA42861,Siddharth Sharma,Deputy Superintendent,Investigating Officer,1994-10-28,Female,B Positive,0,2015-02-14,833714786202500697,202500697,2024-11-24,"On 22-11-2024, a case of Dark Web Crime was reported at Davangere Extension PS, Davangere district.",2024-11-22T12:00:00,2024-11-22T14:00:00,2024-11-22T19:00:00,14.4739,75.8508,"Incident occurred near coordinates 14.4739, 75.8508 within jurisdiction of Davangere Extension PS.",Cyber Crime,Dark Web Crime,ITA,"Information Technology Act, 2000",IT Act,67,Publishing/transmitting obscene material electronically,1,1,Kiran Nair,51,Private Employee,Hindu,General,Transgender,Isha Gowda,43,Male,0,Meena Bhat,57,Female,A1,1.0,2024-12-01T23:00:00,Karnataka,Davangere,Davangere Extension PS,KA42861,Davangere District & Sessions Court,Meena Bhat,,2024-12-26T23:00:00,B,KA42861
UDR,Non-Heinous,Report Beece (B-Report),Karnataka,Belagavi,Belagavi District & Sessions Court,Police Station,Belagavi City PS,KA23401,Dev Das,Sub-Inspector,SHO,1982-07-08,Male,AB Positive,0,2006-07-15,286429367202400698,202400698,2024-07-31,"On 30-07-2024, a case of Cyber Crime was reported at Belagavi City PS, Belagavi district.",2024-07-30T05:00:00,2024-07-30T12:00:00,2024-07-30T19:00:00,15.8779,74.4397,"Incident occurred near coordinates 15.8779, 74.4397 within jurisdiction of Belagavi City PS.",Cyber Crime,Cyber Crime,ITA,"Information Technology Act, 2000",IT Act,66C,Identity theft using computer resource,1,1,Chirag Reddy,74,Private Employee,Hindu,General,Transgender,Sanjay Bhat,57,Transgender,0,Priya Kamath,,Male,A1,1.0,2024-08-07T16:00:00,Karnataka,Belagavi,Belagavi City PS,KA23401,Belagavi District & Sessions Court,Priya Kamath,,,,
UDR,Non-Heinous,Chargesheet Filed,Karnataka,Kalaburagi,Kalaburagi District & Sessions Court,Police Station,Kalaburagi City PS,KA28867,Priya Joshi,Deputy Superintendent,Station Writer,1972-03-23,Male,A Positive,0,2013-11-18,235749303202300699,202300699,2022-07-17,"On 12-07-2022, a case of Cheating was reported at Kalaburagi City PS, Kalaburagi district.",2022-07-12T09:00:00,2022-07-12T17:00:00,2022-07-13T09:00:00,17.3189,76.8555,"Incident occurred near coordinates 17.3189, 76.8555 within jurisdiction of Kalaburagi City PS.",Financial Crime,Cheating,IPC,Indian Penal Code,IPC,420,Cheating and dishonestly inducing delivery of property,1,1,Vikram Kumar,52,Private Employee,Hindu,General,Transgender,Pooja Kamath,49,Male,0,Siddharth Das,50,Female,A1,1.0,2022-07-24T17:00:00,Karnataka,Kalaburagi,Kalaburagi City PS,KA28867,Kalaburagi District & Sessions Court,Siddharth Das,,2022-09-11T17:00:00,B,KA28867
FIR,Non-Heinous,Chargesheet Filed,Karnataka,Bengaluru Urban,"Principal City Civil & Sessions Court, Bengaluru",Police Station,Bengaluru City PS,KA33667,Chirag Singh,Constable,Investigating Officer,1972-01-09,Male,AB Positive,0,2000-06-21,153999560202300700,202300700,2022-09-12,"On 07-09-2022, a case of Cheating was reported at Bengaluru City PS, Bengaluru Urban district.",2022-09-07T04:00:00,2022-09-07T09:00:00,2022-09-07T15:00:00,12.9888,77.5537,"Incident occurred near coordinates 12.9888, 77.5537 within jurisdiction of Bengaluru City PS.",Financial Crime,Cheating,IPC,Indian Penal Code,IPC,420,Cheating and dishonestly inducing delivery of property,1,1,Priya Sharma,57,Private Employee,Hindu,General,Female,Suresh Kumar,32,Female,0,Isha Rao,51,Transgender,A1,1.0,2022-09-19T06:00:00,Karnataka,Bengaluru Urban,Bengaluru City PS,KA33667,"Principal City Civil & Sessions Court, Bengaluru",Isha Rao,Aditi Deshmukh,2022-10-27T06:00:00,C,KA33667
FIR,Non-Heinous,Chargesheet Filed,Karnataka,Bengaluru Urban,"Principal City Civil & Sessions Court, Bengaluru",Police Station,Bengaluru City PS,KA33667,Chirag Singh,Constable,Circle Inspector,1998-03-19,Male,O Negative,0,2000-02-25,153999560202300700,202300700,2022-09-12,"On 07-09-2022, a case of Cheating was reported at Bengaluru City PS, Bengaluru Urban district.",2022-09-07T04:00:00,2022-09-07T09:00:00,2022-09-07T15:00:00,12.9888,77.5537,"Incident occurred near coordinates 12.9888, 77.5537 within jurisdiction of Bengaluru City PS.",Financial Crime,Cheating,IPC,Indian Penal Code,IPC,420,Cheating and dishonestly inducing delivery of property,1,1,,,,,,,,,,0,Aditi Deshmukh,,Male,A2,,,,,,,,,,,,
UDR,Non-Heinous,Under Investigation,Karnataka,Mandya,Mandya District & Sessions Court,Police Station,Mandya Town PS,KA90418,Deepak Joshi,Sub-Inspector,SHO,1994-12-24,Male,O Positive,1,2012-08-26,238387682202500701,202500701,2024-02-12,"On 09-02-2024, a case of Assault was reported at Mandya Town PS, Mandya district.",2024-02-09T20:00:00,2024-02-10T01:00:00,2024-02-10T04:00:00,12.4431,76.8632,"Incident occurred near coordinates 12.4431, 76.8632 within jurisdiction of Mandya Town PS.",Crimes Against Body,Assault,IPC,Indian Penal Code,IPC,351,Assault,1,1,Hari Singh,37,Private Employee,Hindu,General,Female,Siddharth Nair,36,Male,0,Isha Kumar,21,Female,A1,1.0,2024-02-19T03:00:00,Karnataka,Mandya,Mandya Town PS,KA90418,Mandya District & Sessions Court,Isha Kumar,,,,
Zero FIR,Non-Heinous,Chargesheet Filed,Karnataka,Bengaluru Rural,Bengaluru Rural District & Sessions Court,Police Station,Bengaluru Rural PS,KA52235,Priya Naik,Deputy Superintendent,Investigating Officer,1971-05-18,Female,O Negative,0,2006-08-10,855584500202600702,202600702,2023-12-17,"On 15-12-2023, a case of Money Laundering was reported at Bengaluru Rural PS, Bengaluru Rural district.",2023-12-15T01:00:00,2023-12-15T02:00:00,2023-12-15T11:00:00,13.2743,77.6122,"Incident occurred near coordinates 13.2743, 77.6122 within jurisdiction of Bengaluru Rural PS.",Financial Crime,Money Laundering,PMLA,"Prevention of Money Laundering Act, 2002",PMLA,3,Offence of money laundering,1,1,Manish Joshi,80,Private Employee,Hindu,General,Male,Priya Deshmukh,66,Male,0,Pooja Sharma,28,Transgender,A1,1.0,2023-12-24T06:00:00,Karnataka,Bengaluru Rural,Bengaluru Rural PS,KA52235,Bengaluru Rural District & Sessions Court,Pooja Sharma,,2024-01-21T06:00:00,B,KA52235
PAR,Heinous,Undetected,Karnataka,Mysuru,Mysuru District & Sessions Court,Police Station,Saraswathipuram PS,KA99433,Sunil Shenoy,Deputy Superintendent,Investigating Officer,1985-07-20,Female,B Negative,0,2007-07-08,322757737202500703,202500703,2022-01-20,"On 18-01-2022, a case of Theft was reported at Saraswathipuram PS, Mysuru district.",2022-01-18T18:00:00,2022-01-19T00:00:00,2022-01-19T07:00:00,12.2991,76.6575,"Incident occurred near coordinates 12.2991, 76.6575 within jurisdiction of Saraswathipuram PS.",Property Crimes,Theft,IPC,Indian Penal Code,IPC,379,Punishment for theft,1,1,Gautam Kamath,71,Private Employee,Hindu,General,Transgender,Farhan Shetty,36,Transgender,0,Esha Reddy,49,Female,A1,,,,,,,,,,,,
PAR,Non-Heinous,Undetected,Karnataka,Mysuru,Mysuru District & Sessions Court,Police Station,Saraswathipuram PS,KA99433,Sunil Shenoy,Inspector,Circle Inspector,1993-10-06,Male,B Positive,0,2017-02-20,322757737202500703,202500703,2022-01-20,"On 18-01-2022, a case of Theft was reported at Saraswathipuram PS, Mysuru district.",2022-01-18T18:00:00,2022-01-19T00:00:00,2022-01-19T07:00:00,12.2991,76.6575,"Incident occurred near coordinates 12.2991, 76.6575 within jurisdiction of Saraswathipuram PS.",Property Crimes,Theft,IPC,Indian Penal Code,IPC,379,Punishment for theft,1,1,,,,,,,,,,0,Gautam Kamath,61,Male,A2,,,,,,,,,,,,
PAR,Non-Heinous,Undetected,Karnataka,Mysuru,Mysuru District & Sessions Court,Police Station,Saraswathipuram PS,KA99433,Sunil Shenoy,Constable,Circle Inspector,1982-10-15,Male,O Negative,1,2012-10-02,322757737202500703,202500703,2022-01-20,"On 18-01-2022, a case of Theft was reported at Saraswathipuram PS, Mysuru district.",2022-01-18T18:00:00,2022-01-19T00:00:00,2022-01-19T07:00:00,12.2991,76.6575,"Incident occurred near coordinates 12.2991, 76.6575 within jurisdiction of Saraswathipuram PS.",Property Crimes,Theft,IPC,Indian Penal Code,IPC,379,Punishment for theft,1,1,,,,,,,,,,0,Hari Sharma,45,Transgender,A3,,,,,,,,,,,,
UDR,Non-Heinous,Undetected,Karnataka,Shivamogga,Shivamogga District & Sessions Court,Police Station,Shivamogga Town PS,KA46511,Tanvi Shetty,Inspector,Investigating Officer,1998-02-03,Male,A Negative,0,2013-12-09,289202640202500704,202500704,2025-09-11,"On 09-09-2025, a case of Cyber Crime was reported at Shivamogga Town PS, Shivamogga district.",2025-09-09T20:00:00,2025-09-09T22:00:00,2025-09-10T11:00:00,13.9881,75.5384,"Incident occurred near coordinates 13.9881, 75.5384 within jurisdiction of Shivamogga Town PS.",Cyber Crime,Cyber Crime,ITA,"Information Technology Act, 2000",IT Act,66C,Identity theft using computer resource,1,1,Vikram Reddy,50,Private Employee,Hindu,General,Male,Rahul Gowda,27,Female,0,Rahul Patil,,Transgender,A1,,,,,,,,,,,,
FIR,Non-Heinous,Report Beece (B-Report),Karnataka,Kalaburagi,Kalaburagi District & Sessions Court,Police Station,Kalaburagi City PS,KA96725,Manish Joshi,Deputy Superintendent,Circle Inspector,1974-09-12,Male,A Negative,1,2004-10-06,138642780202400705,202400705,2024-04-09,"On 07-04-2024, a case of Burglary was reported at Kalaburagi City PS, Kalaburagi district.",2024-04-07T07:00:00,2024-04-07T12:00:00,2024-04-08T05:00:00,17.3118,76.8571,"Incident occurred near coordinates 17.3118, 76.8571 within jurisdiction of Kalaburagi City PS.",Property Crimes,Burglary,IPC,Indian Penal Code,IPC,457,Lurking house-trespass or house-breaking by night,1,1,Rahul Naik,24,Private Employee,Hindu,General,Male,Dev Shetty,44,Female,0,Rajesh Rao,,Female,A1,1.0,2024-04-16T14:00:00,Karnataka,Kalaburagi,Kalaburagi City PS,KA96725,Kalaburagi District & Sessions Court,Rajesh Rao,,,,
Zero FIR,Non-Heinous,Undetected,Karnataka,Ramanagara,Ramanagara District & Sessions Court,Police Station,Ramanagara Town PS,KA57285,Bhavya Shenoy,Sub-Inspector,SHO,1992-05-21,Female,O Positive,1,2006-02-01,833377005202500706,202500706,2023-03-15,"On 10-03-2023, a case of Theft was reported at Ramanagara Town PS, Ramanagara district.",2023-03-10T09:00:00,2023-03-10T16:00:00,2023-03-11T09:00:00,12.6479,77.3539,"Incident occurred near coordinates 12.6479, 77.3539 within jurisdiction of Ramanagara Town PS.",Property Crimes,Theft,IPC,Indian Penal Code,IPC,379,Punishment for theft,1,1,Siddharth Reddy,73,Private Employee,Hindu,General,Transgender,Sanjay Singh,74,Female,0,Kiran Nair,19,Female,A1,,,,,,,,,,,,
FIR,Heinous,Undetected,Karnataka,Ballari,Ballari District & Sessions Court,Police Station,Ballari City PS,KA41086,Siddharth Naik,Head Constable,Station Writer,1988-02-09,Female,A Positive,0,2014-05-25,148617070202500707,202500707,2022-10-29,"On 26-10-2022, a case of Assault was reported at Ballari City PS, Ballari district.",2022-10-26T15:00:00,2022-10-26T22:00:00,2022-10-27T13:00:00,15.103,76.8718,"Incident occurred near coordinates 15.103, 76.8718 within jurisdiction of Ballari City PS.",Crimes Against Body,Assault,IPC,Indian Penal Code,IPC,351,Assault,1,1,Divya Shetty,64,Private Employee,Hindu,General,Male,Sunil Rao,66,Female,0,Pooja Kumar,,Transgender,A1,,,,,,,,,,,,
Zero FIR,Heinous,Under Investigation,Karnataka,Hubballi-Dharwad,Dharwad District & Sessions Court,Police Station,Dharwad Town PS,KA32109,Farhan Rao,Inspector,Investigating Officer,1979-04-05,Male,AB Positive,0,2008-07-19,828135873202500708,202500708,2023-05-12,"On 09-05-2023, a case of Cryptocurrency Crime was reported at Dharwad Town PS, Hubballi-Dharwad district.",2023-05-09T09:00:00,2023-05-09T10:00:00,2023-05-09T15:00:00,15.3488,75.1201,"Incident occurred near coordinates 15.3488, 75.1201 within jurisdiction of Dharwad Town PS.",Cyber Crime,Cryptocurrency Crime,ITA,"Information Technology Act, 2000",IT Act,66D,Cheating by personation using a computer resource,1,1,Sanjay Nair,27,Private Employee,Hindu,General,Female,Esha Naik,74,Transgender,0,Meena Kulkarni,74,Male,A1,1.0,2023-05-19T21:00:00,Karnataka,Hubballi-Dharwad,Dharwad Town PS,KA32109,Dharwad District & Sessions Court,Meena Kulkarni,Ananya Shetty,,,
Zero FIR,Non-Heinous,Under Investigation,Karnataka,Hubballi-Dharwad,Dharwad District & Sessions Court,Police Station,Dharwad Town PS,KA32109,Farhan Rao,Inspector,SHO,1980-08-14,Female,AB Positive,1,2016-03-10,828135873202500708,202500708,2023-05-12,"On 09-05-2023, a case of Cryptocurrency Crime was reported at Dharwad Town PS, Hubballi-Dharwad district.",2023-05-09T09:00:00,2023-05-09T10:00:00,2023-05-09T15:00:00,15.3488,75.1201,"Incident occurred near coordinates 15.3488, 75.1201 within jurisdiction of Dharwad Town PS.",Cyber Crime,Cryptocurrency Crime,ITA,"Information Technology Act, 2000",IT Act,66D,Cheating by personation using a computer resource,1,1,,,,,,,,,,0,Ananya Shetty,29,Male,A2,,,,,,,,,,,,
PAR,Heinous,Report Beece (B-Report),Karnataka,Shivamogga,Shivamogga District & Sessions Court,Police Station,Shivamogga Town PS,KA96617,Priya Deshmukh,Deputy Superintendent,Station Writer,1990-10-17,Female,A Positive,1,2005-04-12,316973184202600709,202600709,2025-04-16,"On 14-04-2025, a case of Burglary was reported at Shivamogga Town PS, Shivamogga district.",2025-04-14T14:00:00,2025-04-14T20:00:00,2025-04-15T13:00:00,13.9329,75.4889,"Incident occurred near coordinates 13.9329, 75.4889 within jurisdiction of Shivamogga Town PS.",Property Crimes,Burglary,IPC,Indian Penal Code,IPC,457,Lurking house-trespass or house-breaking by night,1,1,Farhan Shetty,50,Private Employee,Hindu,General,Male,Gautam Pai,38,Female,0,Deepak Nair,,Female,A1,1.0,2025-04-23T00:00:00,Karnataka,Shivamogga,Shivamogga Town PS,KA96617,Shivamogga District & Sessions Court,Deepak Nair,,,,
FIR,Non-Heinous,Undetected,Karnataka,Chikkamagaluru,Chikkamagaluru District & Sessions Court,Police Station,Chikkamagaluru PS,KA97806,Deepak Shetty,Inspector,Station Writer,1975-11-03,Male,AB Negative,0,2009-11-21,140489440202500710,202500710,2024-02-12,"On 09-02-2024, a case of Burglary was reported at Chikkamagaluru PS, Chikkamagaluru district.",2024-02-09T05:00:00,2024-02-09T07:00:00,2024-02-09T08:00:00,13.2491,75.7835,"Incident occurred near coordinates 13.2491, 75.7835 within jurisdiction of Chikkamagaluru PS.",Property Crimes,Burglary,IPC,Indian Penal Code,IPC,457,Lurking house-trespass or house-breaking by night,1,1,Hari Nair,77,Private Employee,Hindu,General,Transgender,Kiran Gowda,55,Transgender,0,Vikram Sharma,24,Transgender,A1,,,,,,,,,,,,
FIR,Heinous,Undetected,Karnataka,Chikkamagaluru,Chikkamagaluru District & Sessions Court,Police Station,Chikkamagaluru PS,KA97806,Deepak Shetty,Deputy Superintendent,SHO,1973-05-17,Male,A Negative,1,2008-05-05,140489440202500710,202500710,2024-02-12,"On 09-02-2024, a case of Burglary was reported at Chikkamagaluru PS, Chikkamagaluru district.",2024-02-09T05:00:00,2024-02-09T07:00:00,2024-02-09T08:00:00,13.2491,75.7835,"Incident occurred near coordinates 13.2491, 75.7835 within jurisdiction of Chikkamagaluru PS.",Property Crimes,Burglary,IPC,Indian Penal Code,IPC,457,Lurking house-trespass or house-breaking by night,1,1,,,,,,,,,,0,Meena Pai,,Female,A2,,,,,,,,,,,,
FIR,Non-Heinous,Chargesheet Filed,Karnataka,Shivamogga,Shivamogga District & Sessions Court,Police Station,Shivamogga Town PS,KA69894,Anil Joshi,Head Constable,Investigating Officer,1988-09-12,Male,B Positive,0,2017-04-20,168633313202600711,202600711,2024-01-15,"On 09-01-2024, a case of Cryptocurrency Crime was reported at Shivamogga Town PS, Shivamogga district.",2024-01-09T22:00:00,2024-01-10T04:00:00,2024-01-10T10:00:00,13.8728,75.5775,"Incident occurred near coordinates 13.8728, 75.5775 within jurisdiction of Shivamogga Town PS.",Cyber Crime,Cryptocurrency Crime,ITA,"Information Technology Act, 2000",IT Act,66D,Cheating by personation using a computer resource,1,1,Bhavya Shetty,38,Private Employee,Hindu,General,Male,Kiran Reddy,51,Transgender,0,Siddharth Rao,41,Female,A1,1.0,2024-01-22T10:00:00,Karnataka,Shivamogga,Shivamogga Town PS,KA69894,Shivamogga District & Sessions Court,Siddharth Rao,Manish Bhat,2024-03-10T10:00:00,A,KA69894
FIR,Heinous,Chargesheet Filed,Karnataka,Shivamogga,Shivamogga District & Sessions Court,Police Station,Shivamogga Town PS,KA69894,Anil Joshi,Deputy Superintendent,Station Writer,1994-12-21,Male,A Negative,0,2018-01-08,168633313202600711,202600711,2024-01-15,"On 09-01-2024, a case of Cryptocurrency Crime was reported at Shivamogga Town PS, Shivamogga district.",2024-01-09T22:00:00,2024-01-10T04:00:00,2024-01-10T10:00:00,13.8728,75.5775,"Incident occurred near coordinates 13.8728, 75.5775 within jurisdiction of Shivamogga Town PS.",Cyber Crime,Cryptocurrency Crime,ITA,"Information Technology Act, 2000",IT Act,66D,Cheating by personation using a computer resource,1,1,,,,,,,,,,0,Manish Bhat,,Male,A2,,,,,,,,,,,,
PAR,Non-Heinous,Report Beece (B-Report),Karnataka,Vijayapura,Vijayapura District & Sessions Court,Police Station,Vijayapura Town PS,KA70789,Farhan Shenoy,Head Constable,Circle Inspector,1990-08-12,Male,B Positive,0,2005-02-18,359817146202600712,202600712,2024-10-07,"On 02-10-2024, a case of Murder was reported at Vijayapura Town PS, Vijayapura district.",2024-10-02T02:00:00,2024-10-02T08:00:00,2024-10-02T21:00:00,16.7662,75.7147,"Incident occurred near coordinates 16.7662, 75.7147 within jurisdiction of Vijayapura Town PS.",Crimes Against Body,Murder,IPC,Indian Penal Code,IPC,302,Punishment for murder,1,1,Nikhil Kamath,80,Private Employee,Hindu,General,Transgender,Anil Pai,21,Transgender,0,Pooja Deshmukh,67,Female,A1,1.0,2024-10-14T14:00:00,Karnataka,Vijayapura,Vijayapura Town PS,KA70789,Vijayapura District & Sessions Court,Pooja Deshmukh,Siddharth Patil,,,
PAR,Heinous,Report Beece (B-Report),Karnataka,Vijayapura,Vijayapura District & Sessions Court,Police Station,Vijayapura Town PS,KA70789,Farhan Shenoy,Sub-Inspector,SHO,1987-07-04,Female,B Positive,0,2020-02-15,359817146202600712,202600712,2024-10-07,"On 02-10-2024, a case of Murder was reported at Vijayapura Town PS, Vijayapura district.",2024-10-02T02:00:00,2024-10-02T08:00:00,2024-10-02T21:00:00,16.7662,75.7147,"Incident occurred near coordinates 16.7662, 75.7147 within jurisdiction of Vijayapura Town PS.",Crimes Against Body,Murder,IPC,Indian Penal Code,IPC,302,Punishment for murder,1,1,,,,,,,,,,0,Siddharth Patil,71,Female,A2,,,,,,,,,,,,
Zero FIR,Non-Heinous,Report Beece (B-Report),Karnataka,Mangaluru,Dakshina Kannada District & Sessions Court,Police Station,Mangaluru Town PS,KA79593,Bhavya Shetty,Sub-Inspector,SHO,1970-04-12,Female,A Negative,0,2016-06-26,849864831202400713,202400713,2023-11-14,"On 09-11-2023, a case of Cryptocurrency Crime was reported at Mangaluru Town PS, Mangaluru district.",2023-11-09T01:00:00,2023-11-09T07:00:00,2023-11-09T19:00:00,12.9024,74.8908,"Incident occurred near coordinates 12.9024, 74.8908 within jurisdiction of Mangaluru Town PS.",Cyber Crime,Cryptocurrency Crime,ITA,"Information Technology Act, 2000",IT Act,66D,Cheating by personation using a computer resource,1,1,Aarav Rao,63,Private Employee,Hindu,General,Female,Vikram Nair,26,Female,0,Vikram Bhat,26,Female,A1,1.0,2023-11-21T04:00:00,Karnataka,Mangaluru,Mangaluru Town PS,KA79593,Dakshina Kannada District & Sessions Court,Vikram Bhat,,,,
UDR,Non-Heinous,Under Investigation,Karnataka,Hassan,Hassan District & Sessions Court,Police Station,Hassan Town PS,KA14532,Aditi Hegde,Deputy Superintendent,Circle Inspector,1991-04-28,Female,A Positive,0,2012-09-03,257299592202200714,202200714,2022-08-04,"On 02-08-2022, a case of Cryptocurrency Crime was reported at Hassan Town PS, Hassan district.",2022-08-02T10:00:00,2022-08-02T11:00:00,2022-08-03T02:00:00,13.0292,76.0214,"Incident occurred near coordinates 13.0292, 76.0214 within jurisdiction of Hassan Town PS.",Cyber Crime,Cryptocurrency Crime,ITA,"Information Technology Act, 2000",IT Act,66D,Cheating by personation using a computer resource,1,1,Dev Nair,57,Private Employee,Hindu,General,Male,Aditi Joshi,18,Female,0,Meena Joshi,,Female,A1,1.0,2022-08-11T19:00:00,Karnataka,Hassan,Hassan Town PS,KA14532,Hassan District & Sessions Court,Meena Joshi,,,,
Zero FIR,Heinous,Chargesheet Filed,Karnataka,Bengaluru Rural,Bengaluru Rural District & Sessions Court,Police Station,Bengaluru Rural PS,KA13547,Sanjay Hegde,Head Constable,Circle Inspector,1970-08-28,Male,B Positive,1,2004-09-16,843562679202400715,202400715,2024-01-02,"On 30-12-2023, a case of Cyber Crime was reported at Bengaluru Rural PS, Bengaluru Rural district.",2023-12-30T15:00:00,2023-12-30T16:00:00,2023-12-31T00:00:00,13.313,77.5404,"Incident occurred near coordinates 13.313, 77.5404 within jurisdiction of Bengaluru Rural PS.",Cyber Crime,Cyber Crime,ITA,"Information Technology Act, 2000",IT Act,66C,Identity theft using computer resource,1,1,Ananya Kamath,51,Private Employee,Hindu,General,Male,Gautam Hegde,19,Female,0,Rajesh Singh,28,Male,A1,1.0,2024-01-09T18:00:00,Karnataka,Bengaluru Rural,Bengaluru Rural PS,KA13547,Bengaluru Rural District & Sessions Court,Rajesh Singh,,2024-01-19T18:00:00,C,KA13547
UDR,Heinous,Undetected,Karnataka,Davangere,Davangere District & Sessions Court,Police Station,Davangere Extension PS,KA33451,Suresh Naik,Sub-Inspector,SHO,1991-11-24,Male,O Negative,0,2003-11-26,297378060202300716,202300716,2023-06-26,"On 25-06-2023, a case of Money Laundering was reported at Davangere Extension PS, Davangere district.",2023-06-25T04:00:00,2023-06-25T07:00:00,2023-06-26T03:00:00,14.4722,75.916,"Incident occurred near coordinates 14.4722, 75.916 within jurisdiction of Davangere Extension PS.",Financial Crime,Money Laundering,PMLA,"Prevention of Money Laundering Act, 2002",PMLA,3,Offence of money laundering,1,1,Kiran Verma,32,Private Employee,Hindu,General,Female,Dev Kamath,61,Female,0,Hari Kamath,,Male,A1,,,,,,,,,,,,
PAR,Non-Heinous,Report Beece (B-Report),Karnataka,Belagavi,Belagavi District & Sessions Court,Police Station,Belagavi City PS,KA66298,Tanvi Pai,Deputy Superintendent,Station Writer,1982-02-16,Male,B Positive,0,2011-01-17,356477569202200717,202200717,2025-05-26,"On 23-05-2025, a case of Drug Offence was reported at Belagavi City PS, Belagavi district.",2025-05-23T17:00:00,2025-05-24T00:00:00,2025-05-24T10:00:00,15.8815,74.5526,"Incident occurred near coordinates 15.8815, 74.5526 within jurisdiction of Belagavi City PS.",Narcotics,Drug Offence,NDPS,"Narcotic Drugs and Psychotropic Substances Act, 1985",NDPS,20,Punishment for cannabis-related offences,1,1,Rahul Patil,75,Private Employee,Hindu,General,Transgender,Suresh Kulkarni,44,Female,0,Siddharth Verma,,Female,A1,1.0,2025-06-02T22:00:00,Karnataka,Belagavi,Belagavi City PS,KA66298,Belagavi District & Sessions Court,Siddharth Verma,,,,
FIR,Heinous,Chargesheet Filed,Karnataka,Bengaluru Urban,"Principal City Civil & Sessions Court, Bengaluru",Police Station,Bengaluru City PS,KA28032,Vikram Kumar,Inspector,SHO,1996-12-18,Male,B Positive,1,2010-05-11,156981600202300718,202300718,2022-07-19,"On 13-07-2022, a case of Grievous Hurt was reported at Bengaluru City PS, Bengaluru Urban district.",2022-07-13T20:00:00,2022-07-13T22:00:00,2022-07-14T00:00:00,12.9616,77.5935,"Incident occurred near coordinates 12.9616, 77.5935 within jurisdiction of Bengaluru City PS.",Crimes Against Body,Grievous Hurt,IPC,Indian Penal Code,IPC,325,Punishment for voluntarily causing grievous hurt,1,1,Divya Verma,30,Private Employee,Hindu,General,Male,Isha Kumar,70,Transgender,0,Anil Kumar,35,Transgender,A1,1.0,2022-07-26T07:00:00,Karnataka,Bengaluru Urban,Bengaluru City PS,KA28032,"Principal City Civil & Sessions Court, Bengaluru",Anil Kumar,,2022-08-21T07:00:00,A,KA28032
Zero FIR,Heinous,Report Beece (B-Report),Karnataka,Bidar,Bidar District & Sessions Court,Police Station,Bidar Town PS,KA53957,Meena Rao,Deputy Superintendent,SHO,1982-10-02,Male,B Positive,0,2014-06-11,844965626202300719,202300719,2023-10-19,"On 17-10-2023, a case of Drug Offence was reported at Bidar Town PS, Bidar district.",2023-10-17T02:00:00,2023-10-17T08:00:00,2023-10-18T01:00:00,17.9209,77.5674,"Incident occurred near coordinates 17.9209, 77.5674 within jurisdiction of Bidar Town PS.",Narcotics,Drug Offence,NDPS,"Narcotic Drugs and Psychotropic Substances Act, 1985",NDPS,20,Punishment for cannabis-related offences,1,1,Rajesh Naik,48,Private Employee,Hindu,General,Female,Hari Nair,60,Female,0,Dev Deshmukh,64,Transgender,A1,1.0,2023-10-26T14:00:00,Karnataka,Bidar,Bidar Town PS,KA53957,Bidar District & Sessions Court,Dev Deshmukh,,,,
FIR,Non-Heinous,Chargesheet Filed,Karnataka,Bengaluru Rural,Bengaluru Rural District & Sessions Court,Police Station,Bengaluru Rural PS,KA89939,Deepak Verma,Deputy Superintendent,Investigating Officer,1974-01-28,Female,O Positive,0,2016-02-15,137671193202300720,202300720,2025-07-23,"On 19-07-2025, a case of Robbery was reported at Bengaluru Rural PS, Bengaluru Rural district.",2025-07-19T22:00:00,2025-07-20T05:00:00,2025-07-20T14:00:00,13.3565,77.6136,"Incident occurred near coordinates 13.3565, 77.6136 within jurisdiction of Bengaluru Rural PS.",Property Crimes,Robbery,IPC,Indian Penal Code,IPC,392,Punishment for robbery,1,1,Deepak Shetty,42,Private Employee,Hindu,General,Female,Tanvi Das,5,Transgender,0,Kavya Bhat,36,Female,A1,1.0,2025-07-30T23:00:00,Karnataka,Bengaluru Rural,Bengaluru Rural PS,KA89939,Bengaluru Rural District & Sessions Court,Kavya Bhat,Kavya Joshi,2025-08-07T23:00:00,B,KA89939
FIR,Heinous,Chargesheet Filed,Karnataka,Bengaluru Rural,Bengaluru Rural District & Sessions Court,Police Station,Bengaluru Rural PS,KA89939,Deepak Verma,Head Constable,Circle Inspector,1985-03-06,Female,O Positive,0,2006-07-05,137671193202300720,202300720,2025-07-23,"On 19-07-2025, a case of Robbery was reported at Bengaluru Rural PS, Bengaluru Rural district.",2025-07-19T22:00:00,2025-07-20T05:00:00,2025-07-20T14:00:00,13.3565,77.6136,"Incident occurred near coordinates 13.3565, 77.6136 within jurisdiction of Bengaluru Rural PS.",Property Crimes,Robbery,IPC,Indian Penal Code,IPC,392,Punishment for robbery,1,1,,,,,,,,,,0,Kavya Joshi,45,Male,A2,,,,,,,,,,,,
UDR,Non-Heinous,Undetected,Karnataka,Bagalkote,Bagalkote District & Sessions Court,Police Station,Bagalkote Town PS,KA76906,Meena Bhat,Inspector,Station Writer,1973-04-24,Male,B Negative,0,2017-07-16,225205820202600721,202600721,2022-01-01,"On 31-12-2021, a case of Assault was reported at Bagalkote Town PS, Bagalkote district.",2021-12-31T07:00:00,2021-12-31T13:00:00,2021-12-31T20:00:00,16.1182,75.6545,"Incident occurred near coordinates 16.1182, 75.6545 within jurisdiction of Bagalkote Town PS.",Crimes Against Body,Assault,IPC,Indian Penal Code,IPC,351,Assault,1,1,Chirag Gowda,71,Private Employee,Hindu,General,Male,Anil Deshmukh,68,Transgender,0,Rahul Patil,,Male,A1,,,,,,,,,,,,
UDR,Heinous,Undetected,Karnataka,Bagalkote,Bagalkote District & Sessions Court,Police Station,Bagalkote Town PS,KA76906,Meena Bhat,Sub-Inspector,Investigating Officer,1980-05-12,Female,O Negative,0,2016-12-02,225205820202600721,202600721,2022-01-01,"On 31-12-2021, a case of Assault was reported at Bagalkote Town PS, Bagalkote district.",2021-12-31T07:00:00,2021-12-31T13:00:00,2021-12-31T20:00:00,16.1182,75.6545,"Incident occurred near coordinates 16.1182, 75.6545 within jurisdiction of Bagalkote Town PS.",Crimes Against Body,Assault,IPC,Indian Penal Code,IPC,351,Assault,1,1,,,,,,,,,,0,Bhavya Sharma,37,Transgender,A2,,,,,,,,,,,,
Zero FIR,Non-Heinous,Undetected,Karnataka,Chikkamagaluru,Chikkamagaluru District & Sessions Court,Police Station,Chikkamagaluru PS,KA64739,Gautam Kamath,Sub-Inspector,Investigating Officer,1996-09-26,Male,B Negative,1,2002-12-16,876506446202600722,202600722,2025-02-10,"On 08-02-2025, a case of Theft was reported at Chikkamagaluru PS, Chikkamagaluru district.",2025-02-08T15:00:00,2025-02-08T21:00:00,2025-02-09T00:00:00,13.371,75.735,"Incident occurred near coordinates 13.371, 75.735 within jurisdiction of Chikkamagaluru PS.",Property Crimes,Theft,IPC,Indian Penal Code,IPC,379,Punishment for theft,1,1,Kavya Bhat,34,Private Employee,Hindu,General,Transgender,Rajesh Pai,60,Female,0,Kavya Kulkarni,,Female,A1,,,,,,,,,,,,
UDR,Heinous,Chargesheet Filed,Karnataka,Shivamogga,Shivamogga District & Sessions Court,Police Station,Shivamogga Town PS,KA58973,Dev Kumar,Sub-Inspector,Investigating Officer,1995-01-17,Female,B Positive,0,2000-07-02,241002507202500723,202500723,2024-01-01,"On 30-12-2023, a case of Cheating was reported at Shivamogga Town PS, Shivamogga district.",2023-12-30T18:00:00,2023-12-30T22:00:00,2023-12-30T21:00:00,14.0003,75.5308,"Incident occurred near coordinates 14.0003, 75.5308 within jurisdiction of Shivamogga Town PS.",Financial Crime,Cheating,IPC,Indian Penal Code,IPC,420,Cheating and dishonestly inducing delivery of property,1,1,Hari Kulkarni,35,Private Employee,Hindu,General,Female,Rahul Shetty,65,Female,0,Chirag Das,50,Female,A1,1.0,2024-01-08T04:00:00,Karnataka,Shivamogga,Shivamogga Town PS,KA58973,Shivamogga District & Sessions Court,Chirag Das,,2024-02-06T04:00:00,B,KA58973
FIR,Non-Heinous,Report Beece (B-Report),Karnataka,Belagavi,Belagavi District & Sessions Court,Police Station,Belagavi City PS,KA84409,Sanjay Hegde,Deputy Superintendent,Investigating Officer,1983-06-18,Male,A Positive,1,2012-02-11,160508003202500724,202500724,2024-07-26,"On 24-07-2024, a case of Assault was reported at Belagavi City PS, Belagavi district.",2024-07-24T01:00:00,2024-07-24T09:00:00,2024-07-24T15:00:00,15.8498,74.5665,"Incident occurred near coordinates 15.8498, 74.5665 within jurisdiction of Belagavi City PS.",Crimes Against Body,Assault,IPC,Indian Penal Code,IPC,351,Assault,1,1,Pooja Nair,69,Private Employee,Hindu,General,Transgender,Sanjay Kumar,66,Transgender,0,Abhishek Singh,,Transgender,A1,1.0,2024-08-02T13:00:00,Karnataka,Belagavi,Belagavi City PS,KA84409,Belagavi District & Sessions Court,Abhishek Singh,,,,
UDR,Non-Heinous,Report Beece (B-Report),Karnataka,Mandya,Mandya District & Sessions Court,Police Station,Mandya Town PS,KA38685,Meena Rao,Inspector,Station Writer,1990-06-01,Female,B Positive,0,2019-12-03,288083733202600725,202600725,2025-10-25,"On 21-10-2025, a case of Dark Web Crime was reported at Mandya Town PS, Mandya district.",2025-10-21T02:00:00,2025-10-21T06:00:00,2025-10-21T22:00:00,12.5341,76.8494,"Incident occurred near coordinates 12.5341, 76.8494 within jurisdiction of Mandya Town PS.",Cyber Crime,Dark Web Crime,ITA,"Information Technology Act, 2000",IT Act,67,Publishing/transmitting obscene material electronically,1,1,Rajesh Sharma,73,Private Employee,Hindu,General,Male,Divya Hegde,53,Male,0,Bhavya Kulkarni,,Male,A1,1.0,2025-11-01T08:00:00,Karnataka,Mandya,Mandya Town PS,KA38685,Mandya District & Sessions Court,Bhavya Kulkarni,,,,
Zero FIR,Non-Heinous,Report Beece (B-Report),Karnataka,Bidar,Bidar District & Sessions Court,Police Station,Bidar Town PS,KA29401,Farhan Bhat,Inspector,SHO,1971-09-23,Female,O Negative,0,2003-04-18,879234454202400726,202400726,2025-06-12,"On 11-06-2025, a case of Grievous Hurt was reported at Bidar Town PS, Bidar district.",2025-06-11T15:00:00,2025-06-11T17:00:00,2025-06-12T11:00:00,17.8526,77.4782,"Incident occurred near coordinates 17.8526, 77.4782 within jurisdiction of Bidar Town PS.",Crimes Against Body,Grievous Hurt,IPC,Indian Penal Code,IPC,325,Punishment for voluntarily causing grievous hurt,1,1,Meena Nair,75,Private Employee,Hindu,General,Transgender,Rajesh Kumar,51,Female,0,Abhishek Kulkarni,43,Female,A1,1.0,2025-06-19T17:00:00,Karnataka,Bidar,Bidar Town PS,KA29401,Bidar District & Sessions Court,Abhishek Kulkarni,,,,
PAR,Heinous,Chargesheet Filed,Karnataka,Ballari,Ballari District & Sessions Court,Police Station,Ballari City PS,KA21082,Dev Patil,Head Constable,Circle Inspector,1970-09-12,Female,B Positive,0,2016-02-09,397197386202600727,202600727,2025-07-25,"On 20-07-2025, a case of Money Laundering was reported at Ballari City PS, Ballari district.",2025-07-20T06:00:00,2025-07-20T12:00:00,2025-07-21T00:00:00,15.1976,76.9465,"Incident occurred near coordinates 15.1976, 76.9465 within jurisdiction of Ballari City PS.",Financial Crime,Money Laundering,PMLA,"Prevention of Money Laundering Act, 2002",PMLA,3,Offence of money laundering,1,1,Rahul Nair,73,Private Employee,Hindu,General,Female,Divya Shenoy,67,Male,0,Suresh Sharma,44,Transgender,A1,1.0,2025-08-01T17:00:00,Karnataka,Ballari,Ballari City PS,KA21082,Ballari District & Sessions Court,Suresh Sharma,Kiran Gowda,2025-09-02T17:00:00,A,KA21082
PAR,Heinous,Chargesheet Filed,Karnataka,Ballari,Ballari District & Sessions Court,Police Station,Ballari City PS,KA21082,Dev Patil,Sub-Inspector,Station Writer,1997-12-27,Female,A Negative,1,2013-12-01,397197386202600727,202600727,2025-07-25,"On 20-07-2025, a case of Money Laundering was reported at Ballari City PS, Ballari district.",2025-07-20T06:00:00,2025-07-20T12:00:00,2025-07-21T00:00:00,15.1976,76.9465,"Incident occurred near coordinates 15.1976, 76.9465 within jurisdiction of Ballari City PS.",Financial Crime,Money Laundering,PMLA,"Prevention of Money Laundering Act, 2002",PMLA,3,Offence of money laundering,1,1,,,,,,,,,,0,Kiran Gowda,75,Male,A2,,,,,,,,,,,,
PAR,Non-Heinous,Undetected,Karnataka,Mangaluru,Dakshina Kannada District & Sessions Court,Police Station,Mangaluru Town PS,KA61180,Abhishek Singh,Sub-Inspector,Investigating Officer,1975-12-28,Female,AB Positive,0,2014-04-28,377991638202200728,202200728,2022-01-17,"On 12-01-2022, a case of Cryptocurrency Crime was reported at Mangaluru Town PS, Mangaluru district.",2022-01-12T12:00:00,2022-01-12T13:00:00,2022-01-13T11:00:00,12.8529,74.7766,"Incident occurred near coordinates 12.8529, 74.7766 within jurisdiction of Mangaluru Town PS.",Cyber Crime,Cryptocurrency Crime,ITA,"Information Technology Act, 2000",IT Act,66D,Cheating by personation using a computer resource,1,1,Deepak Naik,42,Private Employee,Hindu,General,Male,Tanvi Naik,51,Transgender,0,Chirag Shetty,56,Transgender,A1,,,,,,,,,,,,
Zero FIR,Heinous,Chargesheet Filed,Karnataka,Udupi,Udupi District & Sessions Court,Police Station,Udupi Town PS,KA12603,Isha Shenoy,Deputy Superintendent,Circle Inspector,1993-09-05,Female,A Positive,0,2003-11-14,818984973202500729,202500729,2022-02-28,"On 27-02-2022, a case of Grievous Hurt was reported at Udupi Town PS, Udupi district.",2022-02-27T06:00:00,2022-02-27T07:00:00,2022-02-27T12:00:00,13.276,74.717,"Incident occurred near coordinates 13.276, 74.717 within jurisdiction of Udupi Town PS.",Crimes Against Body,Grievous Hurt,IPC,Indian Penal Code,IPC,325,Punishment for voluntarily causing grievous hurt,1,1,Gautam Kamath,37,Private Employee,Hindu,General,Transgender,Deepak Joshi,43,Transgender,0,Hari Shetty,,Transgender,A1,1.0,2022-03-07T07:00:00,Karnataka,Udupi,Udupi Town PS,KA12603,Udupi District & Sessions Court,Hari Shetty,,2022-04-29T07:00:00,A,KA12603
Zero FIR,Non-Heinous,Chargesheet Filed,Karnataka,Belagavi,Belagavi District & Sessions Court,Police Station,Belagavi City PS,KA90008,Isha Patil,Sub-Inspector,Circle Inspector,1982-03-07,Male,O Positive,0,2009-02-22,877506041202200730,202200730,2023-11-19,"On 15-11-2023, a case of Drug Offence was reported at Belagavi City PS, Belagavi district.",2023-11-15T01:00:00,2023-11-15T04:00:00,2023-11-15T22:00:00,15.9296,74.4734,"Incident occurred near coordinates 15.9296, 74.4734 within jurisdiction of Belagavi City PS.",Narcotics,Drug Offence,NDPS,"Narcotic Drugs and Psychotropic Substances Act, 1985",NDPS,20,Punishment for cannabis-related offences,1,1,Sanjay Naik,36,Private Employee,Hindu,General,Female,Esha Joshi,17,Transgender,0,Bhavya Bhat,30,Male,A1,1.0,2023-11-26T03:00:00,Karnataka,Belagavi,Belagavi City PS,KA90008,Belagavi District & Sessions Court,Bhavya Bhat,,2024-01-06T03:00:00,C,KA90008
FIR,Non-Heinous,Report Beece (B-Report),Karnataka,Ballari,Ballari District & Sessions Court,Police Station,Ballari City PS,KA27523,Deepak Deshmukh,Head Constable,Investigating Officer,1972-12-16,Male,B Positive,0,2004-09-24,194946622202200731,202200731,2025-07-17,"On 15-07-2025, a case of Murder was reported at Ballari City PS, Ballari district.",2025-07-15T17:00:00,2025-07-15T22:00:00,2025-07-16T11:00:00,15.1165,76.856,"Incident occurred near coordinates 15.1165, 76.856 within jurisdiction of Ballari City PS.",Crimes Against Body,Murder,IPC,Indian Penal Code,IPC,302,Punishment for murder,1,1,Pooja Gowda,73,Private Employee,Hindu,General,Female,Anil Shenoy,60,Male,0,Sunil Gowda,72,Female,A1,1.0,2025-07-24T18:00:00,Karnataka,Ballari,Ballari City PS,KA27523,Ballari District & Sessions Court,Sunil Gowda,,,,
FIR,Heinous,Under Investigation,Karnataka,Vijayapura,Vijayapura District & Sessions Court,Police Station,Vijayapura Town PS,KA80792,Sunil Sharma,Constable,SHO,1986-05-19,Female,B Positive,0,2013-10-11,174264967202400732,202400732,2024-05-28,"On 26-05-2024, a case of Cryptocurrency Crime was reported at Vijayapura Town PS, Vijayapura district.",2024-05-26T00:00:00,2024-05-26T07:00:00,2024-05-26T18:00:00,16.8624,75.7481,"Incident occurred near coordinates 16.8624, 75.7481 within jurisdiction of Vijayapura Town PS.",Cyber Crime,Cryptocurrency Crime,ITA,"Information Technology Act, 2000",IT Act,66D,Cheating by personation using a computer resource,1,1,Abhishek Verma,32,Private Employee,Hindu,General,Female,Abhishek Verma,48,Male,0,Siddharth Sharma,55,Transgender,A1,1.0,2024-06-04T02:00:00,Karnataka,Vijayapura,Vijayapura Town PS,KA80792,Vijayapura District & Sessions Court,Siddharth Sharma,,,,
PAR,Non-Heinous,Chargesheet Filed,Karnataka,Chikkamagaluru,Chikkamagaluru District & Sessions Court,Police Station,Chikkamagaluru PS,KA73543,Vikram Naik,Inspector,Station Writer,1995-03-07,Female,AB Negative,1,2007-12-27,316654765202600733,202600733,2022-02-26,"On 22-02-2022, a case of Theft was reported at Chikkamagaluru PS, Chikkamagaluru district.",2022-02-22T23:00:00,2022-02-23T07:00:00,2022-02-23T11:00:00,13.316,75.705,"Incident occurred near coordinates 13.316, 75.705 within jurisdiction of Chikkamagaluru PS.",Property Crimes,Theft,IPC,Indian Penal Code,IPC,379,Punishment for theft,1,1,Deepak Singh,59,Private Employee,Hindu,General,Male,Divya Verma,44,Male,0,Suresh Das,37,Transgender,A1,1.0,2022-03-05T07:00:00,Karnataka,Chikkamagaluru,Chikkamagaluru PS,KA73543,Chikkamagaluru District & Sessions Court,Suresh Das,,2022-04-01T07:00:00,C,KA73543
FIR,Heinous,Under Investigation,Karnataka,Kolar,Kolar District & Sessions Court,Police Station,Kolar Town PS,KA55586,Vikram Das,Head Constable,SHO,1976-10-18,Male,A Positive,0,2000-04-12,134635194202600734,202600734,2022-10-21,"On 17-10-2022, a case of Burglary was reported at Kolar Town PS, Kolar district.",2022-10-17T12:00:00,2022-10-17T17:00:00,2022-10-18T04:00:00,13.1351,78.0656,"Incident occurred near coordinates 13.1351, 78.0656 within jurisdiction of Kolar Town PS.",Property Crimes,Burglary,IPC,Indian Penal Code,IPC,457,Lurking house-trespass or house-breaking by night,1,1,Nikhil Patil,44,Private Employee,Hindu,General,Male,Farhan Hegde,47,Male,0,Dev Hegde,,Female,A1,1.0,2022-10-28T15:00:00,Karnataka,Kolar,Kolar Town PS,KA55586,Kolar District & Sessions Court,Dev Hegde,,,,
FIR,Heinous,Report Beece (B-Report),Karnataka,Bengaluru Rural,Bengaluru Rural District & Sessions Court,Police Station,Bengaluru Rural PS,KA17152,Ananya Kumar,Head Constable,SHO,1988-04-12,Female,A Positive,1,2012-11-25,190833864202400735,202400735,2025-04-12,"On 09-04-2025, a case of Cryptocurrency Crime was reported at Bengaluru Rural PS, Bengaluru Rural district.",2025-04-09T03:00:00,2025-04-09T09:00:00,2025-04-10T03:00:00,13.2325,77.613,"Incident occurred near coordinates 13.2325, 77.613 within jurisdiction of Bengaluru Rural PS.",Cyber Crime,Cryptocurrency Crime,ITA,"Information Technology Act, 2000",IT Act,66D,Cheating by personation using a computer resource,1,1,Hari Sharma,60,Private Employee,Hindu,General,Male,Aditi Joshi,38,Transgender,0,Chirag Rao,26,Transgender,A1,1.0,2025-04-19T11:00:00,Karnataka,Bengaluru Rural,Bengaluru Rural PS,KA17152,Bengaluru Rural District & Sessions Court,Chirag Rao,,,,
FIR,Non-Heinous,Chargesheet Filed,Karnataka,Vijayapura,Vijayapura District & Sessions Court,Police Station,Vijayapura Town PS,KA18355,Aarav Gowda,Deputy Superintendent,Station Writer,1981-03-19,Male,A Positive,0,2015-04-14,159457074202500736,202500736,2025-08-29,"On 28-08-2025, a case of Cheating was reported at Vijayapura Town PS, Vijayapura district.",2025-08-28T10:00:00,2025-08-28T15:00:00,2025-08-28T21:00:00,16.8891,75.7078,"Incident occurred near coordinates 16.8891, 75.7078 within jurisdiction of Vijayapura Town PS.",Financial Crime,Cheating,IPC,Indian Penal Code,IPC,420,Cheating and dishonestly inducing delivery of property,1,1,Aarav Kumar,43,Private Employee,Hindu,General,Female,Chirag Shenoy,56,Male,0,Anil Hegde,,Transgender,A1,1.0,2025-09-05T18:00:00,Karnataka,Vijayapura,Vijayapura Town PS,KA18355,Vijayapura District & Sessions Court,Anil Hegde,,2025-10-13T18:00:00,B,KA18355
Zero FIR,Heinous,Under Investigation,Karnataka,Hassan,Hassan District & Sessions Court,Police Station,Hassan Town PS,KA27478,Vikram Pai,Constable,Investigating Officer,1985-06-08,Male,B Negative,0,2005-07-20,874761840202300737,202300737,2023-08-07,"On 06-08-2023, a case of Cryptocurrency Crime was reported at Hassan Town PS, Hassan district.",2023-08-06T12:00:00,2023-08-06T14:00:00,2023-08-07T11:00:00,13.0077,76.1536,"Incident occurred near coordinates 13.0077, 76.1536 within jurisdiction of Hassan Town PS.",Cyber Crime,Cryptocurrency Crime,ITA,"Information Technology Act, 2000",IT Act,66D,Cheating by personation using a computer resource,1,1,Rajesh Naik,34,Private Employee,Hindu,General,Transgender,Esha Reddy,49,Transgender,0,Esha Shenoy,,Female,A1,1.0,2023-08-14T15:00:00,Karnataka,Hassan,Hassan Town PS,KA27478,Hassan District & Sessions Court,Esha Shenoy,,,,
UDR,Non-Heinous,Chargesheet Filed,Karnataka,Belagavi,Belagavi District & Sessions Court,Police Station,Belagavi City PS,KA58415,Pooja Das,Constable,Station Writer,1978-03-09,Female,B Negative,0,2011-05-04,236114973202200738,202200738,2024-03-13,"On 09-03-2024, a case of Cryptocurrency Crime was reported at Belagavi City PS, Belagavi district.",2024-03-09T21:00:00,2024-03-10T02:00:00,2024-03-10T21:00:00,15.8181,74.5582,"Incident occurred near coordinates 15.8181, 74.5582 within jurisdiction of Belagavi City PS.",Cyber Crime,Cryptocurrency Crime,ITA,"Information Technology Act, 2000",IT Act,66D,Cheating by personation using a computer resource,1,1,Suresh Deshmukh,53,Private Employee,Hindu,General,Female,Isha Joshi,28,Male,0,Deepak Gowda,,Transgender,A1,1.0,2024-03-20T09:00:00,Karnataka,Belagavi,Belagavi City PS,KA58415,Belagavi District & Sessions Court,Deepak Gowda,,2024-05-04T09:00:00,C,KA58415
UDR,Heinous,Report Beece (B-Report),Karnataka,Kalaburagi,Kalaburagi District & Sessions Court,Police Station,Kalaburagi City PS,KA44943,Anil Reddy,Deputy Superintendent,Circle Inspector,1979-01-18,Female,B Negative,0,2006-07-06,279143903202500739,202500739,2022-10-11,"On 07-10-2022, a case of Robbery was reported at Kalaburagi City PS, Kalaburagi district.",2022-10-07T21:00:00,2022-10-08T04:00:00,2022-10-08T00:00:00,17.2721,76.8813,"Incident occurred near coordinates 17.2721, 76.8813 within jurisdiction of Kalaburagi City PS.",Property Crimes,Robbery,IPC,Indian Penal Code,IPC,392,Punishment for robbery,1,1,Suresh Shetty,56,Private Employee,Hindu,General,Male,Rajesh Kamath,5,Transgender,0,Tanvi Naik,31,Female,A1,1.0,2022-10-18T09:00:00,Karnataka,Kalaburagi,Kalaburagi City PS,KA44943,Kalaburagi District & Sessions Court,Tanvi Naik,Bhavya Verma,,,
UDR,Non-Heinous,Report Beece (B-Report),Karnataka,Kalaburagi,Kalaburagi District & Sessions Court,Police Station,Kalaburagi City PS,KA44943,Anil Reddy,Inspector,Investigating Officer,1995-07-04,Male,B Positive,0,2018-06-15,279143903202500739,202500739,2022-10-11,"On 07-10-2022, a case of Robbery was reported at Kalaburagi City PS, Kalaburagi district.",2022-10-07T21:00:00,2022-10-08T04:00:00,2022-10-08T00:00:00,17.2721,76.8813,"Incident occurred near coordinates 17.2721, 76.8813 within jurisdiction of Kalaburagi City PS.",Property Crimes,Robbery,IPC,Indian Penal Code,IPC,392,Punishment for robbery,1,1,,,,,,,,,,0,Bhavya Verma,64,Male,A2,,,,,,,,,,,,
UDR,Heinous,Report Beece (B-Report),Karnataka,Mangaluru,Dakshina Kannada District & Sessions Court,Police Station,Mangaluru Town PS,KA64098,Deepak Singh,Sub-Inspector,Circle Inspector,1982-08-06,Female,B Positive,0,2010-10-02,293788728202400740,202400740,2023-12-29,"On 26-12-2023, a case of Burglary was reported at Mangaluru Town PS, Mangaluru district.",2023-12-26T21:00:00,2023-12-27T04:00:00,2023-12-27T11:00:00,12.9073,74.931,"Incident occurred near coordinates 12.9073, 74.931 within jurisdiction of Mangaluru Town PS.",Property Crimes,Burglary,IPC,Indian Penal Code,IPC,457,Lurking house-trespass or house-breaking by night,1,1,Kavya Kulkarni,41,Private Employee,Hindu,General,Female,Farhan Singh,22,Transgender,0,Hari Bhat,74,Male,A1,1.0,2024-01-05T23:00:00,Karnataka,Mangaluru,Mangaluru Town PS,KA64098,Dakshina Kannada District & Sessions Court,Hari Bhat,,,,
PAR,Heinous,Chargesheet Filed,Karnataka,Davangere,Davangere District & Sessions Court,Police Station,Davangere Extension PS,KA24726,Esha Bhat,Inspector,Investigating Officer,1993-02-01,Male,A Negative,0,2000-01-12,374505313202200741,202200741,2024-03-18,"On 16-03-2024, a case of Cryptocurrency Crime was reported at Davangere Extension PS, Davangere district.",2024-03-16T23:00:00,2024-03-17T03:00:00,2024-03-17T03:00:00,14.4972,75.8945,"Incident occurred near coordinates 14.4972, 75.8945 within jurisdiction of Davangere Extension PS.",Cyber Crime,Cryptocurrency Crime,ITA,"Information Technology Act, 2000",IT Act,66D,Cheating by personation using a computer resource,1,1,Deepak Sharma,67,Private Employee,Hindu,General,Transgender,Rajesh Verma,7,Female,0,Siddharth Reddy,,Male,A1,1.0,2024-03-25T08:00:00,Karnataka,Davangere,Davangere Extension PS,KA24726,Davangere District & Sessions Court,Siddharth Reddy,Gautam Kulkarni,2024-04-30T08:00:00,C,KA24726
PAR,Non-Heinous,Chargesheet Filed,Karnataka,Davangere,Davangere District & Sessions Court,Police Station,Davangere Extension PS,KA24726,Esha Bhat,Sub-Inspector,Investigating Officer,1998-09-22,Male,A Negative,1,2002-09-20,374505313202200741,202200741,2024-03-18,"On 16-03-2024, a case of Cryptocurrency Crime was reported at Davangere Extension PS, Davangere district.",2024-03-16T23:00:00,2024-03-17T03:00:00,2024-03-17T03:00:00,14.4972,75.8945,"Incident occurred near coordinates 14.4972, 75.8945 within jurisdiction of Davangere Extension PS.",Cyber Crime,Cryptocurrency Crime,ITA,"Information Technology Act, 2000",IT Act,66D,Cheating by personation using a computer resource,1,1,,,,,,,,,,0,Gautam Kulkarni,,Transgender,A2,,,,,,,,,,,,
Zero FIR,Non-Heinous,Report Beece (B-Report),Karnataka,Kolar,Kolar District & Sessions Court,Police Station,Kolar Town PS,KA44357,Sunil Pai,Deputy Superintendent,Station Writer,1989-07-19,Male,A Positive,0,2002-02-12,870774801202300742,202300742,2024-12-25,"On 22-12-2024, a case of Dark Web Crime was reported at Kolar Town PS, Kolar district.",2024-12-22T01:00:00,2024-12-22T06:00:00,2024-12-22T05:00:00,13.0763,78.1558,"Incident occurred near coordinates 13.0763, 78.1558 within jurisdiction of Kolar Town PS.",Cyber Crime,Dark Web Crime,ITA,"Information Technology Act, 2000",IT Act,67,Publishing/transmitting obscene material electronically,1,1,Tanvi Pai,71,Private Employee,Hindu,General,Male,Dev Bhat,19,Transgender,0,Bhavya Rao,,Transgender,A1,1.0,2025-01-01T02:00:00,Karnataka,Kolar,Kolar Town PS,KA44357,Kolar District & Sessions Court,Bhavya Rao,,,,
Zero FIR,Non-Heinous,Report Beece (B-Report),Karnataka,Kolar,Kolar District & Sessions Court,Police Station,Kolar Town PS,KA41657,Rahul Verma,Inspector,SHO,1992-12-05,Male,A Negative,0,2006-11-26,874506491202400743,202400743,2025-09-08,"On 03-09-2025, a case of Assault was reported at Kolar Town PS, Kolar district.",2025-09-03T15:00:00,2025-09-03T22:00:00,2025-09-03T17:00:00,13.0936,78.1045,"Incident occurred near coordinates 13.0936, 78.1045 within jurisdiction of Kolar Town PS.",Crimes Against Body,Assault,IPC,Indian Penal Code,IPC,351,Assault,1,1,Abhishek Kamath,64,Private Employee,Hindu,General,Transgender,Farhan Sharma,19,Transgender,0,Hari Shenoy,64,Female,A1,1.0,2025-09-15T23:00:00,Karnataka,Kolar,Kolar Town PS,KA41657,Kolar District & Sessions Court,Hari Shenoy,,,,
UDR,Heinous,Undetected,Karnataka,Mandya,Mandya District & Sessions Court,Police Station,Mandya Town PS,KA70676,Aditi Reddy,Head Constable,Investigating Officer,1984-07-06,Female,B Negative,0,2015-01-22,227395063202400744,202400744,2024-04-04,"On 30-03-2024, a case of Dark Web Crime was reported at Mandya Town PS, Mandya district.",2024-03-30T07:00:00,2024-03-30T14:00:00,2024-03-31T03:00:00,12.5852,76.8549,"Incident occurred near coordinates 12.5852, 76.8549 within jurisdiction of Mandya Town PS.",Cyber Crime,Dark Web Crime,ITA,"Information Technology Act, 2000",IT Act,67,Publishing/transmitting obscene material electronically,1,1,Priya Singh,66,Private Employee,Hindu,General,Transgender,Vikram Patil,50,Male,0,Abhishek Patil,,Male,A1,,,,,,,,,,,,
UDR,Heinous,Chargesheet Filed,Karnataka,Udupi,Udupi District & Sessions Court,Police Station,Udupi Town PS,KA87676,Isha Bhat,Head Constable,SHO,1980-12-28,Female,AB Positive,0,2004-09-12,230412535202400745,202400745,2023-05-28,"On 23-05-2023, a case of Money Laundering was reported at Udupi Town PS, Udupi district.",2023-05-23T17:00:00,2023-05-24T00:00:00,2023-05-24T08:00:00,13.2819,74.7992,"Incident occurred near coordinates 13.2819, 74.7992 within jurisdiction of Udupi Town PS.",Financial Crime,Money Laundering,PMLA,"Prevention of Money Laundering Act, 2002",PMLA,3,Offence of money laundering,1,1,Aarav Deshmukh,35,Private Employee,Hindu,General,Male,Aarav Das,26,Transgender,0,Sunil Verma,59,Male,A1,1.0,2023-06-04T19:00:00,Karnataka,Udupi,Udupi Town PS,KA87676,Udupi District & Sessions Court,Sunil Verma,,2023-07-27T19:00:00,C,KA87676
Zero FIR,Non-Heinous,Under Investigation,Karnataka,Mysuru,Mysuru District & Sessions Court,Police Station,Saraswathipuram PS,KA78364,Vikram Rao,Inspector,Circle Inspector,1989-12-24,Female,O Negative,0,2014-04-08,853968947202300746,202300746,2023-12-31,"On 29-12-2023, a case of Drug Offence was reported at Saraswathipuram PS, Mysuru district.",2023-12-29T05:00:00,2023-12-29T06:00:00,2023-12-29T09:00:00,12.2328,76.6217,"Incident occurred near coordinates 12.2328, 76.6217 within jurisdiction of Saraswathipuram PS.",Narcotics,Drug Offence,NDPS,"Narcotic Drugs and Psychotropic Substances Act, 1985",NDPS,20,Punishment for cannabis-related offences,1,1,Deepak Gowda,33,Private Employee,Hindu,General,Male,Dev Kulkarni,33,Female,0,Rajesh Shetty,56,Female,A1,1.0,2024-01-07T09:00:00,Karnataka,Mysuru,Saraswathipuram PS,KA78364,Mysuru District & Sessions Court,Rajesh Shetty,,,,
PAR,Heinous,Report Beece (B-Report),Karnataka,Mysuru,Mysuru District & Sessions Court,Police Station,Saraswathipuram PS,KA83462,Chirag Shetty,Sub-Inspector,Circle Inspector,1995-10-05,Male,A Positive,0,2008-12-11,356697310202600747,202600747,2024-09-30,"On 26-09-2024, a case of Drug Offence was reported at Saraswathipuram PS, Mysuru district.",2024-09-26T09:00:00,2024-09-26T13:00:00,2024-09-27T04:00:00,12.3401,76.5871,"Incident occurred near coordinates 12.3401, 76.5871 within jurisdiction of Saraswathipuram PS.",Narcotics,Drug Offence,NDPS,"Narcotic Drugs and Psychotropic Substances Act, 1985",NDPS,20,Punishment for cannabis-related offences,1,1,Chirag Bhat,38,Private Employee,Hindu,General,Transgender,Chirag Hegde,52,Transgender,0,Esha Gowda,70,Transgender,A1,1.0,2024-10-07T16:00:00,Karnataka,Mysuru,Saraswathipuram PS,KA83462,Mysuru District & Sessions Court,Esha Gowda,Aarav Das,,,
PAR,Non-Heinous,Report Beece (B-Report),Karnataka,Mysuru,Mysuru District & Sessions Court,Police Station,Saraswathipuram PS,KA83462,Chirag Shetty,Deputy Superintendent,Circle Inspector,1992-03-06,Male,O Negative,1,2000-11-13,356697310202600747,202600747,2024-09-30,"On 26-09-2024, a case of Drug Offence was reported at Saraswathipuram PS, Mysuru district.",2024-09-26T09:00:00,2024-09-26T13:00:00,2024-09-27T04:00:00,12.3401,76.5871,"Incident occurred near coordinates 12.3401, 76.5871 within jurisdiction of Saraswathipuram PS.",Narcotics,Drug Offence,NDPS,"Narcotic Drugs and Psychotropic Substances Act, 1985",NDPS,20,Punishment for cannabis-related offences,1,1,,,,,,,,,,0,Aarav Das,,Female,A2,,,,,,,,,,,,
PAR,Heinous,Chargesheet Filed,Karnataka,Tumakuru,Tumakuru District & Sessions Court,Police Station,Tumakuru Town PS,KA97480,Priya Hegde,Constable,Investigating Officer,1989-01-07,Male,A Negative,1,2015-11-05,373286610202400748,202400748,2025-03-10,"On 09-03-2025, a case of Assault was reported at Tumakuru Town PS, Tumakuru district.",2025-03-09T10:00:00,2025-03-09T14:00:00,2025-03-10T01:00:00,13.3751,77.0769,"Incident occurred near coordinates 13.3751, 77.0769 within jurisdiction of Tumakuru Town PS.",Crimes Against Body,Assault,IPC,Indian Penal Code,IPC,351,Assault,1,1,Anil Deshmukh,78,Private Employee,Hindu,General,Male,Rajesh Reddy,9,Male,0,Bhavya Verma,,Female,A1,1.0,2025-03-17T15:00:00,Karnataka,Tumakuru,Tumakuru Town PS,KA97480,Tumakuru District & Sessions Court,Bhavya Verma,,2025-04-21T15:00:00,C,KA97480
FIR,Heinous,Undetected,Karnataka,Bengaluru Rural,Bengaluru Rural District & Sessions Court,Police Station,Bengaluru Rural PS,KA81408,Bhavya Das,Deputy Superintendent,SHO,1998-06-19,Male,AB Negative,0,2007-04-05,185558193202300749,202300749,2024-10-27,"On 21-10-2024, a case of Grievous Hurt was reported at Bengaluru Rural PS, Bengaluru Rural district.",2024-10-21T20:00:00,2024-10-22T01:00:00,2024-10-22T16:00:00,13.2478,77.6313,"Incident occurred near coordinates 13.2478, 77.6313 within jurisdiction of Bengaluru Rural PS.",Crimes Against Body,Grievous Hurt,IPC,Indian Penal Code,IPC,325,Punishment for voluntarily causing grievous hurt,1,1,Divya Das,24,Private Employee,Hindu,General,Female,Manish Gowda,68,Male,0,Isha Reddy,64,Transgender,A1,,,,,,,,,,,,
FIR,Non-Heinous,Undetected,Karnataka,Chikkamagaluru,Chikkamagaluru District & Sessions Court,Police Station,Chikkamagaluru PS,KA22268,Meena Shetty,Sub-Inspector,Investigating Officer,1972-05-24,Female,A Positive,0,2019-11-27,136997912202600750,202600750,2025-10-01,"On 29-09-2025, a case of Robbery was reported at Chikkamagaluru PS, Chikkamagaluru district.",2025-09-29T03:00:00,2025-09-29T11:00:00,2025-09-29T06:00:00,13.2967,75.7938,"Incident occurred near coordinates 13.2967, 75.7938 within jurisdiction of Chikkamagaluru PS.",Property Crimes,Robbery,IPC,Indian Penal Code,IPC,392,Punishment for robbery,1,1,Nikhil Kamath,27,Private Employee,Hindu,General,Female,Gautam Kumar,60,Female,0,Divya Singh,41,Female,A1,,,,,,,,,,,,
FIR,Heinous,Chargesheet Filed,Karnataka,Davangere,Davangere District & Sessions Court,Police Station,Davangere Extension PS,KA90922,Sanjay Sharma,Sub-Inspector,Investigating Officer,1985-05-18,Female,B Positive,0,2018-05-14,156281338202600751,202600751,2025-02-19,"On 16-02-2025, a case of Cyber Crime was reported at Davangere Extension PS, Davangere district.",2025-02-16T20:00:00,2025-02-16T23:00:00,2025-02-16T23:00:00,14.5267,76.0005,"Incident occurred near coordinates 14.5267, 76.0005 within jurisdiction of Davangere Extension PS.",Cyber Crime,Cyber Crime,ITA,"Information Technology Act, 2000",IT Act,66C,Identity theft using computer resource,1,1,Priya Pai,48,Private Employee,Hindu,General,Transgender,Siddharth Kulkarni,56,Male,0,Esha Das,27,Female,A1,1.0,2025-02-26T05:00:00,Karnataka,Davangere,Davangere Extension PS,KA90922,Davangere District & Sessions Court,Esha Das,Suresh Pai,2025-03-25T05:00:00,A,KA90922
FIR,Heinous,Chargesheet Filed,Karnataka,Davangere,Davangere District & Sessions Court,Police Station,Davangere Extension PS,KA90922,Sanjay Sharma,Deputy Superintendent,Investigating Officer,1981-05-22,Female,B Positive,1,2015-11-19,156281338202600751,202600751,2025-02-19,"On 16-02-2025, a case of Cyber Crime was reported at Davangere Extension PS, Davangere district.",2025-02-16T20:00:00,2025-02-16T23:00:00,2025-02-16T23:00:00,14.5267,76.0005,"Incident occurred near coordinates 14.5267, 76.0005 within jurisdiction of Davangere Extension PS.",Cyber Crime,Cyber Crime,ITA,"Information Technology Act, 2000",IT Act,66C,Identity theft using computer resource,1,1,,,,,,,,,,0,Suresh Pai,,Transgender,A2,,,,,,,,,,,,
FIR,Non-Heinous,Chargesheet Filed,Karnataka,Mandya,Mandya District & Sessions Court,Police Station,Mandya Town PS,KA16693,Priya Kumar,Sub-Inspector,Station Writer,1983-08-09,Female,AB Positive,0,2002-08-10,152037817202300752,202300752,2024-06-20,"On 14-06-2024, a case of Burglary was reported at Mandya Town PS, Mandya district.",2024-06-14T14:00:00,2024-06-14T21:00:00,2024-06-14T18:00:00,12.5456,76.9394,"Incident occurred near coordinates 12.5456, 76.9394 within jurisdiction of Mandya Town PS.",Property Crimes,Burglary,IPC,Indian Penal Code,IPC,457,Lurking house-trespass or house-breaking by night,1,1,Tanvi Patil,48,Private Employee,Hindu,General,Male,Abhishek Bhat,34,Female,0,Deepak Joshi,39,Female,A1,1.0,2024-06-27T02:00:00,Karnataka,Mandya,Mandya Town PS,KA16693,Mandya District & Sessions Court,Deepak Joshi,,2024-07-23T02:00:00,A,KA16693
FIR,Non-Heinous,Under Investigation,Karnataka,Davangere,Davangere District & Sessions Court,Police Station,Davangere Extension PS,KA44084,Meena Shenoy,Head Constable,Investigating Officer,1985-02-02,Male,B Negative,0,2004-06-22,122226250202600753,202600753,2023-09-25,"On 21-09-2023, a case of Dark Web Crime was reported at Davangere Extension PS, Davangere district.",2023-09-21T22:00:00,2023-09-21T23:00:00,2023-09-22T16:00:00,14.4634,75.9204,"Incident occurred near coordinates 14.4634, 75.9204 within jurisdiction of Davangere Extension PS.",Cyber Crime,Dark Web Crime,ITA,"Information Technology Act, 2000",IT Act,67,Publishing/transmitting obscene material electronically,1,1,Tanvi Shetty,72,Private Employee,Hindu,General,Transgender,Farhan Bhat,13,Male,0,Hari Singh,,Female,A1,1.0,2023-10-02T23:00:00,Karnataka,Davangere,Davangere Extension PS,KA44084,Davangere District & Sessions Court,Hari Singh,,,,
PAR,Heinous,Report Beece (B-Report),Karnataka,Bidar,Bidar District & Sessions Court,Police Station,Bidar Town PS,KA89444,Rahul Hegde,Constable,Investigating Officer,1991-05-05,Male,B Positive,0,2020-09-21,380875025202500754,202500754,2023-01-28,"On 23-01-2023, a case of Murder was reported at Bidar Town PS, Bidar district.",2023-01-23T19:00:00,2023-01-23T21:00:00,2023-01-24T03:00:00,17.8558,77.5298,"Incident occurred near coordinates 17.8558, 77.5298 within jurisdiction of Bidar Town PS.",Crimes Against Body,Murder,IPC,Indian Penal Code,IPC,302,Punishment for murder,1,1,Manish Sharma,75,Private Employee,Hindu,General,Female,Farhan Singh,33,Male,0,Bhavya Pai,21,Transgender,A1,1.0,2023-02-04T22:00:00,Karnataka,Bidar,Bidar Town PS,KA89444,Bidar District & Sessions Court,Bhavya Pai,,,,
PAR,Heinous,Under Investigation,Karnataka,Bidar,Bidar District & Sessions Court,Police Station,Bidar Town PS,KA80132,Anil Joshi,Constable,Station Writer,1981-02-15,Male,B Positive,0,2002-11-01,345281951202200755,202200755,2023-06-30,"On 29-06-2023, a case of Robbery was reported at Bidar Town PS, Bidar district.",2023-06-29T11:00:00,2023-06-29T15:00:00,2023-06-30T08:00:00,17.8674,77.5485,"Incident occurred near coordinates 17.8674, 77.5485 within jurisdiction of Bidar Town PS.",Property Crimes,Robbery,IPC,Indian Penal Code,IPC,392,Punishment for robbery,1,1,Tanvi Singh,66,Private Employee,Hindu,General,Female,Vikram Kamath,9,Transgender,0,Bhavya Joshi,59,Male,A1,1.0,2023-07-07T19:00:00,Karnataka,Bidar,Bidar Town PS,KA80132,Bidar District & Sessions Court,Bhavya Joshi,Meena Reddy,,,
PAR,Heinous,Under Investigation,Karnataka,Bidar,Bidar District & Sessions Court,Police Station,Bidar Town PS,KA80132,Anil Joshi,Deputy Superintendent,SHO,1982-06-07,Male,A Negative,0,2004-10-21,345281951202200755,202200755,2023-06-30,"On 29-06-2023, a case of Robbery was reported at Bidar Town PS, Bidar district.",2023-06-29T11:00:00,2023-06-29T15:00:00,2023-06-30T08:00:00,17.8674,77.5485,"Incident occurred near coordinates 17.8674, 77.5485 within jurisdiction of Bidar Town PS.",Property Crimes,Robbery,IPC,Indian Penal Code,IPC,392,Punishment for robbery,1,1,,,,,,,,,,0,Meena Reddy,29,Male,A2,,,,,,,,,,,,
Zero FIR,Heinous,Undetected,Karnataka,Mandya,Mandya District & Sessions Court,Police Station,Mandya Town PS,KA78970,Tanvi Joshi,Sub-Inspector,Investigating Officer,1985-06-27,Female,A Positive,0,2015-07-16,813262109202600756,202600756,2023-03-22,"On 20-03-2023, a case of Burglary was reported at Mandya Town PS, Mandya district.",2023-03-20T00:00:00,2023-03-20T08:00:00,2023-03-20T12:00:00,12.4898,76.9659,"Incident occurred near coordinates 12.4898, 76.9659 within jurisdiction of Mandya Town PS.",Property Crimes,Burglary,IPC,Indian Penal Code,IPC,457,Lurking house-trespass or house-breaking by night,1,1,Anil Hegde,62,Private Employee,Hindu,General,Male,Nikhil Kulkarni,9,Female,0,Farhan Patil,66,Female,A1,,,,,,,,,,,,
PAR,Heinous,Under Investigation,Karnataka,Udupi,Udupi District & Sessions Court,Police Station,Udupi Town PS,KA46109,Hari Shenoy,Constable,Circle Inspector,1973-08-14,Female,B Negative,0,2002-12-10,339329381202400757,202400757,2025-05-07,"On 02-05-2025, a case of Murder was reported at Udupi Town PS, Udupi district.",2025-05-02T15:00:00,2025-05-02T16:00:00,2025-05-03T04:00:00,13.4043,74.7191,"Incident occurred near coordinates 13.4043, 74.7191 within jurisdiction of Udupi Town PS.",Crimes Against Body,Murder,IPC,Indian Penal Code,IPC,302,Punishment for murder,1,1,Anil Pai,52,Private Employee,Hindu,General,Transgender,Suresh Pai,64,Male,0,Anil Kamath,,Transgender,A1,1.0,2025-05-14T16:00:00,Karnataka,Udupi,Udupi Town PS,KA46109,Udupi District & Sessions Court,Anil Kamath,"Ananya Kamath,Suresh Sharma",,,
PAR,Non-Heinous,Under Investigation,Karnataka,Udupi,Udupi District & Sessions Court,Police Station,Udupi Town PS,KA46109,Hari Shenoy,Head Constable,Investigating Officer,1981-06-20,Female,A Positive,0,2019-07-15,339329381202400757,202400757,2025-05-07,"On 02-05-2025, a case of Murder was reported at Udupi Town PS, Udupi district.",2025-05-02T15:00:00,2025-05-02T16:00:00,2025-05-03T04:00:00,13.4043,74.7191,"Incident occurred near coordinates 13.4043, 74.7191 within jurisdiction of Udupi Town PS.",Crimes Against Body,Murder,IPC,Indian Penal Code,IPC,302,Punishment for murder,1,1,,,,,,,,,,0,Ananya Kamath,44,Female,A2,,,,,,,,,,,,
PAR,Heinous,Under Investigation,Karnataka,Udupi,Udupi District & Sessions Court,Police Station,Udupi Town PS,KA46109,Hari Shenoy,Sub-Inspector,Station Writer,1975-11-14,Female,AB Positive,1,2020-12-01,339329381202400757,202400757,2025-05-07,"On 02-05-2025, a case of Murder was reported at Udupi Town PS, Udupi district.",2025-05-02T15:00:00,2025-05-02T16:00:00,2025-05-03T04:00:00,13.4043,74.7191,"Incident occurred near coordinates 13.4043, 74.7191 within jurisdiction of Udupi Town PS.",Crimes Against Body,Murder,IPC,Indian Penal Code,IPC,302,Punishment for murder,1,1,,,,,,,,,,0,Suresh Sharma,,Transgender,A3,,,,,,,,,,,,
FIR,Non-Heinous,Report Beece (B-Report),Karnataka,Hubballi-Dharwad,Dharwad District & Sessions Court,Police Station,Dharwad Town PS,KA26842,Chirag Kulkarni,Deputy Superintendent,Station Writer,1984-11-04,Male,A Negative,0,2016-06-19,162696559202500758,202500758,2025-08-22,"On 17-08-2025, a case of Drug Offence was reported at Dharwad Town PS, Hubballi-Dharwad district.",2025-08-17T09:00:00,2025-08-17T11:00:00,2025-08-18T00:00:00,15.3317,75.1781,"Incident occurred near coordinates 15.3317, 75.1781 within jurisdiction of Dharwad Town PS.",Narcotics,Drug Offence,NDPS,"Narcotic Drugs and Psychotropic Substances Act, 1985",NDPS,20,Punishment for cannabis-related offences,1,1,Aditi Reddy,69,Private Employee,Hindu,General,Male,Bhavya Bhat,70,Male,0,Suresh Verma,71,Female,A1,1.0,2025-08-29T21:00:00,Karnataka,Hubballi-Dharwad,Dharwad Town PS,KA26842,Dharwad District & Sessions Court,Suresh Verma,,,,
Zero FIR,Heinous,Chargesheet Filed,Karnataka,Mysuru,Mysuru District & Sessions Court,Police Station,Saraswathipuram PS,KA14594,Vikram Deshmukh,Sub-Inspector,SHO,1982-04-28,Female,AB Positive,1,2012-05-04,853454850202500759,202500759,2025-10-25,"On 20-10-2025, a case of Cheating was reported at Saraswathipuram PS, Mysuru district.",2025-10-20T01:00:00,2025-10-20T06:00:00,2025-10-20T13:00:00,12.2398,76.6924,"Incident occurred near coordinates 12.2398, 76.6924 within jurisdiction of Saraswathipuram PS.",Financial Crime,Cheating,IPC,Indian Penal Code,IPC,420,Cheating and dishonestly inducing delivery of property,1,1,Kiran Sharma,29,Private Employee,Hindu,General,Transgender,Kavya Singh,12,Transgender,0,Vikram Kamath,36,Female,A1,1.0,2025-11-01T08:00:00,Karnataka,Mysuru,Saraswathipuram PS,KA14594,Mysuru District & Sessions Court,Vikram Kamath,Deepak Singh,2025-11-10T08:00:00,A,KA14594
Zero FIR,Heinous,Chargesheet Filed,Karnataka,Mysuru,Mysuru District & Sessions Court,Police Station,Saraswathipuram PS,KA14594,Vikram Deshmukh,Inspector,Circle Inspector,1976-02-11,Female,A Negative,0,2002-01-05,853454850202500759,202500759,2025-10-25,"On 20-10-2025, a case of Cheating was reported at Saraswathipuram PS, Mysuru district.",2025-10-20T01:00:00,2025-10-20T06:00:00,2025-10-20T13:00:00,12.2398,76.6924,"Incident occurred near coordinates 12.2398, 76.6924 within jurisdiction of Saraswathipuram PS.",Financial Crime,Cheating,IPC,Indian Penal Code,IPC,420,Cheating and dishonestly inducing delivery of property,1,1,,,,,,,,,,0,Deepak Singh,,Male,A2,,,,,,,,,,,,
UDR,Heinous,Report Beece (B-Report),Karnataka,Davangere,Davangere District & Sessions Court,Police Station,Davangere Extension PS,KA95226,Suresh Naik,Constable,Investigating Officer,1977-01-13,Female,B Positive,0,2000-12-28,265699597202200760,202200760,2022-09-12,"On 11-09-2022, a case of Dark Web Crime was reported at Davangere Extension PS, Davangere district.",2022-09-11T08:00:00,2022-09-11T10:00:00,2022-09-12T04:00:00,14.5123,75.9466,"Incident occurred near coordinates 14.5123, 75.9466 within jurisdiction of Davangere Extension PS.",Cyber Crime,Dark Web Crime,ITA,"Information Technology Act, 2000",IT Act,67,Publishing/transmitting obscene material electronically,1,1,Dev Shenoy,58,Private Employee,Hindu,General,Transgender,Pooja Sharma,9,Female,0,Kiran Patil,59,Female,A1,1.0,2022-09-19T16:00:00,Karnataka,Davangere,Davangere Extension PS,KA95226,Davangere District & Sessions Court,Kiran Patil,,,,
FIR,Non-Heinous,Under Investigation,Karnataka,Vijayapura,Vijayapura District & Sessions Court,Police Station,Vijayapura Town PS,KA71870,Ananya Shetty,Deputy Superintendent,Investigating Officer,1993-10-03,Male,B Negative,0,2007-02-04,131592283202400761,202400761,2025-09-11,"On 08-09-2025, a case of Cryptocurrency Crime was reported at Vijayapura Town PS, Vijayapura district.",2025-09-08T14:00:00,2025-09-08T18:00:00,2025-09-09T06:00:00,16.7611,75.7781,"Incident occurred near coordinates 16.7611, 75.7781 within jurisdiction of Vijayapura Town PS.",Cyber Crime,Cryptocurrency Crime,ITA,"Information Technology Act, 2000",IT Act,66D,Cheating by personation using a computer resource,1,1,Rajesh Sharma,78,Private Employee,Hindu,General,Male,Siddharth Bhat,54,Transgender,0,Aarav Kulkarni,,Female,A1,1.0,2025-09-18T17:00:00,Karnataka,Vijayapura,Vijayapura Town PS,KA71870,Vijayapura District & Sessions Court,Aarav Kulkarni,Kiran Reddy,,,
FIR,Heinous,Under Investigation,Karnataka,Vijayapura,Vijayapura District & Sessions Court,Police Station,Vijayapura Town PS,KA71870,Ananya Shetty,Deputy Superintendent,Station Writer,1981-02-19,Male,AB Negative,0,2005-05-27,131592283202400761,202400761,2025-09-11,"On 08-09-2025, a case of Cryptocurrency Crime was reported at Vijayapura Town PS, Vijayapura district.",2025-09-08T14:00:00,2025-09-08T18:00:00,2025-09-09T06:00:00,16.7611,75.7781,"Incident occurred near coordinates 16.7611, 75.7781 within jurisdiction of Vijayapura Town PS.",Cyber Crime,Cryptocurrency Crime,ITA,"Information Technology Act, 2000",IT Act,66D,Cheating by personation using a computer resource,1,1,,,,,,,,,,0,Kiran Reddy,31,Female,A2,,,,,,,,,,,,
FIR,Non-Heinous,Chargesheet Filed,Karnataka,Davangere,Davangere District & Sessions Court,Police Station,Davangere Extension PS,KA71948,Priya Das,Head Constable,Station Writer,1974-01-24,Female,AB Positive,1,2018-01-04,136116692202400762,202400762,2025-04-29,"On 28-04-2025, a case of Cheating was reported at Davangere Extension PS, Davangere district.",2025-04-28T07:00:00,2025-04-28T08:00:00,2025-04-28T18:00:00,14.4579,75.9461,"Incident occurred near coordinates 14.4579, 75.9461 within jurisdiction of Davangere Extension PS.",Financial Crime,Cheating,IPC,Indian Penal Code,IPC,420,Cheating and dishonestly inducing delivery of property,1,1,Manish Bhat,48,Private Employee,Hindu,General,Transgender,Bhavya Naik,52,Male,0,Tanvi Pai,,Female,A1,1.0,2025-05-06T08:00:00,Karnataka,Davangere,Davangere Extension PS,KA71948,Davangere District & Sessions Court,Tanvi Pai,,2025-05-27T08:00:00,B,KA71948
PAR,Heinous,Report Beece (B-Report),Karnataka,Bagalkote,Bagalkote District & Sessions Court,Police Station,Bagalkote Town PS,KA56124,Kiran Shetty,Sub-Inspector,Circle Inspector,1994-06-23,Female,O Negative,0,2020-01-13,345061515202300763,202300763,2022-09-06,"On 03-09-2022, a case of Dark Web Crime was reported at Bagalkote Town PS, Bagalkote district.",2022-09-03T12:00:00,2022-09-03T17:00:00,2022-09-03T19:00:00,16.2001,75.6585,"Incident occurred near coordinates 16.2001, 75.6585 within jurisdiction of Bagalkote Town PS.",Cyber Crime,Dark Web Crime,ITA,"Information Technology Act, 2000",IT Act,67,Publishing/transmitting obscene material electronically,1,1,Kavya Reddy,55,Private Employee,Hindu,General,Male,Divya Pai,70,Male,0,Meena Shenoy,,Female,A1,1.0,2022-09-13T17:00:00,Karnataka,Bagalkote,Bagalkote Town PS,KA56124,Bagalkote District & Sessions Court,Meena Shenoy,,,,
FIR,Non-Heinous,Report Beece (B-Report),Karnataka,Shivamogga,Shivamogga District & Sessions Court,Police Station,Shivamogga Town PS,KA23235,Sunil Rao,Deputy Superintendent,Station Writer,1997-11-24,Male,B Positive,0,2006-09-28,192434050202200764,202200764,2022-06-03,"On 02-06-2022, a case of Robbery was reported at Shivamogga Town PS, Shivamogga district.",2022-06-02T11:00:00,2022-06-02T16:00:00,2022-06-02T21:00:00,13.859,75.4934,"Incident occurred near coordinates 13.859, 75.4934 within jurisdiction of Shivamogga Town PS.",Property Crimes,Robbery,IPC,Indian Penal Code,IPC,392,Punishment for robbery,1,1,Hari Gowda,36,Private Employee,Hindu,General,Male,Abhishek Kamath,47,Male,0,Tanvi Shetty,,Male,A1,1.0,2022-06-10T18:00:00,Karnataka,Shivamogga,Shivamogga Town PS,KA23235,Shivamogga District & Sessions Court,Tanvi Shetty,,,,
UDR,Heinous,Chargesheet Filed,Karnataka,Mangaluru,Dakshina Kannada District & Sessions Court,Police Station,Mangaluru Town PS,KA86102,Sunil Naik,Constable,Station Writer,1989-09-21,Female,O Negative,0,2009-07-17,247712527202200765,202200765,2022-04-11,"On 08-04-2022, a case of Theft was reported at Mangaluru Town PS, Mangaluru district.",2022-04-08T21:00:00,2022-04-09T03:00:00,2022-04-09T13:00:00,12.9503,74.8879,"Incident occurred near coordinates 12.9503, 74.8879 within jurisdiction of Mangaluru Town PS.",Property Crimes,Theft,IPC,Indian Penal Code,IPC,379,Punishment for theft,1,1,Sanjay Hegde,58,Private Employee,Hindu,General,Female,Rajesh Naik,8,Female,0,Rajesh Shetty,,Female,A1,1.0,2022-04-18T02:00:00,Karnataka,Mangaluru,Mangaluru Town PS,KA86102,Dakshina Kannada District & Sessions Court,Rajesh Shetty,,2022-06-05T02:00:00,B,KA86102
Zero FIR,Non-Heinous,Undetected,Karnataka,Mangaluru,Dakshina Kannada District & Sessions Court,Police Station,Mangaluru Town PS,KA93554,Tanvi Pai,Constable,Investigating Officer,1987-09-22,Female,A Negative,1,2020-09-01,817841946202200766,202200766,2025-02-04,"On 03-02-2025, a case of Robbery was reported at Mangaluru Town PS, Mangaluru district.",2025-02-03T17:00:00,2025-02-03T23:00:00,2025-02-04T10:00:00,12.8436,74.8342,"Incident occurred near coordinates 12.8436, 74.8342 within jurisdiction of Mangaluru Town PS.",Property Crimes,Robbery,IPC,Indian Penal Code,IPC,392,Punishment for robbery,1,1,Rahul Kulkarni,52,Private Employee,Hindu,General,Female,Abhishek Hegde,21,Transgender,0,Sunil Joshi,,Female,A1,,,,,,,,,,,,
Zero FIR,Heinous,Undetected,Karnataka,Mangaluru,Dakshina Kannada District & Sessions Court,Police Station,Mangaluru Town PS,KA93554,Tanvi Pai,Deputy Superintendent,Investigating Officer,1986-05-05,Male,B Negative,0,2006-05-01,817841946202200766,202200766,2025-02-04,"On 03-02-2025, a case of Robbery was reported at Mangaluru Town PS, Mangaluru district.",2025-02-03T17:00:00,2025-02-03T23:00:00,2025-02-04T10:00:00,12.8436,74.8342,"Incident occurred near coordinates 12.8436, 74.8342 within jurisdiction of Mangaluru Town PS.",Property Crimes,Robbery,IPC,Indian Penal Code,IPC,392,Punishment for robbery,1,1,,,,,,,,,,0,Bhavya Reddy,,Transgender,A2,,,,,,,,,,,,
FIR,Non-Heinous,Report Beece (B-Report),Karnataka,Kalaburagi,Kalaburagi District & Sessions Court,Police Station,Kalaburagi City PS,KA20031,Vikram Verma,Deputy Superintendent,Station Writer,1970-02-27,Male,B Negative,1,2007-11-09,126463920202600767,202600767,2022-12-17,"On 16-12-2022, a case of Drug Offence was reported at Kalaburagi City PS, Kalaburagi district.",2022-12-16T18:00:00,2022-12-16T22:00:00,2022-12-17T02:00:00,17.3069,76.887,"Incident occurred near coordinates 17.3069, 76.887 within jurisdiction of Kalaburagi City PS.",Narcotics,Drug Offence,NDPS,"Narcotic Drugs and Psychotropic Substances Act, 1985",NDPS,20,Punishment for cannabis-related offences,1,1,Meena Sharma,52,Private Employee,Hindu,General,Male,Aditi Hegde,15,Female,0,Abhishek Shenoy,,Male,A1,1.0,2022-12-24T22:00:00,Karnataka,Kalaburagi,Kalaburagi City PS,KA20031,Kalaburagi District & Sessions Court,Abhishek Shenoy,Meena Deshmukh,,,
FIR,Heinous,Report Beece (B-Report),Karnataka,Kalaburagi,Kalaburagi District & Sessions Court,Police Station,Kalaburagi City PS,KA20031,Vikram Verma,Deputy Superintendent,Investigating Officer,1972-01-02,Male,A Positive,0,2004-10-03,126463920202600767,202600767,2022-12-17,"On 16-12-2022, a case of Drug Offence was reported at Kalaburagi City PS, Kalaburagi district.",2022-12-16T18:00:00,2022-12-16T22:00:00,2022-12-17T02:00:00,17.3069,76.887,"Incident occurred near coordinates 17.3069, 76.887 within jurisdiction of Kalaburagi City PS.",Narcotics,Drug Offence,NDPS,"Narcotic Drugs and Psychotropic Substances Act, 1985",NDPS,20,Punishment for cannabis-related offences,1,1,,,,,,,,,,0,Meena Deshmukh,56,Transgender,A2,,,,,,,,,,,,
Zero FIR,Heinous,Undetected,Karnataka,Hassan,Hassan District & Sessions Court,Police Station,Hassan Town PS,KA91426,Manish Joshi,Inspector,Circle Inspector,1981-06-24,Female,A Positive,0,2017-04-09,868893144202400768,202400768,2023-10-13,"On 08-10-2023, a case of Cyber Crime was reported at Hassan Town PS, Hassan district.",2023-10-08T23:00:00,2023-10-09T02:00:00,2023-10-09T04:00:00,13.0016,76.1753,"Incident occurred near coordinates 13.0016, 76.1753 within jurisdiction of Hassan Town PS.",Cyber Crime,Cyber Crime,ITA,"Information Technology Act, 2000",IT Act,66C,Identity theft using computer resource,1,1,Bhavya Sharma,24,Private Employee,Hindu,General,Female,Gautam Gowda,55,Transgender,0,Priya Gowda,63,Male,A1,,,,,,,,,,,,
Zero FIR,Non-Heinous,Undetected,Karnataka,Hassan,Hassan District & Sessions Court,Police Station,Hassan Town PS,KA91426,Manish Joshi,Head Constable,Investigating Officer,1995-08-21,Female,O Positive,0,2018-06-22,868893144202400768,202400768,2023-10-13,"On 08-10-2023, a case of Cyber Crime was reported at Hassan Town PS, Hassan district.",2023-10-08T23:00:00,2023-10-09T02:00:00,2023-10-09T04:00:00,13.0016,76.1753,"Incident occurred near coordinates 13.0016, 76.1753 within jurisdiction of Hassan Town PS.",Cyber Crime,Cyber Crime,ITA,"Information Technology Act, 2000",IT Act,66C,Identity theft using computer resource,1,1,,,,,,,,,,0,Gautam Das,58,Transgender,A2,,,,,,,,,,,,
Zero FIR,Heinous,Undetected,Karnataka,Hassan,Hassan District & Sessions Court,Police Station,Hassan Town PS,KA91426,Manish Joshi,Sub-Inspector,Station Writer,1981-07-24,Male,AB Negative,0,2015-01-10,868893144202400768,202400768,2023-10-13,"On 08-10-2023, a case of Cyber Crime was reported at Hassan Town PS, Hassan district.",2023-10-08T23:00:00,2023-10-09T02:00:00,2023-10-09T04:00:00,13.0016,76.1753,"Incident occurred near coordinates 13.0016, 76.1753 within jurisdiction of Hassan Town PS.",Cyber Crime,Cyber Crime,ITA,"Information Technology Act, 2000",IT Act,66C,Identity theft using computer resource,1,1,,,,,,,,,,0,Hari Pai,,Transgender,A3,,,,,,,,,,,,
PAR,Heinous,Undetected,Karnataka,Mangaluru,Dakshina Kannada District & Sessions Court,Police Station,Mangaluru Town PS,KA22729,Chirag Singh,Constable,Circle Inspector,1970-07-03,Female,O Positive,0,2018-02-10,392523300202600769,202600769,2024-10-13,"On 10-10-2024, a case of Burglary was reported at Mangaluru Town PS, Mangaluru district.",2024-10-10T11:00:00,2024-10-10T15:00:00,2024-10-10T20:00:00,12.9737,74.8913,"Incident occurred near coordinates 12.9737, 74.8913 within jurisdiction of Mangaluru Town PS.",Property Crimes,Burglary,IPC,Indian Penal Code,IPC,457,Lurking house-trespass or house-breaking by night,1,1,Deepak Bhat,31,Private Employee,Hindu,General,Male,Sunil Shetty,43,Male,0,Ananya Reddy,,Male,A1,,,,,,,,,,,,
PAR,Non-Heinous,Undetected,Karnataka,Mangaluru,Dakshina Kannada District & Sessions Court,Police Station,Mangaluru Town PS,KA22729,Chirag Singh,Constable,Station Writer,1978-09-01,Male,O Negative,0,2013-09-26,392523300202600769,202600769,2024-10-13,"On 10-10-2024, a case of Burglary was reported at Mangaluru Town PS, Mangaluru district.",2024-10-10T11:00:00,2024-10-10T15:00:00,2024-10-10T20:00:00,12.9737,74.8913,"Incident occurred near coordinates 12.9737, 74.8913 within jurisdiction of Mangaluru Town PS.",Property Crimes,Burglary,IPC,Indian Penal Code,IPC,457,Lurking house-trespass or house-breaking by night,1,1,,,,,,,,,,0,Gautam Gowda,62,Transgender,A2,,,,,,,,,,,,
UDR,Heinous,Undetected,Karnataka,Ballari,Ballari District & Sessions Court,Police Station,Ballari City PS,KA23875,Hari Sharma,Sub-Inspector,SHO,1973-02-01,Male,A Positive,0,2012-09-18,285112070202500770,202500770,2025-04-23,"On 21-04-2025, a case of Drug Offence was reported at Ballari City PS, Ballari district.",2025-04-21T00:00:00,2025-04-21T03:00:00,2025-04-21T11:00:00,15.1605,76.859,"Incident occurred near coordinates 15.1605, 76.859 within jurisdiction of Ballari City PS.",Narcotics,Drug Offence,NDPS,"Narcotic Drugs and Psychotropic Substances Act, 1985",NDPS,20,Punishment for cannabis-related offences,1,1,Abhishek Pai,55,Private Employee,Hindu,General,Female,Priya Das,22,Male,0,Priya Das,,Female,A1,,,,,,,,,,,,
PAR,Heinous,Under Investigation,Karnataka,Bengaluru Urban,"Principal City Civil & Sessions Court, Bengaluru",Police Station,Bengaluru City PS,KA88839,Nikhil Kumar,Head Constable,Circle Inspector,1993-08-23,Female,AB Positive,0,2010-12-02,394814429202300771,202300771,2024-05-06,"On 05-05-2024, a case of Money Laundering was reported at Bengaluru City PS, Bengaluru Urban district.",2024-05-05T15:00:00,2024-05-05T16:00:00,2024-05-06T10:00:00,13.0088,77.603,"Incident occurred near coordinates 13.0088, 77.603 within jurisdiction of Bengaluru City PS.",Financial Crime,Money Laundering,PMLA,"Prevention of Money Laundering Act, 2002",PMLA,3,Offence of money laundering,1,1,Esha Kumar,39,Private Employee,Hindu,General,Male,Siddharth Reddy,29,Transgender,0,Aarav Verma,52,Male,A1,1.0,2024-05-13T23:00:00,Karnataka,Bengaluru Urban,Bengaluru City PS,KA88839,"Principal City Civil & Sessions Court, Bengaluru",Aarav Verma,Rajesh Kulkarni,,,
PAR,Heinous,Under Investigation,Karnataka,Bengaluru Urban,"Principal City Civil & Sessions Court, Bengaluru",Police Station,Bengaluru City PS,KA88839,Nikhil Kumar,Deputy Superintendent,Investigating Officer,1975-12-19,Male,A Negative,0,2011-01-01,394814429202300771,202300771,2024-05-06,"On 05-05-2024, a case of Money Laundering was reported at Bengaluru City PS, Bengaluru Urban district.",2024-05-05T15:00:00,2024-05-05T16:00:00,2024-05-06T10:00:00,13.0088,77.603,"Incident occurred near coordinates 13.0088, 77.603 within jurisdiction of Bengaluru City PS.",Financial Crime,Money Laundering,PMLA,"Prevention of Money Laundering Act, 2002",PMLA,3,Offence of money laundering,1,1,,,,,,,,,,0,Rajesh Kulkarni,22,Transgender,A2,,,,,,,,,,,,
PAR,Heinous,Undetected,Karnataka,Vijayapura,Vijayapura District & Sessions Court,Police Station,Vijayapura Town PS,KA43717,Manish Hegde,Inspector,Station Writer,1972-07-21,Female,A Positive,0,2002-12-17,316259393202200772,202200772,2024-11-07,"On 06-11-2024, a case of Robbery was reported at Vijayapura Town PS, Vijayapura district.",2024-11-06T01:00:00,2024-11-06T05:00:00,2024-11-06T03:00:00,16.8941,75.7338,"Incident occurred near coordinates 16.8941, 75.7338 within jurisdiction of Vijayapura Town PS.",Property Crimes,Robbery,IPC,Indian Penal Code,IPC,392,Punishment for robbery,1,1,Chirag Rao,80,Private Employee,Hindu,General,Male,Nikhil Nair,21,Male,0,Gautam Joshi,,Male,A1,,,,,,,,,,,,
FIR,Non-Heinous,Report Beece (B-Report),Karnataka,Bidar,Bidar District & Sessions Court,Police Station,Bidar Town PS,KA22533,Suresh Deshmukh,Inspector,Station Writer,1975-05-02,Female,A Positive,0,2003-06-21,123261928202400773,202400773,2022-06-26,"On 21-06-2022, a case of Murder was reported at Bidar Town PS, Bidar district.",2022-06-21T12:00:00,2022-06-21T14:00:00,2022-06-22T02:00:00,17.9136,77.4611,"Incident occurred near coordinates 17.9136, 77.4611 within jurisdiction of Bidar Town PS.",Crimes Against Body,Murder,IPC,Indian Penal Code,IPC,302,Punishment for murder,1,1,Meena Hegde,71,Private Employee,Hindu,General,Female,Kavya Patil,34,Male,0,Aditi Bhat,73,Male,A1,1.0,2022-07-03T22:00:00,Karnataka,Bidar,Bidar Town PS,KA22533,Bidar District & Sessions Court,Aditi Bhat,,,,
PAR,Heinous,Under Investigation,Karnataka,Vijayapura,Vijayapura District & Sessions Court,Police Station,Vijayapura Town PS,KA86318,Chirag Das,Deputy Superintendent,Station Writer,1996-04-01,Male,AB Negative,1,2001-05-13,324069207202200774,202200774,2022-08-10,"On 05-08-2022, a case of Cyber Crime was reported at Vijayapura Town PS, Vijayapura district.",2022-08-05T09:00:00,2022-08-05T14:00:00,2022-08-06T04:00:00,16.8115,75.7521,"Incident occurred near coordinates 16.8115, 75.7521 within jurisdiction of Vijayapura Town PS.",Cyber Crime,Cyber Crime,ITA,"Information Technology Act, 2000",IT Act,66C,Identity theft using computer resource,1,1,Isha Verma,69,Private Employee,Hindu,General,Transgender,Sunil Hegde,30,Transgender,0,Meena Shenoy,50,Male,A1,1.0,2022-08-17T20:00:00,Karnataka,Vijayapura,Vijayapura Town PS,KA86318,Vijayapura District & Sessions Court,Meena Shenoy,Dev Das,,,
PAR,Non-Heinous,Under Investigation,Karnataka,Vijayapura,Vijayapura District & Sessions Court,Police Station,Vijayapura Town PS,KA86318,Chirag Das,Constable,SHO,1980-05-21,Female,A Positive,0,2009-02-15,324069207202200774,202200774,2022-08-10,"On 05-08-2022, a case of Cyber Crime was reported at Vijayapura Town PS, Vijayapura district.",2022-08-05T09:00:00,2022-08-05T14:00:00,2022-08-06T04:00:00,16.8115,75.7521,"Incident occurred near coordinates 16.8115, 75.7521 within jurisdiction of Vijayapura Town PS.",Cyber Crime,Cyber Crime,ITA,"Information Technology Act, 2000",IT Act,66C,Identity theft using computer resource,1,1,,,,,,,,,,0,Dev Das,71,Female,A2,,,,,,,,,,,,
FIR,Heinous,Under Investigation,Karnataka,Kolar,Kolar District & Sessions Court,Police Station,Kolar Town PS,KA42462,Pooja Nair,Deputy Superintendent,Investigating Officer,1976-09-11,Female,O Negative,0,2011-02-23,138486715202500775,202500775,2022-10-07,"On 04-10-2022, a case of Drug Offence was reported at Kolar Town PS, Kolar district.",2022-10-04T17:00:00,2022-10-04T18:00:00,2022-10-04T20:00:00,13.1286,78.0554,"Incident occurred near coordinates 13.1286, 78.0554 within jurisdiction of Kolar Town PS.",Narcotics,Drug Offence,NDPS,"Narcotic Drugs and Psychotropic Substances Act, 1985",NDPS,20,Punishment for cannabis-related offences,1,1,Abhishek Rao,44,Private Employee,Hindu,General,Male,Kiran Deshmukh,70,Female,0,Nikhil Reddy,,Transgender,A1,1.0,2022-10-14T21:00:00,Karnataka,Kolar,Kolar Town PS,KA42462,Kolar District & Sessions Court,Nikhil Reddy,,,,
Zero FIR,Non-Heinous,Report Beece (B-Report),Karnataka,Mangaluru,Dakshina Kannada District & Sessions Court,Police Station,Mangaluru Town PS,KA65935,Anil Deshmukh,Deputy Superintendent,SHO,1990-09-28,Female,A Positive,0,2019-04-12,829073554202200776,202200776,2022-01-15,"On 09-01-2022, a case of Grievous Hurt was reported at Mangaluru Town PS, Mangaluru district.",2022-01-09T12:00:00,2022-01-09T15:00:00,2022-01-10T04:00:00,12.9633,74.9074,"Incident occurred near coordinates 12.9633, 74.9074 within jurisdiction of Mangaluru Town PS.",Crimes Against Body,Grievous Hurt,IPC,Indian Penal Code,IPC,325,Punishment for voluntarily causing grievous hurt,1,1,Farhan Gowda,26,Private Employee,Hindu,General,Male,Tanvi Das,48,Male,0,Tanvi Das,33,Transgender,A1,1.0,2022-01-22T00:00:00,Karnataka,Mangaluru,Mangaluru Town PS,KA65935,Dakshina Kannada District & Sessions Court,Tanvi Das,,,,
PAR,Non-Heinous,Undetected,Karnataka,Mysuru,Mysuru District & Sessions Court,Police Station,Saraswathipuram PS,KA61528,Esha Rao,Inspector,Circle Inspector,1995-07-13,Female,AB Negative,0,2010-08-19,343409762202600777,202600777,2022-12-23,"On 21-12-2022, a case of Dark Web Crime was reported at Saraswathipuram PS, Mysuru district.",2022-12-21T15:00:00,2022-12-21T16:00:00,2022-12-22T05:00:00,12.2308,76.6797,"Incident occurred near coordinates 12.2308, 76.6797 within jurisdiction of Saraswathipuram PS.",Cyber Crime,Dark Web Crime,ITA,"Information Technology Act, 2000",IT Act,67,Publishing/transmitting obscene material electronically,1,1,Aditi Kumar,47,Private Employee,Hindu,General,Male,Divya Gowda,41,Transgender,0,Rajesh Rao,50,Female,A1,,,,,,,,,,,,
UDR,Heinous,Chargesheet Filed,Karnataka,Bengaluru Rural,Bengaluru Rural District & Sessions Court,Police Station,Bengaluru Rural PS,KA13123,Isha Das,Sub-Inspector,Station Writer,1978-05-21,Female,A Positive,1,2015-01-17,226164732202200778,202200778,2024-08-13,"On 12-08-2024, a case of Dark Web Crime was reported at Bengaluru Rural PS, Bengaluru Rural district.",2024-08-12T08:00:00,2024-08-12T16:00:00,2024-08-12T23:00:00,13.3571,77.5145,"Incident occurred near coordinates 13.3571, 77.5145 within jurisdiction of Bengaluru Rural PS.",Cyber Crime,Dark Web Crime,ITA,"Information Technology Act, 2000",IT Act,67,Publishing/transmitting obscene material electronically,1,1,Abhishek Kumar,33,Private Employee,Hindu,General,Transgender,Kavya Naik,8,Female,0,Gautam Singh,46,Transgender,A1,1.0,2024-08-20T12:00:00,Karnataka,Bengaluru Rural,Bengaluru Rural PS,KA13123,Bengaluru Rural District & Sessions Court,Gautam Singh,,2024-09-05T12:00:00,B,KA13123
PAR,Heinous,Report Beece (B-Report),Karnataka,Bidar,Bidar District & Sessions Court,Police Station,Bidar Town PS,KA56959,Chirag Shetty,Head Constable,SHO,1974-01-24,Male,AB Negative,0,2011-04-05,339006870202500779,202500779,2025-02-01,"On 30-01-2025, a case of Murder was reported at Bidar Town PS, Bidar district.",2025-01-30T08:00:00,2025-01-30T10:00:00,2025-01-31T02:00:00,17.9532,77.4597,"Incident occurred near coordinates 17.9532, 77.4597 within jurisdiction of Bidar Town PS.",Crimes Against Body,Murder,IPC,Indian Penal Code,IPC,302,Punishment for murder,1,1,Ananya Shenoy,73,Private Employee,Hindu,General,Male,Abhishek Shetty,68,Transgender,0,Kiran Deshmukh,,Female,A1,1.0,2025-02-08T14:00:00,Karnataka,Bidar,Bidar Town PS,KA56959,Bidar District & Sessions Court,Kiran Deshmukh,,,,
FIR,Heinous,Chargesheet Filed,Karnataka,Udupi,Udupi District & Sessions Court,Police Station,Udupi Town PS,KA91539,Sunil Joshi,Head Constable,Station Writer,1987-07-11,Female,O Positive,1,2005-02-12,149319320202400780,202400780,2025-10-09,"On 08-10-2025, a case of Cryptocurrency Crime was reported at Udupi Town PS, Udupi district.",2025-10-08T03:00:00,2025-10-08T08:00:00,2025-10-08T13:00:00,13.3849,74.6905,"Incident occurred near coordinates 13.3849, 74.6905 within jurisdiction of Udupi Town PS.",Cyber Crime,Cryptocurrency Crime,ITA,"Information Technology Act, 2000",IT Act,66D,Cheating by personation using a computer resource,1,1,Manish Rao,80,Private Employee,Hindu,General,Female,Farhan Sharma,36,Transgender,0,Rahul Reddy,62,Male,A1,1.0,2025-10-16T13:00:00,Karnataka,Udupi,Udupi Town PS,KA91539,Udupi District & Sessions Court,Rahul Reddy,,2025-10-24T13:00:00,B,KA91539
UDR,Heinous,Chargesheet Filed,Karnataka,Kalaburagi,Kalaburagi District & Sessions Court,Police Station,Kalaburagi City PS,KA59434,Divya Naik,Head Constable,Circle Inspector,1970-10-01,Male,B Positive,0,2017-11-15,257205724202600781,202600781,2025-02-23,"On 22-02-2025, a case of Cyber Crime was reported at Kalaburagi City PS, Kalaburagi district.",2025-02-22T16:00:00,2025-02-22T23:00:00,2025-02-23T10:00:00,17.3392,76.7563,"Incident occurred near coordinates 17.3392, 76.7563 within jurisdiction of Kalaburagi City PS.",Cyber Crime,Cyber Crime,ITA,"Information Technology Act, 2000",IT Act,66C,Identity theft using computer resource,1,1,Vikram Das,73,Private Employee,Hindu,General,Transgender,Divya Naik,7,Female,0,Aditi Rao,36,Female,A1,1.0,2025-03-02T22:00:00,Karnataka,Kalaburagi,Kalaburagi City PS,KA59434,Kalaburagi District & Sessions Court,Aditi Rao,Aarav Hegde,2025-04-04T22:00:00,B,KA59434
UDR,Heinous,Chargesheet Filed,Karnataka,Kalaburagi,Kalaburagi District & Sessions Court,Police Station,Kalaburagi City PS,KA59434,Divya Naik,Sub-Inspector,Circle Inspector,1984-05-27,Male,A Negative,0,2017-05-26,257205724202600781,202600781,2025-02-23,"On 22-02-2025, a case of Cyber Crime was reported at Kalaburagi City PS, Kalaburagi district.",2025-02-22T16:00:00,2025-02-22T23:00:00,2025-02-23T10:00:00,17.3392,76.7563,"Incident occurred near coordinates 17.3392, 76.7563 within jurisdiction of Kalaburagi City PS.",Cyber Crime,Cyber Crime,ITA,"Information Technology Act, 2000",IT Act,66C,Identity theft using computer resource,1,1,,,,,,,,,,0,Aarav Hegde,,Female,A2,,,,,,,,,,,,
UDR,Heinous,Chargesheet Filed,Karnataka,Bagalkote,Bagalkote District & Sessions Court,Police Station,Bagalkote Town PS,KA33070,Manish Nair,Head Constable,Investigating Officer,1991-12-27,Male,AB Negative,0,2003-04-17,254046947202600782,202600782,2025-01-20,"On 17-01-2025, a case of Cheating was reported at Bagalkote Town PS, Bagalkote district.",2025-01-17T07:00:00,2025-01-17T15:00:00,2025-01-17T16:00:00,16.152,75.7507,"Incident occurred near coordinates 16.152, 75.7507 within jurisdiction of Bagalkote Town PS.",Financial Crime,Cheating,IPC,Indian Penal Code,IPC,420,Cheating and dishonestly inducing delivery of property,1,1,Pooja Deshmukh,67,Private Employee,Hindu,General,Transgender,Hari Patil,46,Male,0,Gautam Verma,22,Female,A1,1.0,2025-01-27T10:00:00,Karnataka,Bagalkote,Bagalkote Town PS,KA33070,Bagalkote District & Sessions Court,Gautam Verma,,2025-02-18T10:00:00,B,KA33070
UDR,Non-Heinous,Under Investigation,Karnataka,Ramanagara,Ramanagara District & Sessions Court,Police Station,Ramanagara Town PS,KA41287,Vikram Reddy,Deputy Superintendent,SHO,1974-10-23,Male,B Negative,0,2018-08-07,242131006202600783,202600783,2023-08-22,"On 20-08-2023, a case of Cryptocurrency Crime was reported at Ramanagara Town PS, Ramanagara district.",2023-08-20T23:00:00,2023-08-21T05:00:00,2023-08-21T05:00:00,12.7764,77.2816,"Incident occurred near coordinates 12.7764, 77.2816 within jurisdiction of Ramanagara Town PS.",Cyber Crime,Cryptocurrency Crime,ITA,"Information Technology Act, 2000",IT Act,66D,Cheating by personation using a computer resource,1,1,Ananya Das,77,Private Employee,Hindu,General,Female,Isha Nair,57,Female,0,Esha Kulkarni,,Female,A1,1.0,2023-08-29T07:00:00,Karnataka,Ramanagara,Ramanagara Town PS,KA41287,Ramanagara District & Sessions Court,Esha Kulkarni,,,,
Zero FIR,Heinous,Report Beece (B-Report),Karnataka,Belagavi,Belagavi District & Sessions Court,Police Station,Belagavi City PS,KA89621,Chirag Patil,Head Constable,SHO,1973-07-17,Female,A Positive,0,2000-07-28,832604841202200784,202200784,2025-05-26,"On 22-05-2025, a case of Dark Web Crime was reported at Belagavi City PS, Belagavi district.",2025-05-22T16:00:00,2025-05-22T22:00:00,2025-05-23T03:00:00,15.8434,74.5249,"Incident occurred near coordinates 15.8434, 74.5249 within jurisdiction of Belagavi City PS.",Cyber Crime,Dark Web Crime,ITA,"Information Technology Act, 2000",IT Act,67,Publishing/transmitting obscene material electronically,1,1,Esha Rao,52,Private Employee,Hindu,General,Female,Manish Shetty,54,Transgender,0,Deepak Verma,41,Female,A1,1.0,2025-06-02T00:00:00,Karnataka,Belagavi,Belagavi City PS,KA89621,Belagavi District & Sessions Court,Deepak Verma,,,,
UDR,Heinous,Report Beece (B-Report),Karnataka,Ramanagara,Ramanagara District & Sessions Court,Police Station,Ramanagara Town PS,KA59305,Aditi Verma,Constable,SHO,1979-06-10,Female,AB Negative,0,2010-10-17,270565000202300785,202300785,2023-06-19,"On 14-06-2023, a case of Dark Web Crime was reported at Ramanagara Town PS, Ramanagara district.",2023-06-14T11:00:00,2023-06-14T15:00:00,2023-06-14T23:00:00,12.6875,77.2797,"Incident occurred near coordinates 12.6875, 77.2797 within jurisdiction of Ramanagara Town PS.",Cyber Crime,Dark Web Crime,ITA,"Information Technology Act, 2000",IT Act,67,Publishing/transmitting obscene material electronically,1,1,Pooja Naik,50,Private Employee,Hindu,General,Female,Isha Patil,58,Male,0,Esha Nair,22,Male,A1,1.0,2023-06-26T22:00:00,Karnataka,Ramanagara,Ramanagara Town PS,KA59305,Ramanagara District & Sessions Court,Esha Nair,,,,
Zero FIR,Heinous,Report Beece (B-Report),Karnataka,Tumakuru,Tumakuru District & Sessions Court,Police Station,Tumakuru Town PS,KA75417,Vikram Joshi,Deputy Superintendent,Station Writer,1997-03-27,Male,O Negative,0,2014-05-28,875119413202400786,202400786,2022-03-02,"On 28-02-2022, a case of Murder was reported at Tumakuru Town PS, Tumakuru district.",2022-02-28T17:00:00,2022-03-01T01:00:00,2022-03-01T05:00:00,13.2931,77.1444,"Incident occurred near coordinates 13.2931, 77.1444 within jurisdiction of Tumakuru Town PS.",Crimes Against Body,Murder,IPC,Indian Penal Code,IPC,302,Punishment for murder,1,1,Abhishek Singh,33,Private Employee,Hindu,General,Transgender,Suresh Naik,33,Male,0,Ananya Patil,,Female,A1,1.0,2022-03-09T03:00:00,Karnataka,Tumakuru,Tumakuru Town PS,KA75417,Tumakuru District & Sessions Court,Ananya Patil,Rajesh Naik,,,
Zero FIR,Non-Heinous,Report Beece (B-Report),Karnataka,Tumakuru,Tumakuru District & Sessions Court,Police Station,Tumakuru Town PS,KA75417,Vikram Joshi,Inspector,Investigating Officer,1986-11-19,Female,B Negative,0,2017-10-01,875119413202400786,202400786,2022-03-02,"On 28-02-2022, a case of Murder was reported at Tumakuru Town PS, Tumakuru district.",2022-02-28T17:00:00,2022-03-01T01:00:00,2022-03-01T05:00:00,13.2931,77.1444,"Incident occurred near coordinates 13.2931, 77.1444 within jurisdiction of Tumakuru Town PS.",Crimes Against Body,Murder,IPC,Indian Penal Code,IPC,302,Punishment for murder,1,1,,,,,,,,,,0,Rajesh Naik,,Female,A2,,,,,,,,,,,,
Zero FIR,Heinous,Under Investigation,Karnataka,Hubballi-Dharwad,Dharwad District & Sessions Court,Police Station,Dharwad Town PS,KA16416,Aditi Das,Constable,SHO,1992-09-17,Female,A Negative,0,2003-02-25,842206560202500787,202500787,2025-07-28,"On 24-07-2025, a case of Cheating was reported at Dharwad Town PS, Hubballi-Dharwad district.",2025-07-24T23:00:00,2025-07-25T04:00:00,2025-07-25T17:00:00,15.4338,75.1038,"Incident occurred near coordinates 15.4338, 75.1038 within jurisdiction of Dharwad Town PS.",Financial Crime,Cheating,IPC,Indian Penal Code,IPC,420,Cheating and dishonestly inducing delivery of property,1,1,Divya Joshi,28,Private Employee,Hindu,General,Transgender,Gautam Naik,13,Male,0,Pooja Kumar,,Transgender,A1,1.0,2025-08-04T11:00:00,Karnataka,Hubballi-Dharwad,Dharwad Town PS,KA16416,Dharwad District & Sessions Court,Pooja Kumar,,,,
UDR,Non-Heinous,Under Investigation,Karnataka,Kalaburagi,Kalaburagi District & Sessions Court,Police Station,Kalaburagi City PS,KA19269,Rajesh Sharma,Inspector,Station Writer,1997-02-19,Male,A Positive,0,2000-11-15,261212952202400788,202400788,2024-07-16,"On 14-07-2024, a case of Murder was reported at Kalaburagi City PS, Kalaburagi district.",2024-07-14T09:00:00,2024-07-14T12:00:00,2024-07-15T08:00:00,17.2668,76.8772,"Incident occurred near coordinates 17.2668, 76.8772 within jurisdiction of Kalaburagi City PS.",Crimes Against Body,Murder,IPC,Indian Penal Code,IPC,302,Punishment for murder,1,1,Esha Reddy,53,Private Employee,Hindu,General,Transgender,Tanvi Singh,42,Transgender,0,Isha Sharma,52,Female,A1,1.0,2024-07-23T19:00:00,Karnataka,Kalaburagi,Kalaburagi City PS,KA19269,Kalaburagi District & Sessions Court,Isha Sharma,Kiran Hegde,,,
UDR,Non-Heinous,Under Investigation,Karnataka,Kalaburagi,Kalaburagi District & Sessions Court,Police Station,Kalaburagi City PS,KA19269,Rajesh Sharma,Sub-Inspector,Investigating Officer,1970-07-21,Female,O Negative,0,2015-11-09,261212952202400788,202400788,2024-07-16,"On 14-07-2024, a case of Murder was reported at Kalaburagi City PS, Kalaburagi district.",2024-07-14T09:00:00,2024-07-14T12:00:00,2024-07-15T08:00:00,17.2668,76.8772,"Incident occurred near coordinates 17.2668, 76.8772 within jurisdiction of Kalaburagi City PS.",Crimes Against Body,Murder,IPC,Indian Penal Code,IPC,302,Punishment for murder,1,1,,,,,,,,,,0,Kiran Hegde,18,Transgender,A2,,,,,,,,,,,,
FIR,Non-Heinous,Report Beece (B-Report),Karnataka,Ramanagara,Ramanagara District & Sessions Court,Police Station,Ramanagara Town PS,KA92874,Suresh Patil,Inspector,Station Writer,1989-09-05,Male,AB Positive,1,2019-05-10,174177973202400789,202400789,2022-12-15,"On 10-12-2022, a case of Murder was reported at Ramanagara Town PS, Ramanagara district.",2022-12-10T00:00:00,2022-12-10T03:00:00,2022-12-10T03:00:00,12.7349,77.3579,"Incident occurred near coordinates 12.7349, 77.3579 within jurisdiction of Ramanagara Town PS.",Crimes Against Body,Murder,IPC,Indian Penal Code,IPC,302,Punishment for murder,1,1,Tanvi Nair,26,Private Employee,Hindu,General,Female,Pooja Sharma,10,Transgender,0,Aditi Sharma,,Male,A1,1.0,2022-12-22T03:00:00,Karnataka,Ramanagara,Ramanagara Town PS,KA92874,Ramanagara District & Sessions Court,Aditi Sharma,,,,
Zero FIR,Non-Heinous,Report Beece (B-Report),Karnataka,Ramanagara,Ramanagara District & Sessions Court,Police Station,Ramanagara Town PS,KA93380,Kavya Naik,Head Constable,Investigating Officer,1997-08-05,Male,A Negative,0,2005-12-09,870662287202200790,202200790,2023-10-06,"On 04-10-2023, a case of Dark Web Crime was reported at Ramanagara Town PS, Ramanagara district.",2023-10-04T00:00:00,2023-10-04T06:00:00,2023-10-04T04:00:00,12.7254,77.2629,"Incident occurred near coordinates 12.7254, 77.2629 within jurisdiction of Ramanagara Town PS.",Cyber Crime,Dark Web Crime,ITA,"Information Technology Act, 2000",IT Act,67,Publishing/transmitting obscene material electronically,1,1,Meena Shetty,47,Private Employee,Hindu,General,Male,Deepak Shetty,36,Male,0,Tanvi Kumar,42,Transgender,A1,1.0,2023-10-13T06:00:00,Karnataka,Ramanagara,Ramanagara Town PS,KA93380,Ramanagara District & Sessions Court,Tanvi Kumar,Farhan Patil,,,
Zero FIR,Non-Heinous,Report Beece (B-Report),Karnataka,Ramanagara,Ramanagara District & Sessions Court,Police Station,Ramanagara Town PS,KA93380,Kavya Naik,Deputy Superintendent,Circle Inspector,1991-10-16,Female,O Positive,0,2003-11-07,870662287202200790,202200790,2023-10-06,"On 04-10-2023, a case of Dark Web Crime was reported at Ramanagara Town PS, Ramanagara district.",2023-10-04T00:00:00,2023-10-04T06:00:00,2023-10-04T04:00:00,12.7254,77.2629,"Incident occurred near coordinates 12.7254, 77.2629 within jurisdiction of Ramanagara Town PS.",Cyber Crime,Dark Web Crime,ITA,"Information Technology Act, 2000",IT Act,67,Publishing/transmitting obscene material electronically,1,1,,,,,,,,,,0,Farhan Patil,,Transgender,A2,,,,,,,,,,,,
Zero FIR,Heinous,Chargesheet Filed,Karnataka,Bengaluru Rural,Bengaluru Rural District & Sessions Court,Police Station,Bengaluru Rural PS,KA71816,Hari Hegde,Inspector,Investigating Officer,1970-06-10,Male,AB Negative,0,2002-05-01,880181937202400791,202400791,2022-09-09,"On 08-09-2022, a case of Cyber Crime was reported at Bengaluru Rural PS, Bengaluru Rural district.",2022-09-08T01:00:00,2022-09-08T06:00:00,2022-09-08T17:00:00,13.2055,77.6307,"Incident occurred near coordinates 13.2055, 77.6307 within jurisdiction of Bengaluru Rural PS.",Cyber Crime,Cyber Crime,ITA,"Information Technology Act, 2000",IT Act,66C,Identity theft using computer resource,1,1,Deepak Bhat,49,Private Employee,Hindu,General,Female,Farhan Verma,45,Female,0,Priya Patil,44,Male,A1,1.0,2022-09-16T07:00:00,Karnataka,Bengaluru Rural,Bengaluru Rural PS,KA71816,Bengaluru Rural District & Sessions Court,Priya Patil,Chirag Deshmukh,2022-10-13T07:00:00,B,KA71816
Zero FIR,Non-Heinous,Chargesheet Filed,Karnataka,Bengaluru Rural,Bengaluru Rural District & Sessions Court,Police Station,Bengaluru Rural PS,KA71816,Hari Hegde,Inspector,SHO,1990-07-01,Male,AB Positive,0,2010-08-20,880181937202400791,202400791,2022-09-09,"On 08-09-2022, a case of Cyber Crime was reported at Bengaluru Rural PS, Bengaluru Rural district.",2022-09-08T01:00:00,2022-09-08T06:00:00,2022-09-08T17:00:00,13.2055,77.6307,"Incident occurred near coordinates 13.2055, 77.6307 within jurisdiction of Bengaluru Rural PS.",Cyber Crime,Cyber Crime,ITA,"Information Technology Act, 2000",IT Act,66C,Identity theft using computer resource,1,1,,,,,,,,,,0,Chirag Deshmukh,,Female,A2,,,,,,,,,,,,
PAR,Heinous,Report Beece (B-Report),Karnataka,Ramanagara,Ramanagara District & Sessions Court,Police Station,Ramanagara Town PS,KA19590,Gautam Das,Inspector,Investigating Officer,1986-07-10,Male,B Negative,1,2019-12-27,382348877202200792,202200792,2024-05-09,"On 05-05-2024, a case of Grievous Hurt was reported at Ramanagara Town PS, Ramanagara district.",2024-05-05T13:00:00,2024-05-05T21:00:00,2024-05-05T18:00:00,12.7604,77.2629,"Incident occurred near coordinates 12.7604, 77.2629 within jurisdiction of Ramanagara Town PS.",Crimes Against Body,Grievous Hurt,IPC,Indian Penal Code,IPC,325,Punishment for voluntarily causing grievous hurt,1,1,Priya Kamath,68,Private Employee,Hindu,General,Transgender,Manish Kamath,55,Male,0,Sanjay Nair,,Female,A1,1.0,2024-05-16T18:00:00,Karnataka,Ramanagara,Ramanagara Town PS,KA19590,Ramanagara District & Sessions Court,Sanjay Nair,,,,
PAR,Non-Heinous,Report Beece (B-Report),Karnataka,Vijayapura,Vijayapura District & Sessions Court,Police Station,Vijayapura Town PS,KA94634,Isha Patil,Deputy Superintendent,Circle Inspector,1976-11-10,Male,AB Negative,0,2011-08-23,384753549202300793,202300793,2024-11-17,"On 12-11-2024, a case of Cryptocurrency Crime was reported at Vijayapura Town PS, Vijayapura district.",2024-11-12T05:00:00,2024-11-12T08:00:00,2024-11-12T13:00:00,16.8385,75.7684,"Incident occurred near coordinates 16.8385, 75.7684 within jurisdiction of Vijayapura Town PS.",Cyber Crime,Cryptocurrency Crime,ITA,"Information Technology Act, 2000",IT Act,66D,Cheating by personation using a computer resource,1,1,Manish Das,30,Private Employee,Hindu,General,Female,Suresh Pai,10,Male,0,Rahul Nair,,Female,A1,1.0,2024-11-24T13:00:00,Karnataka,Vijayapura,Vijayapura Town PS,KA94634,Vijayapura District & Sessions Court,Rahul Nair,,,,
PAR,Non-Heinous,Chargesheet Filed,Karnataka,Ramanagara,Ramanagara District & Sessions Court,Police Station,Ramanagara Town PS,KA46420,Kiran Patil,Inspector,Circle Inspector,1997-03-06,Male,O Positive,1,2017-05-11,324219932202500794,202500794,2023-06-01,"On 29-05-2023, a case of Dark Web Crime was reported at Ramanagara Town PS, Ramanagara district.",2023-05-29T23:00:00,2023-05-30T04:00:00,2023-05-30T23:00:00,12.7408,77.2708,"Incident occurred near coordinates 12.7408, 77.2708 within jurisdiction of Ramanagara Town PS.",Cyber Crime,Dark Web Crime,ITA,"Information Technology Act, 2000",IT Act,67,Publishing/transmitting obscene material electronically,1,1,Suresh Shetty,62,Private Employee,Hindu,General,Male,Rajesh Kulkarni,70,Female,0,Chirag Patil,,Female,A1,1.0,2023-06-08T05:00:00,Karnataka,Ramanagara,Ramanagara Town PS,KA46420,Ramanagara District & Sessions Court,Chirag Patil,Meena Reddy,2023-06-21T05:00:00,B,KA46420
PAR,Heinous,Chargesheet Filed,Karnataka,Ramanagara,Ramanagara District & Sessions Court,Police Station,Ramanagara Town PS,KA46420,Kiran Patil,Sub-Inspector,SHO,1989-06-09,Female,B Negative,0,2001-01-16,324219932202500794,202500794,2023-06-01,"On 29-05-2023, a case of Dark Web Crime was reported at Ramanagara Town PS, Ramanagara district.",2023-05-29T23:00:00,2023-05-30T04:00:00,2023-05-30T23:00:00,12.7408,77.2708,"Incident occurred near coordinates 12.7408, 77.2708 within jurisdiction of Ramanagara Town PS.",Cyber Crime,Dark Web Crime,ITA,"Information Technology Act, 2000",IT Act,67,Publishing/transmitting obscene material electronically,1,1,,,,,,,,,,0,Meena Reddy,,Transgender,A2,,,,,,,,,,,,
PAR,Non-Heinous,Undetected,Karnataka,Mandya,Mandya District & Sessions Court,Police Station,Mandya Town PS,KA24244,Bhavya Singh,Constable,SHO,1972-11-07,Male,AB Positive,0,2008-03-04,359581406202400795,202400795,2023-03-14,"On 11-03-2023, a case of Murder was reported at Mandya Town PS, Mandya district.",2023-03-11T07:00:00,2023-03-11T10:00:00,2023-03-11T11:00:00,12.5463,76.8552,"Incident occurred near coordinates 12.5463, 76.8552 within jurisdiction of Mandya Town PS.",Crimes Against Body,Murder,IPC,Indian Penal Code,IPC,302,Punishment for murder,1,1,Sanjay Nair,65,Private Employee,Hindu,General,Female,Abhishek Kumar,60,Female,0,Rajesh Rao,,Transgender,A1,,,,,,,,,,,,
UDR,Non-Heinous,Under Investigation,Karnataka,Hubballi-Dharwad,Dharwad District & Sessions Court,Police Station,Dharwad Town PS,KA45062,Abhishek Rao,Constable,Station Writer,1981-01-20,Male,AB Negative,0,2002-12-01,233338489202300796,202300796,2023-08-04,"On 03-08-2023, a case of Cheating was reported at Dharwad Town PS, Hubballi-Dharwad district.",2023-08-03T00:00:00,2023-08-03T01:00:00,2023-08-03T08:00:00,15.3806,75.0778,"Incident occurred near coordinates 15.3806, 75.0778 within jurisdiction of Dharwad Town PS.",Financial Crime,Cheating,IPC,Indian Penal Code,IPC,420,Cheating and dishonestly inducing delivery of property,1,1,Meena Deshmukh,73,Private Employee,Hindu,General,Male,Rajesh Hegde,12,Transgender,0,Isha Bhat,,Female,A1,1.0,2023-08-11T11:00:00,Karnataka,Hubballi-Dharwad,Dharwad Town PS,KA45062,Dharwad District & Sessions Court,Isha Bhat,,,,
FIR,Heinous,Report Beece (B-Report),Karnataka,Bengaluru Rural,Bengaluru Rural District & Sessions Court,Police Station,Bengaluru Rural PS,KA76546,Ananya Deshmukh,Sub-Inspector,Investigating Officer,1993-07-16,Female,A Positive,0,2013-09-26,117555665202600797,202600797,2022-07-03,"On 01-07-2022, a case of Money Laundering was reported at Bengaluru Rural PS, Bengaluru Rural district.",2022-07-01T20:00:00,2022-07-02T01:00:00,2022-07-02T02:00:00,13.3328,77.4931,"Incident occurred near coordinates 13.3328, 77.4931 within jurisdiction of Bengaluru Rural PS.",Financial Crime,Money Laundering,PMLA,"Prevention of Money Laundering Act, 2002",PMLA,3,Offence of money laundering,1,1,Rahul Das,50,Private Employee,Hindu,General,Female,Pooja Pai,31,Male,0,Abhishek Reddy,70,Transgender,A1,1.0,2022-07-10T01:00:00,Karnataka,Bengaluru Rural,Bengaluru Rural PS,KA76546,Bengaluru Rural District & Sessions Court,Abhishek Reddy,,,,
FIR,Non-Heinous,Under Investigation,Karnataka,Bidar,Bidar District & Sessions Court,Police Station,Bidar Town PS,KA19788,Gautam Kamath,Deputy Superintendent,Circle Inspector,1992-03-23,Female,AB Positive,0,2015-09-23,139466993202600798,202600798,2024-05-15,"On 14-05-2024, a case of Murder was reported at Bidar Town PS, Bidar district.",2024-05-14T16:00:00,2024-05-15T00:00:00,2024-05-15T12:00:00,17.861,77.5116,"Incident occurred near coordinates 17.861, 77.5116 within jurisdiction of Bidar Town PS.",Crimes Against Body,Murder,IPC,Indian Penal Code,IPC,302,Punishment for murder,1,1,Deepak Singh,76,Private Employee,Hindu,General,Male,Sunil Sharma,28,Female,0,Pooja Shenoy,57,Female,A1,1.0,2024-05-22T22:00:00,Karnataka,Bidar,Bidar Town PS,KA19788,Bidar District & Sessions Court,Pooja Shenoy,,,,
UDR,Non-Heinous,Undetected,Karnataka,Davangere,Davangere District & Sessions Court,Police Station,Davangere Extension PS,KA80180,Aditi Verma,Deputy Superintendent,Investigating Officer,1979-05-16,Male,B Negative,1,2002-11-15,251013053202300799,202300799,2024-03-01,"On 29-02-2024, a case of Cheating was reported at Davangere Extension PS, Davangere district.",2024-02-29T05:00:00,2024-02-29T10:00:00,2024-02-29T20:00:00,14.4315,75.9273,"Incident occurred near coordinates 14.4315, 75.9273 within jurisdiction of Davangere Extension PS.",Financial Crime,Cheating,IPC,Indian Penal Code,IPC,420,Cheating and dishonestly inducing delivery of property,1,1,Priya Rao,51,Private Employee,Hindu,General,Female,Manish Bhat,52,Male,0,Priya Naik,70,Male,A1,,,,,,,,,,,,
Zero FIR,Non-Heinous,Under Investigation,Karnataka,Tumakuru,Tumakuru District & Sessions Court,Police Station,Tumakuru Town PS,KA21054,Manish Shetty,Head Constable,Investigating Officer,1978-03-23,Male,AB Positive,0,2017-10-28,820542593202200800,202200800,2022-12-05,"On 04-12-2022, a case of Cryptocurrency Crime was reported at Tumakuru Town PS, Tumakuru district.",2022-12-04T18:00:00,2022-12-05T00:00:00,2022-12-05T03:00:00,13.3407,77.1293,"Incident occurred near coordinates 13.3407, 77.1293 within jurisdiction of Tumakuru Town PS.",Cyber Crime,Cryptocurrency Crime,ITA,"Information Technology Act, 2000",IT Act,66D,Cheating by personation using a computer resource,1,1,Anil Kamath,47,Private Employee,Hindu,General,Male,Isha Rao,74,Female,0,Gautam Sharma,,Male,A1,1.0,2022-12-12T22:00:00,Karnataka,Tumakuru,Tumakuru Town PS,KA21054,Tumakuru District & Sessions Court,Gautam Sharma,"Sanjay Patil,Meena Das",,,
Zero FIR,Non-Heinous,Under Investigation,Karnataka,Tumakuru,Tumakuru District & Sessions Court,Police Station,Tumakuru Town PS,KA21054,Manish Shetty,Inspector,Investigating Officer,1978-09-25,Male,O Negative,0,2005-03-28,820542593202200800,202200800,2022-12-05,"On 04-12-2022, a case of Cryptocurrency Crime was reported at Tumakuru Town PS, Tumakuru district.",2022-12-04T18:00:00,2022-12-05T00:00:00,2022-12-05T03:00:00,13.3407,77.1293,"Incident occurred near coordinates 13.3407, 77.1293 within jurisdiction of Tumakuru Town PS.",Cyber Crime,Cryptocurrency Crime,ITA,"Information Technology Act, 2000",IT Act,66D,Cheating by personation using a computer resource,1,1,,,,,,,,,,0,Sanjay Patil,,Male,A2,,,,,,,,,,,,
Zero FIR,Heinous,Under Investigation,Karnataka,Tumakuru,Tumakuru District & Sessions Court,Police Station,Tumakuru Town PS,KA21054,Manish Shetty,Deputy Superintendent,Circle Inspector,1988-09-14,Male,O Negative,0,2009-03-26,820542593202200800,202200800,2022-12-05,"On 04-12-2022, a case of Cryptocurrency Crime was reported at Tumakuru Town PS, Tumakuru district.",2022-12-04T18:00:00,2022-12-05T00:00:00,2022-12-05T03:00:00,13.3407,77.1293,"Incident occurred near coordinates 13.3407, 77.1293 within jurisdiction of Tumakuru Town PS.",Cyber Crime,Cryptocurrency Crime,ITA,"Information Technology Act, 2000",IT Act,66D,Cheating by personation using a computer resource,1,1,,,,,,,,,,0,Meena Das,,Male,A3,,,,,,,,,,,,
