case_category,gravity_offence,case_status,state,district,court,unit_type,unit,officer_kgid,officer_name,officer_rank,officer_designation,officer_dob,officer_gender,officer_blood_group,officer_physically_challenged,officer_appointment_date,crime_no,case_no,registered_date,brief_facts,incident_from_date,incident_to_date,info_received_date,latitude,longitude,occurrence_brief_facts,crime_group_name,crime_head_name,act_code,act_description,short_name,section_code,section_description,act_order,section_order,complainant_name,complainant_age,complainant_occupation,complainant_religion,complainant_caste,complainant_gender,victim_name,victim_age,victim_gender,victim_police,accused_name,accused_age,accused_gender,accused_person_id,arrest_type,arrest_date,arrest_state,arrest_district,arrest_station,arrest_io_kgid,arrest_court,arrest_primary_accused_name,arrest_joint_accused_names,chargesheet_date,chargesheet_type,chargesheet_officer_kgid,CaseMasterID,DistrictID,PoliceStationID,CaseCategoryID,GravityOffenceID,CrimeMajorHeadID,CrimeMinorHeadID,CaseStatusID,CrimeRegisteredDate,age_years,gender_id,hour_of_day,day_of_week,month,is_weekend,is_night_time,co_offender_count,hist_station_crime_count_30d,hist_district_crime_count_30d,spatial_density_ratio,risk_tier_id,hotspot_flag_id,recidivism_flag_id
FIR,Heinous,Chargesheet Filed,Karnataka,Davangere,Davangere District & Sessions Court,Police Station,Davangere Extension PS,KA86306,Pradeep Joshi,Constable,Investigating Officer,1988-05-15,Male,O Positive,0,2012-06-01,FIR/12/187/2025/0001,CC/2025/050001,2025-10-16,Housebreaking by night reported. Electronic goods and valuables stolen while occupants were away.,2025-10-15T20:30:04,2025-10-15T20:30:04,2025-10-16T12:30:04,14.528,75.8696,"Incident near coordinates 14.528, 75.8696",Crimes Against Body,Murder,IPC,Indian Penal Code,IPC,379,Punishment for theft,1,1,Suresh Shetty,40,Private Employee,Hindu,General,Male,Sowmya Deshmukh,54,Female,0,Divya Rao,43,Female,A1,1.0,2025-10-16T12:30:04,Karnataka,Davangere,Davangere Extension PS,KA23560,Davangere District & Sessions Court,Divya Rao,,2025-10-16T12:30:04,C,KA56547,50001,12,187,1,2,2,6,1,2025-10-16 12:30:04,43,2,20,3,10,0,0,2,570,2093,4.15,2,1,0
FIR,Non-Heinous,Chargesheet Filed,Karnataka,Kalaburagi,Kalaburagi District & Sessions Court,Police Station,Kalaburagi City PS,KA63951,Abhishek Nayak,Inspector,Investigating Officer,1988-05-15,Male,O Positive,0,2012-06-01,FIR/07/104/2025/0002,CC/2025/050002,2025-09-23,Cyber fraud complaint regarding unauthorized digital transaction via fake banking link.,2025-09-23T10:48:59,2025-09-23T10:48:59,2025-09-23T15:48:59,17.3568,76.8923,"Incident near coordinates 17.3568, 76.8923",Property Crimes,Theft,IPC,Indian Penal Code,IPC,379,Punishment for theft,1,1,Ramesh Kambale,38,Private Employee,Hindu,General,Male,Raghavendra Kuruba,45,Female,0,Anand Bhat,21,Male,A2,1.0,2025-09-23T15:48:59,Karnataka,Kalaburagi,Kalaburagi City PS,KA64662,Kalaburagi District & Sessions Court,Anand Bhat,,2025-09-23T15:48:59,C,KA59630,50002,7,104,3,1,1,1,1,2025-09-23 15:48:59,21,1,10,2,9,0,0,2,621,2864,1.82,2,1,0
FIR,Heinous,Chargesheet Filed,Karnataka,Belagavi,Belagavi District & Sessions Court,Police Station,Belagavi City PS,KA69871,Vijay Joshi,Sub-Inspector,Investigating Officer,1988-05-15,Male,O Positive,0,2012-06-01,FIR/06/097/2025/0003,CC/2025/050003,2025-11-13,Complainant reported theft of motor vehicle parked in front of residence during night hours.,2025-11-13T02:43:58,2025-11-13T02:43:58,2025-11-13T03:43:58,15.8522,74.6483,"Incident near coordinates 15.8522, 74.6483",Financial Crime,Money Laundering,IPC,Indian Penal Code,IPC,379,Punishment for theft,1,1,Mahesh Nayak,50,Private Employee,Hindu,General,Male,Sunitha Bhat,49,Female,0,Manjunath Kulkarni,54,Male,A3,1.0,2025-11-13T03:43:58,Karnataka,Belagavi,Belagavi City PS,KA36206,Belagavi District & Sessions Court,Manjunath Kulkarni,,2025-11-13T03:43:58,C,KA84810,50003,6,97,1,2,4,14,1,2025-11-13 03:43:58,54,1,2,4,11,0,1,1,229,1264,2.66,4,1,0
FIR,Non-Heinous,Chargesheet Filed,Karnataka,Shivamogga,Shivamogga District & Sessions Court,Police Station,Shivamogga Town PS,KA77532,Nagaraj Bhat,Head Constable,Investigating Officer,1988-05-15,Male,O Positive,0,2012-06-01,FIR/11/174/2025/0004,CC/2025/050004,2025-04-24,Housebreaking by night reported. Electronic goods and valuables stolen while occupants were away.,2025-04-22T17:10:31,2025-04-22T17:10:31,2025-04-24T14:10:31,13.991,75.5296,"Incident near coordinates 13.991, 75.5296",Crimes Against Body,Murder,IPC,Indian Penal Code,IPC,379,Punishment for theft,1,1,Aswini Deshmukh,48,Private Employee,Hindu,General,Male,Geetha Gowda,58,Female,0,Darshan Kuruba,45,Male,A4,1.0,2025-04-24T14:10:31,Karnataka,Shivamogga,Shivamogga Town PS,KA24436,Shivamogga District & Sessions Court,Darshan Kuruba,,2025-04-24T14:10:31,C,KA72130,50004,11,174,1,1,2,6,1,2025-04-24 14:10:31,45,1,17,2,4,0,0,2,930,450,3.86,1,1,0
FIR,Non-Heinous,Chargesheet Filed,Karnataka,Belagavi,Belagavi District & Sessions Court,Police Station,Belagavi City PS,KA96387,Nagaraj Naik,Inspector,Investigating Officer,1988-05-15,Male,O Positive,0,2012-06-01,FIR/06/097/2025/0005,CC/2025/050005,2025-08-05,Complainant reported theft of motor vehicle parked in front of residence during night hours.,2025-08-04T00:46:30,2025-08-04T00:46:30,2025-08-05T14:46:30,15.8649,74.4785,"Incident near coordinates 15.8649, 74.4785",Crimes Against Body,Murder,IPC,Indian Penal Code,IPC,379,Punishment for theft,1,1,Sudha Nayak,48,Private Employee,Hindu,General,Male,Satish Rao,23,Female,0,Ramesh Bhat,18,Male,A5,1.0,2025-08-05T14:46:30,Karnataka,Belagavi,Belagavi City PS,KA38370,Belagavi District & Sessions Court,Ramesh Bhat,,2025-08-05T14:46:30,C,KA64866,50005,6,97,2,1,2,6,1,2025-08-05 14:46:30,18,1,0,1,8,0,1,1,571,2813,1.4,1,1,0
FIR,Non-Heinous,Chargesheet Filed,Karnataka,Davangere,Davangere District & Sessions Court,Police Station,Davangere Extension PS,KA64959,Manjunath Rao,Sub-Inspector,Investigating Officer,1988-05-15,Male,O Positive,0,2012-06-01,FIR/12/176/2025/0006,CC/2025/050006,2025-12-20,Burglary incident reported at commercial establishment. Locked doors broken open and cash stolen.,2025-12-19T00:11:45,2025-12-19T00:11:45,2025-12-20T12:11:45,14.4026,75.9023,"Incident near coordinates 14.4026, 75.9023",Cyber Crime,Dark Web Crime,IPC,Indian Penal Code,IPC,379,Punishment for theft,1,1,Ramesh Hegde,65,Private Employee,Hindu,General,Male,Basavaraj Shetty,44,Female,0,Shivakumar Patil,20,Male,A6,1.0,2025-12-20T12:11:45,Karnataka,Davangere,Davangere Extension PS,KA57715,Davangere District & Sessions Court,Shivakumar Patil,,2025-12-20T12:11:45,C,KA13597,50006,12,176,3,1,3,12,1,2025-12-20 12:11:45,20,1,0,5,12,0,1,1,687,2854,4.3,1,1,0
FIR,Non-Heinous,Chargesheet Filed,Karnataka,Davangere,Davangere District & Sessions Court,Police Station,Davangere Extension PS,KA96287,Anand Naik,Constable,Investigating Officer,1988-05-15,Male,O Positive,0,2012-06-01,FIR/12/179/2025/0007,CC/2025/050007,2025-09-11,Complainant reported theft of motor vehicle parked in front of residence during night hours.,2025-09-10T19:24:59,2025-09-10T19:24:59,2025-09-11T02:24:59,14.5372,75.8758,"Incident near coordinates 14.5372, 75.8758",Cyber Crime,Cryptocurrency Crime,IPC,Indian Penal Code,IPC,379,Punishment for theft,1,1,Prakash Rao,47,Private Employee,Hindu,General,Male,Darshan Reddy,22,Female,0,Pradeep Joshi,50,Male,A7,1.0,2025-09-11T02:24:59,Karnataka,Davangere,Davangere Extension PS,KA99761,Davangere District & Sessions Court,Pradeep Joshi,,2025-09-11T02:24:59,C,KA74084,50007,12,179,1,1,3,13,1,2025-09-11 02:24:59,50,1,19,3,9,0,0,1,440,602,2.78,1,1,0
FIR,Non-Heinous,Chargesheet Filed,Karnataka,Kalaburagi,Kalaburagi District & Sessions Court,Police Station,Kalaburagi City PS,KA16052,Kumar Hegde,Head Constable,Investigating Officer,1988-05-15,Male,O Positive,0,2012-06-01,FIR/07/113/2025/0008,CC/2025/050008,2025-03-01,Cyber fraud complaint regarding unauthorized digital transaction via fake banking link.,2025-02-28T15:39:18,2025-02-28T15:39:18,2025-03-01T11:39:18,17.3886,76.8177,"Incident near coordinates 17.3886, 76.8177",Cyber Crime,Cyber Crime,IPC,Indian Penal Code,IPC,379,Punishment for theft,1,1,Basavaraj Pujari,53,Private Employee,Hindu,General,Male,Aswini Rao,57,Female,0,Satish Gowda,49,Male,A8,1.0,2025-03-01T11:39:18,Karnataka,Kalaburagi,Kalaburagi City PS,KA39520,Kalaburagi District & Sessions Court,Satish Gowda,,2025-03-01T11:39:18,C,KA39168,50008,7,113,1,1,3,11,1,2025-03-01 11:39:18,49,1,15,5,2,0,0,1,544,1357,3.36,2,1,0
FIR,Heinous,Chargesheet Filed,Karnataka,Davangere,Davangere District & Sessions Court,Police Station,Davangere Extension PS,KA30315,Satish Pujari,Constable,Investigating Officer,1988-05-15,Male,O Positive,0,2012-06-01,FIR/12/182/2025/0009,CC/2025/050009,2025-04-21,Accused unlawfully intercepted complainant near main road intersection and committed extortion and assault.,2025-04-20T20:09:49,2025-04-20T20:09:49,2025-04-21T10:09:49,14.4565,75.9174,"Incident near coordinates 14.4565, 75.9174",Crimes Against Body,Murder,IPC,Indian Penal Code,IPC,379,Punishment for theft,1,1,Prakash Patil,48,Private Employee,Hindu,General,Male,Ramesh Shetty,60,Female,0,Mahesh Patil,33,Male,A9,1.0,2025-04-21T10:09:49,Karnataka,Davangere,Davangere Extension PS,KA85456,Davangere District & Sessions Court,Mahesh Patil,,2025-04-21T10:09:49,C,KA34271,50009,12,182,2,2,2,6,1,2025-04-21 10:09:49,33,1,20,7,4,1,0,3,360,896,2.41,3,1,0
FIR,Non-Heinous,Chargesheet Filed,Karnataka,Ballari,Ballari District & Sessions Court,Police Station,Ballari City PS,KA83745,Abhishek Deshmukh,Constable,Investigating Officer,1988-05-15,Male,O Positive,0,2012-06-01,FIR/08/118/2025/0010,CC/2025/050010,2025-01-24,Accused unlawfully intercepted complainant near main road intersection and committed extortion and assault.,2025-01-24T11:18:21,2025-01-24T11:18:21,2025-01-24T18:18:21,15.1911,76.9826,"Incident near coordinates 15.1911, 76.9826",Cyber Crime,Cyber Crime,IPC,Indian Penal Code,IPC,379,Punishment for theft,1,1,Prakash Kulkarni,62,Private Employee,Hindu,General,Male,Manjunath Kambale,51,Female,0,Kiran Hegde,66,Male,A10,1.0,2025-01-24T18:18:21,Karnataka,Ballari,Ballari City PS,KA47282,Ballari District & Sessions Court,Kiran Hegde,,2025-01-24T18:18:21,C,KA61033,50010,8,118,3,1,3,11,1,2025-01-24 18:18:21,66,1,11,5,1,0,0,1,51,2752,1.17,1,0,0
FIR,Non-Heinous,Chargesheet Filed,Karnataka,Ballari,Ballari District & Sessions Court,Police Station,Ballari City PS,KA84857,Kiran Puri,Sub-Inspector,Investigating Officer,1988-05-15,Male,O Positive,0,2012-06-01,FIR/08/129/2025/0011,CC/2025/050011,2025-03-17,Snatching of gold chain from pedestrian by bike-borne suspects during evening hours.,2025-03-16T02:08:53,2025-03-16T02:08:53,2025-03-17T16:08:53,15.2093,76.9796,"Incident near coordinates 15.2093, 76.9796",Crimes Against Body,Grievous Hurt,IPC,Indian Penal Code,IPC,379,Punishment for theft,1,1,Roopa Shetty,49,Private Employee,Hindu,General,Male,Shivakumar Naik,33,Female,0,Raghavendra Patil,63,Male,A11,1.0,2025-03-17T16:08:53,Karnataka,Ballari,Ballari City PS,KA21715,Ballari District & Sessions Court,Raghavendra Patil,,2025-03-17T16:08:53,C,KA84616,50011,8,129,1,1,2,8,1,2025-03-17 16:08:53,63,1,2,7,3,1,1,3,244,2734,3.93,2,1,0
FIR,Non-Heinous,Chargesheet Filed,Karnataka,Ballari,Ballari District & Sessions Court,Police Station,Ballari City PS,KA28336,Kumar Kulkarni,Sub-Inspector,Investigating Officer,1988-05-15,Male,O Positive,0,2012-06-01,FIR/08/127/2025/0012,CC/2025/050012,2025-04-21,Cyber fraud complaint regarding unauthorized digital transaction via fake banking link.,2025-04-21T13:05:06,2025-04-21T13:05:06,2025-04-21T15:05:06,15.1721,76.8605,"Incident near coordinates 15.1721, 76.8605",Property Crimes,Theft,IPC,Indian Penal Code,IPC,379,Punishment for theft,1,1,Pradeep Bhat,39,Private Employee,Hindu,General,Male,Darshan Chavhan,34,Female,0,Shivakumar Joshi,27,Male,A12,1.0,2025-04-21T15:05:06,Karnataka,Ballari,Ballari City PS,KA15128,Ballari District & Sessions Court,Shivakumar Joshi,,2025-04-21T15:05:06,C,KA98709,50012,8,127,1,1,1,1,1,2025-04-21 15:05:06,27,1,13,1,4,0,0,1,536,3243,1.5,2,1,0
FIR,Non-Heinous,Chargesheet Filed,Karnataka,Kalaburagi,Kalaburagi District & Sessions Court,Police Station,Kalaburagi City PS,KA50724,Abhishek Kulkarni,Sub-Inspector,Investigating Officer,1988-05-15,Male,O Positive,0,2012-06-01,FIR/07/114/2025/0013,CC/2025/050013,2025-06-16,Snatching of gold chain from pedestrian by bike-borne suspects during evening hours.,2025-06-15T20:07:53,2025-06-15T20:07:53,2025-06-16T01:07:53,17.3316,76.7952,"Incident near coordinates 17.3316, 76.7952",Cyber Crime,Cryptocurrency Crime,IPC,Indian Penal Code,IPC,379,Punishment for theft,1,1,Abhishek Chavhan,34,Private Employee,Hindu,General,Male,Basavaraj Bhat,29,Female,0,Abhishek Reddy,48,Male,A13,1.0,2025-06-16T01:07:53,Karnataka,Kalaburagi,Kalaburagi City PS,KA36960,Kalaburagi District & Sessions Court,Abhishek Reddy,,2025-06-16T01:07:53,C,KA72983,50013,7,114,1,1,3,13,1,2025-06-16 01:07:53,48,1,20,7,6,1,0,2,757,1025,3.06,2,1,0
FIR,Non-Heinous,Chargesheet Filed,Karnataka,Shivamogga,Shivamogga District & Sessions Court,Police Station,Shivamogga Town PS,KA16886,Anand Gowda,Inspector,Investigating Officer,1988-05-15,Male,O Positive,0,2012-06-01,FIR/11/166/2025/0014,CC/2025/050014,2025-11-17,Burglary incident reported at commercial establishment. Locked doors broken open and cash stolen.,2025-11-16T07:03:03,2025-11-16T07:03:03,2025-11-17T01:03:03,13.9454,75.5181,"Incident near coordinates 13.9454, 75.5181",Crimes Against Body,Assault,IPC,Indian Penal Code,IPC,379,Punishment for theft,1,1,Mahesh Hegde,53,Private Employee,Hindu,General,Male,Ramesh Puri,54,Female,0,Abhishek Kuruba,54,Male,A14,1.0,2025-11-17T01:03:03,Karnataka,Shivamogga,Shivamogga Town PS,KA22759,Shivamogga District & Sessions Court,Abhishek Kuruba,,2025-11-17T01:03:03,C,KA81632,50014,11,166,2,1,2,7,1,2025-11-17 01:03:03,54,1,7,7,11,1,0,3,201,1898,3.79,2,1,0
FIR,Non-Heinous,Chargesheet Filed,Karnataka,Ballari,Ballari District & Sessions Court,Police Station,Ballari City PS,KA59412,Shivakumar Chavhan,Constable,Investigating Officer,1988-05-15,Male,O Positive,0,2012-06-01,FIR/08/125/2025/0015,CC/2025/050015,2025-01-24,Snatching of gold chain from pedestrian by bike-borne suspects during evening hours.,2025-01-24T03:55:43,2025-01-24T03:55:43,2025-01-24T11:55:43,15.1933,76.8694,"Incident near coordinates 15.1933, 76.8694",Crimes Against Body,Grievous Hurt,IPC,Indian Penal Code,IPC,379,Punishment for theft,1,1,Kumar Deshmukh,56,Private Employee,Hindu,General,Male,Ganesh Joshi,58,Female,0,Vijay Gowda,22,Male,A15,1.0,2025-01-24T11:55:43,Karnataka,Ballari,Ballari City PS,KA23433,Ballari District & Sessions Court,Vijay Gowda,,2025-01-24T11:55:43,C,KA91598,50015,8,125,3,1,2,8,1,2025-01-24 11:55:43,22,1,3,5,1,0,1,1,230,1236,3.39,2,1,0
FIR,Heinous,Chargesheet Filed,Karnataka,Ballari,Ballari District & Sessions Court,Police Station,Ballari City PS,KA60371,Mahesh Rao,Sub-Inspector,Investigating Officer,1988-05-15,Male,O Positive,0,2012-06-01,FIR/08/122/2025/0016,CC/2025/050016,2025-10-20,Burglary incident reported at commercial establishment. Locked doors broken open and cash stolen.,2025-10-19T04:20:31,2025-10-19T04:20:31,2025-10-20T13:20:31,15.2161,76.9543,"Incident near coordinates 15.2161, 76.9543",Financial Crime,Cheating,IPC,Indian Penal Code,IPC,379,Punishment for theft,1,1,Kumar Deshmukh,43,Private Employee,Hindu,General,Male,Ganesh Shetty,30,Female,0,Abhishek Kulkarni,22,Male,A16,1.0,2025-10-20T13:20:31,Karnataka,Ballari,Ballari City PS,KA78643,Ballari District & Sessions Court,Abhishek Kulkarni,,2025-10-20T13:20:31,C,KA84593,50016,8,122,3,2,4,15,1,2025-10-20 13:20:31,22,1,4,7,10,1,1,4,266,3101,2.18,3,1,1
FIR,Non-Heinous,Chargesheet Filed,Karnataka,Davangere,Davangere District & Sessions Court,Police Station,Davangere Extension PS,KA51631,Satish Reddy,Sub-Inspector,Investigating Officer,1988-05-15,Male,O Positive,0,2012-06-01,FIR/12/180/2025/0017,CC/2025/050017,2025-08-22,Complainant reported theft of motor vehicle parked in front of residence during night hours.,2025-08-21T18:36:46,2025-08-21T18:36:46,2025-08-22T06:36:46,14.4595,75.8988,"Incident near coordinates 14.4595, 75.8988",Property Crimes,Burglary,IPC,Indian Penal Code,IPC,379,Punishment for theft,1,1,Prakash Naik,48,Private Employee,Hindu,General,Male,Kavitha Kulkarni,49,Female,0,Abhishek Deshmukh,51,Male,A17,1.0,2025-08-22T06:36:46,Karnataka,Davangere,Davangere Extension PS,KA35625,Davangere District & Sessions Court,Abhishek Deshmukh,,2025-08-22T06:36:46,C,KA12004,50017,12,180,3,1,1,3,1,2025-08-22 06:36:46,51,1,18,4,8,0,0,1,745,3482,3.92,2,1,0
FIR,Non-Heinous,Chargesheet Filed,Karnataka,Ballari,Ballari District & Sessions Court,Police Station,Ballari City PS,KA16583,Anand Kuruba,Head Constable,Investigating Officer,1988-05-15,Male,O Positive,0,2012-06-01,FIR/08/121/2025/0018,CC/2025/050018,2025-12-19,Housebreaking by night reported. Electronic goods and valuables stolen while occupants were away.,2025-12-18T01:11:57,2025-12-18T01:11:57,2025-12-19T13:11:57,15.1436,76.9091,"Incident near coordinates 15.1436, 76.9091",Cyber Crime,Dark Web Crime,IPC,Indian Penal Code,IPC,379,Punishment for theft,1,1,Anand Gowda,61,Private Employee,Hindu,General,Male,Raghavendra Bhat,21,Female,0,Divya Deshmukh,68,Transgender,A18,1.0,2025-12-19T13:11:57,Karnataka,Ballari,Ballari City PS,KA19681,Ballari District & Sessions Court,Divya Deshmukh,,2025-12-19T13:11:57,C,KA20432,50018,8,121,1,1,3,12,1,2025-12-19 13:11:57,68,3,1,4,12,0,1,1,716,2752,3.21,1,1,0
FIR,Heinous,Chargesheet Filed,Karnataka,Ballari,Ballari District & Sessions Court,Police Station,Ballari City PS,KA65776,Vijay Nayak,Constable,Investigating Officer,1988-05-15,Male,O Positive,0,2012-06-01,FIR/08/117/2025/0019,CC/2025/050019,2025-11-07,Complainant reported theft of motor vehicle parked in front of residence during night hours.,2025-11-05T17:46:01,2025-11-05T17:46:01,2025-11-07T05:46:01,15.1487,76.9948,"Incident near coordinates 15.1487, 76.9948",Crimes Against Body,Murder,IPC,Indian Penal Code,IPC,379,Punishment for theft,1,1,Basavaraj Puri,62,Private Employee,Hindu,General,Male,Prakash Deshmukh,43,Female,0,Sunitha Kambale,70,Female,A19,1.0,2025-11-07T05:46:01,Karnataka,Ballari,Ballari City PS,KA71107,Ballari District & Sessions Court,Sunitha Kambale,,2025-11-07T05:46:01,C,KA65751,50019,8,117,1,2,2,6,1,2025-11-07 05:46:01,70,2,17,3,11,0,0,1,339,1348,4.06,3,1,0
FIR,Non-Heinous,Chargesheet Filed,Karnataka,Kalaburagi,Kalaburagi District & Sessions Court,Police Station,Kalaburagi City PS,KA43756,Pradeep Naik,Sub-Inspector,Investigating Officer,1988-05-15,Male,O Positive,0,2012-06-01,FIR/07/107/2025/0020,CC/2025/050020,2025-10-30,Accused unlawfully intercepted complainant near main road intersection and committed extortion and assault.,2025-10-28T18:58:12,2025-10-28T18:58:12,2025-10-30T12:58:12,17.3376,76.7571,"Incident near coordinates 17.3376, 76.7571",Financial Crime,Money Laundering,IPC,Indian Penal Code,IPC,379,Punishment for theft,1,1,Satish Bhat,53,Private Employee,Hindu,General,Male,Kiran Kuruba,21,Female,0,Abhishek Joshi,38,Male,A20,1.0,2025-10-30T12:58:12,Karnataka,Kalaburagi,Kalaburagi City PS,KA89995,Kalaburagi District & Sessions Court,Abhishek Joshi,,2025-10-30T12:58:12,C,KA33409,50020,7,107,2,1,4,14,1,2025-10-30 12:58:12,38,1,18,2,10,0,0,1,462,776,1.31,1,0,0
FIR,Heinous,Chargesheet Filed,Karnataka,Shivamogga,Shivamogga District & Sessions Court,Police Station,Shivamogga Town PS,KA35198,Raghavendra Puri,Inspector,Investigating Officer,1988-05-15,Male,O Positive,0,2012-06-01,FIR/11/164/2025/0021,CC/2025/050021,2025-07-17,Snatching of gold chain from pedestrian by bike-borne suspects during evening hours.,2025-07-16T19:49:37,2025-07-16T19:49:37,2025-07-17T08:49:37,13.9138,75.6052,"Incident near coordinates 13.9138, 75.6052",Crimes Against Body,Grievous Hurt,IPC,Indian Penal Code,IPC,379,Punishment for theft,1,1,Aswini Joshi,56,Private Employee,Hindu,General,Male,Abhishek Rao,45,Female,0,Satish Shetty,49,Male,A21,1.0,2025-07-17T08:49:37,Karnataka,Shivamogga,Shivamogga Town PS,KA69767,Shivamogga District & Sessions Court,Satish Shetty,,2025-07-17T08:49:37,C,KA77691,50021,11,164,3,2,2,8,1,2025-07-17 08:49:37,49,1,19,3,7,0,0,1,473,2971,0.34,3,0,0
FIR,Heinous,Chargesheet Filed,Karnataka,Ballari,Ballari District & Sessions Court,Police Station,Ballari City PS,KA28697,Darshan Chavhan,Head Constable,Investigating Officer,1988-05-15,Male,O Positive,0,2012-06-01,FIR/08/125/2025/0022,CC/2025/050022,2025-08-20,Complainant reported theft of motor vehicle parked in front of residence during night hours.,2025-08-19T03:17:18,2025-08-19T03:17:18,2025-08-20T10:17:18,15.1994,76.9417,"Incident near coordinates 15.1994, 76.9417",Financial Crime,Money Laundering,IPC,Indian Penal Code,IPC,379,Punishment for theft,1,1,Sudha Naik,62,Private Employee,Hindu,General,Male,Kiran Reddy,46,Female,0,Aswini Pujari,31,Female,A22,1.0,2025-08-20T10:17:18,Karnataka,Ballari,Ballari City PS,KA24804,Ballari District & Sessions Court,Aswini Pujari,,2025-08-20T10:17:18,C,KA49721,50022,8,125,2,2,4,14,1,2025-08-20 10:17:18,31,2,3,2,8,0,1,2,751,1944,0.91,3,1,0
FIR,Non-Heinous,Chargesheet Filed,Karnataka,Kalaburagi,Kalaburagi District & Sessions Court,Police Station,Kalaburagi City PS,KA67885,Kumar Bhat,Constable,Investigating Officer,1988-05-15,Male,O Positive,0,2012-06-01,FIR/07/107/2025/0023,CC/2025/050023,2025-05-11,Burglary incident reported at commercial establishment. Locked doors broken open and cash stolen.,2025-05-09T12:28:50,2025-05-09T12:28:50,2025-05-11T04:28:50,17.3294,76.8318,"Incident near coordinates 17.3294, 76.8318",Financial Crime,Money Laundering,IPC,Indian Penal Code,IPC,379,Punishment for theft,1,1,Ramesh Kambale,25,Private Employee,Hindu,General,Male,Abhishek Naik,27,Female,0,Shivakumar Reddy,20,Male,A23,1.0,2025-05-11T04:28:50,Karnataka,Kalaburagi,Kalaburagi City PS,KA90117,Kalaburagi District & Sessions Court,Shivakumar Reddy,,2025-05-11T04:28:50,C,KA51138,50023,7,107,3,1,4,14,1,2025-05-11 04:28:50,20,1,12,5,5,0,0,1,626,3313,0.58,2,1,0
FIR,Non-Heinous,Chargesheet Filed,Karnataka,Kalaburagi,Kalaburagi District & Sessions Court,Police Station,Kalaburagi City PS,KA32514,Manjunath Naik,Constable,Investigating Officer,1988-05-15,Male,O Positive,0,2012-06-01,FIR/07/108/2025/0024,CC/2025/050024,2025-03-13,Housebreaking by night reported. Electronic goods and valuables stolen while occupants were away.,2025-03-11T16:47:31,2025-03-11T16:47:31,2025-03-13T02:47:31,17.2856,76.8075,"Incident near coordinates 17.2856, 76.8075",Property Crimes,Burglary,IPC,Indian Penal Code,IPC,379,Punishment for theft,1,1,Rekha Gowda,47,Private Employee,Hindu,General,Male,Venkatesh Joshi,56,Female,0,Kumar Kambale,62,Male,A24,1.0,2025-03-13T02:47:31,Karnataka,Kalaburagi,Kalaburagi City PS,KA40390,Kalaburagi District & Sessions Court,Kumar Kambale,,2025-03-13T02:47:31,C,KA32495,50024,7,108,2,1,1,3,1,2025-03-13 02:47:31,62,1,16,2,3,0,0,1,399,3294,2.52,2,1,0
FIR,Non-Heinous,Chargesheet Filed,Karnataka,Shivamogga,Shivamogga District & Sessions Court,Police Station,Shivamogga Town PS,KA22547,Pradeep Hegde,Head Constable,Investigating Officer,1988-05-15,Male,O Positive,0,2012-06-01,FIR/11/163/2025/0025,CC/2025/050025,2025-03-22,Snatching of gold chain from pedestrian by bike-borne suspects during evening hours.,2025-03-20T19:04:32,2025-03-20T19:04:32,2025-03-22T09:04:32,13.9133,75.5286,"Incident near coordinates 13.9133, 75.5286",Financial Crime,Cheating,IPC,Indian Penal Code,IPC,379,Punishment for theft,1,1,Sunitha Bhat,24,Private Employee,Hindu,General,Male,Meenakshi Naik,48,Female,0,Vijay Nayak,24,Male,A25,1.0,2025-03-22T09:04:32,Karnataka,Shivamogga,Shivamogga Town PS,KA63388,Shivamogga District & Sessions Court,Vijay Nayak,,2025-03-22T09:04:32,C,KA33807,50025,11,163,3,1,4,15,1,2025-03-22 09:04:32,24,1,19,4,3,0,0,1,910,2715,2.81,2,1,0
FIR,Non-Heinous,Chargesheet Filed,Karnataka,Belagavi,Belagavi District & Sessions Court,Police Station,Belagavi City PS,KA64846,Darshan Kambale,Inspector,Investigating Officer,1988-05-15,Male,O Positive,0,2012-06-01,FIR/06/095/2025/0026,CC/2025/050026,2025-09-19,Housebreaking by night reported. Electronic goods and valuables stolen while occupants were away.,2025-09-18T18:46:32,2025-09-18T18:46:32,2025-09-19T13:46:32,15.9788,74.544,"Incident near coordinates 15.9788, 74.544",Cyber Crime,Cryptocurrency Crime,IPC,Indian Penal Code,IPC,379,Punishment for theft,1,1,Manjunath Kambale,31,Private Employee,Hindu,General,Male,Vijay Reddy,47,Female,0,Darshan Kambale,30,Male,A26,1.0,2025-09-19T13:46:32,Karnataka,Belagavi,Belagavi City PS,KA95292,Belagavi District & Sessions Court,Darshan Kambale,,2025-09-19T13:46:32,C,KA53910,50026,6,95,3,1,3,13,1,2025-09-19 13:46:32,30,1,18,4,9,0,0,1,212,3249,4.31,1,1,0
FIR,Non-Heinous,Chargesheet Filed,Karnataka,Davangere,Davangere District & Sessions Court,Police Station,Davangere Extension PS,KA56954,Mahesh Nayak,Sub-Inspector,Investigating Officer,1988-05-15,Male,O Positive,0,2012-06-01,FIR/12/189/2025/0027,CC/2025/050027,2025-05-09,Snatching of gold chain from pedestrian by bike-borne suspects during evening hours.,2025-05-08T06:32:01,2025-05-08T06:32:01,2025-05-09T01:32:01,14.4821,75.8797,"Incident near coordinates 14.4821, 75.8797",Crimes Against Body,Murder,IPC,Indian Penal Code,IPC,379,Punishment for theft,1,1,Vijay Kambale,57,Private Employee,Hindu,General,Male,Raghavendra Kambale,60,Female,0,Kiran Gowda,57,Male,A27,1.0,2025-05-09T01:32:01,Karnataka,Davangere,Davangere Extension PS,KA64999,Davangere District & Sessions Court,Kiran Gowda,,2025-05-09T01:32:01,C,KA67620,50027,12,189,3,1,2,6,1,2025-05-09 01:32:01,57,1,6,4,5,0,0,3,728,1093,2.1,2,1,0
FIR,Non-Heinous,Chargesheet Filed,Karnataka,Belagavi,Belagavi District & Sessions Court,Police Station,Belagavi City PS,KA47932,Vijay Patil,Inspector,Investigating Officer,1988-05-15,Male,O Positive,0,2012-06-01,FIR/06/088/2025/0028,CC/2025/050028,2025-05-14,Accused unlawfully intercepted complainant near main road intersection and committed extortion and assault.,2025-05-12T19:34:47,2025-05-12T19:34:47,2025-05-14T09:34:47,15.8839,74.6173,"Incident near coordinates 15.8839, 74.6173",Property Crimes,Burglary,IPC,Indian Penal Code,IPC,379,Punishment for theft,1,1,Ramesh Kambale,43,Private Employee,Hindu,General,Male,Darshan Kuruba,38,Female,0,Shivakumar Shetty,62,Male,A28,1.0,2025-05-14T09:34:47,Karnataka,Belagavi,Belagavi City PS,KA73633,Belagavi District & Sessions Court,Shivakumar Shetty,,2025-05-14T09:34:47,C,KA29856,50028,6,88,2,1,1,3,1,2025-05-14 09:34:47,62,1,19,1,5,0,0,5,322,914,3.58,2,1,0
FIR,Non-Heinous,Chargesheet Filed,Karnataka,Shivamogga,Shivamogga District & Sessions Court,Police Station,Shivamogga Town PS,KA67080,Pradeep Hegde,Constable,Investigating Officer,1988-05-15,Male,O Positive,0,2012-06-01,FIR/11/172/2025/0029,CC/2025/050029,2025-10-30,Complainant reported theft of motor vehicle parked in front of residence during night hours.,2025-10-30T12:56:20,2025-10-30T12:56:20,2025-10-30T13:56:20,13.94,75.6539,"Incident near coordinates 13.94, 75.6539",Property Crimes,Burglary,IPC,Indian Penal Code,IPC,379,Punishment for theft,1,1,Anitha Puri,23,Private Employee,Hindu,General,Male,Abhishek Patil,40,Female,0,Prakash Puri,61,Male,A29,1.0,2025-10-30T13:56:20,Karnataka,Shivamogga,Shivamogga Town PS,KA81032,Shivamogga District & Sessions Court,Prakash Puri,,2025-10-30T13:56:20,C,KA64365,50029,11,172,3,1,1,3,1,2025-10-30 13:56:20,61,1,12,4,10,0,0,2,53,1411,4.35,1,1,0
FIR,Heinous,Chargesheet Filed,Karnataka,Belagavi,Belagavi District & Sessions Court,Police Station,Belagavi City PS,KA12083,Vijay Bhat,Inspector,Investigating Officer,1988-05-15,Male,O Positive,0,2012-06-01,FIR/06/093/2025/0030,CC/2025/050030,2025-09-06,Burglary incident reported at commercial establishment. Locked doors broken open and cash stolen.,2025-09-05T03:20:31,2025-09-05T03:20:31,2025-09-06T02:20:31,15.8561,74.4515,"Incident near coordinates 15.8561, 74.4515",Financial Crime,Cheating,IPC,Indian Penal Code,IPC,379,Punishment for theft,1,1,Mahesh Puri,29,Private Employee,Hindu,General,Male,Satish Kuruba,41,Female,0,Aswini Chavhan,51,Female,A30,1.0,2025-09-06T02:20:31,Karnataka,Belagavi,Belagavi City PS,KA66719,Belagavi District & Sessions Court,Aswini Chavhan,,2025-09-06T02:20:31,C,KA75805,50030,6,93,2,2,4,15,1,2025-09-06 02:20:31,51,2,3,5,9,0,1,1,308,2292,0.89,4,0,0
FIR,Non-Heinous,Chargesheet Filed,Karnataka,Davangere,Davangere District & Sessions Court,Police Station,Davangere Extension PS,KA66349,Suresh Puri,Sub-Inspector,Investigating Officer,1988-05-15,Male,O Positive,0,2012-06-01,FIR/12/179/2025/0031,CC/2025/050031,2025-04-24,Burglary incident reported at commercial establishment. Locked doors broken open and cash stolen.,2025-04-23T15:08:51,2025-04-23T15:08:51,2025-04-24T01:08:51,14.4134,75.8618,"Incident near coordinates 14.4134, 75.8618",Property Crimes,Theft,IPC,Indian Penal Code,IPC,379,Punishment for theft,1,1,Sowmya Puri,48,Private Employee,Hindu,General,Male,Sunitha Deshmukh,49,Female,0,Sunil Pujari,33,Male,A31,1.0,2025-04-24T01:08:51,Karnataka,Davangere,Davangere Extension PS,KA19213,Davangere District & Sessions Court,Sunil Pujari,,2025-04-24T01:08:51,C,KA21822,50031,12,179,3,1,1,1,1,2025-04-24 01:08:51,33,1,15,3,4,0,0,1,463,866,1.4,2,0,0
FIR,Non-Heinous,Chargesheet Filed,Karnataka,Shivamogga,Shivamogga District & Sessions Court,Police Station,Shivamogga Town PS,KA98577,Manjunath Reddy,Inspector,Investigating Officer,1988-05-15,Male,O Positive,0,2012-06-01,FIR/11/167/2025/0032,CC/2025/050032,2025-12-04,Accused unlawfully intercepted complainant near main road intersection and committed extortion and assault.,2025-12-03T15:44:35,2025-12-03T15:44:35,2025-12-04T05:44:35,13.9299,75.597,"Incident near coordinates 13.9299, 75.597",Cyber Crime,Cyber Crime,IPC,Indian Penal Code,IPC,379,Punishment for theft,1,1,Raghavendra Nayak,49,Private Employee,Hindu,General,Male,Manjunath Shetty,21,Female,0,Shivakumar Rao,61,Male,A32,1.0,2025-12-04T05:44:35,Karnataka,Shivamogga,Shivamogga Town PS,KA48255,Shivamogga District & Sessions Court,Shivakumar Rao,,2025-12-04T05:44:35,C,KA40544,50032,11,167,1,1,3,11,1,2025-12-04 05:44:35,61,1,15,3,12,0,0,2,187,2969,3.76,1,1,0
FIR,Non-Heinous,Chargesheet Filed,Karnataka,Kalaburagi,Kalaburagi District & Sessions Court,Police Station,Kalaburagi City PS,KA40130,Satish Reddy,Constable,Investigating Officer,1988-05-15,Male,O Positive,0,2012-06-01,FIR/07/101/2025/0033,CC/2025/050033,2025-03-29,Accused unlawfully intercepted complainant near main road intersection and committed extortion and assault.,2025-03-27T21:28:30,2025-03-27T21:28:30,2025-03-29T08:28:30,17.3234,76.8742,"Incident near coordinates 17.3234, 76.8742",Cyber Crime,Cyber Crime,IPC,Indian Penal Code,IPC,379,Punishment for theft,1,1,Pavitra Bhat,52,Private Employee,Hindu,General,Male,Anand Kulkarni,58,Female,0,Pradeep Hegde,37,Male,A33,1.0,2025-03-29T08:28:30,Karnataka,Kalaburagi,Kalaburagi City PS,KA23769,Kalaburagi District & Sessions Court,Pradeep Hegde,,2025-03-29T08:28:30,C,KA80176,50033,7,101,3,1,3,11,1,2025-03-29 08:28:30,37,1,21,4,3,0,0,1,581,951,0.74,1,1,0
FIR,Non-Heinous,Chargesheet Filed,Karnataka,Belagavi,Belagavi District & Sessions Court,Police Station,Belagavi City PS,KA31161,Manjunath Joshi,Head Constable,Investigating Officer,1988-05-15,Male,O Positive,0,2012-06-01,FIR/06/089/2025/0034,CC/2025/050034,2025-01-31,Snatching of gold chain from pedestrian by bike-borne suspects during evening hours.,2025-01-29T23:25:18,2025-01-29T23:25:18,2025-01-31T23:25:18,15.9974,74.5794,"Incident near coordinates 15.9974, 74.5794",Cyber Crime,Cryptocurrency Crime,IPC,Indian Penal Code,IPC,379,Punishment for theft,1,1,Deepa Joshi,41,Private Employee,Hindu,General,Male,Pradeep Patil,27,Female,0,Raghavendra Deshmukh,37,Male,A34,1.0,2025-01-31T23:25:18,Karnataka,Belagavi,Belagavi City PS,KA59889,Belagavi District & Sessions Court,Raghavendra Deshmukh,,2025-01-31T23:25:18,C,KA43320,50034,6,89,3,1,3,13,1,2025-01-31 23:25:18,37,1,23,3,1,0,1,1,260,2985,2.85,1,1,0
FIR,Non-Heinous,Chargesheet Filed,Karnataka,Kalaburagi,Kalaburagi District & Sessions Court,Police Station,Kalaburagi City PS,KA81983,Manjunath Kambale,Sub-Inspector,Investigating Officer,1988-05-15,Male,O Positive,0,2012-06-01,FIR/07/111/2025/0035,CC/2025/050035,2025-05-26,Burglary incident reported at commercial establishment. Locked doors broken open and cash stolen.,2025-05-26T08:23:50,2025-05-26T08:23:50,2025-05-26T17:23:50,17.2877,76.7633,"Incident near coordinates 17.2877, 76.7633",Cyber Crime,Dark Web Crime,IPC,Indian Penal Code,IPC,379,Punishment for theft,1,1,Prakash Puri,63,Private Employee,Hindu,General,Male,Manjunath Chavhan,47,Female,0,Raghavendra Kambale,45,Male,A35,1.0,2025-05-26T17:23:50,Karnataka,Kalaburagi,Kalaburagi City PS,KA10446,Kalaburagi District & Sessions Court,Raghavendra Kambale,,2025-05-26T17:23:50,C,KA94246,50035,7,111,2,1,3,12,1,2025-05-26 17:23:50,45,1,8,1,5,0,0,1,416,1156,3.26,2,1,0
FIR,Non-Heinous,Chargesheet Filed,Karnataka,Ballari,Ballari District & Sessions Court,Police Station,Ballari City PS,KA37240,Kiran Nayak,Inspector,Investigating Officer,1988-05-15,Male,O Positive,0,2012-06-01,FIR/08/120/2025/0036,CC/2025/050036,2025-06-07,Housebreaking by night reported. Electronic goods and valuables stolen while occupants were away.,2025-06-06T03:25:34,2025-06-06T03:25:34,2025-06-07T17:25:34,15.1015,76.9603,"Incident near coordinates 15.1015, 76.9603",Crimes Against Body,Murder,IPC,Indian Penal Code,IPC,379,Punishment for theft,1,1,Ganesh Rao,58,Private Employee,Hindu,General,Male,Vijay Shetty,34,Female,0,Darshan Naik,40,Male,A36,1.0,2025-06-07T17:25:34,Karnataka,Ballari,Ballari City PS,KA85113,Ballari District & Sessions Court,Darshan Naik,,2025-06-07T17:25:34,C,KA52773,50036,8,120,1,1,2,6,1,2025-06-07 17:25:34,40,1,3,5,6,0,1,1,775,2186,2.49,2,1,0
FIR,Non-Heinous,Chargesheet Filed,Karnataka,Ballari,Ballari District & Sessions Court,Police Station,Ballari City PS,KA99666,Kiran Reddy,Head Constable,Investigating Officer,1988-05-15,Male,O Positive,0,2012-06-01,FIR/08/127/2025/0037,CC/2025/050037,2025-04-25,Cyber fraud complaint regarding unauthorized digital transaction via fake banking link.,2025-04-24T01:41:48,2025-04-24T01:41:48,2025-04-25T01:41:48,15.2313,76.9821,"Incident near coordinates 15.2313, 76.9821",Property Crimes,Robbery,IPC,Indian Penal Code,IPC,379,Punishment for theft,1,1,Prakash Hegde,61,Private Employee,Hindu,General,Male,Anitha Patil,36,Female,0,Anand Patil,69,Male,A37,1.0,2025-04-25T01:41:48,Karnataka,Ballari,Ballari City PS,KA67678,Ballari District & Sessions Court,Anand Patil,,2025-04-25T01:41:48,C,KA23114,50037,8,127,1,1,1,2,1,2025-04-25 01:41:48,69,1,1,4,4,0,1,3,259,1271,1.0,2,0,0
FIR,Heinous,Chargesheet Filed,Karnataka,Ballari,Ballari District & Sessions Court,Police Station,Ballari City PS,KA98899,Satish Reddy,Head Constable,Investigating Officer,1988-05-15,Male,O Positive,0,2012-06-01,FIR/08/120/2025/0038,CC/2025/050038,2025-01-06,Burglary incident reported at commercial establishment. Locked doors broken open and cash stolen.,2025-01-06T03:18:56,2025-01-06T03:18:56,2025-01-06T14:18:56,15.2403,76.9678,"Incident near coordinates 15.2403, 76.9678",Crimes Against Body,Assault,IPC,Indian Penal Code,IPC,379,Punishment for theft,1,1,Abhishek Hegde,56,Private Employee,Hindu,General,Male,Suresh Chavhan,46,Female,0,Vijay Pujari,33,Male,A38,1.0,2025-01-06T14:18:56,Karnataka,Ballari,Ballari City PS,KA50128,Ballari District & Sessions Court,Vijay Pujari,,2025-01-06T14:18:56,C,KA83830,50038,8,120,3,2,2,7,1,2025-01-06 14:18:56,33,1,3,1,1,0,1,1,310,2805,2.41,3,1,0
FIR,Non-Heinous,Chargesheet Filed,Karnataka,Ballari,Ballari District & Sessions Court,Police Station,Ballari City PS,KA33020,Pradeep Naik,Sub-Inspector,Investigating Officer,1988-05-15,Male,O Positive,0,2012-06-01,FIR/08/116/2025/0039,CC/2025/050039,2025-05-26,Cyber fraud complaint regarding unauthorized digital transaction via fake banking link.,2025-05-26T06:05:35,2025-05-26T06:05:35,2025-05-26T18:05:35,15.1819,76.9004,"Incident near coordinates 15.1819, 76.9004",Property Crimes,Theft,IPC,Indian Penal Code,IPC,379,Punishment for theft,1,1,Geetha Deshmukh,54,Private Employee,Hindu,General,Male,Deepa Gowda,46,Female,0,Kiran Pujari,69,Male,A39,1.0,2025-05-26T18:05:35,Karnataka,Ballari,Ballari City PS,KA69675,Ballari District & Sessions Court,Kiran Pujari,,2025-05-26T18:05:35,C,KA37349,50039,8,116,2,1,1,1,1,2025-05-26 18:05:35,69,1,6,1,5,0,0,2,306,410,0.13,1,0,0
FIR,Non-Heinous,Chargesheet Filed,Karnataka,Shivamogga,Shivamogga District & Sessions Court,Police Station,Shivamogga Town PS,KA77275,Kumar Deshmukh,Inspector,Investigating Officer,1988-05-15,Male,O Positive,0,2012-06-01,FIR/11/172/2025/0040,CC/2025/050040,2025-11-23,Burglary incident reported at commercial establishment. Locked doors broken open and cash stolen.,2025-11-22T14:05:11,2025-11-22T14:05:11,2025-11-23T17:05:11,13.9339,75.6732,"Incident near coordinates 13.9339, 75.6732",Property Crimes,Theft,IPC,Indian Penal Code,IPC,379,Punishment for theft,1,1,Abhishek Bhat,60,Private Employee,Hindu,General,Male,Aswini Kulkarni,56,Female,0,Shivakumar Naik,48,Male,A40,1.0,2025-11-23T17:05:11,Karnataka,Shivamogga,Shivamogga Town PS,KA60642,Shivamogga District & Sessions Court,Shivakumar Naik,,2025-11-23T17:05:11,C,KA35272,50040,11,172,3,1,1,1,1,2025-11-23 17:05:11,48,1,14,6,11,1,0,4,204,1146,2.3,2,1,0
FIR,Non-Heinous,Chargesheet Filed,Karnataka,Davangere,Davangere District & Sessions Court,Police Station,Davangere Extension PS,KA36819,Satish Chavhan,Constable,Investigating Officer,1988-05-15,Male,O Positive,0,2012-06-01,FIR/12/185/2025/0041,CC/2025/050041,2025-07-11,Complainant reported theft of motor vehicle parked in front of residence during night hours.,2025-07-10T13:15:33,2025-07-10T13:15:33,2025-07-11T02:15:33,14.5326,75.8523,"Incident near coordinates 14.5326, 75.8523",Cyber Crime,Cryptocurrency Crime,IPC,Indian Penal Code,IPC,379,Punishment for theft,1,1,Darshan Joshi,61,Private Employee,Hindu,General,Male,Kiran Pujari,21,Female,0,Pradeep Rao,70,Male,A41,1.0,2025-07-11T02:15:33,Karnataka,Davangere,Davangere Extension PS,KA73418,Davangere District & Sessions Court,Pradeep Rao,,2025-07-11T02:15:33,C,KA92030,50041,12,185,2,1,3,13,1,2025-07-11 02:15:33,70,1,13,4,7,0,0,3,816,2710,3.28,2,1,0
FIR,Non-Heinous,Chargesheet Filed,Karnataka,Kalaburagi,Kalaburagi District & Sessions Court,Police Station,Kalaburagi City PS,KA34634,Venkatesh Gowda,Head Constable,Investigating Officer,1988-05-15,Male,O Positive,0,2012-06-01,FIR/07/101/2025/0042,CC/2025/050042,2025-10-30,Snatching of gold chain from pedestrian by bike-borne suspects during evening hours.,2025-10-28T03:00:31,2025-10-28T03:00:31,2025-10-30T00:00:31,17.3656,76.7641,"Incident near coordinates 17.3656, 76.7641",Cyber Crime,Cyber Crime,IPC,Indian Penal Code,IPC,379,Punishment for theft,1,1,Venkatesh Naik,26,Private Employee,Hindu,General,Male,Ramesh Kulkarni,33,Female,0,Manjunath Hegde,72,Male,A42,1.0,2025-10-30T00:00:31,Karnataka,Kalaburagi,Kalaburagi City PS,KA96722,Kalaburagi District & Sessions Court,Manjunath Hegde,,2025-10-30T00:00:31,C,KA11516,50042,7,101,1,1,3,11,1,2025-10-30 00:00:31,72,1,3,2,10,0,1,1,381,519,2.5,2,1,0
FIR,Non-Heinous,Chargesheet Filed,Karnataka,Ballari,Ballari District & Sessions Court,Police Station,Ballari City PS,KA61153,Kiran Pujari,Sub-Inspector,Investigating Officer,1988-05-15,Male,O Positive,0,2012-06-01,FIR/08/118/2025/0043,CC/2025/050043,2025-02-10,Accused unlawfully intercepted complainant near main road intersection and committed extortion and assault.,2025-02-08T22:41:15,2025-02-08T22:41:15,2025-02-10T13:41:15,15.1836,76.8815,"Incident near coordinates 15.1836, 76.8815",Crimes Against Body,Assault,IPC,Indian Penal Code,IPC,379,Punishment for theft,1,1,Kiran Gowda,58,Private Employee,Hindu,General,Male,Raghavendra Puri,32,Female,0,Basavaraj Kambale,65,Male,A43,1.0,2025-02-10T13:41:15,Karnataka,Ballari,Ballari City PS,KA61790,Ballari District & Sessions Court,Basavaraj Kambale,,2025-02-10T13:41:15,C,KA47066,50043,8,118,1,1,2,7,1,2025-02-10 13:41:15,65,1,22,6,2,1,1,1,674,3348,1.51,2,1,0
FIR,Non-Heinous,Chargesheet Filed,Karnataka,Shivamogga,Shivamogga District & Sessions Court,Police Station,Shivamogga Town PS,KA28864,Abhishek Rao,Sub-Inspector,Investigating Officer,1988-05-15,Male,O Positive,0,2012-06-01,FIR/11/164/2025/0044,CC/2025/050044,2025-12-12,Housebreaking by night reported. Electronic goods and valuables stolen while occupants were away.,2025-12-12T04:36:40,2025-12-12T04:36:40,2025-12-12T10:36:40,13.9847,75.5371,"Incident near coordinates 13.9847, 75.5371",Cyber Crime,Cyber Crime,IPC,Indian Penal Code,IPC,379,Punishment for theft,1,1,Ganesh Kuruba,65,Private Employee,Hindu,General,Male,Anand Bhat,28,Female,0,Lakshmi Chavhan,20,Female,A44,1.0,2025-12-12T10:36:40,Karnataka,Shivamogga,Shivamogga Town PS,KA71451,Shivamogga District & Sessions Court,Lakshmi Chavhan,,2025-12-12T10:36:40,C,KA98376,50044,11,164,2,1,3,11,1,2025-12-12 10:36:40,20,2,4,5,12,0,1,3,350,3446,3.45,1,1,0
FIR,Heinous,Chargesheet Filed,Karnataka,Belagavi,Belagavi District & Sessions Court,Police Station,Belagavi City PS,KA19027,Darshan Puri,Head Constable,Investigating Officer,1988-05-15,Male,O Positive,0,2012-06-01,FIR/06/099/2025/0045,CC/2025/050045,2025-02-10,Accused unlawfully intercepted complainant near main road intersection and committed extortion and assault.,2025-02-08T23:31:26,2025-02-08T23:31:26,2025-02-10T17:31:26,15.8157,74.4677,"Incident near coordinates 15.8157, 74.4677",Financial Crime,Cheating,IPC,Indian Penal Code,IPC,379,Punishment for theft,1,1,Ganesh Shetty,55,Private Employee,Hindu,General,Male,Kavitha Pujari,60,Female,0,Anand Reddy,34,Male,A45,1.0,2025-02-10T17:31:26,Karnataka,Belagavi,Belagavi City PS,KA87848,Belagavi District & Sessions Court,Anand Reddy,,2025-02-10T17:31:26,C,KA30226,50045,6,99,3,2,4,15,1,2025-02-10 17:31:26,34,1,23,6,2,1,1,1,780,3216,2.42,3,1,0
FIR,Heinous,Chargesheet Filed,Karnataka,Kalaburagi,Kalaburagi District & Sessions Court,Police Station,Kalaburagi City PS,KA79759,Manjunath Chavhan,Head Constable,Investigating Officer,1988-05-15,Male,O Positive,0,2012-06-01,FIR/07/106/2025/0046,CC/2025/050046,2025-05-14,Accused unlawfully intercepted complainant near main road intersection and committed extortion and assault.,2025-05-13T00:01:18,2025-05-13T00:01:18,2025-05-14T09:01:18,17.2878,76.8742,"Incident near coordinates 17.2878, 76.8742",Financial Crime,Money Laundering,IPC,Indian Penal Code,IPC,379,Punishment for theft,1,1,Prakash Nayak,23,Private Employee,Hindu,General,Male,Suresh Reddy,55,Female,0,Divya Nayak,39,Female,A46,1.0,2025-05-14T09:01:18,Karnataka,Kalaburagi,Kalaburagi City PS,KA22154,Kalaburagi District & Sessions Court,Divya Nayak,,2025-05-14T09:01:18,C,KA21797,50046,7,106,2,2,4,14,1,2025-05-14 09:01:18,39,2,0,2,5,0,1,3,706,1161,1.87,3,1,0
FIR,Non-Heinous,Chargesheet Filed,Karnataka,Davangere,Davangere District & Sessions Court,Police Station,Davangere Extension PS,KA36658,Pradeep Pujari,Inspector,Investigating Officer,1988-05-15,Male,O Positive,0,2012-06-01,FIR/12/177/2025/0047,CC/2025/050047,2025-10-19,Cyber fraud complaint regarding unauthorized digital transaction via fake banking link.,2025-10-19T06:58:55,2025-10-19T06:58:55,2025-10-19T12:58:55,14.5128,75.8832,"Incident near coordinates 14.5128, 75.8832",Crimes Against Body,Assault,IPC,Indian Penal Code,IPC,379,Punishment for theft,1,1,Ganesh Hegde,63,Private Employee,Hindu,General,Male,Aswini Naik,43,Female,0,Abhishek Naik,32,Male,A47,1.0,2025-10-19T12:58:55,Karnataka,Davangere,Davangere Extension PS,KA45233,Davangere District & Sessions Court,Abhishek Naik,,2025-10-19T12:58:55,C,KA74211,50047,12,177,1,1,2,7,1,2025-10-19 12:58:55,32,1,6,7,10,1,0,1,283,3395,3.09,2,1,0
FIR,Non-Heinous,Chargesheet Filed,Karnataka,Shivamogga,Shivamogga District & Sessions Court,Police Station,Shivamogga Town PS,KA23395,Darshan Gowda,Sub-Inspector,Investigating Officer,1988-05-15,Male,O Positive,0,2012-06-01,FIR/11/165/2025/0048,CC/2025/050048,2025-11-06,Snatching of gold chain from pedestrian by bike-borne suspects during evening hours.,2025-11-05T12:56:55,2025-11-05T12:56:55,2025-11-06T22:56:55,14.0095,75.6093,"Incident near coordinates 14.0095, 75.6093",Financial Crime,Money Laundering,IPC,Indian Penal Code,IPC,379,Punishment for theft,1,1,Raghavendra Rao,44,Private Employee,Hindu,General,Male,Abhishek Kuruba,45,Female,0,Darshan Reddy,63,Male,A48,1.0,2025-11-06T22:56:55,Karnataka,Shivamogga,Shivamogga Town PS,KA16944,Shivamogga District & Sessions Court,Darshan Reddy,,2025-11-06T22:56:55,C,KA23483,50048,11,165,2,1,4,14,1,2025-11-06 22:56:55,63,1,12,3,11,0,0,2,635,664,3.72,1,1,0
FIR,Non-Heinous,Chargesheet Filed,Karnataka,Davangere,Davangere District & Sessions Court,Police Station,Davangere Extension PS,KA75505,Satish Kambale,Sub-Inspector,Investigating Officer,1988-05-15,Male,O Positive,0,2012-06-01,FIR/12/181/2025/0049,CC/2025/050049,2025-04-02,Burglary incident reported at commercial establishment. Locked doors broken open and cash stolen.,2025-04-01T22:24:28,2025-04-01T22:24:28,2025-04-02T17:24:28,14.4169,75.8736,"Incident near coordinates 14.4169, 75.8736",Cyber Crime,Cyber Crime,IPC,Indian Penal Code,IPC,379,Punishment for theft,1,1,Anand Deshmukh,42,Private Employee,Hindu,General,Male,Satish Chavhan,54,Female,0,Geetha Reddy,59,Female,A49,1.0,2025-04-02T17:24:28,Karnataka,Davangere,Davangere Extension PS,KA52013,Davangere District & Sessions Court,Geetha Reddy,,2025-04-02T17:24:28,C,KA70578,50049,12,181,1,1,3,11,1,2025-04-02 17:24:28,59,2,22,2,4,0,1,1,869,3482,3.98,1,1,0
FIR,Heinous,Chargesheet Filed,Karnataka,Ballari,Ballari District & Sessions Court,Police Station,Ballari City PS,KA40471,Ganesh Kuruba,Head Constable,Investigating Officer,1988-05-15,Male,O Positive,0,2012-06-01,FIR/08/123/2025/0050,CC/2025/050050,2025-05-08,Housebreaking by night reported. Electronic goods and valuables stolen while occupants were away.,2025-05-08T00:14:25,2025-05-08T00:14:25,2025-05-08T19:14:25,15.1743,76.9175,"Incident near coordinates 15.1743, 76.9175",Financial Crime,Money Laundering,IPC,Indian Penal Code,IPC,379,Punishment for theft,1,1,Ramesh Kuruba,65,Private Employee,Hindu,General,Male,Shilpa Kuruba,44,Female,0,Divya Nayak,65,Transgender,A50,1.0,2025-05-08T19:14:25,Karnataka,Ballari,Ballari City PS,KA95594,Ballari District & Sessions Court,Divya Nayak,,2025-05-08T19:14:25,C,KA47982,50050,8,123,2,2,4,14,1,2025-05-08 19:14:25,65,3,0,4,5,0,1,5,388,2999,0.12,4,0,0
FIR,Heinous,Chargesheet Filed,Karnataka,Shivamogga,Shivamogga District & Sessions Court,Police Station,Shivamogga Town PS,KA97911,Ganesh Shetty,Sub-Inspector,Investigating Officer,1988-05-15,Male,O Positive,0,2012-06-01,FIR/11/162/2025/0051,CC/2025/050051,2025-08-11,Snatching of gold chain from pedestrian by bike-borne suspects during evening hours.,2025-08-10T10:14:43,2025-08-10T10:14:43,2025-08-11T13:14:43,14.0083,75.5429,"Incident near coordinates 14.0083, 75.5429",Financial Crime,Money Laundering,IPC,Indian Penal Code,IPC,379,Punishment for theft,1,1,Kiran Hegde,30,Private Employee,Hindu,General,Male,Anand Kulkarni,31,Female,0,Abhishek Rao,53,Male,A51,1.0,2025-08-11T13:14:43,Karnataka,Shivamogga,Shivamogga Town PS,KA84091,Shivamogga District & Sessions Court,Abhishek Rao,,2025-08-11T13:14:43,C,KA19001,50051,11,162,2,2,4,14,1,2025-08-11 13:14:43,53,1,10,7,8,1,0,5,656,1560,1.82,3,1,0
FIR,Heinous,Chargesheet Filed,Karnataka,Ballari,Ballari District & Sessions Court,Police Station,Ballari City PS,KA61634,Ganesh Deshmukh,Sub-Inspector,Investigating Officer,1988-05-15,Male,O Positive,0,2012-06-01,FIR/08/116/2025/0052,CC/2025/050052,2025-07-16,Housebreaking by night reported. Electronic goods and valuables stolen while occupants were away.,2025-07-16T18:38:42,2025-07-16T18:38:42,2025-07-16T23:38:42,15.1378,76.94,"Incident near coordinates 15.1378, 76.94",Financial Crime,Money Laundering,IPC,Indian Penal Code,IPC,379,Punishment for theft,1,1,Venkatesh Kambale,52,Private Employee,Hindu,General,Male,Prakash Joshi,26,Female,0,Suresh Rao,44,Male,A52,1.0,2025-07-16T23:38:42,Karnataka,Ballari,Ballari City PS,KA34180,Ballari District & Sessions Court,Suresh Rao,,2025-07-16T23:38:42,C,KA25861,50052,8,116,2,2,4,14,1,2025-07-16 23:38:42,44,1,18,3,7,0,0,1,622,1682,2.58,2,1,0
FIR,Non-Heinous,Chargesheet Filed,Karnataka,Davangere,Davangere District & Sessions Court,Police Station,Davangere Extension PS,KA20573,Raghavendra Rao,Inspector,Investigating Officer,1988-05-15,Male,O Positive,0,2012-06-01,FIR/12/187/2025/0053,CC/2025/050053,2026-01-01,Accused unlawfully intercepted complainant near main road intersection and committed extortion and assault.,2025-12-30T17:32:00,2025-12-30T17:32:00,2026-01-01T01:32:00,14.4272,75.92,"Incident near coordinates 14.4272, 75.92",Cyber Crime,Cyber Crime,IPC,Indian Penal Code,IPC,379,Punishment for theft,1,1,Kiran Kuruba,44,Private Employee,Hindu,General,Male,Nagaraj Kuruba,52,Female,0,Pavitra Reddy,72,Female,A53,1.0,2026-01-01T01:32:00,Karnataka,Davangere,Davangere Extension PS,KA65676,Davangere District & Sessions Court,Pavitra Reddy,,2026-01-01T01:32:00,C,KA45497,50053,12,187,3,1,3,11,1,2026-01-01 01:32:00,72,2,17,2,12,0,0,1,744,494,1.41,1,1,0
FIR,Heinous,Chargesheet Filed,Karnataka,Belagavi,Belagavi District & Sessions Court,Police Station,Belagavi City PS,KA91217,Raghavendra Bhat,Constable,Investigating Officer,1988-05-15,Male,O Positive,0,2012-06-01,FIR/06/098/2025/0054,CC/2025/050054,2025-03-02,Accused unlawfully intercepted complainant near main road intersection and committed extortion and assault.,2025-03-02T06:22:50,2025-03-02T06:22:50,2025-03-02T23:22:50,15.81,74.595,"Incident near coordinates 15.81, 74.595",Financial Crime,Cheating,IPC,Indian Penal Code,IPC,379,Punishment for theft,1,1,Basavaraj Shetty,41,Private Employee,Hindu,General,Male,Basavaraj Pujari,50,Female,0,Mahesh Shetty,63,Male,A54,1.0,2025-03-02T23:22:50,Karnataka,Belagavi,Belagavi City PS,KA42817,Belagavi District & Sessions Court,Mahesh Shetty,,2025-03-02T23:22:50,C,KA42525,50054,6,98,1,2,4,15,1,2025-03-02 23:22:50,63,1,6,7,3,1,0,1,489,883,3.45,3,1,0
FIR,Non-Heinous,Chargesheet Filed,Karnataka,Belagavi,Belagavi District & Sessions Court,Police Station,Belagavi City PS,KA44593,Manjunath Gowda,Sub-Inspector,Investigating Officer,1988-05-15,Male,O Positive,0,2012-06-01,FIR/06/097/2025/0055,CC/2025/050055,2025-07-28,Snatching of gold chain from pedestrian by bike-borne suspects during evening hours.,2025-07-27T00:28:03,2025-07-27T00:28:03,2025-07-28T04:28:03,15.9959,74.5497,"Incident near coordinates 15.9959, 74.5497",Cyber Crime,Dark Web Crime,IPC,Indian Penal Code,IPC,379,Punishment for theft,1,1,Satish Naik,26,Private Employee,Hindu,General,Male,Sunitha Hegde,45,Female,0,Sunil Pujari,39,Male,A55,1.0,2025-07-28T04:28:03,Karnataka,Belagavi,Belagavi City PS,KA99544,Belagavi District & Sessions Court,Sunil Pujari,,2025-07-28T04:28:03,C,KA18827,50055,6,97,3,1,3,12,1,2025-07-28 04:28:03,39,1,0,7,7,1,1,2,135,1071,1.06,3,0,0
FIR,Non-Heinous,Chargesheet Filed,Karnataka,Kalaburagi,Kalaburagi District & Sessions Court,Police Station,Kalaburagi City PS,KA93875,Prakash Chavhan,Head Constable,Investigating Officer,1988-05-15,Male,O Positive,0,2012-06-01,FIR/07/103/2025/0056,CC/2025/050056,2025-08-31,Accused unlawfully intercepted complainant near main road intersection and committed extortion and assault.,2025-08-30T09:03:14,2025-08-30T09:03:14,2025-08-31T18:03:14,17.3448,76.8835,"Incident near coordinates 17.3448, 76.8835",Cyber Crime,Cryptocurrency Crime,IPC,Indian Penal Code,IPC,379,Punishment for theft,1,1,Manjunath Kuruba,23,Private Employee,Hindu,General,Male,Sowmya Bhat,30,Female,0,Venkatesh Naik,26,Male,A56,1.0,2025-08-31T18:03:14,Karnataka,Kalaburagi,Kalaburagi City PS,KA47983,Kalaburagi District & Sessions Court,Venkatesh Naik,,2025-08-31T18:03:14,C,KA38281,50056,7,103,2,1,3,13,1,2025-08-31 18:03:14,26,1,9,6,8,1,0,1,423,1838,0.2,3,0,0
FIR,Non-Heinous,Chargesheet Filed,Karnataka,Kalaburagi,Kalaburagi District & Sessions Court,Police Station,Kalaburagi City PS,KA85808,Satish Shetty,Head Constable,Investigating Officer,1988-05-15,Male,O Positive,0,2012-06-01,FIR/07/113/2025/0057,CC/2025/050057,2025-01-10,Burglary incident reported at commercial establishment. Locked doors broken open and cash stolen.,2025-01-08T21:24:56,2025-01-08T21:24:56,2025-01-10T08:24:56,17.3849,76.7713,"Incident near coordinates 17.3849, 76.7713",Property Crimes,Theft,IPC,Indian Penal Code,IPC,379,Punishment for theft,1,1,Suresh Shetty,47,Private Employee,Hindu,General,Male,Roopa Kambale,30,Female,0,Nagaraj Gowda,67,Male,A57,1.0,2025-01-10T08:24:56,Karnataka,Kalaburagi,Kalaburagi City PS,KA16708,Kalaburagi District & Sessions Court,Nagaraj Gowda,,2025-01-10T08:24:56,C,KA52501,50057,7,113,3,1,1,1,1,2025-01-10 08:24:56,67,1,21,3,1,0,0,1,799,505,2.29,2,1,0
FIR,Heinous,Chargesheet Filed,Karnataka,Ballari,Ballari District & Sessions Court,Police Station,Ballari City PS,KA39784,Sunil Gowda,Inspector,Investigating Officer,1988-05-15,Male,O Positive,0,2012-06-01,FIR/08/122/2025/0058,CC/2025/050058,2025-03-14,Complainant reported theft of motor vehicle parked in front of residence during night hours.,2025-03-13T23:27:01,2025-03-13T23:27:01,2025-03-14T16:27:01,15.2039,76.9462,"Incident near coordinates 15.2039, 76.9462",Financial Crime,Money Laundering,IPC,Indian Penal Code,IPC,379,Punishment for theft,1,1,Kavitha Nayak,39,Private Employee,Hindu,General,Male,Prakash Hegde,54,Female,0,Raghavendra Gowda,31,Male,A58,1.0,2025-03-14T16:27:01,Karnataka,Ballari,Ballari City PS,KA33747,Ballari District & Sessions Court,Raghavendra Gowda,,2025-03-14T16:27:01,C,KA99549,50058,8,122,3,2,4,14,1,2025-03-14 16:27:01,31,1,23,4,3,0,1,2,126,2342,1.47,4,0,0
FIR,Non-Heinous,Chargesheet Filed,Karnataka,Belagavi,Belagavi District & Sessions Court,Police Station,Belagavi City PS,KA50176,Vijay Bhat,Constable,Investigating Officer,1988-05-15,Male,O Positive,0,2012-06-01,FIR/06/089/2025/0059,CC/2025/050059,2025-12-21,Cyber fraud complaint regarding unauthorized digital transaction via fake banking link.,2025-12-21T09:16:31,2025-12-21T09:16:31,2025-12-21T15:16:31,15.8238,74.5449,"Incident near coordinates 15.8238, 74.5449",Financial Crime,Money Laundering,IPC,Indian Penal Code,IPC,379,Punishment for theft,1,1,Prakash Deshmukh,45,Private Employee,Hindu,General,Male,Kiran Naik,33,Female,0,Nagaraj Reddy,24,Male,A59,1.0,2025-12-21T15:16:31,Karnataka,Belagavi,Belagavi City PS,KA14390,Belagavi District & Sessions Court,Nagaraj Reddy,,2025-12-21T15:16:31,C,KA78354,50059,6,89,2,1,4,14,1,2025-12-21 15:16:31,24,1,9,7,12,1,0,1,869,2596,0.14,2,1,0
FIR,Non-Heinous,Chargesheet Filed,Karnataka,Shivamogga,Shivamogga District & Sessions Court,Police Station,Shivamogga Town PS,KA10618,Venkatesh Hegde,Constable,Investigating Officer,1988-05-15,Male,O Positive,0,2012-06-01,FIR/11/161/2025/0060,CC/2025/050060,2025-07-13,Accused unlawfully intercepted complainant near main road intersection and committed extortion and assault.,2025-07-12T18:35:07,2025-07-12T18:35:07,2025-07-13T20:35:07,13.9708,75.6336,"Incident near coordinates 13.9708, 75.6336",Cyber Crime,Cyber Crime,IPC,Indian Penal Code,IPC,379,Punishment for theft,1,1,Shivakumar Puri,37,Private Employee,Hindu,General,Male,Kiran Hegde,53,Female,0,Satish Rao,59,Male,A60,1.0,2025-07-13T20:35:07,Karnataka,Shivamogga,Shivamogga Town PS,KA84005,Shivamogga District & Sessions Court,Satish Rao,,2025-07-13T20:35:07,C,KA54796,50060,11,161,3,1,3,11,1,2025-07-13 20:35:07,59,1,18,6,7,1,0,1,755,1524,1.44,3,1,0
FIR,Non-Heinous,Chargesheet Filed,Karnataka,Ballari,Ballari District & Sessions Court,Police Station,Ballari City PS,KA46850,Vijay Naik,Inspector,Investigating Officer,1988-05-15,Male,O Positive,0,2012-06-01,FIR/08/127/2025/0061,CC/2025/050061,2025-11-26,Snatching of gold chain from pedestrian by bike-borne suspects during evening hours.,2025-11-25T14:01:21,2025-11-25T14:01:21,2025-11-26T18:01:21,15.1743,76.9272,"Incident near coordinates 15.1743, 76.9272",Cyber Crime,Dark Web Crime,IPC,Indian Penal Code,IPC,379,Punishment for theft,1,1,Venkatesh Chavhan,63,Private Employee,Hindu,General,Male,Kumar Deshmukh,60,Female,0,Sudha Chavhan,46,Female,A61,1.0,2025-11-26T18:01:21,Karnataka,Ballari,Ballari City PS,KA97969,Ballari District & Sessions Court,Sudha Chavhan,,2025-11-26T18:01:21,C,KA34494,50061,8,127,1,1,3,12,1,2025-11-26 18:01:21,46,2,14,2,11,0,0,1,391,2402,3.64,1,1,0
FIR,Heinous,Chargesheet Filed,Karnataka,Ballari,Ballari District & Sessions Court,Police Station,Ballari City PS,KA92367,Raghavendra Pujari,Constable,Investigating Officer,1988-05-15,Male,O Positive,0,2012-06-01,FIR/08/122/2025/0062,CC/2025/050062,2025-12-09,Snatching of gold chain from pedestrian by bike-borne suspects during evening hours.,2025-12-09T19:02:24,2025-12-09T19:02:24,2025-12-09T23:02:24,15.1447,76.8908,"Incident near coordinates 15.1447, 76.8908",Crimes Against Body,Assault,IPC,Indian Penal Code,IPC,379,Punishment for theft,1,1,Anand Chavhan,52,Private Employee,Hindu,General,Male,Nayana Reddy,35,Female,0,Raghavendra Shetty,29,Male,A62,1.0,2025-12-09T23:02:24,Karnataka,Ballari,Ballari City PS,KA24501,Ballari District & Sessions Court,Raghavendra Shetty,,2025-12-09T23:02:24,C,KA89976,50062,8,122,3,2,2,7,1,2025-12-09 23:02:24,29,1,19,2,12,0,0,2,716,1914,3.56,3,1,1
FIR,Non-Heinous,Chargesheet Filed,Karnataka,Ballari,Ballari District & Sessions Court,Police Station,Ballari City PS,KA37737,Ganesh Kulkarni,Head Constable,Investigating Officer,1988-05-15,Male,O Positive,0,2012-06-01,FIR/08/118/2025/0063,CC/2025/050063,2025-10-09,Complainant reported theft of motor vehicle parked in front of residence during night hours.,2025-10-08T12:03:18,2025-10-08T12:03:18,2025-10-09T03:03:18,15.2497,76.9146,"Incident near coordinates 15.2497, 76.9146",Crimes Against Body,Murder,IPC,Indian Penal Code,IPC,379,Punishment for theft,1,1,Ganesh Naik,64,Private Employee,Hindu,General,Male,Nagaraj Patil,36,Female,0,Kiran Chavhan,71,Male,A63,1.0,2025-10-09T03:03:18,Karnataka,Ballari,Ballari City PS,KA62917,Ballari District & Sessions Court,Kiran Chavhan,,2025-10-09T03:03:18,C,KA86097,50063,8,118,2,1,2,6,1,2025-10-09 03:03:18,71,1,12,3,10,0,0,1,81,1262,0.42,1,0,0
FIR,Heinous,Chargesheet Filed,Karnataka,Shivamogga,Shivamogga District & Sessions Court,Police Station,Shivamogga Town PS,KA51396,Sunil Kuruba,Constable,Investigating Officer,1988-05-15,Male,O Positive,0,2012-06-01,FIR/11/167/2025/0064,CC/2025/050064,2025-12-13,Burglary incident reported at commercial establishment. Locked doors broken open and cash stolen.,2025-12-12T00:19:51,2025-12-12T00:19:51,2025-12-13T11:19:51,14.0036,75.6699,"Incident near coordinates 14.0036, 75.6699",Crimes Against Body,Murder,IPC,Indian Penal Code,IPC,379,Punishment for theft,1,1,Kumar Nayak,25,Private Employee,Hindu,General,Male,Anitha Patil,35,Female,0,Kiran Kulkarni,23,Male,A64,1.0,2025-12-13T11:19:51,Karnataka,Shivamogga,Shivamogga Town PS,KA77690,Shivamogga District & Sessions Court,Kiran Kulkarni,,2025-12-13T11:19:51,C,KA83281,50064,11,167,1,2,2,6,1,2025-12-13 11:19:51,23,1,0,5,12,0,1,2,365,2672,3.15,3,1,1
FIR,Non-Heinous,Chargesheet Filed,Karnataka,Belagavi,Belagavi District & Sessions Court,Police Station,Belagavi City PS,KA40554,Ramesh Deshmukh,Head Constable,Investigating Officer,1988-05-15,Male,O Positive,0,2012-06-01,FIR/06/094/2025/0065,CC/2025/050065,2025-08-08,Cyber fraud complaint regarding unauthorized digital transaction via fake banking link.,2025-08-08T00:50:16,2025-08-08T00:50:16,2025-08-08T02:50:16,15.8488,74.5448,"Incident near coordinates 15.8488, 74.5448",Financial Crime,Money Laundering,IPC,Indian Penal Code,IPC,379,Punishment for theft,1,1,Raghavendra Puri,62,Private Employee,Hindu,General,Male,Shivakumar Deshmukh,26,Female,0,Prakash Kuruba,35,Male,A65,1.0,2025-08-08T02:50:16,Karnataka,Belagavi,Belagavi City PS,KA51814,Belagavi District & Sessions Court,Prakash Kuruba,,2025-08-08T02:50:16,C,KA83458,50065,6,94,3,1,4,14,1,2025-08-08 02:50:16,35,1,0,5,8,0,1,1,390,1323,3.46,2,1,0
FIR,Non-Heinous,Chargesheet Filed,Karnataka,Belagavi,Belagavi District & Sessions Court,Police Station,Belagavi City PS,KA55725,Kumar Chavhan,Inspector,Investigating Officer,1988-05-15,Male,O Positive,0,2012-06-01,FIR/06/086/2025/0066,CC/2025/050066,2025-05-26,Cyber fraud complaint regarding unauthorized digital transaction via fake banking link.,2025-05-24T09:55:28,2025-05-24T09:55:28,2025-05-26T03:55:28,15.8556,74.5569,"Incident near coordinates 15.8556, 74.5569",Financial Crime,Cheating,IPC,Indian Penal Code,IPC,379,Punishment for theft,1,1,Prakash Rao,54,Private Employee,Hindu,General,Male,Divya Bhat,32,Female,0,Mahesh Rao,48,Male,A66,1.0,2025-05-26T03:55:28,Karnataka,Belagavi,Belagavi City PS,KA72716,Belagavi District & Sessions Court,Mahesh Rao,,2025-05-26T03:55:28,C,KA66595,50066,6,86,1,1,4,15,1,2025-05-26 03:55:28,48,1,9,6,5,1,0,1,51,1429,1.82,2,0,0
FIR,Non-Heinous,Chargesheet Filed,Karnataka,Belagavi,Belagavi District & Sessions Court,Police Station,Belagavi City PS,KA75995,Kumar Hegde,Inspector,Investigating Officer,1988-05-15,Male,O Positive,0,2012-06-01,FIR/06/091/2025/0067,CC/2025/050067,2025-01-15,Burglary incident reported at commercial establishment. Locked doors broken open and cash stolen.,2025-01-14T16:37:01,2025-01-14T16:37:01,2025-01-15T03:37:01,15.8517,74.4639,"Incident near coordinates 15.8517, 74.4639",Financial Crime,Cheating,IPC,Indian Penal Code,IPC,379,Punishment for theft,1,1,Vijay Patil,33,Private Employee,Hindu,General,Male,Ambika Gowda,29,Female,0,Suresh Puri,49,Male,A67,1.0,2025-01-15T03:37:01,Karnataka,Belagavi,Belagavi City PS,KA46570,Belagavi District & Sessions Court,Suresh Puri,,2025-01-15T03:37:01,C,KA35705,50067,6,91,2,1,4,15,1,2025-01-15 03:37:01,49,1,16,2,1,0,0,1,929,3353,2.74,1,1,0
FIR,Non-Heinous,Chargesheet Filed,Karnataka,Ballari,Ballari District & Sessions Court,Police Station,Ballari City PS,KA40933,Kumar Hegde,Inspector,Investigating Officer,1988-05-15,Male,O Positive,0,2012-06-01,FIR/08/123/2025/0068,CC/2025/050068,2025-10-14,Housebreaking by night reported. Electronic goods and valuables stolen while occupants were away.,2025-10-14T07:13:43,2025-10-14T07:13:43,2025-10-14T18:13:43,15.2217,76.948,"Incident near coordinates 15.2217, 76.948",Financial Crime,Money Laundering,IPC,Indian Penal Code,IPC,379,Punishment for theft,1,1,Raghavendra Bhat,43,Private Employee,Hindu,General,Male,Darshan Deshmukh,39,Female,0,Nayana Gowda,70,Female,A68,1.0,2025-10-14T18:13:43,Karnataka,Ballari,Ballari City PS,KA77227,Ballari District & Sessions Court,Nayana Gowda,,2025-10-14T18:13:43,C,KA47469,50068,8,123,1,1,4,14,1,2025-10-14 18:13:43,70,2,7,2,10,0,0,1,543,2728,2.86,1,1,0
FIR,Non-Heinous,Chargesheet Filed,Karnataka,Kalaburagi,Kalaburagi District & Sessions Court,Police Station,Kalaburagi City PS,KA91154,Sunil Puri,Inspector,Investigating Officer,1988-05-15,Male,O Positive,0,2012-06-01,FIR/07/108/2025/0069,CC/2025/050069,2025-11-14,Burglary incident reported at commercial establishment. Locked doors broken open and cash stolen.,2025-11-13T09:26:27,2025-11-13T09:26:27,2025-11-14T22:26:27,17.2637,76.8506,"Incident near coordinates 17.2637, 76.8506",Property Crimes,Theft,IPC,Indian Penal Code,IPC,379,Punishment for theft,1,1,Ramesh Pujari,61,Private Employee,Hindu,General,Male,Ganesh Kuruba,60,Female,0,Darshan Reddy,53,Male,A69,1.0,2025-11-14T22:26:27,Karnataka,Kalaburagi,Kalaburagi City PS,KA92706,Kalaburagi District & Sessions Court,Darshan Reddy,,2025-11-14T22:26:27,C,KA20084,50069,7,108,1,1,1,1,1,2025-11-14 22:26:27,53,1,9,4,11,0,0,1,273,3078,1.13,1,0,0
FIR,Non-Heinous,Chargesheet Filed,Karnataka,Shivamogga,Shivamogga District & Sessions Court,Police Station,Shivamogga Town PS,KA56152,Sunil Deshmukh,Inspector,Investigating Officer,1988-05-15,Male,O Positive,0,2012-06-01,FIR/11/162/2025/0070,CC/2025/050070,2025-03-30,Snatching of gold chain from pedestrian by bike-borne suspects during evening hours.,2025-03-28T14:33:21,2025-03-28T14:33:21,2025-03-30T10:33:21,13.9895,75.5002,"Incident near coordinates 13.9895, 75.5002",Crimes Against Body,Assault,IPC,Indian Penal Code,IPC,379,Punishment for theft,1,1,Ambika Patil,39,Private Employee,Hindu,General,Male,Sudha Nayak,51,Female,0,Basavaraj Hegde,71,Male,A70,1.0,2025-03-30T10:33:21,Karnataka,Shivamogga,Shivamogga Town PS,KA52532,Shivamogga District & Sessions Court,Basavaraj Hegde,,2025-03-30T10:33:21,C,KA83698,50070,11,162,2,1,2,7,1,2025-03-30 10:33:21,71,1,14,5,3,0,0,2,761,1560,1.73,1,1,0
FIR,Non-Heinous,Chargesheet Filed,Karnataka,Ballari,Ballari District & Sessions Court,Police Station,Ballari City PS,KA42969,Kiran Patil,Head Constable,Investigating Officer,1988-05-15,Male,O Positive,0,2012-06-01,FIR/08/121/2025/0071,CC/2025/050071,2025-02-08,Housebreaking by night reported. Electronic goods and valuables stolen while occupants were away.,2025-02-07T11:56:41,2025-02-07T11:56:41,2025-02-08T13:56:41,15.1944,76.8771,"Incident near coordinates 15.1944, 76.8771",Property Crimes,Theft,IPC,Indian Penal Code,IPC,379,Punishment for theft,1,1,Anand Shetty,62,Private Employee,Hindu,General,Male,Manjunath Nayak,34,Female,0,Abhishek Kambale,51,Male,A71,1.0,2025-02-08T13:56:41,Karnataka,Ballari,Ballari City PS,KA74067,Ballari District & Sessions Court,Abhishek Kambale,,2025-02-08T13:56:41,C,KA77009,50071,8,121,3,1,1,1,1,2025-02-08 13:56:41,51,1,11,5,2,0,0,4,414,1248,0.69,1,0,0
FIR,Non-Heinous,Chargesheet Filed,Karnataka,Kalaburagi,Kalaburagi District & Sessions Court,Police Station,Kalaburagi City PS,KA48730,Nagaraj Bhat,Inspector,Investigating Officer,1988-05-15,Male,O Positive,0,2012-06-01,FIR/07/103/2025/0072,CC/2025/050072,2025-11-01,Complainant reported theft of motor vehicle parked in front of residence during night hours.,2025-11-01T00:02:11,2025-11-01T00:02:11,2025-11-01T13:02:11,17.3574,76.882,"Incident near coordinates 17.3574, 76.882",Crimes Against Body,Assault,IPC,Indian Penal Code,IPC,379,Punishment for theft,1,1,Kumar Nayak,58,Private Employee,Hindu,General,Male,Manjunath Chavhan,30,Female,0,Shivakumar Bhat,58,Male,A72,1.0,2025-11-01T13:02:11,Karnataka,Kalaburagi,Kalaburagi City PS,KA56445,Kalaburagi District & Sessions Court,Shivakumar Bhat,,2025-11-01T13:02:11,C,KA35804,50072,7,103,1,1,2,7,1,2025-11-01 13:02:11,58,1,0,6,11,1,1,1,352,888,1.4,3,0,0
FIR,Non-Heinous,Chargesheet Filed,Karnataka,Kalaburagi,Kalaburagi District & Sessions Court,Police Station,Kalaburagi City PS,KA37858,Abhishek Chavhan,Sub-Inspector,Investigating Officer,1988-05-15,Male,O Positive,0,2012-06-01,FIR/07/103/2025/0073,CC/2025/050073,2025-03-26,Snatching of gold chain from pedestrian by bike-borne suspects during evening hours.,2025-03-25T07:02:28,2025-03-25T07:02:28,2025-03-26T01:02:28,17.2705,76.8814,"Incident near coordinates 17.2705, 76.8814",Crimes Against Body,Grievous Hurt,IPC,Indian Penal Code,IPC,379,Punishment for theft,1,1,Abhishek Reddy,32,Private Employee,Hindu,General,Male,Pavitra Kambale,48,Female,0,Suresh Deshmukh,45,Male,A73,1.0,2025-03-26T01:02:28,Karnataka,Kalaburagi,Kalaburagi City PS,KA93461,Kalaburagi District & Sessions Court,Suresh Deshmukh,,2025-03-26T01:02:28,C,KA19010,50073,7,103,2,1,2,8,1,2025-03-26 01:02:28,45,1,7,2,3,0,0,2,186,2565,2.67,2,1,0
FIR,Non-Heinous,Chargesheet Filed,Karnataka,Ballari,Ballari District & Sessions Court,Police Station,Ballari City PS,KA42097,Manjunath Pujari,Constable,Investigating Officer,1988-05-15,Male,O Positive,0,2012-06-01,FIR/08/122/2025/0074,CC/2025/050074,2025-12-17,Burglary incident reported at commercial establishment. Locked doors broken open and cash stolen.,2025-12-16T10:30:58,2025-12-16T10:30:58,2025-12-17T16:30:58,15.12,76.9311,"Incident near coordinates 15.12, 76.9311",Crimes Against Body,Assault,IPC,Indian Penal Code,IPC,379,Punishment for theft,1,1,Sowmya Kulkarni,58,Private Employee,Hindu,General,Male,Sowmya Deshmukh,47,Female,0,Vijay Pujari,47,Male,A74,1.0,2025-12-17T16:30:58,Karnataka,Ballari,Ballari City PS,KA39154,Ballari District & Sessions Court,Vijay Pujari,,2025-12-17T16:30:58,C,KA60361,50074,8,122,3,1,2,7,1,2025-12-17 16:30:58,47,1,10,2,12,0,0,1,691,1559,1.87,1,1,0
FIR,Heinous,Chargesheet Filed,Karnataka,Shivamogga,Shivamogga District & Sessions Court,Police Station,Shivamogga Town PS,KA95318,Kiran Chavhan,Constable,Investigating Officer,1988-05-15,Male,O Positive,0,2012-06-01,FIR/11/166/2025/0075,CC/2025/050075,2025-12-01,Cyber fraud complaint regarding unauthorized digital transaction via fake banking link.,2025-11-30T19:52:54,2025-11-30T19:52:54,2025-12-01T23:52:54,13.9802,75.5473,"Incident near coordinates 13.9802, 75.5473",Financial Crime,Cheating,IPC,Indian Penal Code,IPC,379,Punishment for theft,1,1,Pradeep Nayak,25,Private Employee,Hindu,General,Male,Kavitha Joshi,57,Female,0,Kiran Joshi,29,Male,A75,1.0,2025-12-01T23:52:54,Karnataka,Shivamogga,Shivamogga Town PS,KA29574,Shivamogga District & Sessions Court,Kiran Joshi,,2025-12-01T23:52:54,C,KA65814,50075,11,166,2,2,4,15,1,2025-12-01 23:52:54,29,1,19,7,11,1,0,2,471,3497,1.61,2,0,1
FIR,Heinous,Chargesheet Filed,Karnataka,Belagavi,Belagavi District & Sessions Court,Police Station,Belagavi City PS,KA53212,Raghavendra Reddy,Constable,Investigating Officer,1988-05-15,Male,O Positive,0,2012-06-01,FIR/06/090/2026/0076,CC/2026/050076,2026-01-01,Complainant reported theft of motor vehicle parked in front of residence during night hours.,2026-01-01T06:06:05,2026-01-01T06:06:05,2026-01-01T21:06:05,15.9468,74.5037,"Incident near coordinates 15.9468, 74.5037",Crimes Against Body,Grievous Hurt,IPC,Indian Penal Code,IPC,379,Punishment for theft,1,1,Meenakshi Naik,47,Private Employee,Hindu,General,Male,Sunil Chavhan,37,Female,0,Kumar Shetty,39,Male,A76,1.0,2026-01-01T21:06:05,Karnataka,Belagavi,Belagavi City PS,KA10887,Belagavi District & Sessions Court,Kumar Shetty,,2026-01-01T21:06:05,C,KA14884,50076,6,90,1,2,2,8,1,2026-01-01 21:06:05,39,1,6,4,1,0,0,1,481,1825,0.46,2,0,0
FIR,Non-Heinous,Chargesheet Filed,Karnataka,Kalaburagi,Kalaburagi District & Sessions Court,Police Station,Kalaburagi City PS,KA61979,Ganesh Joshi,Sub-Inspector,Investigating Officer,1988-05-15,Male,O Positive,0,2012-06-01,FIR/07/104/2025/0077,CC/2025/050077,2025-02-17,Accused unlawfully intercepted complainant near main road intersection and committed extortion and assault.,2025-02-17T04:32:41,2025-02-17T04:32:41,2025-02-17T07:32:41,17.3552,76.7995,"Incident near coordinates 17.3552, 76.7995",Cyber Crime,Cyber Crime,IPC,Indian Penal Code,IPC,379,Punishment for theft,1,1,Shivakumar Shetty,61,Private Employee,Hindu,General,Male,Mahesh Bhat,31,Female,0,Prakash Patil,43,Male,A77,1.0,2025-02-17T07:32:41,Karnataka,Kalaburagi,Kalaburagi City PS,KA30806,Kalaburagi District & Sessions Court,Prakash Patil,,2025-02-17T07:32:41,C,KA43590,50077,7,104,3,1,3,11,1,2025-02-17 07:32:41,43,1,4,1,2,0,1,1,623,3483,4.5,2,1,0
FIR,Non-Heinous,Chargesheet Filed,Karnataka,Kalaburagi,Kalaburagi District & Sessions Court,Police Station,Kalaburagi City PS,KA82083,Ganesh Rao,Inspector,Investigating Officer,1988-05-15,Male,O Positive,0,2012-06-01,FIR/07/103/2025/0078,CC/2025/050078,2025-12-30,Burglary incident reported at commercial establishment. Locked doors broken open and cash stolen.,2025-12-29T23:43:20,2025-12-29T23:43:20,2025-12-30T20:43:20,17.3357,76.884,"Incident near coordinates 17.3357, 76.884",Property Crimes,Theft,IPC,Indian Penal Code,IPC,379,Punishment for theft,1,1,Pavitra Puri,40,Private Employee,Hindu,General,Male,Kumar Chavhan,26,Female,0,Darshan Chavhan,38,Male,A78,1.0,2025-12-30T20:43:20,Karnataka,Kalaburagi,Kalaburagi City PS,KA20425,Kalaburagi District & Sessions Court,Darshan Chavhan,,2025-12-30T20:43:20,C,KA11613,50078,7,103,2,1,1,1,1,2025-12-30 20:43:20,38,1,23,1,12,0,1,1,472,2718,0.4,1,0,0
FIR,Non-Heinous,Chargesheet Filed,Karnataka,Shivamogga,Shivamogga District & Sessions Court,Police Station,Shivamogga Town PS,KA37619,Sunil Nayak,Inspector,Investigating Officer,1988-05-15,Male,O Positive,0,2012-06-01,FIR/11/170/2025/0079,CC/2025/050079,2025-05-02,Accused unlawfully intercepted complainant near main road intersection and committed extortion and assault.,2025-05-02T20:59:30,2025-05-02T20:59:30,2025-05-02T21:59:30,14.0096,75.6225,"Incident near coordinates 14.0096, 75.6225",Financial Crime,Cheating,IPC,Indian Penal Code,IPC,379,Punishment for theft,1,1,Darshan Puri,29,Private Employee,Hindu,General,Male,Venkatesh Kuruba,38,Female,0,Suresh Bhat,45,Male,A79,1.0,2025-05-02T21:59:30,Karnataka,Shivamogga,Shivamogga Town PS,KA19822,Shivamogga District & Sessions Court,Suresh Bhat,,2025-05-02T21:59:30,C,KA53493,50079,11,170,1,1,4,15,1,2025-05-02 21:59:30,45,1,20,5,5,0,0,1,863,3179,0.79,2,1,0
FIR,Non-Heinous,Chargesheet Filed,Karnataka,Belagavi,Belagavi District & Sessions Court,Police Station,Belagavi City PS,KA64556,Basavaraj Chavhan,Head Constable,Investigating Officer,1988-05-15,Male,O Positive,0,2012-06-01,FIR/06/087/2025/0080,CC/2025/050080,2025-04-06,Accused unlawfully intercepted complainant near main road intersection and committed extortion and assault.,2025-04-05T21:49:23,2025-04-05T21:49:23,2025-04-06T22:49:23,15.8251,74.5645,"Incident near coordinates 15.8251, 74.5645",Financial Crime,Money Laundering,IPC,Indian Penal Code,IPC,379,Punishment for theft,1,1,Ramesh Shetty,33,Private Employee,Hindu,General,Male,Suresh Rao,42,Female,0,Ganesh Gowda,47,Male,A80,1.0,2025-04-06T22:49:23,Karnataka,Belagavi,Belagavi City PS,KA12763,Belagavi District & Sessions Court,Ganesh Gowda,,2025-04-06T22:49:23,C,KA44866,50080,6,87,1,1,4,14,1,2025-04-06 22:49:23,47,1,21,6,4,1,0,2,705,3118,3.08,2,1,0
FIR,Non-Heinous,Chargesheet Filed,Karnataka,Shivamogga,Shivamogga District & Sessions Court,Police Station,Shivamogga Town PS,KA16229,Prakash Shetty,Sub-Inspector,Investigating Officer,1988-05-15,Male,O Positive,0,2012-06-01,FIR/11/168/2025/0081,CC/2025/050081,2025-11-18,Housebreaking by night reported. Electronic goods and valuables stolen while occupants were away.,2025-11-17T13:43:01,2025-11-17T13:43:01,2025-11-18T04:43:01,13.9725,75.5511,"Incident near coordinates 13.9725, 75.5511",Cyber Crime,Cyber Crime,IPC,Indian Penal Code,IPC,379,Punishment for theft,1,1,Kiran Chavhan,51,Private Employee,Hindu,General,Male,Aswini Shetty,41,Female,0,Sunil Kambale,66,Male,A81,1.0,2025-11-18T04:43:01,Karnataka,Shivamogga,Shivamogga Town PS,KA45001,Shivamogga District & Sessions Court,Sunil Kambale,,2025-11-18T04:43:01,C,KA14204,50081,11,168,3,1,3,11,1,2025-11-18 04:43:01,66,1,13,1,11,0,0,2,341,922,2.14,2,1,0
FIR,Heinous,Chargesheet Filed,Karnataka,Ballari,Ballari District & Sessions Court,Police Station,Ballari City PS,KA21070,Mahesh Patil,Constable,Investigating Officer,1988-05-15,Male,O Positive,0,2012-06-01,FIR/08/125/2025/0082,CC/2025/050082,2025-01-22,Accused unlawfully intercepted complainant near main road intersection and committed extortion and assault.,2025-01-21T19:22:36,2025-01-21T19:22:36,2025-01-22T08:22:36,15.2368,76.9521,"Incident near coordinates 15.2368, 76.9521",Financial Crime,Cheating,IPC,Indian Penal Code,IPC,379,Punishment for theft,1,1,Mahesh Rao,43,Private Employee,Hindu,General,Male,Sunil Hegde,25,Female,0,Anand Joshi,61,Male,A82,1.0,2025-01-22T08:22:36,Karnataka,Ballari,Ballari City PS,KA93687,Ballari District & Sessions Court,Anand Joshi,,2025-01-22T08:22:36,C,KA67059,50082,8,125,2,2,4,15,1,2025-01-22 08:22:36,61,1,19,2,1,0,0,1,915,1887,0.17,2,1,0
FIR,Non-Heinous,Chargesheet Filed,Karnataka,Davangere,Davangere District & Sessions Court,Police Station,Davangere Extension PS,KA51954,Suresh Puri,Sub-Inspector,Investigating Officer,1988-05-15,Male,O Positive,0,2012-06-01,FIR/12/186/2025/0083,CC/2025/050083,2025-05-29,Burglary incident reported at commercial establishment. Locked doors broken open and cash stolen.,2025-05-28T23:19:32,2025-05-28T23:19:32,2025-05-29T12:19:32,14.4644,75.8948,"Incident near coordinates 14.4644, 75.8948",Cyber Crime,Dark Web Crime,IPC,Indian Penal Code,IPC,379,Punishment for theft,1,1,Vijay Joshi,42,Private Employee,Hindu,General,Male,Kiran Bhat,48,Female,0,Lakshmi Hegde,67,Female,A83,1.0,2025-05-29T12:19:32,Karnataka,Davangere,Davangere Extension PS,KA26670,Davangere District & Sessions Court,Lakshmi Hegde,,2025-05-29T12:19:32,C,KA84629,50083,12,186,3,1,3,12,1,2025-05-29 12:19:32,67,2,23,3,5,0,1,1,91,1743,4.43,2,1,0
FIR,Heinous,Chargesheet Filed,Karnataka,Davangere,Davangere District & Sessions Court,Police Station,Davangere Extension PS,KA34043,Venkatesh Joshi,Head Constable,Investigating Officer,1988-05-15,Male,O Positive,0,2012-06-01,FIR/12/180/2025/0084,CC/2025/050084,2025-07-26,Cyber fraud complaint regarding unauthorized digital transaction via fake banking link.,2025-07-26T10:09:18,2025-07-26T10:09:18,2025-07-26T18:09:18,14.4251,75.8878,"Incident near coordinates 14.4251, 75.8878",Financial Crime,Cheating,IPC,Indian Penal Code,IPC,379,Punishment for theft,1,1,Shivakumar Puri,57,Private Employee,Hindu,General,Male,Roopa Puri,41,Female,0,Kavitha Chavhan,43,Female,A84,1.0,2025-07-26T18:09:18,Karnataka,Davangere,Davangere Extension PS,KA57672,Davangere District & Sessions Court,Kavitha Chavhan,,2025-07-26T18:09:18,C,KA50969,50084,12,180,3,2,4,15,1,2025-07-26 18:09:18,43,2,10,6,7,1,0,1,732,2497,0.64,3,1,0
FIR,Non-Heinous,Chargesheet Filed,Karnataka,Belagavi,Belagavi District & Sessions Court,Police Station,Belagavi City PS,KA22865,Vijay Deshmukh,Head Constable,Investigating Officer,1988-05-15,Male,O Positive,0,2012-06-01,FIR/06/088/2025/0085,CC/2025/050085,2025-10-30,Cyber fraud complaint regarding unauthorized digital transaction via fake banking link.,2025-10-29T04:15:17,2025-10-29T04:15:17,2025-10-30T01:15:17,15.8202,74.5929,"Incident near coordinates 15.8202, 74.5929",Property Crimes,Theft,IPC,Indian Penal Code,IPC,379,Punishment for theft,1,1,Sudha Nayak,36,Private Employee,Hindu,General,Male,Ramesh Kambale,35,Female,0,Divya Shetty,59,Female,A85,1.0,2025-10-30T01:15:17,Karnataka,Belagavi,Belagavi City PS,KA29703,Belagavi District & Sessions Court,Divya Shetty,,2025-10-30T01:15:17,C,KA17248,50085,6,88,3,1,1,1,1,2025-10-30 01:15:17,59,2,4,3,10,0,1,1,238,1065,2.78,1,1,0
FIR,Non-Heinous,Chargesheet Filed,Karnataka,Davangere,Davangere District & Sessions Court,Police Station,Davangere Extension PS,KA99158,Abhishek Reddy,Sub-Inspector,Investigating Officer,1988-05-15,Male,O Positive,0,2012-06-01,FIR/12/184/2025/0086,CC/2025/050086,2025-04-18,Accused unlawfully intercepted complainant near main road intersection and committed extortion and assault.,2025-04-16T02:14:19,2025-04-16T02:14:19,2025-04-18T02:14:19,14.4593,75.9002,"Incident near coordinates 14.4593, 75.9002",Crimes Against Body,Murder,IPC,Indian Penal Code,IPC,379,Punishment for theft,1,1,Prakash Kulkarni,55,Private Employee,Hindu,General,Male,Vijay Patil,38,Female,0,Divya Kuruba,66,Female,A86,1.0,2025-04-18T02:14:19,Karnataka,Davangere,Davangere Extension PS,KA60155,Davangere District & Sessions Court,Divya Kuruba,,2025-04-18T02:14:19,C,KA25496,50086,12,184,3,1,2,6,1,2025-04-18 02:14:19,66,2,2,3,4,0,1,1,246,2724,1.44,2,0,0
FIR,Non-Heinous,Chargesheet Filed,Karnataka,Ballari,Ballari District & Sessions Court,Police Station,Ballari City PS,KA41745,Shivakumar Kuruba,Inspector,Investigating Officer,1988-05-15,Male,O Positive,0,2012-06-01,FIR/08/118/2025/0087,CC/2025/050087,2025-01-08,Accused unlawfully intercepted complainant near main road intersection and committed extortion and assault.,2025-01-07T22:31:33,2025-01-07T22:31:33,2025-01-08T11:31:33,15.2324,76.9725,"Incident near coordinates 15.2324, 76.9725",Financial Crime,Money Laundering,IPC,Indian Penal Code,IPC,379,Punishment for theft,1,1,Kiran Gowda,49,Private Employee,Hindu,General,Male,Meenakshi Patil,58,Female,0,Kumar Puri,42,Male,A87,1.0,2025-01-08T11:31:33,Karnataka,Ballari,Ballari City PS,KA74219,Ballari District & Sessions Court,Kumar Puri,,2025-01-08T11:31:33,C,KA17323,50087,8,118,3,1,4,14,1,2025-01-08 11:31:33,42,1,22,2,1,0,1,4,772,3451,1.65,2,1,0
FIR,Heinous,Chargesheet Filed,Karnataka,Davangere,Davangere District & Sessions Court,Police Station,Davangere Extension PS,KA88239,Sunil Pujari,Inspector,Investigating Officer,1988-05-15,Male,O Positive,0,2012-06-01,FIR/12/187/2025/0088,CC/2025/050088,2025-02-16,Complainant reported theft of motor vehicle parked in front of residence during night hours.,2025-02-16T11:43:36,2025-02-16T11:43:36,2025-02-16T13:43:36,14.4641,75.8819,"Incident near coordinates 14.4641, 75.8819",Crimes Against Body,Grievous Hurt,IPC,Indian Penal Code,IPC,379,Punishment for theft,1,1,Darshan Chavhan,39,Private Employee,Hindu,General,Male,Mahesh Reddy,33,Female,0,Mahesh Reddy,35,Male,A88,1.0,2025-02-16T13:43:36,Karnataka,Davangere,Davangere Extension PS,KA66731,Davangere District & Sessions Court,Mahesh Reddy,,2025-02-16T13:43:36,C,KA20698,50088,12,187,2,2,2,8,1,2025-02-16 13:43:36,35,1,11,7,2,1,0,2,181,1059,1.6,3,0,0
FIR,Non-Heinous,Chargesheet Filed,Karnataka,Shivamogga,Shivamogga District & Sessions Court,Police Station,Shivamogga Town PS,KA41833,Prakash Gowda,Constable,Investigating Officer,1988-05-15,Male,O Positive,0,2012-06-01,FIR/11/174/2025/0089,CC/2025/050089,2025-01-16,Snatching of gold chain from pedestrian by bike-borne suspects during evening hours.,2025-01-14T12:20:00,2025-01-14T12:20:00,2025-01-16T01:20:00,13.9948,75.6351,"Incident near coordinates 13.9948, 75.6351",Financial Crime,Money Laundering,IPC,Indian Penal Code,IPC,379,Punishment for theft,1,1,Pradeep Kulkarni,25,Private Employee,Hindu,General,Male,Manjunath Shetty,48,Female,0,Pradeep Puri,59,Male,A89,1.0,2025-01-16T01:20:00,Karnataka,Shivamogga,Shivamogga Town PS,KA72095,Shivamogga District & Sessions Court,Pradeep Puri,,2025-01-16T01:20:00,C,KA19950,50089,11,174,2,1,4,14,1,2025-01-16 01:20:00,59,1,12,2,1,0,0,1,723,1262,4.49,2,1,0
FIR,Non-Heinous,Chargesheet Filed,Karnataka,Davangere,Davangere District & Sessions Court,Police Station,Davangere Extension PS,KA18022,Raghavendra Deshmukh,Head Constable,Investigating Officer,1988-05-15,Male,O Positive,0,2012-06-01,FIR/12/178/2025/0090,CC/2025/050090,2025-05-23,Snatching of gold chain from pedestrian by bike-borne suspects during evening hours.,2025-05-22T23:28:17,2025-05-22T23:28:17,2025-05-23T20:28:17,14.4488,75.9076,"Incident near coordinates 14.4488, 75.9076",Cyber Crime,Dark Web Crime,IPC,Indian Penal Code,IPC,379,Punishment for theft,1,1,Vidya Kuruba,54,Private Employee,Hindu,General,Male,Ramesh Kambale,45,Female,0,Nagaraj Bhat,55,Male,A90,1.0,2025-05-23T20:28:17,Karnataka,Davangere,Davangere Extension PS,KA62882,Davangere District & Sessions Court,Nagaraj Bhat,,2025-05-23T20:28:17,C,KA60924,50090,12,178,3,1,3,12,1,2025-05-23 20:28:17,55,1,23,4,5,0,1,1,704,3299,1.58,2,1,0
FIR,Non-Heinous,Chargesheet Filed,Karnataka,Ballari,Ballari District & Sessions Court,Police Station,Ballari City PS,KA29898,Darshan Rao,Inspector,Investigating Officer,1988-05-15,Male,O Positive,0,2012-06-01,FIR/08/119/2025/0091,CC/2025/050091,2025-09-12,Accused unlawfully intercepted complainant near main road intersection and committed extortion and assault.,2025-09-11T22:14:53,2025-09-11T22:14:53,2025-09-12T14:14:53,15.1933,76.9239,"Incident near coordinates 15.1933, 76.9239",Financial Crime,Cheating,IPC,Indian Penal Code,IPC,379,Punishment for theft,1,1,Satish Joshi,52,Private Employee,Hindu,General,Male,Venkatesh Bhat,28,Female,0,Ganesh Hegde,61,Male,A91,1.0,2025-09-12T14:14:53,Karnataka,Ballari,Ballari City PS,KA45421,Ballari District & Sessions Court,Ganesh Hegde,,2025-09-12T14:14:53,C,KA39232,50091,8,119,2,1,4,15,1,2025-09-12 14:14:53,61,1,22,4,9,0,1,1,363,1748,0.2,1,0,0
FIR,Heinous,Chargesheet Filed,Karnataka,Ballari,Ballari District & Sessions Court,Police Station,Ballari City PS,KA16504,Satish Puri,Inspector,Investigating Officer,1988-05-15,Male,O Positive,0,2012-06-01,FIR/08/125/2025/0092,CC/2025/050092,2025-11-20,Complainant reported theft of motor vehicle parked in front of residence during night hours.,2025-11-20T00:59:58,2025-11-20T00:59:58,2025-11-20T19:59:58,15.1147,76.9959,"Incident near coordinates 15.1147, 76.9959",Crimes Against Body,Assault,IPC,Indian Penal Code,IPC,379,Punishment for theft,1,1,Ramesh Puri,34,Private Employee,Hindu,General,Male,Nagaraj Rao,46,Female,0,Manjunath Reddy,22,Male,A92,1.0,2025-11-20T19:59:58,Karnataka,Ballari,Ballari City PS,KA88835,Ballari District & Sessions Court,Manjunath Reddy,,2025-11-20T19:59:58,C,KA92999,50092,8,125,1,2,2,7,1,2025-11-20 19:59:58,22,1,0,4,11,0,1,1,290,2586,1.0,3,0,0
FIR,Non-Heinous,Chargesheet Filed,Karnataka,Shivamogga,Shivamogga District & Sessions Court,Police Station,Shivamogga Town PS,KA27735,Anand Deshmukh,Sub-Inspector,Investigating Officer,1988-05-15,Male,O Positive,0,2012-06-01,FIR/11/168/2025/0093,CC/2025/050093,2025-10-28,Housebreaking by night reported. Electronic goods and valuables stolen while occupants were away.,2025-10-28T00:23:09,2025-10-28T00:23:09,2025-10-28T14:23:09,13.9095,75.6667,"Incident near coordinates 13.9095, 75.6667",Crimes Against Body,Assault,IPC,Indian Penal Code,IPC,379,Punishment for theft,1,1,Mahesh Hegde,26,Private Employee,Hindu,General,Male,Basavaraj Pujari,50,Female,0,Nagaraj Chavhan,48,Male,A93,1.0,2025-10-28T14:23:09,Karnataka,Shivamogga,Shivamogga Town PS,KA77480,Shivamogga District & Sessions Court,Nagaraj Chavhan,,2025-10-28T14:23:09,C,KA83344,50093,11,168,1,1,2,7,1,2025-10-28 14:23:09,48,1,0,2,10,0,1,1,550,716,2.39,2,1,0
FIR,Non-Heinous,Chargesheet Filed,Karnataka,Shivamogga,Shivamogga District & Sessions Court,Police Station,Shivamogga Town PS,KA59016,Prakash Shetty,Head Constable,Investigating Officer,1988-05-15,Male,O Positive,0,2012-06-01,FIR/11/163/2025/0094,CC/2025/050094,2025-09-13,Cyber fraud complaint regarding unauthorized digital transaction via fake banking link.,2025-09-11T18:59:07,2025-09-11T18:59:07,2025-09-13T12:59:07,13.9369,75.5615,"Incident near coordinates 13.9369, 75.5615",Crimes Against Body,Assault,IPC,Indian Penal Code,IPC,379,Punishment for theft,1,1,Sowmya Reddy,45,Private Employee,Hindu,General,Male,Nagaraj Pujari,24,Female,0,Satish Nayak,66,Male,A94,1.0,2025-09-13T12:59:07,Karnataka,Shivamogga,Shivamogga Town PS,KA31878,Shivamogga District & Sessions Court,Satish Nayak,,2025-09-13T12:59:07,C,KA32740,50094,11,163,2,1,2,7,1,2025-09-13 12:59:07,66,1,18,4,9,0,0,1,819,2326,1.66,1,1,0
FIR,Non-Heinous,Chargesheet Filed,Karnataka,Ballari,Ballari District & Sessions Court,Police Station,Ballari City PS,KA78118,Darshan Naik,Inspector,Investigating Officer,1988-05-15,Male,O Positive,0,2012-06-01,FIR/08/119/2025/0095,CC/2025/050095,2025-05-09,Burglary incident reported at commercial establishment. Locked doors broken open and cash stolen.,2025-05-09T08:30:55,2025-05-09T08:30:55,2025-05-09T21:30:55,15.156,76.974,"Incident near coordinates 15.156, 76.974",Property Crimes,Burglary,IPC,Indian Penal Code,IPC,379,Punishment for theft,1,1,Sudha Pujari,39,Private Employee,Hindu,General,Male,Shivakumar Rao,32,Female,0,Manjunath Chavhan,71,Male,A95,1.0,2025-05-09T21:30:55,Karnataka,Ballari,Ballari City PS,KA64692,Ballari District & Sessions Court,Manjunath Chavhan,,2025-05-09T21:30:55,C,KA31289,50095,8,119,3,1,1,3,1,2025-05-09 21:30:55,71,1,8,5,5,0,0,1,819,1580,3.15,2,1,0
FIR,Non-Heinous,Chargesheet Filed,Karnataka,Belagavi,Belagavi District & Sessions Court,Police Station,Belagavi City PS,KA96250,Satish Reddy,Constable,Investigating Officer,1988-05-15,Male,O Positive,0,2012-06-01,FIR/06/089/2025/0096,CC/2025/050096,2025-04-03,Complainant reported theft of motor vehicle parked in front of residence during night hours.,2025-04-03T04:15:19,2025-04-03T04:15:19,2025-04-03T05:15:19,15.8724,74.4792,"Incident near coordinates 15.8724, 74.4792",Property Crimes,Burglary,IPC,Indian Penal Code,IPC,379,Punishment for theft,1,1,Anand Deshmukh,36,Private Employee,Hindu,General,Male,Satish Chavhan,38,Female,0,Shivakumar Hegde,46,Male,A96,1.0,2025-04-03T05:15:19,Karnataka,Belagavi,Belagavi City PS,KA21680,Belagavi District & Sessions Court,Shivakumar Hegde,,2025-04-03T05:15:19,C,KA13586,50096,6,89,2,1,1,3,1,2025-04-03 05:15:19,46,1,4,4,4,0,1,1,377,2089,2.51,1,1,0
FIR,Heinous,Chargesheet Filed,Karnataka,Belagavi,Belagavi District & Sessions Court,Police Station,Belagavi City PS,KA42397,Satish Deshmukh,Constable,Investigating Officer,1988-05-15,Male,O Positive,0,2012-06-01,FIR/06/093/2025/0097,CC/2025/050097,2025-03-28,Housebreaking by night reported. Electronic goods and valuables stolen while occupants were away.,2025-03-27T05:11:35,2025-03-27T05:11:35,2025-03-28T17:11:35,15.8657,74.5172,"Incident near coordinates 15.8657, 74.5172",Financial Crime,Cheating,IPC,Indian Penal Code,IPC,379,Punishment for theft,1,1,Mahesh Naik,23,Private Employee,Hindu,General,Male,Basavaraj Kambale,37,Female,0,Venkatesh Pujari,69,Male,A97,1.0,2025-03-28T17:11:35,Karnataka,Belagavi,Belagavi City PS,KA18013,Belagavi District & Sessions Court,Venkatesh Pujari,,2025-03-28T17:11:35,C,KA66998,50097,6,93,3,2,4,15,1,2025-03-28 17:11:35,69,1,5,4,3,0,1,2,95,1467,1.94,4,0,0
FIR,Non-Heinous,Chargesheet Filed,Karnataka,Ballari,Ballari District & Sessions Court,Police Station,Ballari City PS,KA40512,Anand Deshmukh,Constable,Investigating Officer,1988-05-15,Male,O Positive,0,2012-06-01,FIR/08/124/2025/0098,CC/2025/050098,2025-06-07,Housebreaking by night reported. Electronic goods and valuables stolen while occupants were away.,2025-06-07T04:27:37,2025-06-07T04:27:37,2025-06-07T06:27:37,15.1204,76.9254,"Incident near coordinates 15.1204, 76.9254",Cyber Crime,Cyber Crime,IPC,Indian Penal Code,IPC,379,Punishment for theft,1,1,Pradeep Nayak,56,Private Employee,Hindu,General,Male,Prakash Naik,50,Female,0,Aswini Kuruba,42,Female,A98,1.0,2025-06-07T06:27:37,Karnataka,Ballari,Ballari City PS,KA76954,Ballari District & Sessions Court,Aswini Kuruba,,2025-06-07T06:27:37,C,KA51677,50098,8,124,1,1,3,11,1,2025-06-07 06:27:37,42,2,4,6,6,1,1,2,932,812,4.3,3,1,0
FIR,Non-Heinous,Chargesheet Filed,Karnataka,Davangere,Davangere District & Sessions Court,Police Station,Davangere Extension PS,KA87482,Nagaraj Kulkarni,Constable,Investigating Officer,1988-05-15,Male,O Positive,0,2012-06-01,FIR/12/182/2025/0099,CC/2025/050099,2025-09-17,Housebreaking by night reported. Electronic goods and valuables stolen while occupants were away.,2025-09-17T00:31:42,2025-09-17T00:31:42,2025-09-17T21:31:42,14.4946,75.907,"Incident near coordinates 14.4946, 75.907",Financial Crime,Cheating,IPC,Indian Penal Code,IPC,379,Punishment for theft,1,1,Ganesh Hegde,26,Private Employee,Hindu,General,Male,Rekha Puri,52,Female,0,Shivakumar Rao,55,Male,A99,1.0,2025-09-17T21:31:42,Karnataka,Davangere,Davangere Extension PS,KA22695,Davangere District & Sessions Court,Shivakumar Rao,,2025-09-17T21:31:42,C,KA11878,50099,12,182,3,1,4,15,1,2025-09-17 21:31:42,55,1,0,3,9,0,1,2,272,2200,2.98,2,1,0
FIR,Non-Heinous,Chargesheet Filed,Karnataka,Ballari,Ballari District & Sessions Court,Police Station,Ballari City PS,KA24615,Satish Naik,Inspector,Investigating Officer,1988-05-15,Male,O Positive,0,2012-06-01,FIR/08/122/2025/0100,CC/2025/050100,2025-09-07,Complainant reported theft of motor vehicle parked in front of residence during night hours.,2025-09-05T19:48:43,2025-09-05T19:48:43,2025-09-07T00:48:43,15.1071,76.9079,"Incident near coordinates 15.1071, 76.9079",Financial Crime,Cheating,IPC,Indian Penal Code,IPC,379,Punishment for theft,1,1,Vijay Chavhan,28,Private Employee,Hindu,General,Male,Shilpa Kulkarni,28,Female,0,Satish Naik,55,Male,A100,1.0,2025-09-07T00:48:43,Karnataka,Ballari,Ballari City PS,KA49412,Ballari District & Sessions Court,Satish Naik,,2025-09-07T00:48:43,C,KA26785,50100,8,122,2,1,4,15,1,2025-09-07 00:48:43,55,1,19,5,9,0,0,1,497,1806,3.39,2,1,0
FIR,Heinous,Chargesheet Filed,Karnataka,Belagavi,Belagavi District & Sessions Court,Police Station,Belagavi City PS,KA76972,Satish Kuruba,Constable,Investigating Officer,1988-05-15,Male,O Positive,0,2012-06-01,FIR/06/088/2025/0101,CC/2025/050101,2025-12-04,Accused unlawfully intercepted complainant near main road intersection and committed extortion and assault.,2025-12-02T19:44:25,2025-12-02T19:44:25,2025-12-04T01:44:25,15.8425,74.4559,"Incident near coordinates 15.8425, 74.4559",Crimes Against Body,Grievous Hurt,IPC,Indian Penal Code,IPC,379,Punishment for theft,1,1,Prakash Shetty,65,Private Employee,Hindu,General,Male,Basavaraj Shetty,22,Female,0,Satish Bhat,33,Male,A101,1.0,2025-12-04T01:44:25,Karnataka,Belagavi,Belagavi City PS,KA98449,Belagavi District & Sessions Court,Satish Bhat,,2025-12-04T01:44:25,C,KA94283,50101,6,88,1,2,2,8,1,2025-12-04 01:44:25,33,1,19,2,12,0,0,3,744,1298,4.34,4,1,0
FIR,Non-Heinous,Chargesheet Filed,Karnataka,Kalaburagi,Kalaburagi District & Sessions Court,Police Station,Kalaburagi City PS,KA63789,Abhishek Gowda,Sub-Inspector,Investigating Officer,1988-05-15,Male,O Positive,0,2012-06-01,FIR/07/109/2025/0102,CC/2025/050102,2025-10-10,Snatching of gold chain from pedestrian by bike-borne suspects during evening hours.,2025-10-08T13:08:12,2025-10-08T13:08:12,2025-10-10T00:08:12,17.3784,76.8523,"Incident near coordinates 17.3784, 76.8523",Cyber Crime,Cryptocurrency Crime,IPC,Indian Penal Code,IPC,379,Punishment for theft,1,1,Prakash Hegde,62,Private Employee,Hindu,General,Male,Kumar Naik,35,Female,0,Kiran Reddy,63,Male,A102,1.0,2025-10-10T00:08:12,Karnataka,Kalaburagi,Kalaburagi City PS,KA58533,Kalaburagi District & Sessions Court,Kiran Reddy,,2025-10-10T00:08:12,C,KA53321,50102,7,109,3,1,3,13,1,2025-10-10 00:08:12,63,1,13,3,10,0,0,1,298,1729,2.21,1,1,0
FIR,Heinous,Chargesheet Filed,Karnataka,Belagavi,Belagavi District & Sessions Court,Police Station,Belagavi City PS,KA43074,Venkatesh Shetty,Constable,Investigating Officer,1988-05-15,Male,O Positive,0,2012-06-01,FIR/06/092/2025/0103,CC/2025/050103,2025-12-18,Housebreaking by night reported. Electronic goods and valuables stolen while occupants were away.,2025-12-17T02:51:01,2025-12-17T02:51:01,2025-12-18T05:51:01,15.9608,74.5031,"Incident near coordinates 15.9608, 74.5031",Financial Crime,Cheating,IPC,Indian Penal Code,IPC,379,Punishment for theft,1,1,Vijay Bhat,35,Private Employee,Hindu,General,Male,Raghavendra Hegde,41,Female,0,Ganesh Pujari,70,Male,A103,1.0,2025-12-18T05:51:01,Karnataka,Belagavi,Belagavi City PS,KA83427,Belagavi District & Sessions Court,Ganesh Pujari,,2025-12-18T05:51:01,C,KA71345,50103,6,92,1,2,4,15,1,2025-12-18 05:51:01,70,1,2,3,12,0,1,1,948,2297,2.83,4,1,0
FIR,Heinous,Chargesheet Filed,Karnataka,Ballari,Ballari District & Sessions Court,Police Station,Ballari City PS,KA55215,Abhishek Nayak,Inspector,Investigating Officer,1988-05-15,Male,O Positive,0,2012-06-01,FIR/08/116/2025/0104,CC/2025/050104,2025-11-05,Complainant reported theft of motor vehicle parked in front of residence during night hours.,2025-11-04T04:09:21,2025-11-04T04:09:21,2025-11-05T22:09:21,15.2409,76.851,"Incident near coordinates 15.2409, 76.851",Financial Crime,Cheating,IPC,Indian Penal Code,IPC,379,Punishment for theft,1,1,Mahesh Rao,26,Private Employee,Hindu,General,Male,Abhishek Joshi,40,Female,0,Pradeep Kulkarni,43,Male,A104,1.0,2025-11-05T22:09:21,Karnataka,Ballari,Ballari City PS,KA60708,Ballari District & Sessions Court,Pradeep Kulkarni,,2025-11-05T22:09:21,C,KA60640,50104,8,116,3,2,4,15,1,2025-11-05 22:09:21,43,1,4,2,11,0,1,1,921,780,2.51,3,1,0
FIR,Non-Heinous,Chargesheet Filed,Karnataka,Kalaburagi,Kalaburagi District & Sessions Court,Police Station,Kalaburagi City PS,KA50093,Raghavendra Pujari,Inspector,Investigating Officer,1988-05-15,Male,O Positive,0,2012-06-01,FIR/07/102/2025/0105,CC/2025/050105,2025-03-16,Cyber fraud complaint regarding unauthorized digital transaction via fake banking link.,2025-03-15T13:56:46,2025-03-15T13:56:46,2025-03-16T16:56:46,17.2902,76.8585,"Incident near coordinates 17.2902, 76.8585",Property Crimes,Robbery,IPC,Indian Penal Code,IPC,379,Punishment for theft,1,1,Manjunath Reddy,42,Private Employee,Hindu,General,Male,Nagaraj Puri,24,Female,0,Sunil Hegde,44,Male,A105,1.0,2025-03-16T16:56:46,Karnataka,Kalaburagi,Kalaburagi City PS,KA95533,Kalaburagi District & Sessions Court,Sunil Hegde,,2025-03-16T16:56:46,C,KA93438,50105,7,102,1,1,1,2,1,2025-03-16 16:56:46,44,1,13,6,3,1,0,2,188,3177,2.41,3,1,0
FIR,Non-Heinous,Chargesheet Filed,Karnataka,Kalaburagi,Kalaburagi District & Sessions Court,Police Station,Kalaburagi City PS,KA65746,Mahesh Deshmukh,Constable,Investigating Officer,1988-05-15,Male,O Positive,0,2012-06-01,FIR/07/107/2025/0106,CC/2025/050106,2025-02-16,Housebreaking by night reported. Electronic goods and valuables stolen while occupants were away.,2025-02-15T17:48:03,2025-02-15T17:48:03,2025-02-16T19:48:03,17.2954,76.7786,"Incident near coordinates 17.2954, 76.7786",Crimes Against Body,Murder,IPC,Indian Penal Code,IPC,379,Punishment for theft,1,1,Sunitha Bhat,58,Private Employee,Hindu,General,Male,Nagaraj Naik,25,Female,0,Abhishek Patil,38,Male,A106,1.0,2025-02-16T19:48:03,Karnataka,Kalaburagi,Kalaburagi City PS,KA65228,Kalaburagi District & Sessions Court,Abhishek Patil,,2025-02-16T19:48:03,C,KA81521,50106,7,107,2,1,2,6,1,2025-02-16 19:48:03,38,1,17,6,2,1,0,2,239,1873,4.19,2,1,0
FIR,Non-Heinous,Chargesheet Filed,Karnataka,Shivamogga,Shivamogga District & Sessions Court,Police Station,Shivamogga Town PS,KA18606,Shivakumar Reddy,Sub-Inspector,Investigating Officer,1988-05-15,Male,O Positive,0,2012-06-01,FIR/11/168/2025/0107,CC/2025/050107,2025-06-15,Burglary incident reported at commercial establishment. Locked doors broken open and cash stolen.,2025-06-14T18:42:24,2025-06-14T18:42:24,2025-06-15T15:42:24,13.9987,75.6034,"Incident near coordinates 13.9987, 75.6034",Financial Crime,Money Laundering,IPC,Indian Penal Code,IPC,379,Punishment for theft,1,1,Ramesh Pujari,33,Private Employee,Hindu,General,Male,Ramesh Patil,30,Female,0,Basavaraj Kulkarni,48,Male,A107,1.0,2025-06-15T15:42:24,Karnataka,Shivamogga,Shivamogga Town PS,KA34379,Shivamogga District & Sessions Court,Basavaraj Kulkarni,,2025-06-15T15:42:24,C,KA49038,50107,11,168,3,1,4,14,1,2025-06-15 15:42:24,48,1,18,6,6,1,0,2,830,476,2.87,2,1,0
FIR,Non-Heinous,Chargesheet Filed,Karnataka,Belagavi,Belagavi District & Sessions Court,Police Station,Belagavi City PS,KA52934,Anand Patil,Head Constable,Investigating Officer,1988-05-15,Male,O Positive,0,2012-06-01,FIR/06/096/2025/0108,CC/2025/050108,2025-12-30,Accused unlawfully intercepted complainant near main road intersection and committed extortion and assault.,2025-12-30T14:37:47,2025-12-30T14:37:47,2025-12-30T23:37:47,15.8515,74.624,"Incident near coordinates 15.8515, 74.624",Financial Crime,Money Laundering,IPC,Indian Penal Code,IPC,379,Punishment for theft,1,1,Anand Shetty,31,Private Employee,Hindu,General,Male,Kiran Kulkarni,29,Female,0,Satish Patil,20,Male,A108,1.0,2025-12-30T23:37:47,Karnataka,Belagavi,Belagavi City PS,KA35652,Belagavi District & Sessions Court,Satish Patil,,2025-12-30T23:37:47,C,KA48289,50108,6,96,2,1,4,14,1,2025-12-30 23:37:47,20,1,14,2,12,0,0,2,691,1208,1.25,2,1,0
FIR,Non-Heinous,Chargesheet Filed,Karnataka,Shivamogga,Shivamogga District & Sessions Court,Police Station,Shivamogga Town PS,KA37331,Venkatesh Nayak,Head Constable,Investigating Officer,1988-05-15,Male,O Positive,0,2012-06-01,FIR/11/162/2025/0109,CC/2025/050109,2025-11-16,Snatching of gold chain from pedestrian by bike-borne suspects during evening hours.,2025-11-14T23:19:35,2025-11-14T23:19:35,2025-11-16T23:19:35,14.0313,75.568,"Incident near coordinates 14.0313, 75.568",Crimes Against Body,Murder,IPC,Indian Penal Code,IPC,379,Punishment for theft,1,1,Venkatesh Naik,47,Private Employee,Hindu,General,Male,Darshan Nayak,48,Female,0,Kumar Kuruba,23,Male,A109,1.0,2025-11-16T23:19:35,Karnataka,Shivamogga,Shivamogga Town PS,KA12103,Shivamogga District & Sessions Court,Kumar Kuruba,,2025-11-16T23:19:35,C,KA31550,50109,11,162,2,1,2,6,1,2025-11-16 23:19:35,23,1,23,5,11,0,1,2,693,2077,2.8,1,1,0
FIR,Non-Heinous,Chargesheet Filed,Karnataka,Davangere,Davangere District & Sessions Court,Police Station,Davangere Extension PS,KA41399,Abhishek Hegde,Sub-Inspector,Investigating Officer,1988-05-15,Male,O Positive,0,2012-06-01,FIR/12/178/2025/0110,CC/2025/050110,2025-09-23,Cyber fraud complaint regarding unauthorized digital transaction via fake banking link.,2025-09-22T23:06:32,2025-09-22T23:06:32,2025-09-23T21:06:32,14.5323,75.8762,"Incident near coordinates 14.5323, 75.8762",Property Crimes,Burglary,IPC,Indian Penal Code,IPC,379,Punishment for theft,1,1,Ganesh Deshmukh,64,Private Employee,Hindu,General,Male,Raghavendra Hegde,60,Female,0,Ganesh Joshi,63,Male,A110,1.0,2025-09-23T21:06:32,Karnataka,Davangere,Davangere Extension PS,KA19680,Davangere District & Sessions Court,Ganesh Joshi,,2025-09-23T21:06:32,C,KA46772,50110,12,178,2,1,1,3,1,2025-09-23 21:06:32,63,1,23,1,9,0,1,1,439,2208,1.64,2,0,0
FIR,Non-Heinous,Chargesheet Filed,Karnataka,Shivamogga,Shivamogga District & Sessions Court,Police Station,Shivamogga Town PS,KA26584,Anand Reddy,Head Constable,Investigating Officer,1988-05-15,Male,O Positive,0,2012-06-01,FIR/11/165/2025/0111,CC/2025/050111,2025-04-30,Complainant reported theft of motor vehicle parked in front of residence during night hours.,2025-04-30T10:50:59,2025-04-30T10:50:59,2025-04-30T11:50:59,13.9086,75.6785,"Incident near coordinates 13.9086, 75.6785",Cyber Crime,Cyber Crime,IPC,Indian Penal Code,IPC,379,Punishment for theft,1,1,Mahesh Patil,60,Private Employee,Hindu,General,Male,Pavitra Naik,47,Female,0,Venkatesh Hegde,41,Male,A111,1.0,2025-04-30T11:50:59,Karnataka,Shivamogga,Shivamogga Town PS,KA21651,Shivamogga District & Sessions Court,Venkatesh Hegde,,2025-04-30T11:50:59,C,KA32812,50111,11,165,1,1,3,11,1,2025-04-30 11:50:59,41,1,10,3,4,0,0,1,162,3207,2.37,1,1,0
FIR,Heinous,Chargesheet Filed,Karnataka,Ballari,Ballari District & Sessions Court,Police Station,Ballari City PS,KA14612,Kiran Nayak,Constable,Investigating Officer,1988-05-15,Male,O Positive,0,2012-06-01,FIR/08/118/2025/0112,CC/2025/050112,2025-09-03,Housebreaking by night reported. Electronic goods and valuables stolen while occupants were away.,2025-09-01T09:29:31,2025-09-01T09:29:31,2025-09-03T05:29:31,15.1337,76.8977,"Incident near coordinates 15.1337, 76.8977",Financial Crime,Money Laundering,IPC,Indian Penal Code,IPC,379,Punishment for theft,1,1,Ramesh Joshi,47,Private Employee,Hindu,General,Male,Abhishek Kuruba,56,Female,0,Venkatesh Kulkarni,44,Male,A112,1.0,2025-09-03T05:29:31,Karnataka,Ballari,Ballari City PS,KA48303,Ballari District & Sessions Court,Venkatesh Kulkarni,,2025-09-03T05:29:31,C,KA40962,50112,8,118,1,2,4,14,1,2025-09-03 05:29:31,44,1,9,1,9,0,0,1,740,1541,3.66,3,1,0
FIR,Non-Heinous,Chargesheet Filed,Karnataka,Kalaburagi,Kalaburagi District & Sessions Court,Police Station,Kalaburagi City PS,KA31092,Abhishek Kuruba,Sub-Inspector,Investigating Officer,1988-05-15,Male,O Positive,0,2012-06-01,FIR/07/101/2025/0113,CC/2025/050113,2025-02-02,Accused unlawfully intercepted complainant near main road intersection and committed extortion and assault.,2025-01-31T21:09:45,2025-01-31T21:09:45,2025-02-02T04:09:45,17.3795,76.7774,"Incident near coordinates 17.3795, 76.7774",Financial Crime,Money Laundering,IPC,Indian Penal Code,IPC,379,Punishment for theft,1,1,Satish Kulkarni,61,Private Employee,Hindu,General,Male,Shivakumar Naik,28,Female,0,Vijay Pujari,26,Male,A113,1.0,2025-02-02T04:09:45,Karnataka,Kalaburagi,Kalaburagi City PS,KA49400,Kalaburagi District & Sessions Court,Vijay Pujari,,2025-02-02T04:09:45,C,KA91189,50113,7,101,1,1,4,14,1,2025-02-02 04:09:45,26,1,21,5,1,0,0,2,496,1798,1.14,1,0,0
FIR,Non-Heinous,Chargesheet Filed,Karnataka,Shivamogga,Shivamogga District & Sessions Court,Police Station,Shivamogga Town PS,KA53181,Prakash Nayak,Head Constable,Investigating Officer,1988-05-15,Male,O Positive,0,2012-06-01,FIR/11/171/2025/0114,CC/2025/050114,2025-11-02,Housebreaking by night reported. Electronic goods and valuables stolen while occupants were away.,2025-11-01T17:22:57,2025-11-01T17:22:57,2025-11-02T23:22:57,13.9675,75.5881,"Incident near coordinates 13.9675, 75.5881",Financial Crime,Cheating,IPC,Indian Penal Code,IPC,379,Punishment for theft,1,1,Basavaraj Kulkarni,63,Private Employee,Hindu,General,Male,Kiran Pujari,30,Female,0,Sunitha Pujari,27,Transgender,A114,1.0,2025-11-02T23:22:57,Karnataka,Shivamogga,Shivamogga Town PS,KA49197,Shivamogga District & Sessions Court,Sunitha Pujari,,2025-11-02T23:22:57,C,KA76328,50114,11,171,3,1,4,15,1,2025-11-02 23:22:57,27,3,17,6,11,1,0,1,703,931,2.09,3,1,0
FIR,Non-Heinous,Chargesheet Filed,Karnataka,Davangere,Davangere District & Sessions Court,Police Station,Davangere Extension PS,KA50682,Basavaraj Naik,Sub-Inspector,Investigating Officer,1988-05-15,Male,O Positive,0,2012-06-01,FIR/12/185/2025/0115,CC/2025/050115,2025-10-20,Cyber fraud complaint regarding unauthorized digital transaction via fake banking link.,2025-10-18T23:07:46,2025-10-18T23:07:46,2025-10-20T16:07:46,14.4355,75.8967,"Incident near coordinates 14.4355, 75.8967",Cyber Crime,Cryptocurrency Crime,IPC,Indian Penal Code,IPC,379,Punishment for theft,1,1,Darshan Kambale,47,Private Employee,Hindu,General,Male,Anand Joshi,26,Female,0,Pradeep Nayak,58,Male,A115,1.0,2025-10-20T16:07:46,Karnataka,Davangere,Davangere Extension PS,KA64581,Davangere District & Sessions Court,Pradeep Nayak,,2025-10-20T16:07:46,C,KA18058,50115,12,185,2,1,3,13,1,2025-10-20 16:07:46,58,1,23,6,10,1,1,2,161,1711,3.95,2,1,0
FIR,Heinous,Chargesheet Filed,Karnataka,Davangere,Davangere District & Sessions Court,Police Station,Davangere Extension PS,KA72194,Venkatesh Hegde,Head Constable,Investigating Officer,1988-05-15,Male,O Positive,0,2012-06-01,FIR/12/180/2025/0116,CC/2025/050116,2025-10-13,Snatching of gold chain from pedestrian by bike-borne suspects during evening hours.,2025-10-13T10:26:25,2025-10-13T10:26:25,2025-10-13T15:26:25,14.466,75.8718,"Incident near coordinates 14.466, 75.8718",Crimes Against Body,Murder,IPC,Indian Penal Code,IPC,379,Punishment for theft,1,1,Prakash Pujari,36,Private Employee,Hindu,General,Male,Satish Deshmukh,47,Female,0,Kiran Kulkarni,56,Male,A116,1.0,2025-10-13T15:26:25,Karnataka,Davangere,Davangere Extension PS,KA61275,Davangere District & Sessions Court,Kiran Kulkarni,,2025-10-13T15:26:25,C,KA42440,50116,12,180,1,2,2,6,1,2025-10-13 15:26:25,56,1,10,1,10,0,0,1,254,684,1.52,3,0,0
FIR,Heinous,Chargesheet Filed,Karnataka,Ballari,Ballari District & Sessions Court,Police Station,Ballari City PS,KA59064,Mahesh Naik,Head Constable,Investigating Officer,1988-05-15,Male,O Positive,0,2012-06-01,FIR/08/120/2025/0117,CC/2025/050117,2025-02-21,Burglary incident reported at commercial establishment. Locked doors broken open and cash stolen.,2025-02-21T11:24:10,2025-02-21T11:24:10,2025-02-21T13:24:10,15.2488,76.9379,"Incident near coordinates 15.2488, 76.9379",Financial Crime,Money Laundering,IPC,Indian Penal Code,IPC,379,Punishment for theft,1,1,Shilpa Kambale,23,Private Employee,Hindu,General,Male,Darshan Chavhan,36,Female,0,Abhishek Rao,22,Male,A117,1.0,2025-02-21T13:24:10,Karnataka,Ballari,Ballari City PS,KA46345,Ballari District & Sessions Court,Abhishek Rao,,2025-02-21T13:24:10,C,KA30490,50117,8,120,3,2,4,14,1,2025-02-21 13:24:10,22,1,11,5,2,0,0,1,516,2288,1.46,3,1,0
FIR,Non-Heinous,Chargesheet Filed,Karnataka,Ballari,Ballari District & Sessions Court,Police Station,Ballari City PS,KA49673,Shivakumar Bhat,Constable,Investigating Officer,1988-05-15,Male,O Positive,0,2012-06-01,FIR/08/122/2025/0118,CC/2025/050118,2025-09-15,Burglary incident reported at commercial establishment. Locked doors broken open and cash stolen.,2025-09-13T02:53:30,2025-09-13T02:53:30,2025-09-15T01:53:30,15.2111,76.8609,"Incident near coordinates 15.2111, 76.8609",Cyber Crime,Cyber Crime,IPC,Indian Penal Code,IPC,379,Punishment for theft,1,1,Kiran Rao,54,Private Employee,Hindu,General,Male,Kavitha Bhat,49,Female,0,Ramesh Kambale,27,Male,A118,1.0,2025-09-15T01:53:30,Karnataka,Ballari,Ballari City PS,KA21823,Ballari District & Sessions Court,Ramesh Kambale,,2025-09-15T01:53:30,C,KA56319,50118,8,122,1,1,3,11,1,2025-09-15 01:53:30,27,1,2,6,9,1,1,5,410,916,4.34,3,1,0
FIR,Non-Heinous,Chargesheet Filed,Karnataka,Shivamogga,Shivamogga District & Sessions Court,Police Station,Shivamogga Town PS,KA22779,Mahesh Deshmukh,Head Constable,Investigating Officer,1988-05-15,Male,O Positive,0,2012-06-01,FIR/11/161/2025/0119,CC/2025/050119,2025-01-21,Burglary incident reported at commercial establishment. Locked doors broken open and cash stolen.,2025-01-19T09:20:17,2025-01-19T09:20:17,2025-01-21T05:20:17,14.0491,75.6408,"Incident near coordinates 14.0491, 75.6408",Property Crimes,Theft,IPC,Indian Penal Code,IPC,379,Punishment for theft,1,1,Abhishek Pujari,46,Private Employee,Hindu,General,Male,Raghavendra Joshi,47,Female,0,Anand Rao,59,Male,A119,1.0,2025-01-21T05:20:17,Karnataka,Shivamogga,Shivamogga Town PS,KA95163,Shivamogga District & Sessions Court,Anand Rao,,2025-01-21T05:20:17,C,KA22927,50119,11,161,2,1,1,1,1,2025-01-21 05:20:17,59,1,9,7,1,1,0,1,516,1311,4.5,3,1,0
FIR,Non-Heinous,Chargesheet Filed,Karnataka,Belagavi,Belagavi District & Sessions Court,Police Station,Belagavi City PS,KA99870,Sunil Joshi,Head Constable,Investigating Officer,1988-05-15,Male,O Positive,0,2012-06-01,FIR/06/090/2025/0120,CC/2025/050120,2025-10-10,Snatching of gold chain from pedestrian by bike-borne suspects during evening hours.,2025-10-09T00:38:39,2025-10-09T00:38:39,2025-10-10T12:38:39,15.8079,74.4624,"Incident near coordinates 15.8079, 74.4624",Property Crimes,Robbery,IPC,Indian Penal Code,IPC,379,Punishment for theft,1,1,Nayana Naik,44,Private Employee,Hindu,General,Male,Vijay Joshi,26,Female,0,Sunil Kulkarni,55,Male,A120,1.0,2025-10-10T12:38:39,Karnataka,Belagavi,Belagavi City PS,KA29225,Belagavi District & Sessions Court,Sunil Kulkarni,,2025-10-10T12:38:39,C,KA31762,50120,6,90,2,1,1,2,1,2025-10-10 12:38:39,55,1,0,4,10,0,1,1,797,2606,0.12,1,1,0
FIR,Heinous,Chargesheet Filed,Karnataka,Kalaburagi,Kalaburagi District & Sessions Court,Police Station,Kalaburagi City PS,KA55053,Ganesh Joshi,Inspector,Investigating Officer,1988-05-15,Male,O Positive,0,2012-06-01,FIR/07/114/2025/0121,CC/2025/050121,2025-03-08,Accused unlawfully intercepted complainant near main road intersection and committed extortion and assault.,2025-03-06T07:01:31,2025-03-06T07:01:31,2025-03-08T04:01:31,17.3854,76.8348,"Incident near coordinates 17.3854, 76.8348",Crimes Against Body,Murder,IPC,Indian Penal Code,IPC,379,Punishment for theft,1,1,Nagaraj Pujari,38,Private Employee,Hindu,General,Male,Darshan Rao,52,Female,0,Anitha Naik,53,Female,A121,1.0,2025-03-08T04:01:31,Karnataka,Kalaburagi,Kalaburagi City PS,KA33410,Kalaburagi District & Sessions Court,Anitha Naik,,2025-03-08T04:01:31,C,KA83535,50121,7,114,1,2,2,6,1,2025-03-08 04:01:31,53,2,7,4,3,0,0,2,187,2300,1.58,3,0,0
FIR,Heinous,Chargesheet Filed,Karnataka,Davangere,Davangere District & Sessions Court,Police Station,Davangere Extension PS,KA69362,Abhishek Kulkarni,Constable,Investigating Officer,1988-05-15,Male,O Positive,0,2012-06-01,FIR/12/188/2025/0122,CC/2025/050122,2025-06-02,Housebreaking by night reported. Electronic goods and valuables stolen while occupants were away.,2025-05-31T13:07:17,2025-05-31T13:07:17,2025-06-02T11:07:17,14.5427,75.9097,"Incident near coordinates 14.5427, 75.9097",Financial Crime,Money Laundering,IPC,Indian Penal Code,IPC,379,Punishment for theft,1,1,Divya Nayak,22,Private Employee,Hindu,General,Male,Manjunath Bhat,40,Female,0,Sunil Patil,31,Male,A122,1.0,2025-06-02T11:07:17,Karnataka,Davangere,Davangere Extension PS,KA93693,Davangere District & Sessions Court,Sunil Patil,,2025-06-02T11:07:17,C,KA41939,50122,12,188,1,2,4,14,1,2025-06-02 11:07:17,31,1,13,6,5,1,0,5,860,2427,3.96,3,1,0
FIR,Non-Heinous,Chargesheet Filed,Karnataka,Kalaburagi,Kalaburagi District & Sessions Court,Police Station,Kalaburagi City PS,KA68146,Ramesh Gowda,Head Constable,Investigating Officer,1988-05-15,Male,O Positive,0,2012-06-01,FIR/07/102/2025/0123,CC/2025/050123,2025-01-31,Cyber fraud complaint regarding unauthorized digital transaction via fake banking link.,2025-01-30T19:52:09,2025-01-30T19:52:09,2025-01-31T03:52:09,17.2984,76.8337,"Incident near coordinates 17.2984, 76.8337",Cyber Crime,Dark Web Crime,IPC,Indian Penal Code,IPC,379,Punishment for theft,1,1,Sunitha Reddy,60,Private Employee,Hindu,General,Male,Nagaraj Naik,24,Female,0,Raghavendra Chavhan,28,Male,A123,1.0,2025-01-31T03:52:09,Karnataka,Kalaburagi,Kalaburagi City PS,KA48247,Kalaburagi District & Sessions Court,Raghavendra Chavhan,,2025-01-31T03:52:09,C,KA59676,50123,7,102,1,1,3,12,1,2025-01-31 03:52:09,28,1,19,4,1,0,0,2,581,2251,2.14,2,1,0
FIR,Heinous,Chargesheet Filed,Karnataka,Shivamogga,Shivamogga District & Sessions Court,Police Station,Shivamogga Town PS,KA68434,Shivakumar Shetty,Constable,Investigating Officer,1988-05-15,Male,O Positive,0,2012-06-01,FIR/11/164/2025/0124,CC/2025/050124,2025-06-19,Accused unlawfully intercepted complainant near main road intersection and committed extortion and assault.,2025-06-18T11:03:11,2025-06-18T11:03:11,2025-06-19T03:03:11,13.9712,75.6153,"Incident near coordinates 13.9712, 75.6153",Financial Crime,Money Laundering,IPC,Indian Penal Code,IPC,379,Punishment for theft,1,1,Basavaraj Patil,27,Private Employee,Hindu,General,Male,Pradeep Naik,31,Female,0,Ganesh Rao,43,Male,A124,1.0,2025-06-19T03:03:11,Karnataka,Shivamogga,Shivamogga Town PS,KA96460,Shivamogga District & Sessions Court,Ganesh Rao,,2025-06-19T03:03:11,C,KA92376,50124,11,164,2,2,4,14,1,2025-06-19 03:03:11,43,1,11,3,6,0,0,1,775,1078,3.05,3,1,0
FIR,Non-Heinous,Chargesheet Filed,Karnataka,Shivamogga,Shivamogga District & Sessions Court,Police Station,Shivamogga Town PS,KA84756,Shivakumar Patil,Head Constable,Investigating Officer,1988-05-15,Male,O Positive,0,2012-06-01,FIR/11/165/2026/0125,CC/2026/050125,2026-01-03,Accused unlawfully intercepted complainant near main road intersection and committed extortion and assault.,2026-01-01T18:03:02,2026-01-01T18:03:02,2026-01-03T09:03:02,13.9195,75.5893,"Incident near coordinates 13.9195, 75.5893",Financial Crime,Cheating,IPC,Indian Penal Code,IPC,379,Punishment for theft,1,1,Mahesh Puri,58,Private Employee,Hindu,General,Male,Nagaraj Rao,36,Female,0,Divya Rao,26,Female,A125,1.0,2026-01-03T09:03:02,Karnataka,Shivamogga,Shivamogga Town PS,KA28866,Shivamogga District & Sessions Court,Divya Rao,,2026-01-03T09:03:02,C,KA30147,50125,11,165,2,1,4,15,1,2026-01-03 09:03:02,26,2,18,4,1,0,0,1,330,496,3.58,1,1,0
FIR,Non-Heinous,Chargesheet Filed,Karnataka,Kalaburagi,Kalaburagi District & Sessions Court,Police Station,Kalaburagi City PS,KA16240,Vijay Kulkarni,Sub-Inspector,Investigating Officer,1988-05-15,Male,O Positive,0,2012-06-01,FIR/07/111/2025/0126,CC/2025/050126,2025-08-27,Housebreaking by night reported. Electronic goods and valuables stolen while occupants were away.,2025-08-25T12:20:48,2025-08-25T12:20:48,2025-08-27T12:20:48,17.3288,76.8435,"Incident near coordinates 17.3288, 76.8435",Cyber Crime,Dark Web Crime,IPC,Indian Penal Code,IPC,379,Punishment for theft,1,1,Satish Joshi,26,Private Employee,Hindu,General,Male,Nayana Bhat,44,Female,0,Sunil Pujari,20,Male,A126,1.0,2025-08-27T12:20:48,Karnataka,Kalaburagi,Kalaburagi City PS,KA45901,Kalaburagi District & Sessions Court,Sunil Pujari,,2025-08-27T12:20:48,C,KA86410,50126,7,111,3,1,3,12,1,2025-08-27 12:20:48,20,1,12,1,8,0,0,1,370,1539,0.97,1,0,0
FIR,Non-Heinous,Chargesheet Filed,Karnataka,Ballari,Ballari District & Sessions Court,Police Station,Ballari City PS,KA29267,Venkatesh Rao,Sub-Inspector,Investigating Officer,1988-05-15,Male,O Positive,0,2012-06-01,FIR/08/124/2025/0127,CC/2025/050127,2025-10-14,Cyber fraud complaint regarding unauthorized digital transaction via fake banking link.,2025-10-13T20:51:41,2025-10-13T20:51:41,2025-10-14T19:51:41,15.2358,76.9218,"Incident near coordinates 15.2358, 76.9218",Property Crimes,Burglary,IPC,Indian Penal Code,IPC,379,Punishment for theft,1,1,Ramesh Gowda,37,Private Employee,Hindu,General,Male,Divya Shetty,44,Female,0,Venkatesh Gowda,64,Male,A127,1.0,2025-10-14T19:51:41,Karnataka,Ballari,Ballari City PS,KA80163,Ballari District & Sessions Court,Venkatesh Gowda,,2025-10-14T19:51:41,C,KA72386,50127,8,124,3,1,1,3,1,2025-10-14 19:51:41,64,1,20,1,10,0,0,1,657,1772,0.44,1,1,0
FIR,Non-Heinous,Chargesheet Filed,Karnataka,Shivamogga,Shivamogga District & Sessions Court,Police Station,Shivamogga Town PS,KA62487,Sunil Kuruba,Sub-Inspector,Investigating Officer,1988-05-15,Male,O Positive,0,2012-06-01,FIR/11/169/2025/0128,CC/2025/050128,2025-04-09,Burglary incident reported at commercial establishment. Locked doors broken open and cash stolen.,2025-04-07T11:16:23,2025-04-07T11:16:23,2025-04-09T09:16:23,14.0375,75.6385,"Incident near coordinates 14.0375, 75.6385",Financial Crime,Money Laundering,IPC,Indian Penal Code,IPC,379,Punishment for theft,1,1,Pradeep Bhat,36,Private Employee,Hindu,General,Male,Abhishek Reddy,42,Female,0,Suresh Gowda,67,Male,A128,1.0,2025-04-09T09:16:23,Karnataka,Shivamogga,Shivamogga Town PS,KA60900,Shivamogga District & Sessions Court,Suresh Gowda,,2025-04-09T09:16:23,C,KA27066,50128,11,169,3,1,4,14,1,2025-04-09 09:16:23,67,1,11,1,4,0,0,2,660,2011,3.71,2,1,0
FIR,Non-Heinous,Chargesheet Filed,Karnataka,Davangere,Davangere District & Sessions Court,Police Station,Davangere Extension PS,KA80553,Anand Gowda,Inspector,Investigating Officer,1988-05-15,Male,O Positive,0,2012-06-01,FIR/12/177/2025/0129,CC/2025/050129,2025-10-04,Cyber fraud complaint regarding unauthorized digital transaction via fake banking link.,2025-10-04T04:02:23,2025-10-04T04:02:23,2025-10-04T16:02:23,14.402,75.8826,"Incident near coordinates 14.402, 75.8826",Crimes Against Body,Assault,IPC,Indian Penal Code,IPC,379,Punishment for theft,1,1,Meenakshi Nayak,43,Private Employee,Hindu,General,Male,Satish Naik,43,Female,0,Kumar Hegde,29,Male,A129,1.0,2025-10-04T16:02:23,Karnataka,Davangere,Davangere Extension PS,KA35154,Davangere District & Sessions Court,Kumar Hegde,,2025-10-04T16:02:23,C,KA60172,50129,12,177,1,1,2,7,1,2025-10-04 16:02:23,29,1,4,6,10,1,1,4,137,3234,2.17,3,1,0
FIR,Non-Heinous,Chargesheet Filed,Karnataka,Shivamogga,Shivamogga District & Sessions Court,Police Station,Shivamogga Town PS,KA63456,Pradeep Chavhan,Inspector,Investigating Officer,1988-05-15,Male,O Positive,0,2012-06-01,FIR/11/172/2025/0130,CC/2025/050130,2025-11-02,Complainant reported theft of motor vehicle parked in front of residence during night hours.,2025-11-02T05:05:04,2025-11-02T05:05:04,2025-11-02T08:05:04,14.0268,75.6738,"Incident near coordinates 14.0268, 75.6738",Cyber Crime,Cyber Crime,IPC,Indian Penal Code,IPC,379,Punishment for theft,1,1,Abhishek Reddy,54,Private Employee,Hindu,General,Male,Raghavendra Joshi,23,Female,0,Divya Hegde,36,Female,A130,1.0,2025-11-02T08:05:04,Karnataka,Shivamogga,Shivamogga Town PS,KA16311,Shivamogga District & Sessions Court,Divya Hegde,,2025-11-02T08:05:04,C,KA99357,50130,11,172,3,1,3,11,1,2025-11-02 08:05:04,36,2,5,7,11,1,1,1,443,2224,4.37,3,1,0
FIR,Non-Heinous,Chargesheet Filed,Karnataka,Shivamogga,Shivamogga District & Sessions Court,Police Station,Shivamogga Town PS,KA71681,Mahesh Rao,Sub-Inspector,Investigating Officer,1988-05-15,Male,O Positive,0,2012-06-01,FIR/11/168/2025/0131,CC/2025/050131,2025-11-04,Housebreaking by night reported. Electronic goods and valuables stolen while occupants were away.,2025-11-03T06:15:50,2025-11-03T06:15:50,2025-11-04T11:15:50,13.9773,75.6427,"Incident near coordinates 13.9773, 75.6427",Cyber Crime,Dark Web Crime,IPC,Indian Penal Code,IPC,379,Punishment for theft,1,1,Ramesh Gowda,29,Private Employee,Hindu,General,Male,Basavaraj Kulkarni,51,Female,0,Abhishek Chavhan,20,Male,A131,1.0,2025-11-04T11:15:50,Karnataka,Shivamogga,Shivamogga Town PS,KA31508,Shivamogga District & Sessions Court,Abhishek Chavhan,,2025-11-04T11:15:50,C,KA64594,50131,11,168,3,1,3,12,1,2025-11-04 11:15:50,20,1,6,1,11,0,0,1,373,1435,1.99,1,0,0
FIR,Non-Heinous,Chargesheet Filed,Karnataka,Belagavi,Belagavi District & Sessions Court,Police Station,Belagavi City PS,KA34026,Ramesh Bhat,Head Constable,Investigating Officer,1988-05-15,Male,O Positive,0,2012-06-01,FIR/06/096/2025/0132,CC/2025/050132,2025-04-23,Accused unlawfully intercepted complainant near main road intersection and committed extortion and assault.,2025-04-21T13:08:31,2025-04-21T13:08:31,2025-04-23T04:08:31,15.9565,74.6426,"Incident near coordinates 15.9565, 74.6426",Property Crimes,Robbery,IPC,Indian Penal Code,IPC,379,Punishment for theft,1,1,Basavaraj Bhat,22,Private Employee,Hindu,General,Male,Nagaraj Kuruba,53,Female,0,Mahesh Deshmukh,51,Male,A132,1.0,2025-04-23T04:08:31,Karnataka,Belagavi,Belagavi City PS,KA27481,Belagavi District & Sessions Court,Mahesh Deshmukh,,2025-04-23T04:08:31,C,KA60371,50132,6,96,3,1,1,2,1,2025-04-23 04:08:31,51,1,13,1,4,0,0,1,206,490,2.3,2,1,0
FIR,Non-Heinous,Chargesheet Filed,Karnataka,Belagavi,Belagavi District & Sessions Court,Police Station,Belagavi City PS,KA98521,Basavaraj Hegde,Constable,Investigating Officer,1988-05-15,Male,O Positive,0,2012-06-01,FIR/06/087/2025/0133,CC/2025/050133,2025-10-21,Complainant reported theft of motor vehicle parked in front of residence during night hours.,2025-10-21T01:35:16,2025-10-21T01:35:16,2025-10-21T03:35:16,15.9636,74.6479,"Incident near coordinates 15.9636, 74.6479",Property Crimes,Theft,IPC,Indian Penal Code,IPC,379,Punishment for theft,1,1,Divya Pujari,34,Private Employee,Hindu,General,Male,Shivakumar Gowda,22,Female,0,Vidya Kulkarni,29,Female,A133,1.0,2025-10-21T03:35:16,Karnataka,Belagavi,Belagavi City PS,KA61141,Belagavi District & Sessions Court,Vidya Kulkarni,,2025-10-21T03:35:16,C,KA93912,50133,6,87,1,1,1,1,1,2025-10-21 03:35:16,29,2,1,2,10,0,1,1,434,2720,2.85,1,1,0
FIR,Non-Heinous,Chargesheet Filed,Karnataka,Shivamogga,Shivamogga District & Sessions Court,Police Station,Shivamogga Town PS,KA93789,Pradeep Rao,Head Constable,Investigating Officer,1988-05-15,Male,O Positive,0,2012-06-01,FIR/11/161/2025/0134,CC/2025/050134,2025-09-29,Cyber fraud complaint regarding unauthorized digital transaction via fake banking link.,2025-09-27T20:47:25,2025-09-27T20:47:25,2025-09-29T04:47:25,13.9901,75.5235,"Incident near coordinates 13.9901, 75.5235",Crimes Against Body,Assault,IPC,Indian Penal Code,IPC,379,Punishment for theft,1,1,Roopa Pujari,44,Private Employee,Hindu,General,Male,Aswini Gowda,57,Female,0,Darshan Gowda,59,Male,A134,1.0,2025-09-29T04:47:25,Karnataka,Shivamogga,Shivamogga Town PS,KA14022,Shivamogga District & Sessions Court,Darshan Gowda,,2025-09-29T04:47:25,C,KA52980,50134,11,161,1,1,2,7,1,2025-09-29 04:47:25,59,1,20,6,9,1,0,1,113,1209,2.06,3,1,0
FIR,Non-Heinous,Chargesheet Filed,Karnataka,Belagavi,Belagavi District & Sessions Court,Police Station,Belagavi City PS,KA41489,Kumar Hegde,Constable,Investigating Officer,1988-05-15,Male,O Positive,0,2012-06-01,FIR/06/090/2025/0135,CC/2025/050135,2025-05-07,Burglary incident reported at commercial establishment. Locked doors broken open and cash stolen.,2025-05-06T11:58:45,2025-05-06T11:58:45,2025-05-07T04:58:45,15.9335,74.5589,"Incident near coordinates 15.9335, 74.5589",Property Crimes,Robbery,IPC,Indian Penal Code,IPC,379,Punishment for theft,1,1,Pavitra Reddy,43,Private Employee,Hindu,General,Male,Kavitha Pujari,22,Female,0,Pavitra Chavhan,26,Female,A135,1.0,2025-05-07T04:58:45,Karnataka,Belagavi,Belagavi City PS,KA96796,Belagavi District & Sessions Court,Pavitra Chavhan,,2025-05-07T04:58:45,C,KA78747,50135,6,90,2,1,1,2,1,2025-05-07 04:58:45,26,2,11,2,5,0,0,1,800,2379,2.2,1,1,0
FIR,Non-Heinous,Chargesheet Filed,Karnataka,Shivamogga,Shivamogga District & Sessions Court,Police Station,Shivamogga Town PS,KA33340,Kumar Pujari,Inspector,Investigating Officer,1988-05-15,Male,O Positive,0,2012-06-01,FIR/11/167/2025/0136,CC/2025/050136,2025-06-05,Housebreaking by night reported. Electronic goods and valuables stolen while occupants were away.,2025-06-04T18:02:46,2025-06-04T18:02:46,2025-06-05T16:02:46,13.9299,75.638,"Incident near coordinates 13.9299, 75.638",Financial Crime,Money Laundering,IPC,Indian Penal Code,IPC,379,Punishment for theft,1,1,Nagaraj Shetty,34,Private Employee,Hindu,General,Male,Vijay Patil,45,Female,0,Kiran Bhat,34,Male,A136,1.0,2025-06-05T16:02:46,Karnataka,Shivamogga,Shivamogga Town PS,KA76174,Shivamogga District & Sessions Court,Kiran Bhat,,2025-06-05T16:02:46,C,KA75530,50136,11,167,1,1,4,14,1,2025-06-05 16:02:46,34,1,18,3,6,0,0,4,931,513,2.68,1,1,0
FIR,Non-Heinous,Chargesheet Filed,Karnataka,Belagavi,Belagavi District & Sessions Court,Police Station,Belagavi City PS,KA94456,Anand Bhat,Inspector,Investigating Officer,1988-05-15,Male,O Positive,0,2012-06-01,FIR/06/097/2025/0137,CC/2025/050137,2025-08-18,Snatching of gold chain from pedestrian by bike-borne suspects during evening hours.,2025-08-17T17:57:28,2025-08-17T17:57:28,2025-08-18T13:57:28,15.8236,74.4994,"Incident near coordinates 15.8236, 74.4994",Cyber Crime,Dark Web Crime,IPC,Indian Penal Code,IPC,379,Punishment for theft,1,1,Shilpa Kulkarni,48,Private Employee,Hindu,General,Male,Venkatesh Joshi,50,Female,0,Vidya Chavhan,21,Female,A137,1.0,2025-08-18T13:57:28,Karnataka,Belagavi,Belagavi City PS,KA96411,Belagavi District & Sessions Court,Vidya Chavhan,,2025-08-18T13:57:28,C,KA57224,50137,6,97,2,1,3,12,1,2025-08-18 13:57:28,21,2,17,7,8,1,0,2,221,2772,1.56,2,0,0
FIR,Non-Heinous,Chargesheet Filed,Karnataka,Belagavi,Belagavi District & Sessions Court,Police Station,Belagavi City PS,KA15848,Manjunath Reddy,Sub-Inspector,Investigating Officer,1988-05-15,Male,O Positive,0,2012-06-01,FIR/06/093/2025/0138,CC/2025/050138,2025-11-28,Cyber fraud complaint regarding unauthorized digital transaction via fake banking link.,2025-11-28T15:07:01,2025-11-28T15:07:01,2025-11-28T20:07:01,15.811,74.4828,"Incident near coordinates 15.811, 74.4828",Crimes Against Body,Murder,IPC,Indian Penal Code,IPC,379,Punishment for theft,1,1,Nagaraj Hegde,60,Private Employee,Hindu,General,Male,Rekha Hegde,34,Female,0,Ramesh Kuruba,32,Male,A138,1.0,2025-11-28T20:07:01,Karnataka,Belagavi,Belagavi City PS,KA23456,Belagavi District & Sessions Court,Ramesh Kuruba,,2025-11-28T20:07:01,C,KA77976,50138,6,93,3,1,2,6,1,2025-11-28 20:07:01,32,1,15,5,11,0,0,2,405,2494,0.56,1,0,0
FIR,Non-Heinous,Chargesheet Filed,Karnataka,Davangere,Davangere District & Sessions Court,Police Station,Davangere Extension PS,KA72683,Prakash Patil,Inspector,Investigating Officer,1988-05-15,Male,O Positive,0,2012-06-01,FIR/12/184/2025/0139,CC/2025/050139,2025-05-09,Snatching of gold chain from pedestrian by bike-borne suspects during evening hours.,2025-05-08T03:41:51,2025-05-08T03:41:51,2025-05-09T13:41:51,14.4866,75.863,"Incident near coordinates 14.4866, 75.863",Crimes Against Body,Murder,IPC,Indian Penal Code,IPC,379,Punishment for theft,1,1,Basavaraj Chavhan,53,Private Employee,Hindu,General,Male,Manjunath Chavhan,37,Female,0,Pradeep Patil,27,Male,A139,1.0,2025-05-09T13:41:51,Karnataka,Davangere,Davangere Extension PS,KA94655,Davangere District & Sessions Court,Pradeep Patil,,2025-05-09T13:41:51,C,KA63649,50139,12,184,1,1,2,6,1,2025-05-09 13:41:51,27,1,3,4,5,0,1,1,927,3199,2.94,2,1,0
FIR,Non-Heinous,Chargesheet Filed,Karnataka,Ballari,Ballari District & Sessions Court,Police Station,Ballari City PS,KA31212,Prakash Joshi,Inspector,Investigating Officer,1988-05-15,Male,O Positive,0,2012-06-01,FIR/08/117/2025/0140,CC/2025/050140,2025-04-11,Burglary incident reported at commercial establishment. Locked doors broken open and cash stolen.,2025-04-10T14:31:14,2025-04-10T14:31:14,2025-04-11T17:31:14,15.1425,76.9613,"Incident near coordinates 15.1425, 76.9613",Cyber Crime,Cryptocurrency Crime,IPC,Indian Penal Code,IPC,379,Punishment for theft,1,1,Ganesh Joshi,59,Private Employee,Hindu,General,Male,Venkatesh Naik,23,Female,0,Anand Hegde,24,Male,A140,1.0,2025-04-11T17:31:14,Karnataka,Ballari,Ballari City PS,KA28180,Ballari District & Sessions Court,Anand Hegde,,2025-04-11T17:31:14,C,KA14409,50140,8,117,3,1,3,13,1,2025-04-11 17:31:14,24,1,14,4,4,0,0,1,783,3029,4.43,1,1,0
FIR,Heinous,Chargesheet Filed,Karnataka,Belagavi,Belagavi District & Sessions Court,Police Station,Belagavi City PS,KA92801,Vijay Naik,Head Constable,Investigating Officer,1988-05-15,Male,O Positive,0,2012-06-01,FIR/06/087/2025/0141,CC/2025/050141,2025-12-28,Cyber fraud complaint regarding unauthorized digital transaction via fake banking link.,2025-12-27T12:07:11,2025-12-27T12:07:11,2025-12-28T05:07:11,15.8911,74.5085,"Incident near coordinates 15.8911, 74.5085",Financial Crime,Money Laundering,IPC,Indian Penal Code,IPC,379,Punishment for theft,1,1,Manjunath Joshi,61,Private Employee,Hindu,General,Male,Raghavendra Nayak,21,Female,0,Ramesh Nayak,60,Male,A141,1.0,2025-12-28T05:07:11,Karnataka,Belagavi,Belagavi City PS,KA51499,Belagavi District & Sessions Court,Ramesh Nayak,,2025-12-28T05:07:11,C,KA28250,50141,6,87,3,2,4,14,1,2025-12-28 05:07:11,60,1,12,6,12,1,0,1,485,1668,3.84,2,1,0
FIR,Heinous,Chargesheet Filed,Karnataka,Kalaburagi,Kalaburagi District & Sessions Court,Police Station,Kalaburagi City PS,KA28279,Vijay Reddy,Head Constable,Investigating Officer,1988-05-15,Male,O Positive,0,2012-06-01,FIR/07/105/2025/0142,CC/2025/050142,2025-07-15,Burglary incident reported at commercial establishment. Locked doors broken open and cash stolen.,2025-07-14T15:45:48,2025-07-14T15:45:48,2025-07-15T09:45:48,17.39,76.775,"Incident near coordinates 17.39, 76.775",Crimes Against Body,Grievous Hurt,IPC,Indian Penal Code,IPC,379,Punishment for theft,1,1,Venkatesh Kulkarni,27,Private Employee,Hindu,General,Male,Ramesh Bhat,42,Female,0,Basavaraj Bhat,33,Male,A142,1.0,2025-07-15T09:45:48,Karnataka,Kalaburagi,Kalaburagi City PS,KA51205,Kalaburagi District & Sessions Court,Basavaraj Bhat,,2025-07-15T09:45:48,C,KA65363,50142,7,105,3,2,2,8,1,2025-07-15 09:45:48,33,1,15,1,7,0,0,1,643,2916,3.88,2,1,0
FIR,Non-Heinous,Chargesheet Filed,Karnataka,Belagavi,Belagavi District & Sessions Court,Police Station,Belagavi City PS,KA99392,Kiran Gowda,Inspector,Investigating Officer,1988-05-15,Male,O Positive,0,2012-06-01,FIR/06/097/2025/0143,CC/2025/050143,2025-08-19,Accused unlawfully intercepted complainant near main road intersection and committed extortion and assault.,2025-08-17T15:11:00,2025-08-17T15:11:00,2025-08-19T09:11:00,15.9144,74.5322,"Incident near coordinates 15.9144, 74.5322",Financial Crime,Cheating,IPC,Indian Penal Code,IPC,379,Punishment for theft,1,1,Sudha Pujari,29,Private Employee,Hindu,General,Male,Sunil Reddy,27,Female,0,Anand Gowda,48,Male,A143,1.0,2025-08-19T09:11:00,Karnataka,Belagavi,Belagavi City PS,KA20886,Belagavi District & Sessions Court,Anand Gowda,,2025-08-19T09:11:00,C,KA34974,50143,6,97,2,1,4,15,1,2025-08-19 09:11:00,48,1,15,7,8,1,0,2,200,2009,0.67,2,0,0
FIR,Non-Heinous,Chargesheet Filed,Karnataka,Davangere,Davangere District & Sessions Court,Police Station,Davangere Extension PS,KA41780,Pradeep Kambale,Sub-Inspector,Investigating Officer,1988-05-15,Male,O Positive,0,2012-06-01,FIR/12/186/2025/0144,CC/2025/050144,2025-03-29,Snatching of gold chain from pedestrian by bike-borne suspects during evening hours.,2025-03-29T06:14:40,2025-03-29T06:14:40,2025-03-29T18:14:40,14.4714,75.8535,"Incident near coordinates 14.4714, 75.8535",Property Crimes,Theft,IPC,Indian Penal Code,IPC,379,Punishment for theft,1,1,Kumar Shetty,59,Private Employee,Hindu,General,Male,Darshan Naik,46,Female,0,Kumar Chavhan,18,Male,A144,1.0,2025-03-29T18:14:40,Karnataka,Davangere,Davangere Extension PS,KA39595,Davangere District & Sessions Court,Kumar Chavhan,,2025-03-29T18:14:40,C,KA63440,50144,12,186,1,1,1,1,1,2025-03-29 18:14:40,18,1,6,6,3,1,0,1,279,2027,2.48,2,1,0
FIR,Non-Heinous,Chargesheet Filed,Karnataka,Ballari,Ballari District & Sessions Court,Police Station,Ballari City PS,KA61010,Basavaraj Pujari,Sub-Inspector,Investigating Officer,1988-05-15,Male,O Positive,0,2012-06-01,FIR/08/118/2025/0145,CC/2025/050145,2025-10-22,Cyber fraud complaint regarding unauthorized digital transaction via fake banking link.,2025-10-21T12:12:55,2025-10-21T12:12:55,2025-10-22T13:12:55,15.235,76.9599,"Incident near coordinates 15.235, 76.9599",Financial Crime,Money Laundering,IPC,Indian Penal Code,IPC,379,Punishment for theft,1,1,Satish Puri,48,Private Employee,Hindu,General,Male,Mahesh Pujari,54,Female,0,Vidya Kulkarni,29,Female,A145,1.0,2025-10-22T13:12:55,Karnataka,Ballari,Ballari City PS,KA44518,Ballari District & Sessions Court,Vidya Kulkarni,,2025-10-22T13:12:55,C,KA11174,50145,8,118,3,1,4,14,1,2025-10-22 13:12:55,29,2,12,2,10,0,0,1,763,422,3.76,2,1,0
FIR,Non-Heinous,Chargesheet Filed,Karnataka,Kalaburagi,Kalaburagi District & Sessions Court,Police Station,Kalaburagi City PS,KA73186,Manjunath Kuruba,Inspector,Investigating Officer,1988-05-15,Male,O Positive,0,2012-06-01,FIR/07/107/2025/0146,CC/2025/050146,2025-10-31,Accused unlawfully intercepted complainant near main road intersection and committed extortion and assault.,2025-10-30T13:48:55,2025-10-30T13:48:55,2025-10-31T01:48:55,17.264,76.8619,"Incident near coordinates 17.264, 76.8619",Property Crimes,Theft,IPC,Indian Penal Code,IPC,379,Punishment for theft,1,1,Pradeep Kulkarni,40,Private Employee,Hindu,General,Male,Anitha Bhat,32,Female,0,Abhishek Bhat,50,Male,A146,1.0,2025-10-31T01:48:55,Karnataka,Kalaburagi,Kalaburagi City PS,KA43253,Kalaburagi District & Sessions Court,Abhishek Bhat,,2025-10-31T01:48:55,C,KA37405,50146,7,107,1,1,1,1,1,2025-10-31 01:48:55,50,1,13,4,10,0,0,1,914,2649,3.07,1,1,0
FIR,Non-Heinous,Chargesheet Filed,Karnataka,Davangere,Davangere District & Sessions Court,Police Station,Davangere Extension PS,KA55036,Anand Gowda,Constable,Investigating Officer,1988-05-15,Male,O Positive,0,2012-06-01,FIR/12/189/2025/0147,CC/2025/050147,2025-09-03,Accused unlawfully intercepted complainant near main road intersection and committed extortion and assault.,2025-09-02T23:55:04,2025-09-02T23:55:04,2025-09-03T17:55:04,14.5104,75.906,"Incident near coordinates 14.5104, 75.906",Property Crimes,Burglary,IPC,Indian Penal Code,IPC,379,Punishment for theft,1,1,Ramesh Pujari,64,Private Employee,Hindu,General,Male,Sunil Hegde,53,Female,0,Vijay Patil,50,Male,A147,1.0,2025-09-03T17:55:04,Karnataka,Davangere,Davangere Extension PS,KA87591,Davangere District & Sessions Court,Vijay Patil,,2025-09-03T17:55:04,C,KA19412,50147,12,189,1,1,1,3,1,2025-09-03 17:55:04,50,1,23,2,9,0,1,2,91,580,1.0,2,0,0
FIR,Non-Heinous,Chargesheet Filed,Karnataka,Kalaburagi,Kalaburagi District & Sessions Court,Police Station,Kalaburagi City PS,KA55261,Kiran Hegde,Inspector,Investigating Officer,1988-05-15,Male,O Positive,0,2012-06-01,FIR/07/109/2025/0148,CC/2025/050148,2025-08-17,Burglary incident reported at commercial establishment. Locked doors broken open and cash stolen.,2025-08-16T20:12:23,2025-08-16T20:12:23,2025-08-17T19:12:23,17.2994,76.7518,"Incident near coordinates 17.2994, 76.7518",Property Crimes,Robbery,IPC,Indian Penal Code,IPC,379,Punishment for theft,1,1,Sunil Hegde,34,Private Employee,Hindu,General,Male,Satish Kulkarni,43,Female,0,Sowmya Patil,49,Transgender,A148,1.0,2025-08-17T19:12:23,Karnataka,Kalaburagi,Kalaburagi City PS,KA96983,Kalaburagi District & Sessions Court,Sowmya Patil,,2025-08-17T19:12:23,C,KA76029,50148,7,109,3,1,1,2,1,2025-08-17 19:12:23,49,3,20,6,8,1,0,4,117,1567,0.74,2,0,0
FIR,Non-Heinous,Chargesheet Filed,Karnataka,Belagavi,Belagavi District & Sessions Court,Police Station,Belagavi City PS,KA72469,Pradeep Reddy,Inspector,Investigating Officer,1988-05-15,Male,O Positive,0,2012-06-01,FIR/06/094/2025/0149,CC/2025/050149,2025-06-13,Complainant reported theft of motor vehicle parked in front of residence during night hours.,2025-06-11T17:24:56,2025-06-11T17:24:56,2025-06-13T07:24:56,15.9406,74.5892,"Incident near coordinates 15.9406, 74.5892",Property Crimes,Robbery,IPC,Indian Penal Code,IPC,379,Punishment for theft,1,1,Nagaraj Patil,56,Private Employee,Hindu,General,Male,Mahesh Hegde,36,Female,0,Satish Kambale,40,Male,A149,1.0,2025-06-13T07:24:56,Karnataka,Belagavi,Belagavi City PS,KA51638,Belagavi District & Sessions Court,Satish Kambale,,2025-06-13T07:24:56,C,KA70915,50149,6,94,3,1,1,2,1,2025-06-13 07:24:56,40,1,17,3,6,0,0,2,761,454,0.89,1,1,0
FIR,Non-Heinous,Chargesheet Filed,Karnataka,Shivamogga,Shivamogga District & Sessions Court,Police Station,Shivamogga Town PS,KA14825,Nagaraj Patil,Sub-Inspector,Investigating Officer,1988-05-15,Male,O Positive,0,2012-06-01,FIR/11/163/2025/0150,CC/2025/050150,2025-03-08,Accused unlawfully intercepted complainant near main road intersection and committed extortion and assault.,2025-03-06T13:10:41,2025-03-06T13:10:41,2025-03-08T05:10:41,13.9125,75.6765,"Incident near coordinates 13.9125, 75.6765",Property Crimes,Robbery,IPC,Indian Penal Code,IPC,379,Punishment for theft,1,1,Abhishek Pujari,51,Private Employee,Hindu,General,Male,Shilpa Kambale,56,Female,0,Suresh Puri,68,Male,A150,1.0,2025-03-08T05:10:41,Karnataka,Shivamogga,Shivamogga Town PS,KA65366,Shivamogga District & Sessions Court,Suresh Puri,,2025-03-08T05:10:41,C,KA62309,50150,11,163,1,1,1,2,1,2025-03-08 05:10:41,68,1,13,4,3,0,0,1,565,1420,0.99,1,1,0
FIR,Heinous,Chargesheet Filed,Karnataka,Davangere,Davangere District & Sessions Court,Police Station,Davangere Extension PS,KA13474,Anand Chavhan,Inspector,Investigating Officer,1988-05-15,Male,O Positive,0,2012-06-01,FIR/12/185/2025/0151,CC/2025/050151,2025-02-27,Burglary incident reported at commercial establishment. Locked doors broken open and cash stolen.,2025-02-25T22:32:31,2025-02-25T22:32:31,2025-02-27T06:32:31,14.4659,75.8663,"Incident near coordinates 14.4659, 75.8663",Financial Crime,Money Laundering,IPC,Indian Penal Code,IPC,379,Punishment for theft,1,1,Kiran Chavhan,35,Private Employee,Hindu,General,Male,Sudha Naik,48,Female,0,Deepa Reddy,47,Female,A151,1.0,2025-02-27T06:32:31,Karnataka,Davangere,Davangere Extension PS,KA37950,Davangere District & Sessions Court,Deepa Reddy,,2025-02-27T06:32:31,C,KA26137,50151,12,185,1,2,4,14,1,2025-02-27 06:32:31,47,2,22,2,2,0,1,3,711,1547,1.2,4,1,0
FIR,Non-Heinous,Chargesheet Filed,Karnataka,Shivamogga,Shivamogga District & Sessions Court,Police Station,Shivamogga Town PS,KA21255,Mahesh Kuruba,Constable,Investigating Officer,1988-05-15,Male,O Positive,0,2012-06-01,FIR/11/173/2025/0152,CC/2025/050152,2025-08-23,Complainant reported theft of motor vehicle parked in front of residence during night hours.,2025-08-21T15:40:06,2025-08-21T15:40:06,2025-08-23T09:40:06,13.9787,75.5029,"Incident near coordinates 13.9787, 75.5029",Cyber Crime,Dark Web Crime,IPC,Indian Penal Code,IPC,379,Punishment for theft,1,1,Darshan Bhat,29,Private Employee,Hindu,General,Male,Sowmya Rao,47,Female,0,Raghavendra Puri,38,Male,A152,1.0,2025-08-23T09:40:06,Karnataka,Shivamogga,Shivamogga Town PS,KA57482,Shivamogga District & Sessions Court,Raghavendra Puri,,2025-08-23T09:40:06,C,KA51419,50152,11,173,2,1,3,12,1,2025-08-23 09:40:06,38,1,15,4,8,0,0,1,662,1581,1.88,2,1,0
FIR,Non-Heinous,Chargesheet Filed,Karnataka,Kalaburagi,Kalaburagi District & Sessions Court,Police Station,Kalaburagi City PS,KA25203,Suresh Gowda,Head Constable,Investigating Officer,1988-05-15,Male,O Positive,0,2012-06-01,FIR/07/104/2025/0153,CC/2025/050153,2025-04-14,Snatching of gold chain from pedestrian by bike-borne suspects during evening hours.,2025-04-14T09:57:32,2025-04-14T09:57:32,2025-04-14T17:57:32,17.2638,76.7829,"Incident near coordinates 17.2638, 76.7829",Crimes Against Body,Grievous Hurt,IPC,Indian Penal Code,IPC,379,Punishment for theft,1,1,Kiran Joshi,49,Private Employee,Hindu,General,Male,Kavitha Chavhan,55,Female,0,Darshan Chavhan,21,Male,A153,1.0,2025-04-14T17:57:32,Karnataka,Kalaburagi,Kalaburagi City PS,KA67602,Kalaburagi District & Sessions Court,Darshan Chavhan,,2025-04-14T17:57:32,C,KA23652,50153,7,104,1,1,2,8,1,2025-04-14 17:57:32,21,1,9,1,4,0,0,1,225,3134,1.67,1,0,0
FIR,Non-Heinous,Chargesheet Filed,Karnataka,Kalaburagi,Kalaburagi District & Sessions Court,Police Station,Kalaburagi City PS,KA39470,Sunil Kuruba,Sub-Inspector,Investigating Officer,1988-05-15,Male,O Positive,0,2012-06-01,FIR/07/106/2025/0154,CC/2025/050154,2025-06-04,Snatching of gold chain from pedestrian by bike-borne suspects during evening hours.,2025-06-04T01:28:35,2025-06-04T01:28:35,2025-06-04T14:28:35,17.2877,76.7549,"Incident near coordinates 17.2877, 76.7549",Cyber Crime,Cyber Crime,IPC,Indian Penal Code,IPC,379,Punishment for theft,1,1,Suresh Pujari,46,Private Employee,Hindu,General,Male,Geetha Kulkarni,47,Female,0,Sunil Gowda,19,Male,A154,1.0,2025-06-04T14:28:35,Karnataka,Kalaburagi,Kalaburagi City PS,KA27517,Kalaburagi District & Sessions Court,Sunil Gowda,,2025-06-04T14:28:35,C,KA82344,50154,7,106,3,1,3,11,1,2025-06-04 14:28:35,19,1,1,3,6,0,1,5,902,2188,3.34,2,1,0
FIR,Non-Heinous,Chargesheet Filed,Karnataka,Belagavi,Belagavi District & Sessions Court,Police Station,Belagavi City PS,KA55976,Satish Naik,Sub-Inspector,Investigating Officer,1988-05-15,Male,O Positive,0,2012-06-01,FIR/06/093/2025/0155,CC/2025/050155,2025-04-04,Housebreaking by night reported. Electronic goods and valuables stolen while occupants were away.,2025-04-03T20:48:06,2025-04-03T20:48:06,2025-04-04T14:48:06,15.8357,74.5159,"Incident near coordinates 15.8357, 74.5159",Crimes Against Body,Murder,IPC,Indian Penal Code,IPC,379,Punishment for theft,1,1,Venkatesh Deshmukh,54,Private Employee,Hindu,General,Male,Sudha Reddy,20,Female,0,Shilpa Reddy,65,Female,A155,1.0,2025-04-04T14:48:06,Karnataka,Belagavi,Belagavi City PS,KA60737,Belagavi District & Sessions Court,Shilpa Reddy,,2025-04-04T14:48:06,C,KA21369,50155,6,93,2,1,2,6,1,2025-04-04 14:48:06,65,2,20,4,4,0,0,2,827,2012,1.16,1,1,0
FIR,Non-Heinous,Chargesheet Filed,Karnataka,Davangere,Davangere District & Sessions Court,Police Station,Davangere Extension PS,KA79200,Manjunath Kulkarni,Head Constable,Investigating Officer,1988-05-15,Male,O Positive,0,2012-06-01,FIR/12/186/2025/0156,CC/2025/050156,2025-03-24,Accused unlawfully intercepted complainant near main road intersection and committed extortion and assault.,2025-03-22T09:30:20,2025-03-22T09:30:20,2025-03-24T08:30:20,14.4543,75.8808,"Incident near coordinates 14.4543, 75.8808",Crimes Against Body,Murder,IPC,Indian Penal Code,IPC,379,Punishment for theft,1,1,Anitha Bhat,26,Private Employee,Hindu,General,Male,Anand Deshmukh,46,Female,0,Kiran Naik,58,Male,A156,1.0,2025-03-24T08:30:20,Karnataka,Davangere,Davangere Extension PS,KA59041,Davangere District & Sessions Court,Kiran Naik,,2025-03-24T08:30:20,C,KA74780,50156,12,186,2,1,2,6,1,2025-03-24 08:30:20,58,1,9,6,3,1,0,1,622,1282,0.61,2,1,0
FIR,Non-Heinous,Chargesheet Filed,Karnataka,Ballari,Ballari District & Sessions Court,Police Station,Ballari City PS,KA27621,Vijay Gowda,Head Constable,Investigating Officer,1988-05-15,Male,O Positive,0,2012-06-01,FIR/08/122/2025/0157,CC/2025/050157,2025-06-11,Snatching of gold chain from pedestrian by bike-borne suspects during evening hours.,2025-06-10T17:34:30,2025-06-10T17:34:30,2025-06-11T15:34:30,15.1645,76.8927,"Incident near coordinates 15.1645, 76.8927",Crimes Against Body,Grievous Hurt,IPC,Indian Penal Code,IPC,379,Punishment for theft,1,1,Basavaraj Chavhan,40,Private Employee,Hindu,General,Male,Suresh Pujari,58,Female,0,Mahesh Patil,66,Male,A157,1.0,2025-06-11T15:34:30,Karnataka,Ballari,Ballari City PS,KA34412,Ballari District & Sessions Court,Mahesh Patil,,2025-06-11T15:34:30,C,KA41743,50157,8,122,1,1,2,8,1,2025-06-11 15:34:30,66,1,17,2,6,0,0,2,794,3003,2.51,1,1,0
FIR,Non-Heinous,Chargesheet Filed,Karnataka,Kalaburagi,Kalaburagi District & Sessions Court,Police Station,Kalaburagi City PS,KA82318,Raghavendra Nayak,Head Constable,Investigating Officer,1988-05-15,Male,O Positive,0,2012-06-01,FIR/07/101/2025/0158,CC/2025/050158,2025-09-10,Snatching of gold chain from pedestrian by bike-borne suspects during evening hours.,2025-09-09T19:46:56,2025-09-09T19:46:56,2025-09-10T14:46:56,17.3918,76.8475,"Incident near coordinates 17.3918, 76.8475",Crimes Against Body,Murder,IPC,Indian Penal Code,IPC,379,Punishment for theft,1,1,Anitha Kambale,22,Private Employee,Hindu,General,Male,Shivakumar Kuruba,52,Female,0,Kumar Bhat,28,Male,A158,1.0,2025-09-10T14:46:56,Karnataka,Kalaburagi,Kalaburagi City PS,KA88071,Kalaburagi District & Sessions Court,Kumar Bhat,,2025-09-10T14:46:56,C,KA99561,50158,7,101,1,1,2,6,1,2025-09-10 14:46:56,28,1,19,2,9,0,0,1,124,1932,1.0,2,0,0
FIR,Non-Heinous,Chargesheet Filed,Karnataka,Ballari,Ballari District & Sessions Court,Police Station,Ballari City PS,KA35626,Mahesh Reddy,Constable,Investigating Officer,1988-05-15,Male,O Positive,0,2012-06-01,FIR/08/122/2025/0159,CC/2025/050159,2025-08-13,Snatching of gold chain from pedestrian by bike-borne suspects during evening hours.,2025-08-13T17:44:56,2025-08-13T17:44:56,2025-08-13T21:44:56,15.209,76.9961,"Incident near coordinates 15.209, 76.9961",Property Crimes,Burglary,IPC,Indian Penal Code,IPC,379,Punishment for theft,1,1,Anand Naik,52,Private Employee,Hindu,General,Male,Raghavendra Pujari,31,Female,0,Vijay Shetty,61,Male,A159,1.0,2025-08-13T21:44:56,Karnataka,Ballari,Ballari City PS,KA23105,Ballari District & Sessions Court,Vijay Shetty,,2025-08-13T21:44:56,C,KA79108,50159,8,122,3,1,1,3,1,2025-08-13 21:44:56,61,1,17,3,8,0,0,1,52,1461,0.9,2,0,0
FIR,Heinous,Chargesheet Filed,Karnataka,Belagavi,Belagavi District & Sessions Court,Police Station,Belagavi City PS,KA17051,Kiran Shetty,Sub-Inspector,Investigating Officer,1988-05-15,Male,O Positive,0,2012-06-01,FIR/06/090/2025/0160,CC/2025/050160,2025-09-21,Snatching of gold chain from pedestrian by bike-borne suspects during evening hours.,2025-09-20T02:41:57,2025-09-20T02:41:57,2025-09-21T04:41:57,15.8726,74.5256,"Incident near coordinates 15.8726, 74.5256",Crimes Against Body,Grievous Hurt,IPC,Indian Penal Code,IPC,379,Punishment for theft,1,1,Sunil Reddy,55,Private Employee,Hindu,General,Male,Kiran Nayak,20,Female,0,Pradeep Puri,59,Male,A160,1.0,2025-09-21T04:41:57,Karnataka,Belagavi,Belagavi City PS,KA23008,Belagavi District & Sessions Court,Pradeep Puri,,2025-09-21T04:41:57,C,KA20180,50160,6,90,1,2,2,8,1,2025-09-21 04:41:57,59,1,2,6,9,1,1,1,610,1614,2.96,4,1,0
FIR,Non-Heinous,Chargesheet Filed,Karnataka,Kalaburagi,Kalaburagi District & Sessions Court,Police Station,Kalaburagi City PS,KA65360,Venkatesh Puri,Inspector,Investigating Officer,1988-05-15,Male,O Positive,0,2012-06-01,FIR/07/110/2025/0161,CC/2025/050161,2025-01-16,Housebreaking by night reported. Electronic goods and valuables stolen while occupants were away.,2025-01-15T15:01:06,2025-01-15T15:01:06,2025-01-16T11:01:06,17.3242,76.8744,"Incident near coordinates 17.3242, 76.8744",Cyber Crime,Cryptocurrency Crime,IPC,Indian Penal Code,IPC,379,Punishment for theft,1,1,Venkatesh Nayak,41,Private Employee,Hindu,General,Male,Sunitha Kuruba,29,Female,0,Satish Nayak,56,Male,A161,1.0,2025-01-16T11:01:06,Karnataka,Kalaburagi,Kalaburagi City PS,KA47396,Kalaburagi District & Sessions Court,Satish Nayak,,2025-01-16T11:01:06,C,KA86725,50161,7,110,1,1,3,13,1,2025-01-16 11:01:06,56,1,15,3,1,0,0,1,548,3492,2.01,2,1,0
FIR,Non-Heinous,Chargesheet Filed,Karnataka,Kalaburagi,Kalaburagi District & Sessions Court,Police Station,Kalaburagi City PS,KA79152,Ramesh Bhat,Sub-Inspector,Investigating Officer,1988-05-15,Male,O Positive,0,2012-06-01,FIR/07/106/2025/0162,CC/2025/050162,2025-01-14,Complainant reported theft of motor vehicle parked in front of residence during night hours.,2025-01-12T17:32:18,2025-01-12T17:32:18,2025-01-14T07:32:18,17.2989,76.8138,"Incident near coordinates 17.2989, 76.8138",Property Crimes,Burglary,IPC,Indian Penal Code,IPC,379,Punishment for theft,1,1,Raghavendra Puri,45,Private Employee,Hindu,General,Male,Prakash Joshi,41,Female,0,Lakshmi Kuruba,40,Female,A162,1.0,2025-01-14T07:32:18,Karnataka,Kalaburagi,Kalaburagi City PS,KA45937,Kalaburagi District & Sessions Court,Lakshmi Kuruba,,2025-01-14T07:32:18,C,KA32692,50162,7,106,1,1,1,3,1,2025-01-14 07:32:18,40,2,17,7,1,1,0,2,316,2202,4.01,2,1,0
FIR,Heinous,Chargesheet Filed,Karnataka,Ballari,Ballari District & Sessions Court,Police Station,Ballari City PS,KA76763,Mahesh Kuruba,Inspector,Investigating Officer,1988-05-15,Male,O Positive,0,2012-06-01,FIR/08/124/2025/0163,CC/2025/050163,2025-03-13,Snatching of gold chain from pedestrian by bike-borne suspects during evening hours.,2025-03-12T03:02:49,2025-03-12T03:02:49,2025-03-13T14:02:49,15.2494,76.9155,"Incident near coordinates 15.2494, 76.9155",Financial Crime,Money Laundering,IPC,Indian Penal Code,IPC,379,Punishment for theft,1,1,Pradeep Shetty,34,Private Employee,Hindu,General,Male,Venkatesh Puri,55,Female,0,Venkatesh Kulkarni,26,Male,A163,1.0,2025-03-13T14:02:49,Karnataka,Ballari,Ballari City PS,KA91197,Ballari District & Sessions Court,Venkatesh Kulkarni,,2025-03-13T14:02:49,C,KA85932,50163,8,124,2,2,4,14,1,2025-03-13 14:02:49,26,1,3,3,3,0,1,1,611,2881,0.84,3,1,0
FIR,Non-Heinous,Chargesheet Filed,Karnataka,Shivamogga,Shivamogga District & Sessions Court,Police Station,Shivamogga Town PS,KA64289,Nagaraj Kulkarni,Constable,Investigating Officer,1988-05-15,Male,O Positive,0,2012-06-01,FIR/11/164/2025/0164,CC/2025/050164,2025-04-28,Complainant reported theft of motor vehicle parked in front of residence during night hours.,2025-04-27T05:56:29,2025-04-27T05:56:29,2025-04-28T17:56:29,13.9939,75.6731,"Incident near coordinates 13.9939, 75.6731",Financial Crime,Cheating,IPC,Indian Penal Code,IPC,379,Punishment for theft,1,1,Manjunath Kambale,45,Private Employee,Hindu,General,Male,Sunil Gowda,33,Female,0,Prakash Chavhan,32,Male,A164,1.0,2025-04-28T17:56:29,Karnataka,Shivamogga,Shivamogga Town PS,KA79051,Shivamogga District & Sessions Court,Prakash Chavhan,,2025-04-28T17:56:29,C,KA79331,50164,11,164,2,1,4,15,1,2025-04-28 17:56:29,32,1,5,7,4,1,1,4,79,2162,1.81,2,0,0
FIR,Non-Heinous,Chargesheet Filed,Karnataka,Belagavi,Belagavi District & Sessions Court,Police Station,Belagavi City PS,KA79434,Suresh Reddy,Sub-Inspector,Investigating Officer,1988-05-15,Male,O Positive,0,2012-06-01,FIR/06/097/2025/0165,CC/2025/050165,2025-05-15,Burglary incident reported at commercial establishment. Locked doors broken open and cash stolen.,2025-05-15T12:52:17,2025-05-15T12:52:17,2025-05-15T22:52:17,15.8136,74.4754,"Incident near coordinates 15.8136, 74.4754",Property Crimes,Robbery,IPC,Indian Penal Code,IPC,379,Punishment for theft,1,1,Satish Naik,53,Private Employee,Hindu,General,Male,Kiran Gowda,58,Female,0,Prakash Bhat,31,Male,A165,1.0,2025-05-15T22:52:17,Karnataka,Belagavi,Belagavi City PS,KA50974,Belagavi District & Sessions Court,Prakash Bhat,,2025-05-15T22:52:17,C,KA76623,50165,6,97,1,1,1,2,1,2025-05-15 22:52:17,31,1,12,4,5,0,0,1,240,989,1.62,1,0,0
FIR,Non-Heinous,Chargesheet Filed,Karnataka,Davangere,Davangere District & Sessions Court,Police Station,Davangere Extension PS,KA16620,Darshan Gowda,Head Constable,Investigating Officer,1988-05-15,Male,O Positive,0,2012-06-01,FIR/12/188/2025/0166,CC/2025/050166,2025-07-24,Housebreaking by night reported. Electronic goods and valuables stolen while occupants were away.,2025-07-22T18:52:19,2025-07-22T18:52:19,2025-07-24T00:52:19,14.5233,75.9152,"Incident near coordinates 14.5233, 75.9152",Cyber Crime,Dark Web Crime,IPC,Indian Penal Code,IPC,379,Punishment for theft,1,1,Sunil Deshmukh,60,Private Employee,Hindu,General,Male,Anand Hegde,39,Female,0,Mahesh Patil,70,Male,A166,1.0,2025-07-24T00:52:19,Karnataka,Davangere,Davangere Extension PS,KA53862,Davangere District & Sessions Court,Mahesh Patil,,2025-07-24T00:52:19,C,KA14855,50166,12,188,3,1,3,12,1,2025-07-24 00:52:19,70,1,18,2,7,0,0,1,539,445,3.12,1,1,0
FIR,Non-Heinous,Chargesheet Filed,Karnataka,Davangere,Davangere District & Sessions Court,Police Station,Davangere Extension PS,KA20981,Venkatesh Gowda,Head Constable,Investigating Officer,1988-05-15,Male,O Positive,0,2012-06-01,FIR/12/185/2025/0167,CC/2025/050167,2025-08-13,Complainant reported theft of motor vehicle parked in front of residence during night hours.,2025-08-12T20:32:39,2025-08-12T20:32:39,2025-08-13T18:32:39,14.4885,75.9177,"Incident near coordinates 14.4885, 75.9177",Cyber Crime,Cyber Crime,IPC,Indian Penal Code,IPC,379,Punishment for theft,1,1,Sunitha Patil,22,Private Employee,Hindu,General,Male,Suresh Nayak,41,Female,0,Darshan Joshi,25,Male,A167,1.0,2025-08-13T18:32:39,Karnataka,Davangere,Davangere Extension PS,KA50645,Davangere District & Sessions Court,Darshan Joshi,,2025-08-13T18:32:39,C,KA66074,50167,12,185,3,1,3,11,1,2025-08-13 18:32:39,25,1,20,2,8,0,0,5,834,854,1.12,1,1,0
FIR,Non-Heinous,Chargesheet Filed,Karnataka,Davangere,Davangere District & Sessions Court,Police Station,Davangere Extension PS,KA49958,Nagaraj Shetty,Constable,Investigating Officer,1988-05-15,Male,O Positive,0,2012-06-01,FIR/12/188/2025/0168,CC/2025/050168,2025-10-04,Complainant reported theft of motor vehicle parked in front of residence during night hours.,2025-10-02T22:26:47,2025-10-02T22:26:47,2025-10-04T00:26:47,14.482,75.9167,"Incident near coordinates 14.482, 75.9167",Property Crimes,Burglary,IPC,Indian Penal Code,IPC,379,Punishment for theft,1,1,Shilpa Puri,52,Private Employee,Hindu,General,Male,Prakash Rao,22,Female,0,Sunil Kuruba,68,Male,A168,1.0,2025-10-04T00:26:47,Karnataka,Davangere,Davangere Extension PS,KA59547,Davangere District & Sessions Court,Sunil Kuruba,,2025-10-04T00:26:47,C,KA62272,50168,12,188,2,1,1,3,1,2025-10-04 00:26:47,68,1,22,4,10,0,1,2,201,1988,0.49,1,0,0
FIR,Non-Heinous,Chargesheet Filed,Karnataka,Belagavi,Belagavi District & Sessions Court,Police Station,Belagavi City PS,KA38705,Basavaraj Hegde,Head Constable,Investigating Officer,1988-05-15,Male,O Positive,0,2012-06-01,FIR/06/096/2025/0169,CC/2025/050169,2025-01-05,Housebreaking by night reported. Electronic goods and valuables stolen while occupants were away.,2025-01-05T00:19:14,2025-01-05T00:19:14,2025-01-05T21:19:14,15.9883,74.5339,"Incident near coordinates 15.9883, 74.5339",Cyber Crime,Dark Web Crime,IPC,Indian Penal Code,IPC,379,Punishment for theft,1,1,Rekha Puri,60,Private Employee,Hindu,General,Male,Basavaraj Patil,20,Female,0,Aswini Puri,64,Female,A169,1.0,2025-01-05T21:19:14,Karnataka,Belagavi,Belagavi City PS,KA99892,Belagavi District & Sessions Court,Aswini Puri,,2025-01-05T21:19:14,C,KA38437,50169,6,96,1,1,3,12,1,2025-01-05 21:19:14,64,2,0,7,1,1,1,2,691,2437,0.31,3,1,0
FIR,Non-Heinous,Chargesheet Filed,Karnataka,Ballari,Ballari District & Sessions Court,Police Station,Ballari City PS,KA96553,Suresh Pujari,Inspector,Investigating Officer,1988-05-15,Male,O Positive,0,2012-06-01,FIR/08/125/2025/0170,CC/2025/050170,2025-04-02,Housebreaking by night reported. Electronic goods and valuables stolen while occupants were away.,2025-04-01T11:13:34,2025-04-01T11:13:34,2025-04-02T14:13:34,15.1593,76.9114,"Incident near coordinates 15.1593, 76.9114",Cyber Crime,Cryptocurrency Crime,IPC,Indian Penal Code,IPC,379,Punishment for theft,1,1,Suresh Joshi,22,Private Employee,Hindu,General,Male,Vijay Nayak,43,Female,0,Nagaraj Pujari,68,Male,A170,1.0,2025-04-02T14:13:34,Karnataka,Ballari,Ballari City PS,KA66516,Ballari District & Sessions Court,Nagaraj Pujari,,2025-04-02T14:13:34,C,KA30525,50170,8,125,2,1,3,13,1,2025-04-02 14:13:34,68,1,11,2,4,0,0,1,267,3263,1.15,2,0,0
FIR,Non-Heinous,Chargesheet Filed,Karnataka,Ballari,Ballari District & Sessions Court,Police Station,Ballari City PS,KA88888,Darshan Kuruba,Head Constable,Investigating Officer,1988-05-15,Male,O Positive,0,2012-06-01,FIR/08/129/2025/0171,CC/2025/050171,2025-11-03,Snatching of gold chain from pedestrian by bike-borne suspects during evening hours.,2025-11-03T02:23:29,2025-11-03T02:23:29,2025-11-03T11:23:29,15.1507,76.8708,"Incident near coordinates 15.1507, 76.8708",Property Crimes,Burglary,IPC,Indian Penal Code,IPC,379,Punishment for theft,1,1,Ganesh Chavhan,23,Private Employee,Hindu,General,Male,Vidya Hegde,53,Female,0,Abhishek Gowda,69,Male,A171,1.0,2025-11-03T11:23:29,Karnataka,Ballari,Ballari City PS,KA61584,Ballari District & Sessions Court,Abhishek Gowda,,2025-11-03T11:23:29,C,KA45172,50171,8,129,3,1,1,3,1,2025-11-03 11:23:29,69,1,2,1,11,0,1,1,269,2747,1.15,1,0,0
FIR,Non-Heinous,Chargesheet Filed,Karnataka,Ballari,Ballari District & Sessions Court,Police Station,Ballari City PS,KA38756,Manjunath Kambale,Constable,Investigating Officer,1988-05-15,Male,O Positive,0,2012-06-01,FIR/08/121/2025/0172,CC/2025/050172,2025-06-01,Cyber fraud complaint regarding unauthorized digital transaction via fake banking link.,2025-05-30T20:37:27,2025-05-30T20:37:27,2025-06-01T07:37:27,15.1569,76.9704,"Incident near coordinates 15.1569, 76.9704",Cyber Crime,Dark Web Crime,IPC,Indian Penal Code,IPC,379,Punishment for theft,1,1,Pradeep Kambale,59,Private Employee,Hindu,General,Male,Ambika Naik,44,Female,0,Shivakumar Deshmukh,43,Male,A172,1.0,2025-06-01T07:37:27,Karnataka,Ballari,Ballari City PS,KA63606,Ballari District & Sessions Court,Shivakumar Deshmukh,,2025-06-01T07:37:27,C,KA59877,50172,8,121,1,1,3,12,1,2025-06-01 07:37:27,43,1,20,5,5,0,0,4,127,2500,3.95,1,1,0
FIR,Non-Heinous,Chargesheet Filed,Karnataka,Davangere,Davangere District & Sessions Court,Police Station,Davangere Extension PS,KA93891,Suresh Shetty,Head Constable,Investigating Officer,1988-05-15,Male,O Positive,0,2012-06-01,FIR/12/182/2025/0173,CC/2025/050173,2025-08-02,Burglary incident reported at commercial establishment. Locked doors broken open and cash stolen.,2025-07-31T17:39:04,2025-07-31T17:39:04,2025-08-02T08:39:04,14.4965,75.8556,"Incident near coordinates 14.4965, 75.8556",Cyber Crime,Cryptocurrency Crime,IPC,Indian Penal Code,IPC,379,Punishment for theft,1,1,Manjunath Pujari,33,Private Employee,Hindu,General,Male,Sowmya Shetty,42,Female,0,Anitha Shetty,22,Female,A173,1.0,2025-08-02T08:39:04,Karnataka,Davangere,Davangere Extension PS,KA42748,Davangere District & Sessions Court,Anitha Shetty,,2025-08-02T08:39:04,C,KA60369,50173,12,182,3,1,3,13,1,2025-08-02 08:39:04,22,2,17,4,7,0,0,1,760,3417,2.55,1,1,0
FIR,Non-Heinous,Chargesheet Filed,Karnataka,Shivamogga,Shivamogga District & Sessions Court,Police Station,Shivamogga Town PS,KA99486,Prakash Bhat,Sub-Inspector,Investigating Officer,1988-05-15,Male,O Positive,0,2012-06-01,FIR/11/172/2025/0174,CC/2025/050174,2025-08-05,Housebreaking by night reported. Electronic goods and valuables stolen while occupants were away.,2025-08-04T16:00:33,2025-08-04T16:00:33,2025-08-05T20:00:33,14.0464,75.5197,"Incident near coordinates 14.0464, 75.5197",Property Crimes,Theft,IPC,Indian Penal Code,IPC,379,Punishment for theft,1,1,Basavaraj Nayak,23,Private Employee,Hindu,General,Male,Anand Joshi,37,Female,0,Sunil Naik,48,Male,A174,1.0,2025-08-05T20:00:33,Karnataka,Shivamogga,Shivamogga Town PS,KA87565,Shivamogga District & Sessions Court,Sunil Naik,,2025-08-05T20:00:33,C,KA65617,50174,11,172,1,1,1,1,1,2025-08-05 20:00:33,48,1,16,1,8,0,0,2,321,1615,0.53,1,0,0
FIR,Non-Heinous,Chargesheet Filed,Karnataka,Kalaburagi,Kalaburagi District & Sessions Court,Police Station,Kalaburagi City PS,KA37354,Ramesh Shetty,Constable,Investigating Officer,1988-05-15,Male,O Positive,0,2012-06-01,FIR/07/109/2025/0175,CC/2025/050175,2025-03-25,Accused unlawfully intercepted complainant near main road intersection and committed extortion and assault.,2025-03-24T21:12:16,2025-03-24T21:12:16,2025-03-25T03:12:16,17.3797,76.8853,"Incident near coordinates 17.3797, 76.8853",Property Crimes,Robbery,IPC,Indian Penal Code,IPC,379,Punishment for theft,1,1,Vidya Nayak,59,Private Employee,Hindu,General,Male,Shivakumar Puri,26,Female,0,Abhishek Chavhan,27,Male,A175,1.0,2025-03-25T03:12:16,Karnataka,Kalaburagi,Kalaburagi City PS,KA27933,Kalaburagi District & Sessions Court,Abhishek Chavhan,,2025-03-25T03:12:16,C,KA13743,50175,7,109,1,1,1,2,1,2025-03-25 03:12:16,27,1,21,1,3,0,0,2,290,2470,1.31,1,0,0
FIR,Non-Heinous,Chargesheet Filed,Karnataka,Ballari,Ballari District & Sessions Court,Police Station,Ballari City PS,KA63994,Ramesh Reddy,Inspector,Investigating Officer,1988-05-15,Male,O Positive,0,2012-06-01,FIR/08/123/2025/0176,CC/2025/050176,2025-05-17,Housebreaking by night reported. Electronic goods and valuables stolen while occupants were away.,2025-05-16T19:51:45,2025-05-16T19:51:45,2025-05-17T08:51:45,15.1059,76.8575,"Incident near coordinates 15.1059, 76.8575",Property Crimes,Burglary,IPC,Indian Penal Code,IPC,379,Punishment for theft,1,1,Satish Patil,65,Private Employee,Hindu,General,Male,Sunil Kulkarni,29,Female,0,Pradeep Kuruba,55,Male,A176,1.0,2025-05-17T08:51:45,Karnataka,Ballari,Ballari City PS,KA22472,Ballari District & Sessions Court,Pradeep Kuruba,,2025-05-17T08:51:45,C,KA41041,50176,8,123,2,1,1,3,1,2025-05-17 08:51:45,55,1,19,5,5,0,0,1,128,2543,3.75,2,1,0
FIR,Non-Heinous,Chargesheet Filed,Karnataka,Davangere,Davangere District & Sessions Court,Police Station,Davangere Extension PS,KA82055,Suresh Nayak,Constable,Investigating Officer,1988-05-15,Male,O Positive,0,2012-06-01,FIR/12/187/2025/0177,CC/2025/050177,2025-12-02,Snatching of gold chain from pedestrian by bike-borne suspects during evening hours.,2025-12-02T02:38:52,2025-12-02T02:38:52,2025-12-02T21:38:52,14.5261,75.8828,"Incident near coordinates 14.5261, 75.8828",Crimes Against Body,Assault,IPC,Indian Penal Code,IPC,379,Punishment for theft,1,1,Venkatesh Naik,38,Private Employee,Hindu,General,Male,Ganesh Reddy,58,Female,0,Satish Hegde,70,Male,A177,1.0,2025-12-02T21:38:52,Karnataka,Davangere,Davangere Extension PS,KA56411,Davangere District & Sessions Court,Satish Hegde,,2025-12-02T21:38:52,C,KA80509,50177,12,187,3,1,2,7,1,2025-12-02 21:38:52,70,1,2,2,12,0,1,2,820,1259,0.53,1,1,0
FIR,Non-Heinous,Chargesheet Filed,Karnataka,Shivamogga,Shivamogga District & Sessions Court,Police Station,Shivamogga Town PS,KA88226,Satish Joshi,Inspector,Investigating Officer,1988-05-15,Male,O Positive,0,2012-06-01,FIR/11/169/2025/0178,CC/2025/050178,2025-05-24,Accused unlawfully intercepted complainant near main road intersection and committed extortion and assault.,2025-05-23T14:25:48,2025-05-23T14:25:48,2025-05-24T17:25:48,14.0124,75.6364,"Incident near coordinates 14.0124, 75.6364",Crimes Against Body,Assault,IPC,Indian Penal Code,IPC,379,Punishment for theft,1,1,Abhishek Rao,38,Private Employee,Hindu,General,Male,Ambika Reddy,30,Female,0,Basavaraj Chavhan,31,Male,A178,1.0,2025-05-24T17:25:48,Karnataka,Shivamogga,Shivamogga Town PS,KA58700,Shivamogga District & Sessions Court,Basavaraj Chavhan,,2025-05-24T17:25:48,C,KA22733,50178,11,169,2,1,2,7,1,2025-05-24 17:25:48,31,1,14,5,5,0,0,3,877,3180,4.19,2,1,0
FIR,Heinous,Chargesheet Filed,Karnataka,Shivamogga,Shivamogga District & Sessions Court,Police Station,Shivamogga Town PS,KA59899,Anand Bhat,Constable,Investigating Officer,1988-05-15,Male,O Positive,0,2012-06-01,FIR/11/171/2025/0179,CC/2025/050179,2025-02-18,Burglary incident reported at commercial establishment. Locked doors broken open and cash stolen.,2025-02-18T01:07:15,2025-02-18T01:07:15,2025-02-18T16:07:15,14.006,75.6519,"Incident near coordinates 14.006, 75.6519",Financial Crime,Money Laundering,IPC,Indian Penal Code,IPC,379,Punishment for theft,1,1,Manjunath Shetty,56,Private Employee,Hindu,General,Male,Ramesh Puri,35,Female,0,Pradeep Puri,46,Male,A179,1.0,2025-02-18T16:07:15,Karnataka,Shivamogga,Shivamogga Town PS,KA86516,Shivamogga District & Sessions Court,Pradeep Puri,,2025-02-18T16:07:15,C,KA32184,50179,11,171,2,2,4,14,1,2025-02-18 16:07:15,46,1,1,2,2,0,1,4,426,2611,1.69,3,0,0
FIR,Non-Heinous,Chargesheet Filed,Karnataka,Kalaburagi,Kalaburagi District & Sessions Court,Police Station,Kalaburagi City PS,KA56122,Darshan Patil,Constable,Investigating Officer,1988-05-15,Male,O Positive,0,2012-06-01,FIR/07/114/2025/0180,CC/2025/050180,2025-02-14,Complainant reported theft of motor vehicle parked in front of residence during night hours.,2025-02-13T06:50:42,2025-02-13T06:50:42,2025-02-14T18:50:42,17.2806,76.8016,"Incident near coordinates 17.2806, 76.8016",Property Crimes,Burglary,IPC,Indian Penal Code,IPC,379,Punishment for theft,1,1,Nagaraj Reddy,46,Private Employee,Hindu,General,Male,Shivakumar Reddy,51,Female,0,Roopa Pujari,29,Female,A180,1.0,2025-02-14T18:50:42,Karnataka,Kalaburagi,Kalaburagi City PS,KA92624,Kalaburagi District & Sessions Court,Roopa Pujari,,2025-02-14T18:50:42,C,KA37215,50180,7,114,1,1,1,3,1,2025-02-14 18:50:42,29,2,6,4,2,0,0,3,836,2826,2.2,1,1,0
FIR,Non-Heinous,Chargesheet Filed,Karnataka,Ballari,Ballari District & Sessions Court,Police Station,Ballari City PS,KA13974,Kiran Reddy,Constable,Investigating Officer,1988-05-15,Male,O Positive,0,2012-06-01,FIR/08/125/2025/0181,CC/2025/050181,2025-05-10,Housebreaking by night reported. Electronic goods and valuables stolen while occupants were away.,2025-05-09T00:13:46,2025-05-09T00:13:46,2025-05-10T17:13:46,15.1582,76.8572,"Incident near coordinates 15.1582, 76.8572",Cyber Crime,Cryptocurrency Crime,IPC,Indian Penal Code,IPC,379,Punishment for theft,1,1,Roopa Bhat,43,Private Employee,Hindu,General,Male,Shivakumar Naik,29,Female,0,Venkatesh Kuruba,23,Male,A181,1.0,2025-05-10T17:13:46,Karnataka,Ballari,Ballari City PS,KA92060,Ballari District & Sessions Court,Venkatesh Kuruba,,2025-05-10T17:13:46,C,KA80879,50181,8,125,3,1,3,13,1,2025-05-10 17:13:46,23,1,0,5,5,0,1,1,313,1030,2.27,2,1,0
FIR,Non-Heinous,Chargesheet Filed,Karnataka,Davangere,Davangere District & Sessions Court,Police Station,Davangere Extension PS,KA55232,Nagaraj Deshmukh,Head Constable,Investigating Officer,1988-05-15,Male,O Positive,0,2012-06-01,FIR/12/189/2025/0182,CC/2025/050182,2025-09-20,Housebreaking by night reported. Electronic goods and valuables stolen while occupants were away.,2025-09-20T03:43:47,2025-09-20T03:43:47,2025-09-20T19:43:47,14.511,75.8954,"Incident near coordinates 14.511, 75.8954",Property Crimes,Theft,IPC,Indian Penal Code,IPC,379,Punishment for theft,1,1,Kumar Hegde,60,Private Employee,Hindu,General,Male,Ganesh Bhat,52,Female,0,Venkatesh Deshmukh,65,Male,A182,1.0,2025-09-20T19:43:47,Karnataka,Davangere,Davangere Extension PS,KA24484,Davangere District & Sessions Court,Venkatesh Deshmukh,,2025-09-20T19:43:47,C,KA96470,50182,12,189,3,1,1,1,1,2025-09-20 19:43:47,65,1,3,6,9,1,1,4,758,3268,0.72,2,1,0
FIR,Non-Heinous,Chargesheet Filed,Karnataka,Shivamogga,Shivamogga District & Sessions Court,Police Station,Shivamogga Town PS,KA70376,Suresh Patil,Inspector,Investigating Officer,1988-05-15,Male,O Positive,0,2012-06-01,FIR/11/161/2025/0183,CC/2025/050183,2025-03-24,Complainant reported theft of motor vehicle parked in front of residence during night hours.,2025-03-23T17:29:15,2025-03-23T17:29:15,2025-03-24T00:29:15,14.0431,75.6445,"Incident near coordinates 14.0431, 75.6445",Cyber Crime,Dark Web Crime,IPC,Indian Penal Code,IPC,379,Punishment for theft,1,1,Divya Kuruba,30,Private Employee,Hindu,General,Male,Kumar Patil,26,Female,0,Pradeep Gowda,35,Male,A183,1.0,2025-03-24T00:29:15,Karnataka,Shivamogga,Shivamogga Town PS,KA88307,Shivamogga District & Sessions Court,Pradeep Gowda,,2025-03-24T00:29:15,C,KA12735,50183,11,161,2,1,3,12,1,2025-03-24 00:29:15,35,1,17,7,3,1,0,5,461,1260,1.97,2,0,0
FIR,Non-Heinous,Chargesheet Filed,Karnataka,Kalaburagi,Kalaburagi District & Sessions Court,Police Station,Kalaburagi City PS,KA97625,Kiran Deshmukh,Sub-Inspector,Investigating Officer,1988-05-15,Male,O Positive,0,2012-06-01,FIR/07/102/2025/0184,CC/2025/050184,2025-01-02,Accused unlawfully intercepted complainant near main road intersection and committed extortion and assault.,2025-01-01T11:53:21,2025-01-01T11:53:21,2025-01-02T23:53:21,17.3157,76.8867,"Incident near coordinates 17.3157, 76.8867",Cyber Crime,Cryptocurrency Crime,IPC,Indian Penal Code,IPC,379,Punishment for theft,1,1,Deepa Reddy,23,Private Employee,Hindu,General,Male,Raghavendra Joshi,55,Female,0,Ramesh Naik,20,Male,A184,1.0,2025-01-02T23:53:21,Karnataka,Kalaburagi,Kalaburagi City PS,KA33658,Kalaburagi District & Sessions Court,Ramesh Naik,,2025-01-02T23:53:21,C,KA17044,50184,7,102,3,1,3,13,1,2025-01-02 23:53:21,20,1,11,3,1,0,0,1,851,1401,0.24,1,1,0
FIR,Non-Heinous,Chargesheet Filed,Karnataka,Davangere,Davangere District & Sessions Court,Police Station,Davangere Extension PS,KA10436,Prakash Kulkarni,Constable,Investigating Officer,1988-05-15,Male,O Positive,0,2012-06-01,FIR/12/182/2025/0185,CC/2025/050185,2025-08-21,Accused unlawfully intercepted complainant near main road intersection and committed extortion and assault.,2025-08-21T10:16:58,2025-08-21T10:16:58,2025-08-21T23:16:58,14.4298,75.8842,"Incident near coordinates 14.4298, 75.8842",Property Crimes,Robbery,IPC,Indian Penal Code,IPC,379,Punishment for theft,1,1,Abhishek Rao,43,Private Employee,Hindu,General,Male,Ganesh Naik,31,Female,0,Nayana Reddy,51,Female,A185,1.0,2025-08-21T23:16:58,Karnataka,Davangere,Davangere Extension PS,KA77260,Davangere District & Sessions Court,Nayana Reddy,,2025-08-21T23:16:58,C,KA50019,50185,12,182,2,1,1,2,1,2025-08-21 23:16:58,51,2,10,4,8,0,0,1,388,1636,3.76,1,1,0
FIR,Non-Heinous,Chargesheet Filed,Karnataka,Shivamogga,Shivamogga District & Sessions Court,Police Station,Shivamogga Town PS,KA63568,Raghavendra Deshmukh,Inspector,Investigating Officer,1988-05-15,Male,O Positive,0,2012-06-01,FIR/11/171/2025/0186,CC/2025/050186,2025-11-02,Complainant reported theft of motor vehicle parked in front of residence during night hours.,2025-10-31T09:55:54,2025-10-31T09:55:54,2025-11-02T01:55:54,13.9432,75.6037,"Incident near coordinates 13.9432, 75.6037",Cyber Crime,Cryptocurrency Crime,IPC,Indian Penal Code,IPC,379,Punishment for theft,1,1,Meenakshi Kambale,36,Private Employee,Hindu,General,Male,Suresh Patil,29,Female,0,Prakash Shetty,22,Male,A186,1.0,2025-11-02T01:55:54,Karnataka,Shivamogga,Shivamogga Town PS,KA65933,Shivamogga District & Sessions Court,Prakash Shetty,,2025-11-02T01:55:54,C,KA34919,50186,11,171,2,1,3,13,1,2025-11-02 01:55:54,22,1,9,5,10,0,0,2,689,2223,3.97,2,1,0
FIR,Non-Heinous,Chargesheet Filed,Karnataka,Ballari,Ballari District & Sessions Court,Police Station,Ballari City PS,KA51362,Anand Nayak,Constable,Investigating Officer,1988-05-15,Male,O Positive,0,2012-06-01,FIR/08/127/2025/0187,CC/2025/050187,2025-04-01,Housebreaking by night reported. Electronic goods and valuables stolen while occupants were away.,2025-03-31T10:44:45,2025-03-31T10:44:45,2025-04-01T04:44:45,15.2,76.9217,"Incident near coordinates 15.2, 76.9217",Crimes Against Body,Assault,IPC,Indian Penal Code,IPC,379,Punishment for theft,1,1,Anand Kulkarni,33,Private Employee,Hindu,General,Male,Pradeep Shetty,56,Female,0,Nagaraj Gowda,71,Male,A187,1.0,2025-04-01T04:44:45,Karnataka,Ballari,Ballari City PS,KA68508,Ballari District & Sessions Court,Nagaraj Gowda,,2025-04-01T04:44:45,C,KA98417,50187,8,127,3,1,2,7,1,2025-04-01 04:44:45,71,1,10,1,3,0,0,2,683,2296,3.54,2,1,0
FIR,Non-Heinous,Chargesheet Filed,Karnataka,Davangere,Davangere District & Sessions Court,Police Station,Davangere Extension PS,KA31519,Ganesh Kuruba,Constable,Investigating Officer,1988-05-15,Male,O Positive,0,2012-06-01,FIR/12/185/2025/0188,CC/2025/050188,2025-09-03,Accused unlawfully intercepted complainant near main road intersection and committed extortion and assault.,2025-09-02T15:28:43,2025-09-02T15:28:43,2025-09-03T04:28:43,14.4715,75.8921,"Incident near coordinates 14.4715, 75.8921",Financial Crime,Money Laundering,IPC,Indian Penal Code,IPC,379,Punishment for theft,1,1,Raghavendra Joshi,62,Private Employee,Hindu,General,Male,Roopa Gowda,48,Female,0,Ganesh Shetty,54,Male,A188,1.0,2025-09-03T04:28:43,Karnataka,Davangere,Davangere Extension PS,KA78124,Davangere District & Sessions Court,Ganesh Shetty,,2025-09-03T04:28:43,C,KA32966,50188,12,185,3,1,4,14,1,2025-09-03 04:28:43,54,1,15,2,9,0,0,1,821,590,1.39,1,1,0
FIR,Non-Heinous,Chargesheet Filed,Karnataka,Belagavi,Belagavi District & Sessions Court,Police Station,Belagavi City PS,KA16896,Mahesh Hegde,Constable,Investigating Officer,1988-05-15,Male,O Positive,0,2012-06-01,FIR/06/094/2025/0189,CC/2025/050189,2025-06-09,Snatching of gold chain from pedestrian by bike-borne suspects during evening hours.,2025-06-08T23:02:32,2025-06-08T23:02:32,2025-06-09T10:02:32,15.9411,74.574,"Incident near coordinates 15.9411, 74.574",Cyber Crime,Cyber Crime,IPC,Indian Penal Code,IPC,379,Punishment for theft,1,1,Anand Chavhan,26,Private Employee,Hindu,General,Male,Vidya Kulkarni,31,Female,0,Kiran Patil,20,Male,A189,1.0,2025-06-09T10:02:32,Karnataka,Belagavi,Belagavi City PS,KA18129,Belagavi District & Sessions Court,Kiran Patil,,2025-06-09T10:02:32,C,KA97236,50189,6,94,3,1,3,11,1,2025-06-09 10:02:32,20,1,23,7,6,1,1,1,622,2700,4.03,2,1,0
FIR,Non-Heinous,Chargesheet Filed,Karnataka,Davangere,Davangere District & Sessions Court,Police Station,Davangere Extension PS,KA14070,Darshan Shetty,Constable,Investigating Officer,1988-05-15,Male,O Positive,0,2012-06-01,FIR/12/177/2025/0190,CC/2025/050190,2025-03-10,Housebreaking by night reported. Electronic goods and valuables stolen while occupants were away.,2025-03-10T09:39:28,2025-03-10T09:39:28,2025-03-10T20:39:28,14.447,75.8531,"Incident near coordinates 14.447, 75.8531",Property Crimes,Theft,IPC,Indian Penal Code,IPC,379,Punishment for theft,1,1,Sudha Joshi,47,Private Employee,Hindu,General,Male,Ganesh Shetty,48,Female,0,Ganesh Rao,19,Male,A190,1.0,2025-03-10T20:39:28,Karnataka,Davangere,Davangere Extension PS,KA35514,Davangere District & Sessions Court,Ganesh Rao,,2025-03-10T20:39:28,C,KA85257,50190,12,177,2,1,1,1,1,2025-03-10 20:39:28,19,1,9,1,3,0,0,2,174,1593,3.35,2,1,0
FIR,Non-Heinous,Chargesheet Filed,Karnataka,Belagavi,Belagavi District & Sessions Court,Police Station,Belagavi City PS,KA43132,Anand Deshmukh,Sub-Inspector,Investigating Officer,1988-05-15,Male,O Positive,0,2012-06-01,FIR/06/088/2026/0191,CC/2026/050191,2026-01-01,Cyber fraud complaint regarding unauthorized digital transaction via fake banking link.,2026-01-01T01:41:30,2026-01-01T01:41:30,2026-01-01T07:41:30,15.9397,74.5847,"Incident near coordinates 15.9397, 74.5847",Property Crimes,Burglary,IPC,Indian Penal Code,IPC,379,Punishment for theft,1,1,Prakash Bhat,34,Private Employee,Hindu,General,Male,Divya Nayak,36,Female,0,Satish Shetty,70,Male,A191,1.0,2026-01-01T07:41:30,Karnataka,Belagavi,Belagavi City PS,KA75731,Belagavi District & Sessions Court,Satish Shetty,,2026-01-01T07:41:30,C,KA92612,50191,6,88,1,1,1,3,1,2026-01-01 07:41:30,70,1,1,4,1,0,1,2,817,987,0.89,1,1,0
FIR,Non-Heinous,Chargesheet Filed,Karnataka,Shivamogga,Shivamogga District & Sessions Court,Police Station,Shivamogga Town PS,KA88601,Sunil Shetty,Head Constable,Investigating Officer,1988-05-15,Male,O Positive,0,2012-06-01,FIR/11/174/2025/0192,CC/2025/050192,2025-11-13,Burglary incident reported at commercial establishment. Locked doors broken open and cash stolen.,2025-11-13T00:02:29,2025-11-13T00:02:29,2025-11-13T15:02:29,13.9179,75.6162,"Incident near coordinates 13.9179, 75.6162",Financial Crime,Money Laundering,IPC,Indian Penal Code,IPC,379,Punishment for theft,1,1,Manjunath Nayak,55,Private Employee,Hindu,General,Male,Vijay Rao,49,Female,0,Prakash Naik,52,Male,A192,1.0,2025-11-13T15:02:29,Karnataka,Shivamogga,Shivamogga Town PS,KA36689,Shivamogga District & Sessions Court,Prakash Naik,,2025-11-13T15:02:29,C,KA49665,50192,11,174,2,1,4,14,1,2025-11-13 15:02:29,52,1,0,4,11,0,1,1,91,2766,4.07,2,1,0
FIR,Non-Heinous,Chargesheet Filed,Karnataka,Davangere,Davangere District & Sessions Court,Police Station,Davangere Extension PS,KA32555,Vijay Gowda,Inspector,Investigating Officer,1988-05-15,Male,O Positive,0,2012-06-01,FIR/12/180/2025/0193,CC/2025/050193,2025-01-15,Accused unlawfully intercepted complainant near main road intersection and committed extortion and assault.,2025-01-14T22:46:17,2025-01-14T22:46:17,2025-01-15T20:46:17,14.4861,75.8561,"Incident near coordinates 14.4861, 75.8561",Cyber Crime,Cryptocurrency Crime,IPC,Indian Penal Code,IPC,379,Punishment for theft,1,1,Kiran Joshi,50,Private Employee,Hindu,General,Male,Satish Nayak,45,Female,0,Mahesh Hegde,67,Male,A193,1.0,2025-01-15T20:46:17,Karnataka,Davangere,Davangere Extension PS,KA16047,Davangere District & Sessions Court,Mahesh Hegde,,2025-01-15T20:46:17,C,KA79249,50193,12,180,1,1,3,13,1,2025-01-15 20:46:17,67,1,22,2,1,0,1,1,433,1098,1.65,1,0,0
FIR,Non-Heinous,Chargesheet Filed,Karnataka,Ballari,Ballari District & Sessions Court,Police Station,Ballari City PS,KA94470,Raghavendra Reddy,Head Constable,Investigating Officer,1988-05-15,Male,O Positive,0,2012-06-01,FIR/08/119/2025/0194,CC/2025/050194,2025-12-03,Cyber fraud complaint regarding unauthorized digital transaction via fake banking link.,2025-12-01T14:44:01,2025-12-01T14:44:01,2025-12-03T13:44:01,15.1279,76.9306,"Incident near coordinates 15.1279, 76.9306",Cyber Crime,Cryptocurrency Crime,IPC,Indian Penal Code,IPC,379,Punishment for theft,1,1,Venkatesh Patil,30,Private Employee,Hindu,General,Male,Kumar Bhat,60,Female,0,Venkatesh Hegde,36,Male,A194,1.0,2025-12-03T13:44:01,Karnataka,Ballari,Ballari City PS,KA96225,Ballari District & Sessions Court,Venkatesh Hegde,,2025-12-03T13:44:01,C,KA22861,50194,8,119,3,1,3,13,1,2025-12-03 13:44:01,36,1,14,1,12,0,0,2,830,3499,3.56,1,1,0
FIR,Non-Heinous,Chargesheet Filed,Karnataka,Ballari,Ballari District & Sessions Court,Police Station,Ballari City PS,KA44919,Raghavendra Reddy,Sub-Inspector,Investigating Officer,1988-05-15,Male,O Positive,0,2012-06-01,FIR/08/129/2025/0195,CC/2025/050195,2025-04-14,Burglary incident reported at commercial establishment. Locked doors broken open and cash stolen.,2025-04-12T12:06:39,2025-04-12T12:06:39,2025-04-14T00:06:39,15.1105,76.9136,"Incident near coordinates 15.1105, 76.9136",Crimes Against Body,Assault,IPC,Indian Penal Code,IPC,379,Punishment for theft,1,1,Satish Shetty,36,Private Employee,Hindu,General,Male,Venkatesh Gowda,57,Female,0,Mahesh Reddy,71,Male,A195,1.0,2025-04-14T00:06:39,Karnataka,Ballari,Ballari City PS,KA50699,Ballari District & Sessions Court,Mahesh Reddy,,2025-04-14T00:06:39,C,KA36074,50195,8,129,1,1,2,7,1,2025-04-14 00:06:39,71,1,12,6,4,1,0,1,348,2322,3.81,3,1,0
FIR,Non-Heinous,Chargesheet Filed,Karnataka,Kalaburagi,Kalaburagi District & Sessions Court,Police Station,Kalaburagi City PS,KA35743,Abhishek Kuruba,Sub-Inspector,Investigating Officer,1988-05-15,Male,O Positive,0,2012-06-01,FIR/07/111/2025/0196,CC/2025/050196,2025-12-08,Snatching of gold chain from pedestrian by bike-borne suspects during evening hours.,2025-12-07T20:38:25,2025-12-07T20:38:25,2025-12-08T00:38:25,17.399,76.836,"Incident near coordinates 17.399, 76.836",Crimes Against Body,Grievous Hurt,IPC,Indian Penal Code,IPC,379,Punishment for theft,1,1,Venkatesh Gowda,45,Private Employee,Hindu,General,Male,Prakash Nayak,29,Female,0,Nagaraj Joshi,52,Male,A196,1.0,2025-12-08T00:38:25,Karnataka,Kalaburagi,Kalaburagi City PS,KA85829,Kalaburagi District & Sessions Court,Nagaraj Joshi,,2025-12-08T00:38:25,C,KA76341,50196,7,111,1,1,2,8,1,2025-12-08 00:38:25,52,1,20,7,12,1,0,2,556,727,3.16,2,1,0
FIR,Non-Heinous,Chargesheet Filed,Karnataka,Kalaburagi,Kalaburagi District & Sessions Court,Police Station,Kalaburagi City PS,KA11195,Ganesh Joshi,Inspector,Investigating Officer,1988-05-15,Male,O Positive,0,2012-06-01,FIR/07/101/2025/0197,CC/2025/050197,2025-08-30,Burglary incident reported at commercial establishment. Locked doors broken open and cash stolen.,2025-08-28T17:48:14,2025-08-28T17:48:14,2025-08-30T05:48:14,17.307,76.8053,"Incident near coordinates 17.307, 76.8053",Cyber Crime,Cyber Crime,IPC,Indian Penal Code,IPC,379,Punishment for theft,1,1,Nayana Deshmukh,25,Private Employee,Hindu,General,Male,Sowmya Nayak,40,Female,0,Mahesh Hegde,42,Male,A197,1.0,2025-08-30T05:48:14,Karnataka,Kalaburagi,Kalaburagi City PS,KA91053,Kalaburagi District & Sessions Court,Mahesh Hegde,,2025-08-30T05:48:14,C,KA53817,50197,7,101,3,1,3,11,1,2025-08-30 05:48:14,42,1,17,4,8,0,0,1,923,3130,0.38,2,1,0
FIR,Non-Heinous,Chargesheet Filed,Karnataka,Ballari,Ballari District & Sessions Court,Police Station,Ballari City PS,KA81207,Manjunath Rao,Head Constable,Investigating Officer,1988-05-15,Male,O Positive,0,2012-06-01,FIR/08/124/2025/0198,CC/2025/050198,2025-09-07,Snatching of gold chain from pedestrian by bike-borne suspects during evening hours.,2025-09-06T14:46:54,2025-09-06T14:46:54,2025-09-07T13:46:54,15.2226,76.8833,"Incident near coordinates 15.2226, 76.8833",Cyber Crime,Cryptocurrency Crime,IPC,Indian Penal Code,IPC,379,Punishment for theft,1,1,Kumar Chavhan,46,Private Employee,Hindu,General,Male,Ambika Pujari,51,Female,0,Kavitha Reddy,72,Transgender,A198,1.0,2025-09-07T13:46:54,Karnataka,Ballari,Ballari City PS,KA97364,Ballari District & Sessions Court,Kavitha Reddy,,2025-09-07T13:46:54,C,KA81426,50198,8,124,2,1,3,13,1,2025-09-07 13:46:54,72,3,14,6,9,1,0,5,277,1290,1.1,3,0,0
FIR,Non-Heinous,Chargesheet Filed,Karnataka,Kalaburagi,Kalaburagi District & Sessions Court,Police Station,Kalaburagi City PS,KA26645,Ramesh Pujari,Inspector,Investigating Officer,1988-05-15,Male,O Positive,0,2012-06-01,FIR/07/102/2025/0199,CC/2025/050199,2025-09-20,Snatching of gold chain from pedestrian by bike-borne suspects during evening hours.,2025-09-18T18:06:30,2025-09-18T18:06:30,2025-09-20T05:06:30,17.2877,76.8439,"Incident near coordinates 17.2877, 76.8439",Property Crimes,Theft,IPC,Indian Penal Code,IPC,379,Punishment for theft,1,1,Nagaraj Joshi,46,Private Employee,Hindu,General,Male,Venkatesh Shetty,51,Female,0,Anand Pujari,71,Male,A199,1.0,2025-09-20T05:06:30,Karnataka,Kalaburagi,Kalaburagi City PS,KA67189,Kalaburagi District & Sessions Court,Anand Pujari,,2025-09-20T05:06:30,C,KA70400,50199,7,102,2,1,1,1,1,2025-09-20 05:06:30,71,1,18,4,9,0,0,1,296,2789,4.2,1,1,0
FIR,Non-Heinous,Chargesheet Filed,Karnataka,Ballari,Ballari District & Sessions Court,Police Station,Ballari City PS,KA30117,Abhishek Deshmukh,Head Constable,Investigating Officer,1988-05-15,Male,O Positive,0,2012-06-01,FIR/08/117/2025/0200,CC/2025/050200,2025-11-03,Snatching of gold chain from pedestrian by bike-borne suspects during evening hours.,2025-11-02T18:18:48,2025-11-02T18:18:48,2025-11-03T20:18:48,15.186,76.9051,"Incident near coordinates 15.186, 76.9051",Crimes Against Body,Grievous Hurt,IPC,Indian Penal Code,IPC,379,Punishment for theft,1,1,Nagaraj Shetty,40,Private Employee,Hindu,General,Male,Divya Reddy,41,Female,0,Meenakshi Shetty,20,Female,A200,1.0,2025-11-03T20:18:48,Karnataka,Ballari,Ballari City PS,KA68702,Ballari District & Sessions Court,Meenakshi Shetty,,2025-11-03T20:18:48,C,KA13681,50200,8,117,3,1,2,8,1,2025-11-03 20:18:48,20,2,18,7,11,1,0,1,609,1165,2.51,3,1,0
FIR,Heinous,Chargesheet Filed,Karnataka,Davangere,Davangere District & Sessions Court,Police Station,Davangere Extension PS,KA39209,Prakash Chavhan,Inspector,Investigating Officer,1988-05-15,Male,O Positive,0,2012-06-01,FIR/12/187/2025/0201,CC/2025/050201,2025-08-08,Cyber fraud complaint regarding unauthorized digital transaction via fake banking link.,2025-08-07T09:34:16,2025-08-07T09:34:16,2025-08-08T15:34:16,14.4551,75.8807,"Incident near coordinates 14.4551, 75.8807",Financial Crime,Money Laundering,IPC,Indian Penal Code,IPC,379,Punishment for theft,1,1,Shilpa Bhat,23,Private Employee,Hindu,General,Male,Anand Chavhan,27,Female,0,Kumar Patil,21,Male,A201,1.0,2025-08-08T15:34:16,Karnataka,Davangere,Davangere Extension PS,KA16122,Davangere District & Sessions Court,Kumar Patil,,2025-08-08T15:34:16,C,KA10885,50201,12,187,1,2,4,14,1,2025-08-08 15:34:16,21,1,9,4,8,0,0,1,796,1221,1.19,2,1,0
FIR,Non-Heinous,Chargesheet Filed,Karnataka,Shivamogga,Shivamogga District & Sessions Court,Police Station,Shivamogga Town PS,KA55794,Ganesh Nayak,Sub-Inspector,Investigating Officer,1988-05-15,Male,O Positive,0,2012-06-01,FIR/11/170/2025/0202,CC/2025/050202,2025-12-18,Burglary incident reported at commercial establishment. Locked doors broken open and cash stolen.,2025-12-16T20:02:13,2025-12-16T20:02:13,2025-12-18T09:02:13,13.9679,75.6063,"Incident near coordinates 13.9679, 75.6063",Crimes Against Body,Grievous Hurt,IPC,Indian Penal Code,IPC,379,Punishment for theft,1,1,Mahesh Patil,39,Private Employee,Hindu,General,Male,Sunil Shetty,23,Female,0,Darshan Joshi,41,Male,A202,1.0,2025-12-18T09:02:13,Karnataka,Shivamogga,Shivamogga Town PS,KA32016,Shivamogga District & Sessions Court,Darshan Joshi,,2025-12-18T09:02:13,C,KA52236,50202,11,170,3,1,2,8,1,2025-12-18 09:02:13,41,1,20,2,12,0,0,1,781,2139,0.82,1,1,0
FIR,Non-Heinous,Chargesheet Filed,Karnataka,Kalaburagi,Kalaburagi District & Sessions Court,Police Station,Kalaburagi City PS,KA75937,Kiran Pujari,Head Constable,Investigating Officer,1988-05-15,Male,O Positive,0,2012-06-01,FIR/07/104/2025/0203,CC/2025/050203,2025-01-20,Housebreaking by night reported. Electronic goods and valuables stolen while occupants were away.,2025-01-18T22:17:52,2025-01-18T22:17:52,2025-01-20T18:17:52,17.3577,76.8995,"Incident near coordinates 17.3577, 76.8995",Property Crimes,Theft,IPC,Indian Penal Code,IPC,379,Punishment for theft,1,1,Pradeep Reddy,45,Private Employee,Hindu,General,Male,Kumar Shetty,60,Female,0,Sunil Kuruba,51,Male,A203,1.0,2025-01-20T18:17:52,Karnataka,Kalaburagi,Kalaburagi City PS,KA36250,Kalaburagi District & Sessions Court,Sunil Kuruba,,2025-01-20T18:17:52,C,KA50043,50203,7,104,1,1,1,1,1,2025-01-20 18:17:52,51,1,22,6,1,1,1,2,80,1294,0.87,3,0,0
FIR,Heinous,Chargesheet Filed,Karnataka,Shivamogga,Shivamogga District & Sessions Court,Police Station,Shivamogga Town PS,KA92246,Pradeep Naik,Head Constable,Investigating Officer,1988-05-15,Male,O Positive,0,2012-06-01,FIR/11/168/2025/0204,CC/2025/050204,2025-03-08,Snatching of gold chain from pedestrian by bike-borne suspects during evening hours.,2025-03-07T01:58:57,2025-03-07T01:58:57,2025-03-08T04:58:57,13.9161,75.5952,"Incident near coordinates 13.9161, 75.5952",Financial Crime,Money Laundering,IPC,Indian Penal Code,IPC,379,Punishment for theft,1,1,Shivakumar Joshi,58,Private Employee,Hindu,General,Male,Shivakumar Kuruba,38,Female,0,Sunil Pujari,33,Male,A204,1.0,2025-03-08T04:58:57,Karnataka,Shivamogga,Shivamogga Town PS,KA75269,Shivamogga District & Sessions Court,Sunil Pujari,,2025-03-08T04:58:57,C,KA11301,50204,11,168,3,2,4,14,1,2025-03-08 04:58:57,33,1,1,5,3,0,1,1,641,664,2.34,4,1,0
FIR,Non-Heinous,Chargesheet Filed,Karnataka,Davangere,Davangere District & Sessions Court,Police Station,Davangere Extension PS,KA76926,Ganesh Deshmukh,Sub-Inspector,Investigating Officer,1988-05-15,Male,O Positive,0,2012-06-01,FIR/12/179/2025/0205,CC/2025/050205,2025-08-30,Accused unlawfully intercepted complainant near main road intersection and committed extortion and assault.,2025-08-29T09:07:38,2025-08-29T09:07:38,2025-08-30T08:07:38,14.4237,75.888,"Incident near coordinates 14.4237, 75.888",Financial Crime,Cheating,IPC,Indian Penal Code,IPC,379,Punishment for theft,1,1,Rekha Pujari,55,Private Employee,Hindu,General,Male,Ramesh Deshmukh,41,Female,0,Darshan Gowda,72,Male,A205,1.0,2025-08-30T08:07:38,Karnataka,Davangere,Davangere Extension PS,KA78649,Davangere District & Sessions Court,Darshan Gowda,,2025-08-30T08:07:38,C,KA86257,50205,12,179,2,1,4,15,1,2025-08-30 08:07:38,72,1,9,5,8,0,0,2,393,2783,2.34,2,1,0
FIR,Non-Heinous,Chargesheet Filed,Karnataka,Belagavi,Belagavi District & Sessions Court,Police Station,Belagavi City PS,KA91542,Darshan Hegde,Head Constable,Investigating Officer,1988-05-15,Male,O Positive,0,2012-06-01,FIR/06/098/2025/0206,CC/2025/050206,2025-08-02,Housebreaking by night reported. Electronic goods and valuables stolen while occupants were away.,2025-07-31T16:22:33,2025-07-31T16:22:33,2025-08-02T02:22:33,15.8707,74.5808,"Incident near coordinates 15.8707, 74.5808",Property Crimes,Robbery,IPC,Indian Penal Code,IPC,379,Punishment for theft,1,1,Deepa Patil,54,Private Employee,Hindu,General,Male,Raghavendra Gowda,21,Female,0,Suresh Hegde,35,Male,A206,1.0,2025-08-02T02:22:33,Karnataka,Belagavi,Belagavi City PS,KA59997,Belagavi District & Sessions Court,Suresh Hegde,,2025-08-02T02:22:33,C,KA30179,50206,6,98,3,1,1,2,1,2025-08-02 02:22:33,35,1,16,4,7,0,0,1,63,3448,2.77,2,1,0
FIR,Non-Heinous,Chargesheet Filed,Karnataka,Belagavi,Belagavi District & Sessions Court,Police Station,Belagavi City PS,KA13232,Manjunath Chavhan,Constable,Investigating Officer,1988-05-15,Male,O Positive,0,2012-06-01,FIR/06/086/2025/0207,CC/2025/050207,2025-09-04,Cyber fraud complaint regarding unauthorized digital transaction via fake banking link.,2025-09-02T03:13:30,2025-09-02T03:13:30,2025-09-04T03:13:30,15.9056,74.4706,"Incident near coordinates 15.9056, 74.4706",Crimes Against Body,Murder,IPC,Indian Penal Code,IPC,379,Punishment for theft,1,1,Abhishek Gowda,39,Private Employee,Hindu,General,Male,Vijay Chavhan,22,Female,0,Prakash Reddy,40,Male,A207,1.0,2025-09-04T03:13:30,Karnataka,Belagavi,Belagavi City PS,KA83310,Belagavi District & Sessions Court,Prakash Reddy,,2025-09-04T03:13:30,C,KA74735,50207,6,86,2,1,2,6,1,2025-09-04 03:13:30,40,1,3,2,9,0,1,1,539,687,2.74,2,1,0
FIR,Non-Heinous,Chargesheet Filed,Karnataka,Belagavi,Belagavi District & Sessions Court,Police Station,Belagavi City PS,KA25861,Nagaraj Joshi,Sub-Inspector,Investigating Officer,1988-05-15,Male,O Positive,0,2012-06-01,FIR/06/092/2025/0208,CC/2025/050208,2025-02-02,Accused unlawfully intercepted complainant near main road intersection and committed extortion and assault.,2025-02-01T12:05:27,2025-02-01T12:05:27,2025-02-02T00:05:27,15.91,74.5678,"Incident near coordinates 15.91, 74.5678",Crimes Against Body,Assault,IPC,Indian Penal Code,IPC,379,Punishment for theft,1,1,Raghavendra Puri,45,Private Employee,Hindu,General,Male,Divya Chavhan,45,Female,0,Ramesh Hegde,59,Male,A208,1.0,2025-02-02T00:05:27,Karnataka,Belagavi,Belagavi City PS,KA80978,Belagavi District & Sessions Court,Ramesh Hegde,,2025-02-02T00:05:27,C,KA39812,50208,6,92,3,1,2,7,1,2025-02-02 00:05:27,59,1,12,6,2,1,0,1,510,2473,4.42,3,1,0
FIR,Non-Heinous,Chargesheet Filed,Karnataka,Shivamogga,Shivamogga District & Sessions Court,Police Station,Shivamogga Town PS,KA29899,Ramesh Kuruba,Constable,Investigating Officer,1988-05-15,Male,O Positive,0,2012-06-01,FIR/11/169/2025/0209,CC/2025/050209,2025-07-09,Cyber fraud complaint regarding unauthorized digital transaction via fake banking link.,2025-07-08T00:26:51,2025-07-08T00:26:51,2025-07-09T19:26:51,14.016,75.5744,"Incident near coordinates 14.016, 75.5744",Property Crimes,Robbery,IPC,Indian Penal Code,IPC,379,Punishment for theft,1,1,Pradeep Gowda,59,Private Employee,Hindu,General,Male,Prakash Naik,24,Female,0,Rekha Joshi,41,Female,A209,1.0,2025-07-09T19:26:51,Karnataka,Shivamogga,Shivamogga Town PS,KA48756,Shivamogga District & Sessions Court,Rekha Joshi,,2025-07-09T19:26:51,C,KA76980,50209,11,169,1,1,1,2,1,2025-07-09 19:26:51,41,2,0,2,7,0,1,1,836,3397,2.33,1,1,0
FIR,Non-Heinous,Chargesheet Filed,Karnataka,Ballari,Ballari District & Sessions Court,Police Station,Ballari City PS,KA84728,Ramesh Reddy,Head Constable,Investigating Officer,1988-05-15,Male,O Positive,0,2012-06-01,FIR/08/127/2025/0210,CC/2025/050210,2025-02-06,Snatching of gold chain from pedestrian by bike-borne suspects during evening hours.,2025-02-04T19:28:48,2025-02-04T19:28:48,2025-02-06T01:28:48,15.1555,76.9265,"Incident near coordinates 15.1555, 76.9265",Cyber Crime,Cryptocurrency Crime,IPC,Indian Penal Code,IPC,379,Punishment for theft,1,1,Suresh Gowda,24,Private Employee,Hindu,General,Male,Prakash Bhat,42,Female,0,Darshan Naik,61,Male,A210,1.0,2025-02-06T01:28:48,Karnataka,Ballari,Ballari City PS,KA67803,Ballari District & Sessions Court,Darshan Naik,,2025-02-06T01:28:48,C,KA88538,50210,8,127,1,1,3,13,1,2025-02-06 01:28:48,61,1,19,2,2,0,0,4,890,1255,2.26,2,1,0
FIR,Non-Heinous,Chargesheet Filed,Karnataka,Belagavi,Belagavi District & Sessions Court,Police Station,Belagavi City PS,KA70211,Sunil Patil,Constable,Investigating Officer,1988-05-15,Male,O Positive,0,2012-06-01,FIR/06/096/2025/0211,CC/2025/050211,2025-09-17,Burglary incident reported at commercial establishment. Locked doors broken open and cash stolen.,2025-09-17T13:23:43,2025-09-17T13:23:43,2025-09-17T18:23:43,15.8633,74.542,"Incident near coordinates 15.8633, 74.542",Cyber Crime,Cryptocurrency Crime,IPC,Indian Penal Code,IPC,379,Punishment for theft,1,1,Suresh Hegde,54,Private Employee,Hindu,General,Male,Manjunath Puri,28,Female,0,Meenakshi Gowda,43,Female,A211,1.0,2025-09-17T18:23:43,Karnataka,Belagavi,Belagavi City PS,KA79649,Belagavi District & Sessions Court,Meenakshi Gowda,,2025-09-17T18:23:43,C,KA49599,50211,6,96,3,1,3,13,1,2025-09-17 18:23:43,43,2,13,3,9,0,0,2,776,659,2.95,1,1,0
FIR,Non-Heinous,Chargesheet Filed,Karnataka,Shivamogga,Shivamogga District & Sessions Court,Police Station,Shivamogga Town PS,KA21828,Darshan Pujari,Head Constable,Investigating Officer,1988-05-15,Male,O Positive,0,2012-06-01,FIR/11/169/2025/0212,CC/2025/050212,2025-02-08,Burglary incident reported at commercial establishment. Locked doors broken open and cash stolen.,2025-02-06T22:23:49,2025-02-06T22:23:49,2025-02-08T07:23:49,14.0399,75.5975,"Incident near coordinates 14.0399, 75.5975",Crimes Against Body,Assault,IPC,Indian Penal Code,IPC,379,Punishment for theft,1,1,Mahesh Naik,49,Private Employee,Hindu,General,Male,Ramesh Gowda,47,Female,0,Venkatesh Pujari,45,Male,A212,1.0,2025-02-08T07:23:49,Karnataka,Shivamogga,Shivamogga Town PS,KA46222,Shivamogga District & Sessions Court,Venkatesh Pujari,,2025-02-08T07:23:49,C,KA21974,50212,11,169,1,1,2,7,1,2025-02-08 07:23:49,45,1,22,4,2,0,1,5,138,3410,2.24,2,1,0
FIR,Heinous,Chargesheet Filed,Karnataka,Shivamogga,Shivamogga District & Sessions Court,Police Station,Shivamogga Town PS,KA45886,Basavaraj Kambale,Head Constable,Investigating Officer,1988-05-15,Male,O Positive,0,2012-06-01,FIR/11/169/2025/0213,CC/2025/050213,2025-08-21,Burglary incident reported at commercial establishment. Locked doors broken open and cash stolen.,2025-08-20T19:28:43,2025-08-20T19:28:43,2025-08-21T13:28:43,14.0378,75.5892,"Incident near coordinates 14.0378, 75.5892",Crimes Against Body,Assault,IPC,Indian Penal Code,IPC,379,Punishment for theft,1,1,Kavitha Deshmukh,50,Private Employee,Hindu,General,Male,Pavitra Hegde,25,Female,0,Geetha Hegde,22,Female,A213,1.0,2025-08-21T13:28:43,Karnataka,Shivamogga,Shivamogga Town PS,KA25762,Shivamogga District & Sessions Court,Geetha Hegde,,2025-08-21T13:28:43,C,KA50998,50213,11,169,1,2,2,7,1,2025-08-21 13:28:43,22,2,19,3,8,0,0,1,613,2649,0.69,3,1,0
FIR,Non-Heinous,Chargesheet Filed,Karnataka,Davangere,Davangere District & Sessions Court,Police Station,Davangere Extension PS,KA72850,Sunil Shetty,Sub-Inspector,Investigating Officer,1988-05-15,Male,O Positive,0,2012-06-01,FIR/12/185/2025/0214,CC/2025/050214,2025-05-29,Accused unlawfully intercepted complainant near main road intersection and committed extortion and assault.,2025-05-29T06:33:56,2025-05-29T06:33:56,2025-05-29T15:33:56,14.4055,75.9092,"Incident near coordinates 14.4055, 75.9092",Crimes Against Body,Assault,IPC,Indian Penal Code,IPC,379,Punishment for theft,1,1,Mahesh Deshmukh,61,Private Employee,Hindu,General,Male,Raghavendra Rao,47,Female,0,Mahesh Joshi,29,Male,A214,1.0,2025-05-29T15:33:56,Karnataka,Davangere,Davangere Extension PS,KA82511,Davangere District & Sessions Court,Mahesh Joshi,,2025-05-29T15:33:56,C,KA89342,50214,12,185,1,1,2,7,1,2025-05-29 15:33:56,29,1,6,4,5,0,0,4,849,1589,1.92,1,1,0
FIR,Heinous,Chargesheet Filed,Karnataka,Davangere,Davangere District & Sessions Court,Police Station,Davangere Extension PS,KA89340,Satish Hegde,Head Constable,Investigating Officer,1988-05-15,Male,O Positive,0,2012-06-01,FIR/12/187/2025/0215,CC/2025/050215,2025-03-25,Snatching of gold chain from pedestrian by bike-borne suspects during evening hours.,2025-03-25T02:22:55,2025-03-25T02:22:55,2025-03-25T16:22:55,14.4947,75.9153,"Incident near coordinates 14.4947, 75.9153",Financial Crime,Money Laundering,IPC,Indian Penal Code,IPC,379,Punishment for theft,1,1,Lakshmi Pujari,29,Private Employee,Hindu,General,Male,Lakshmi Puri,55,Female,0,Prakash Rao,56,Male,A215,1.0,2025-03-25T16:22:55,Karnataka,Davangere,Davangere Extension PS,KA92524,Davangere District & Sessions Court,Prakash Rao,,2025-03-25T16:22:55,C,KA97341,50215,12,187,1,2,4,14,1,2025-03-25 16:22:55,56,1,2,2,3,0,1,2,403,1135,3.95,4,1,0
FIR,Non-Heinous,Chargesheet Filed,Karnataka,Shivamogga,Shivamogga District & Sessions Court,Police Station,Shivamogga Town PS,KA99306,Kumar Naik,Inspector,Investigating Officer,1988-05-15,Male,O Positive,0,2012-06-01,FIR/11/171/2025/0216,CC/2025/050216,2025-08-27,Cyber fraud complaint regarding unauthorized digital transaction via fake banking link.,2025-08-27T14:30:38,2025-08-27T14:30:38,2025-08-27T20:30:38,13.9477,75.5378,"Incident near coordinates 13.9477, 75.5378",Cyber Crime,Dark Web Crime,IPC,Indian Penal Code,IPC,379,Punishment for theft,1,1,Ramesh Hegde,24,Private Employee,Hindu,General,Male,Pavitra Kulkarni,40,Female,0,Basavaraj Rao,63,Male,A216,1.0,2025-08-27T20:30:38,Karnataka,Shivamogga,Shivamogga Town PS,KA40864,Shivamogga District & Sessions Court,Basavaraj Rao,,2025-08-27T20:30:38,C,KA23133,50216,11,171,1,1,3,12,1,2025-08-27 20:30:38,63,1,14,3,8,0,0,1,792,1090,3.73,2,1,0
FIR,Heinous,Chargesheet Filed,Karnataka,Davangere,Davangere District & Sessions Court,Police Station,Davangere Extension PS,KA58304,Prakash Pujari,Constable,Investigating Officer,1988-05-15,Male,O Positive,0,2012-06-01,FIR/12/184/2025/0217,CC/2025/050217,2025-09-17,Accused unlawfully intercepted complainant near main road intersection and committed extortion and assault.,2025-09-15T21:40:10,2025-09-15T21:40:10,2025-09-17T15:40:10,14.5032,75.8855,"Incident near coordinates 14.5032, 75.8855",Crimes Against Body,Grievous Hurt,IPC,Indian Penal Code,IPC,379,Punishment for theft,1,1,Sunil Kulkarni,48,Private Employee,Hindu,General,Male,Kavitha Gowda,27,Female,0,Venkatesh Puri,60,Male,A217,1.0,2025-09-17T15:40:10,Karnataka,Davangere,Davangere Extension PS,KA45750,Davangere District & Sessions Court,Venkatesh Puri,,2025-09-17T15:40:10,C,KA42301,50217,12,184,2,2,2,8,1,2025-09-17 15:40:10,60,1,21,1,9,0,0,3,917,1943,1.18,3,1,0
FIR,Non-Heinous,Chargesheet Filed,Karnataka,Davangere,Davangere District & Sessions Court,Police Station,Davangere Extension PS,KA74943,Basavaraj Kulkarni,Inspector,Investigating Officer,1988-05-15,Male,O Positive,0,2012-06-01,FIR/12/188/2025/0218,CC/2025/050218,2025-06-02,Housebreaking by night reported. Electronic goods and valuables stolen while occupants were away.,2025-05-31T22:26:01,2025-05-31T22:26:01,2025-06-02T22:26:01,14.4567,75.8993,"Incident near coordinates 14.4567, 75.8993",Crimes Against Body,Murder,IPC,Indian Penal Code,IPC,379,Punishment for theft,1,1,Kiran Joshi,41,Private Employee,Hindu,General,Male,Darshan Reddy,60,Female,0,Mahesh Nayak,26,Male,A218,1.0,2025-06-02T22:26:01,Karnataka,Davangere,Davangere Extension PS,KA45250,Davangere District & Sessions Court,Mahesh Nayak,,2025-06-02T22:26:01,C,KA93629,50218,12,188,3,1,2,6,1,2025-06-02 22:26:01,26,1,22,6,5,1,1,3,800,727,3.98,3,1,0
FIR,Non-Heinous,Chargesheet Filed,Karnataka,Davangere,Davangere District & Sessions Court,Police Station,Davangere Extension PS,KA47174,Sunil Pujari,Head Constable,Investigating Officer,1988-05-15,Male,O Positive,0,2012-06-01,FIR/12/182/2025/0219,CC/2025/050219,2025-10-06,Housebreaking by night reported. Electronic goods and valuables stolen while occupants were away.,2025-10-04T19:42:49,2025-10-04T19:42:49,2025-10-06T00:42:49,14.5157,75.8654,"Incident near coordinates 14.5157, 75.8654",Cyber Crime,Cyber Crime,IPC,Indian Penal Code,IPC,379,Punishment for theft,1,1,Kumar Joshi,46,Private Employee,Hindu,General,Male,Anand Kambale,45,Female,0,Ramesh Chavhan,19,Male,A219,1.0,2025-10-06T00:42:49,Karnataka,Davangere,Davangere Extension PS,KA27854,Davangere District & Sessions Court,Ramesh Chavhan,,2025-10-06T00:42:49,C,KA21530,50219,12,182,3,1,3,11,1,2025-10-06 00:42:49,19,1,19,6,10,1,0,1,889,1539,0.91,3,1,0
FIR,Non-Heinous,Chargesheet Filed,Karnataka,Ballari,Ballari District & Sessions Court,Police Station,Ballari City PS,KA62372,Pradeep Kuruba,Constable,Investigating Officer,1988-05-15,Male,O Positive,0,2012-06-01,FIR/08/116/2025/0220,CC/2025/050220,2025-03-31,Housebreaking by night reported. Electronic goods and valuables stolen while occupants were away.,2025-03-31T05:10:32,2025-03-31T05:10:32,2025-03-31T19:10:32,15.1514,76.9888,"Incident near coordinates 15.1514, 76.9888",Crimes Against Body,Assault,IPC,Indian Penal Code,IPC,379,Punishment for theft,1,1,Ganesh Kuruba,30,Private Employee,Hindu,General,Male,Ramesh Shetty,36,Female,0,Ganesh Gowda,22,Male,A220,1.0,2025-03-31T19:10:32,Karnataka,Ballari,Ballari City PS,KA46257,Ballari District & Sessions Court,Ganesh Gowda,,2025-03-31T19:10:32,C,KA84647,50220,8,116,2,1,2,7,1,2025-03-31 19:10:32,22,1,5,1,3,0,1,1,263,3363,2.76,2,1,0
FIR,Non-Heinous,Chargesheet Filed,Karnataka,Belagavi,Belagavi District & Sessions Court,Police Station,Belagavi City PS,KA94247,Prakash Deshmukh,Head Constable,Investigating Officer,1988-05-15,Male,O Positive,0,2012-06-01,FIR/06/086/2025/0221,CC/2025/050221,2025-06-20,Burglary incident reported at commercial establishment. Locked doors broken open and cash stolen.,2025-06-18T19:45:11,2025-06-18T19:45:11,2025-06-20T12:45:11,15.9819,74.6434,"Incident near coordinates 15.9819, 74.6434",Crimes Against Body,Assault,IPC,Indian Penal Code,IPC,379,Punishment for theft,1,1,Shivakumar Pujari,24,Private Employee,Hindu,General,Male,Sunitha Bhat,47,Female,0,Suresh Hegde,34,Male,A221,1.0,2025-06-20T12:45:11,Karnataka,Belagavi,Belagavi City PS,KA11057,Belagavi District & Sessions Court,Suresh Hegde,,2025-06-20T12:45:11,C,KA63795,50221,6,86,2,1,2,7,1,2025-06-20 12:45:11,34,1,19,3,6,0,0,1,501,2358,2.76,2,1,0
FIR,Non-Heinous,Chargesheet Filed,Karnataka,Kalaburagi,Kalaburagi District & Sessions Court,Police Station,Kalaburagi City PS,KA13198,Venkatesh Shetty,Sub-Inspector,Investigating Officer,1988-05-15,Male,O Positive,0,2012-06-01,FIR/07/107/2025/0222,CC/2025/050222,2025-11-20,Accused unlawfully intercepted complainant near main road intersection and committed extortion and assault.,2025-11-20T08:20:09,2025-11-20T08:20:09,2025-11-20T19:20:09,17.384,76.7774,"Incident near coordinates 17.384, 76.7774",Cyber Crime,Cryptocurrency Crime,IPC,Indian Penal Code,IPC,379,Punishment for theft,1,1,Manjunath Naik,61,Private Employee,Hindu,General,Male,Abhishek Patil,41,Female,0,Sunil Deshmukh,21,Male,A222,1.0,2025-11-20T19:20:09,Karnataka,Kalaburagi,Kalaburagi City PS,KA80741,Kalaburagi District & Sessions Court,Sunil Deshmukh,,2025-11-20T19:20:09,C,KA62440,50222,7,107,3,1,3,13,1,2025-11-20 19:20:09,21,1,8,4,11,0,0,2,551,3183,1.24,2,1,0
FIR,Non-Heinous,Chargesheet Filed,Karnataka,Ballari,Ballari District & Sessions Court,Police Station,Ballari City PS,KA52675,Darshan Pujari,Constable,Investigating Officer,1988-05-15,Male,O Positive,0,2012-06-01,FIR/08/120/2025/0223,CC/2025/050223,2025-11-24,Cyber fraud complaint regarding unauthorized digital transaction via fake banking link.,2025-11-22T11:31:18,2025-11-22T11:31:18,2025-11-24T10:31:18,15.1699,76.8812,"Incident near coordinates 15.1699, 76.8812",Crimes Against Body,Grievous Hurt,IPC,Indian Penal Code,IPC,379,Punishment for theft,1,1,Kiran Kulkarni,60,Private Employee,Hindu,General,Male,Prakash Joshi,48,Female,0,Venkatesh Patil,65,Male,A223,1.0,2025-11-24T10:31:18,Karnataka,Ballari,Ballari City PS,KA29982,Ballari District & Sessions Court,Venkatesh Patil,,2025-11-24T10:31:18,C,KA19809,50223,8,120,2,1,2,8,1,2025-11-24 10:31:18,65,1,11,6,11,1,0,1,689,2395,3.0,2,1,0
FIR,Non-Heinous,Chargesheet Filed,Karnataka,Davangere,Davangere District & Sessions Court,Police Station,Davangere Extension PS,KA20750,Kumar Kambale,Constable,Investigating Officer,1988-05-15,Male,O Positive,0,2012-06-01,FIR/12/184/2025/0224,CC/2025/050224,2025-01-04,Snatching of gold chain from pedestrian by bike-borne suspects during evening hours.,2025-01-03T23:24:24,2025-01-03T23:24:24,2025-01-04T16:24:24,14.4695,75.9064,"Incident near coordinates 14.4695, 75.9064",Cyber Crime,Cryptocurrency Crime,IPC,Indian Penal Code,IPC,379,Punishment for theft,1,1,Ganesh Kambale,45,Private Employee,Hindu,General,Male,Anand Nayak,56,Female,0,Sunitha Gowda,28,Female,A224,1.0,2025-01-04T16:24:24,Karnataka,Davangere,Davangere Extension PS,KA76114,Davangere District & Sessions Court,Sunitha Gowda,,2025-01-04T16:24:24,C,KA23443,50224,12,184,3,1,3,13,1,2025-01-04 16:24:24,28,2,23,5,1,0,1,5,732,1348,1.84,1,1,0
FIR,Non-Heinous,Chargesheet Filed,Karnataka,Shivamogga,Shivamogga District & Sessions Court,Police Station,Shivamogga Town PS,KA71759,Nagaraj Rao,Sub-Inspector,Investigating Officer,1988-05-15,Male,O Positive,0,2012-06-01,FIR/11/161/2025/0225,CC/2025/050225,2025-07-17,Housebreaking by night reported. Electronic goods and valuables stolen while occupants were away.,2025-07-17T05:31:32,2025-07-17T05:31:32,2025-07-17T20:31:32,13.9555,75.5933,"Incident near coordinates 13.9555, 75.5933",Crimes Against Body,Assault,IPC,Indian Penal Code,IPC,379,Punishment for theft,1,1,Sunil Gowda,22,Private Employee,Hindu,General,Male,Kumar Naik,56,Female,0,Mahesh Naik,38,Male,A225,1.0,2025-07-17T20:31:32,Karnataka,Shivamogga,Shivamogga Town PS,KA63753,Shivamogga District & Sessions Court,Mahesh Naik,,2025-07-17T20:31:32,C,KA72134,50225,11,161,3,1,2,7,1,2025-07-17 20:31:32,38,1,5,4,7,0,1,1,819,2223,2.14,2,1,0
FIR,Non-Heinous,Chargesheet Filed,Karnataka,Ballari,Ballari District & Sessions Court,Police Station,Ballari City PS,KA99651,Suresh Joshi,Sub-Inspector,Investigating Officer,1988-05-15,Male,O Positive,0,2012-06-01,FIR/08/120/2025/0226,CC/2025/050226,2025-05-26,Burglary incident reported at commercial establishment. Locked doors broken open and cash stolen.,2025-05-24T13:18:31,2025-05-24T13:18:31,2025-05-26T12:18:31,15.1502,76.8954,"Incident near coordinates 15.1502, 76.8954",Financial Crime,Money Laundering,IPC,Indian Penal Code,IPC,379,Punishment for theft,1,1,Nagaraj Pujari,52,Private Employee,Hindu,General,Male,Shivakumar Reddy,24,Female,0,Nagaraj Deshmukh,65,Male,A226,1.0,2025-05-26T12:18:31,Karnataka,Ballari,Ballari City PS,KA47801,Ballari District & Sessions Court,Nagaraj Deshmukh,,2025-05-26T12:18:31,C,KA34429,50226,8,120,3,1,4,14,1,2025-05-26 12:18:31,65,1,13,6,5,1,0,1,214,2677,3.91,2,1,0
FIR,Non-Heinous,Chargesheet Filed,Karnataka,Belagavi,Belagavi District & Sessions Court,Police Station,Belagavi City PS,KA48367,Kumar Rao,Sub-Inspector,Investigating Officer,1988-05-15,Male,O Positive,0,2012-06-01,FIR/06/086/2025/0227,CC/2025/050227,2025-01-25,Burglary incident reported at commercial establishment. Locked doors broken open and cash stolen.,2025-01-25T02:46:25,2025-01-25T02:46:25,2025-01-25T06:46:25,15.8274,74.5254,"Incident near coordinates 15.8274, 74.5254",Crimes Against Body,Murder,IPC,Indian Penal Code,IPC,379,Punishment for theft,1,1,Lakshmi Pujari,27,Private Employee,Hindu,General,Male,Raghavendra Kuruba,58,Female,0,Vijay Kambale,19,Male,A227,1.0,2025-01-25T06:46:25,Karnataka,Belagavi,Belagavi City PS,KA86521,Belagavi District & Sessions Court,Vijay Kambale,,2025-01-25T06:46:25,C,KA63303,50227,6,86,2,1,2,6,1,2025-01-25 06:46:25,19,1,2,6,1,1,1,1,832,1488,1.62,3,1,0
FIR,Non-Heinous,Chargesheet Filed,Karnataka,Shivamogga,Shivamogga District & Sessions Court,Police Station,Shivamogga Town PS,KA76506,Anand Naik,Inspector,Investigating Officer,1988-05-15,Male,O Positive,0,2012-06-01,FIR/11/163/2025/0228,CC/2025/050228,2025-03-26,Housebreaking by night reported. Electronic goods and valuables stolen while occupants were away.,2025-03-25T13:01:25,2025-03-25T13:01:25,2025-03-26T10:01:25,13.9967,75.6511,"Incident near coordinates 13.9967, 75.6511",Crimes Against Body,Assault,IPC,Indian Penal Code,IPC,379,Punishment for theft,1,1,Pradeep Deshmukh,47,Private Employee,Hindu,General,Male,Anand Joshi,26,Female,0,Meenakshi Pujari,20,Female,A228,1.0,2025-03-26T10:01:25,Karnataka,Shivamogga,Shivamogga Town PS,KA26730,Shivamogga District & Sessions Court,Meenakshi Pujari,,2025-03-26T10:01:25,C,KA96715,50228,11,163,2,1,2,7,1,2025-03-26 10:01:25,20,2,13,2,3,0,0,1,253,2656,1.36,1,0,0
FIR,Heinous,Chargesheet Filed,Karnataka,Kalaburagi,Kalaburagi District & Sessions Court,Police Station,Kalaburagi City PS,KA34961,Shivakumar Joshi,Inspector,Investigating Officer,1988-05-15,Male,O Positive,0,2012-06-01,FIR/07/108/2025/0229,CC/2025/050229,2025-09-01,Cyber fraud complaint regarding unauthorized digital transaction via fake banking link.,2025-08-31T02:52:13,2025-08-31T02:52:13,2025-09-01T19:52:13,17.3287,76.8521,"Incident near coordinates 17.3287, 76.8521",Crimes Against Body,Grievous Hurt,IPC,Indian Penal Code,IPC,379,Punishment for theft,1,1,Nayana Patil,35,Private Employee,Hindu,General,Male,Mahesh Gowda,31,Female,0,Raghavendra Deshmukh,41,Male,A229,1.0,2025-09-01T19:52:13,Karnataka,Kalaburagi,Kalaburagi City PS,KA43660,Kalaburagi District & Sessions Court,Raghavendra Deshmukh,,2025-09-01T19:52:13,C,KA50213,50229,7,108,1,2,2,8,1,2025-09-01 19:52:13,41,1,2,7,8,1,1,1,547,2577,2.79,3,1,0
FIR,Heinous,Chargesheet Filed,Karnataka,Davangere,Davangere District & Sessions Court,Police Station,Davangere Extension PS,KA92211,Pradeep Naik,Inspector,Investigating Officer,1988-05-15,Male,O Positive,0,2012-06-01,FIR/12/179/2025/0230,CC/2025/050230,2025-02-19,Cyber fraud complaint regarding unauthorized digital transaction via fake banking link.,2025-02-17T19:56:28,2025-02-17T19:56:28,2025-02-19T14:56:28,14.5249,75.8503,"Incident near coordinates 14.5249, 75.8503",Crimes Against Body,Assault,IPC,Indian Penal Code,IPC,379,Punishment for theft,1,1,Abhishek Rao,49,Private Employee,Hindu,General,Male,Geetha Kulkarni,34,Female,0,Abhishek Nayak,42,Male,A230,1.0,2025-02-19T14:56:28,Karnataka,Davangere,Davangere Extension PS,KA60802,Davangere District & Sessions Court,Abhishek Nayak,,2025-02-19T14:56:28,C,KA57635,50230,12,179,1,2,2,7,1,2025-02-19 14:56:28,42,1,19,1,2,0,0,2,667,946,1.76,2,1,0
FIR,Heinous,Chargesheet Filed,Karnataka,Davangere,Davangere District & Sessions Court,Police Station,Davangere Extension PS,KA67876,Darshan Patil,Constable,Investigating Officer,1988-05-15,Male,O Positive,0,2012-06-01,FIR/12/184/2025/0231,CC/2025/050231,2025-03-16,Accused unlawfully intercepted complainant near main road intersection and committed extortion and assault.,2025-03-14T16:06:29,2025-03-14T16:06:29,2025-03-16T05:06:29,14.4837,75.853,"Incident near coordinates 14.4837, 75.853",Financial Crime,Cheating,IPC,Indian Penal Code,IPC,379,Punishment for theft,1,1,Raghavendra Pujari,63,Private Employee,Hindu,General,Male,Roopa Kuruba,36,Female,0,Sunil Chavhan,32,Male,A231,1.0,2025-03-16T05:06:29,Karnataka,Davangere,Davangere Extension PS,KA21890,Davangere District & Sessions Court,Sunil Chavhan,,2025-03-16T05:06:29,C,KA50041,50231,12,184,1,2,4,15,1,2025-03-16 05:06:29,32,1,16,5,3,0,0,1,258,2660,2.03,2,1,0
FIR,Non-Heinous,Chargesheet Filed,Karnataka,Belagavi,Belagavi District & Sessions Court,Police Station,Belagavi City PS,KA25525,Ramesh Bhat,Inspector,Investigating Officer,1988-05-15,Male,O Positive,0,2012-06-01,FIR/06/087/2025/0232,CC/2025/050232,2025-10-12,Snatching of gold chain from pedestrian by bike-borne suspects during evening hours.,2025-10-10T22:02:24,2025-10-10T22:02:24,2025-10-12T18:02:24,15.9498,74.476,"Incident near coordinates 15.9498, 74.476",Financial Crime,Money Laundering,IPC,Indian Penal Code,IPC,379,Punishment for theft,1,1,Manjunath Naik,52,Private Employee,Hindu,General,Male,Nayana Shetty,56,Female,0,Anand Joshi,68,Male,A232,1.0,2025-10-12T18:02:24,Karnataka,Belagavi,Belagavi City PS,KA19047,Belagavi District & Sessions Court,Anand Joshi,,2025-10-12T18:02:24,C,KA89888,50232,6,87,1,1,4,14,1,2025-10-12 18:02:24,68,1,22,5,10,0,1,1,239,1381,2.71,1,1,0
FIR,Non-Heinous,Chargesheet Filed,Karnataka,Ballari,Ballari District & Sessions Court,Police Station,Ballari City PS,KA41918,Anand Kulkarni,Inspector,Investigating Officer,1988-05-15,Male,O Positive,0,2012-06-01,FIR/08/125/2025/0233,CC/2025/050233,2025-11-26,Complainant reported theft of motor vehicle parked in front of residence during night hours.,2025-11-25T12:14:13,2025-11-25T12:14:13,2025-11-26T00:14:13,15.2418,76.8565,"Incident near coordinates 15.2418, 76.8565",Financial Crime,Money Laundering,IPC,Indian Penal Code,IPC,379,Punishment for theft,1,1,Aswini Patil,62,Private Employee,Hindu,General,Male,Darshan Joshi,55,Female,0,Kumar Rao,29,Male,A233,1.0,2025-11-26T00:14:13,Karnataka,Ballari,Ballari City PS,KA74500,Ballari District & Sessions Court,Kumar Rao,,2025-11-26T00:14:13,C,KA35909,50233,8,125,3,1,4,14,1,2025-11-26 00:14:13,29,1,12,2,11,0,0,1,358,2977,0.9,2,0,0
FIR,Non-Heinous,Chargesheet Filed,Karnataka,Shivamogga,Shivamogga District & Sessions Court,Police Station,Shivamogga Town PS,KA46191,Manjunath Hegde,Head Constable,Investigating Officer,1988-05-15,Male,O Positive,0,2012-06-01,FIR/11/172/2025/0234,CC/2025/050234,2025-05-05,Housebreaking by night reported. Electronic goods and valuables stolen while occupants were away.,2025-05-04T11:06:38,2025-05-04T11:06:38,2025-05-05T17:06:38,13.9001,75.678,"Incident near coordinates 13.9001, 75.678",Financial Crime,Cheating,IPC,Indian Penal Code,IPC,379,Punishment for theft,1,1,Ganesh Joshi,53,Private Employee,Hindu,General,Male,Abhishek Kuruba,60,Female,0,Venkatesh Chavhan,43,Male,A234,1.0,2025-05-05T17:06:38,Karnataka,Shivamogga,Shivamogga Town PS,KA28612,Shivamogga District & Sessions Court,Venkatesh Chavhan,,2025-05-05T17:06:38,C,KA60487,50234,11,172,2,1,4,15,1,2025-05-05 17:06:38,43,1,11,7,5,1,0,3,184,1320,0.71,2,0,0
FIR,Heinous,Chargesheet Filed,Karnataka,Shivamogga,Shivamogga District & Sessions Court,Police Station,Shivamogga Town PS,KA67725,Raghavendra Shetty,Sub-Inspector,Investigating Officer,1988-05-15,Male,O Positive,0,2012-06-01,FIR/11/172/2025/0235,CC/2025/050235,2025-12-08,Housebreaking by night reported. Electronic goods and valuables stolen while occupants were away.,2025-12-07T03:31:13,2025-12-07T03:31:13,2025-12-08T22:31:13,14.0301,75.6544,"Incident near coordinates 14.0301, 75.6544",Financial Crime,Cheating,IPC,Indian Penal Code,IPC,379,Punishment for theft,1,1,Ganesh Kambale,24,Private Employee,Hindu,General,Male,Kiran Deshmukh,44,Female,0,Abhishek Kuruba,29,Male,A235,1.0,2025-12-08T22:31:13,Karnataka,Shivamogga,Shivamogga Town PS,KA63638,Shivamogga District & Sessions Court,Abhishek Kuruba,,2025-12-08T22:31:13,C,KA52466,50235,11,172,2,2,4,15,1,2025-12-08 22:31:13,29,1,3,7,12,1,1,1,599,535,3.69,3,1,0
FIR,Non-Heinous,Chargesheet Filed,Karnataka,Belagavi,Belagavi District & Sessions Court,Police Station,Belagavi City PS,KA73926,Darshan Hegde,Constable,Investigating Officer,1988-05-15,Male,O Positive,0,2012-06-01,FIR/06/093/2025/0236,CC/2025/050236,2025-09-07,Cyber fraud complaint regarding unauthorized digital transaction via fake banking link.,2025-09-06T04:20:36,2025-09-06T04:20:36,2025-09-07T09:20:36,15.949,74.522,"Incident near coordinates 15.949, 74.522",Financial Crime,Cheating,IPC,Indian Penal Code,IPC,379,Punishment for theft,1,1,Pradeep Gowda,29,Private Employee,Hindu,General,Male,Ganesh Joshi,52,Female,0,Ramesh Kulkarni,37,Male,A236,1.0,2025-09-07T09:20:36,Karnataka,Belagavi,Belagavi City PS,KA35721,Belagavi District & Sessions Court,Ramesh Kulkarni,,2025-09-07T09:20:36,C,KA34652,50236,6,93,3,1,4,15,1,2025-09-07 09:20:36,37,1,4,6,9,1,1,4,924,2687,2.73,3,1,0
FIR,Non-Heinous,Chargesheet Filed,Karnataka,Davangere,Davangere District & Sessions Court,Police Station,Davangere Extension PS,KA69909,Pradeep Bhat,Head Constable,Investigating Officer,1988-05-15,Male,O Positive,0,2012-06-01,FIR/12/187/2025/0237,CC/2025/050237,2025-03-05,Complainant reported theft of motor vehicle parked in front of residence during night hours.,2025-03-05T02:23:48,2025-03-05T02:23:48,2025-03-05T11:23:48,14.5293,75.9066,"Incident near coordinates 14.5293, 75.9066",Crimes Against Body,Assault,IPC,Indian Penal Code,IPC,379,Punishment for theft,1,1,Anand Shetty,44,Private Employee,Hindu,General,Male,Nayana Bhat,48,Female,0,Pradeep Deshmukh,30,Male,A237,1.0,2025-03-05T11:23:48,Karnataka,Davangere,Davangere Extension PS,KA81479,Davangere District & Sessions Court,Pradeep Deshmukh,,2025-03-05T11:23:48,C,KA45838,50237,12,187,2,1,2,7,1,2025-03-05 11:23:48,30,1,2,3,3,0,1,1,80,2045,2.46,1,1,0
FIR,Non-Heinous,Chargesheet Filed,Karnataka,Davangere,Davangere District & Sessions Court,Police Station,Davangere Extension PS,KA38659,Nagaraj Chavhan,Sub-Inspector,Investigating Officer,1988-05-15,Male,O Positive,0,2012-06-01,FIR/12/177/2025/0238,CC/2025/050238,2025-06-01,Burglary incident reported at commercial establishment. Locked doors broken open and cash stolen.,2025-05-31T06:54:19,2025-05-31T06:54:19,2025-06-01T02:54:19,14.5155,75.8703,"Incident near coordinates 14.5155, 75.8703",Cyber Crime,Dark Web Crime,IPC,Indian Penal Code,IPC,379,Punishment for theft,1,1,Anand Pujari,42,Private Employee,Hindu,General,Male,Pavitra Pujari,54,Female,0,Venkatesh Kulkarni,35,Male,A238,1.0,2025-06-01T02:54:19,Karnataka,Davangere,Davangere Extension PS,KA53086,Davangere District & Sessions Court,Venkatesh Kulkarni,,2025-06-01T02:54:19,C,KA25724,50238,12,177,3,1,3,12,1,2025-06-01 02:54:19,35,1,6,6,5,1,0,1,255,954,0.71,2,0,0
FIR,Heinous,Chargesheet Filed,Karnataka,Belagavi,Belagavi District & Sessions Court,Police Station,Belagavi City PS,KA64277,Suresh Naik,Inspector,Investigating Officer,1988-05-15,Male,O Positive,0,2012-06-01,FIR/06/086/2025/0239,CC/2025/050239,2025-11-13,Snatching of gold chain from pedestrian by bike-borne suspects during evening hours.,2025-11-11T16:04:16,2025-11-11T16:04:16,2025-11-13T14:04:16,15.9477,74.4885,"Incident near coordinates 15.9477, 74.4885",Crimes Against Body,Grievous Hurt,IPC,Indian Penal Code,IPC,379,Punishment for theft,1,1,Ambika Reddy,52,Private Employee,Hindu,General,Male,Pradeep Joshi,40,Female,0,Abhishek Reddy,66,Male,A239,1.0,2025-11-13T14:04:16,Karnataka,Belagavi,Belagavi City PS,KA29922,Belagavi District & Sessions Court,Abhishek Reddy,,2025-11-13T14:04:16,C,KA42710,50239,6,86,1,2,2,8,1,2025-11-13 14:04:16,66,1,16,2,11,0,0,2,837,3073,0.63,2,1,0
FIR,Non-Heinous,Chargesheet Filed,Karnataka,Ballari,Ballari District & Sessions Court,Police Station,Ballari City PS,KA98917,Kumar Deshmukh,Inspector,Investigating Officer,1988-05-15,Male,O Positive,0,2012-06-01,FIR/08/128/2025/0240,CC/2025/050240,2025-04-26,Snatching of gold chain from pedestrian by bike-borne suspects during evening hours.,2025-04-25T19:50:09,2025-04-25T19:50:09,2025-04-26T20:50:09,15.2465,76.9033,"Incident near coordinates 15.2465, 76.9033",Cyber Crime,Dark Web Crime,IPC,Indian Penal Code,IPC,379,Punishment for theft,1,1,Abhishek Bhat,24,Private Employee,Hindu,General,Male,Sudha Kambale,25,Female,0,Raghavendra Kulkarni,48,Male,A240,1.0,2025-04-26T20:50:09,Karnataka,Ballari,Ballari City PS,KA81386,Ballari District & Sessions Court,Raghavendra Kulkarni,,2025-04-26T20:50:09,C,KA79565,50240,8,128,3,1,3,12,1,2025-04-26 20:50:09,48,1,19,5,4,0,0,1,757,2303,2.89,2,1,0
FIR,Non-Heinous,Chargesheet Filed,Karnataka,Kalaburagi,Kalaburagi District & Sessions Court,Police Station,Kalaburagi City PS,KA72684,Shivakumar Joshi,Head Constable,Investigating Officer,1988-05-15,Male,O Positive,0,2012-06-01,FIR/07/114/2025/0241,CC/2025/050241,2025-08-31,Complainant reported theft of motor vehicle parked in front of residence during night hours.,2025-08-29T03:49:02,2025-08-29T03:49:02,2025-08-31T01:49:02,17.3427,76.7674,"Incident near coordinates 17.3427, 76.7674",Property Crimes,Robbery,IPC,Indian Penal Code,IPC,379,Punishment for theft,1,1,Deepa Naik,23,Private Employee,Hindu,General,Male,Aswini Puri,38,Female,0,Pavitra Gowda,43,Female,A241,1.0,2025-08-31T01:49:02,Karnataka,Kalaburagi,Kalaburagi City PS,KA89632,Kalaburagi District & Sessions Court,Pavitra Gowda,,2025-08-31T01:49:02,C,KA79338,50241,7,114,3,1,1,2,1,2025-08-31 01:49:02,43,2,3,5,8,0,1,1,869,921,4.31,2,1,0
FIR,Non-Heinous,Chargesheet Filed,Karnataka,Belagavi,Belagavi District & Sessions Court,Police Station,Belagavi City PS,KA31529,Kiran Pujari,Constable,Investigating Officer,1988-05-15,Male,O Positive,0,2012-06-01,FIR/06/092/2025/0242,CC/2025/050242,2025-09-28,Snatching of gold chain from pedestrian by bike-borne suspects during evening hours.,2025-09-27T05:58:13,2025-09-27T05:58:13,2025-09-28T06:58:13,15.9236,74.6119,"Incident near coordinates 15.9236, 74.6119",Cyber Crime,Dark Web Crime,IPC,Indian Penal Code,IPC,379,Punishment for theft,1,1,Suresh Reddy,27,Private Employee,Hindu,General,Male,Roopa Reddy,21,Female,0,Raghavendra Gowda,25,Male,A242,1.0,2025-09-28T06:58:13,Karnataka,Belagavi,Belagavi City PS,KA58978,Belagavi District & Sessions Court,Raghavendra Gowda,,2025-09-28T06:58:13,C,KA57085,50242,6,92,2,1,3,12,1,2025-09-28 06:58:13,25,1,5,6,9,1,1,1,917,2818,2.61,3,1,0
FIR,Non-Heinous,Chargesheet Filed,Karnataka,Ballari,Ballari District & Sessions Court,Police Station,Ballari City PS,KA68502,Venkatesh Kambale,Sub-Inspector,Investigating Officer,1988-05-15,Male,O Positive,0,2012-06-01,FIR/08/117/2025/0243,CC/2025/050243,2025-01-25,Burglary incident reported at commercial establishment. Locked doors broken open and cash stolen.,2025-01-23T22:51:21,2025-01-23T22:51:21,2025-01-25T08:51:21,15.1226,76.94,"Incident near coordinates 15.1226, 76.94",Crimes Against Body,Murder,IPC,Indian Penal Code,IPC,379,Punishment for theft,1,1,Sunil Rao,48,Private Employee,Hindu,General,Male,Raghavendra Joshi,34,Female,0,Pavitra Reddy,41,Female,A243,1.0,2025-01-25T08:51:21,Karnataka,Ballari,Ballari City PS,KA28451,Ballari District & Sessions Court,Pavitra Reddy,,2025-01-25T08:51:21,C,KA86167,50243,8,117,2,1,2,6,1,2025-01-25 08:51:21,41,2,22,4,1,0,1,1,393,1074,3.83,1,1,0
FIR,Non-Heinous,Chargesheet Filed,Karnataka,Ballari,Ballari District & Sessions Court,Police Station,Ballari City PS,KA25865,Abhishek Chavhan,Sub-Inspector,Investigating Officer,1988-05-15,Male,O Positive,0,2012-06-01,FIR/08/127/2025/0244,CC/2025/050244,2025-03-18,Burglary incident reported at commercial establishment. Locked doors broken open and cash stolen.,2025-03-18T05:49:06,2025-03-18T05:49:06,2025-03-18T13:49:06,15.2059,76.9292,"Incident near coordinates 15.2059, 76.9292",Property Crimes,Robbery,IPC,Indian Penal Code,IPC,379,Punishment for theft,1,1,Kumar Pujari,56,Private Employee,Hindu,General,Male,Abhishek Rao,48,Female,0,Kumar Gowda,24,Male,A244,1.0,2025-03-18T13:49:06,Karnataka,Ballari,Ballari City PS,KA84047,Ballari District & Sessions Court,Kumar Gowda,,2025-03-18T13:49:06,C,KA42612,50244,8,127,1,1,1,2,1,2025-03-18 13:49:06,24,1,5,2,3,0,1,2,413,2786,4.46,1,1,0
FIR,Heinous,Chargesheet Filed,Karnataka,Ballari,Ballari District & Sessions Court,Police Station,Ballari City PS,KA89815,Sunil Pujari,Inspector,Investigating Officer,1988-05-15,Male,O Positive,0,2012-06-01,FIR/08/127/2025/0245,CC/2025/050245,2025-09-05,Complainant reported theft of motor vehicle parked in front of residence during night hours.,2025-09-05T14:00:24,2025-09-05T14:00:24,2025-09-05T21:00:24,15.2152,76.9757,"Incident near coordinates 15.2152, 76.9757",Financial Crime,Cheating,IPC,Indian Penal Code,IPC,379,Punishment for theft,1,1,Raghavendra Naik,46,Private Employee,Hindu,General,Male,Ramesh Kambale,42,Female,0,Kumar Reddy,63,Male,A245,1.0,2025-09-05T21:00:24,Karnataka,Ballari,Ballari City PS,KA20689,Ballari District & Sessions Court,Kumar Reddy,,2025-09-05T21:00:24,C,KA61807,50245,8,127,1,2,4,15,1,2025-09-05 21:00:24,63,1,14,5,9,0,0,5,647,1652,0.21,4,1,0
FIR,Non-Heinous,Chargesheet Filed,Karnataka,Kalaburagi,Kalaburagi District & Sessions Court,Police Station,Kalaburagi City PS,KA73371,Kumar Deshmukh,Head Constable,Investigating Officer,1988-05-15,Male,O Positive,0,2012-06-01,FIR/07/112/2025/0246,CC/2025/050246,2025-11-16,Burglary incident reported at commercial establishment. Locked doors broken open and cash stolen.,2025-11-15T22:12:22,2025-11-15T22:12:22,2025-11-16T08:12:22,17.3272,76.8504,"Incident near coordinates 17.3272, 76.8504",Property Crimes,Theft,IPC,Indian Penal Code,IPC,379,Punishment for theft,1,1,Shilpa Pujari,31,Private Employee,Hindu,General,Male,Vijay Hegde,35,Female,0,Anand Kuruba,42,Male,A246,1.0,2025-11-16T08:12:22,Karnataka,Kalaburagi,Kalaburagi City PS,KA54774,Kalaburagi District & Sessions Court,Anand Kuruba,,2025-11-16T08:12:22,C,KA85490,50246,7,112,2,1,1,1,1,2025-11-16 08:12:22,42,1,22,6,11,1,1,1,766,1278,3.1,2,1,0
FIR,Non-Heinous,Chargesheet Filed,Karnataka,Davangere,Davangere District & Sessions Court,Police Station,Davangere Extension PS,KA31899,Basavaraj Pujari,Constable,Investigating Officer,1988-05-15,Male,O Positive,0,2012-06-01,FIR/12/178/2025/0247,CC/2025/050247,2025-08-28,Burglary incident reported at commercial establishment. Locked doors broken open and cash stolen.,2025-08-27T20:17:53,2025-08-27T20:17:53,2025-08-28T22:17:53,14.494,75.9008,"Incident near coordinates 14.494, 75.9008",Property Crimes,Theft,IPC,Indian Penal Code,IPC,379,Punishment for theft,1,1,Prakash Hegde,35,Private Employee,Hindu,General,Male,Ambika Hegde,40,Female,0,Manjunath Bhat,70,Male,A247,1.0,2025-08-28T22:17:53,Karnataka,Davangere,Davangere Extension PS,KA45787,Davangere District & Sessions Court,Manjunath Bhat,,2025-08-28T22:17:53,C,KA69009,50247,12,178,2,1,1,1,1,2025-08-28 22:17:53,70,1,20,3,8,0,0,1,798,3360,2.38,1,1,0
FIR,Non-Heinous,Chargesheet Filed,Karnataka,Kalaburagi,Kalaburagi District & Sessions Court,Police Station,Kalaburagi City PS,KA46698,Vijay Puri,Head Constable,Investigating Officer,1988-05-15,Male,O Positive,0,2012-06-01,FIR/07/109/2025/0248,CC/2025/050248,2025-08-02,Burglary incident reported at commercial establishment. Locked doors broken open and cash stolen.,2025-08-02T02:59:39,2025-08-02T02:59:39,2025-08-02T23:59:39,17.2738,76.8018,"Incident near coordinates 17.2738, 76.8018",Cyber Crime,Cryptocurrency Crime,IPC,Indian Penal Code,IPC,379,Punishment for theft,1,1,Pavitra Puri,38,Private Employee,Hindu,General,Male,Anand Reddy,29,Female,0,Shivakumar Hegde,50,Male,A248,1.0,2025-08-02T23:59:39,Karnataka,Kalaburagi,Kalaburagi City PS,KA25682,Kalaburagi District & Sessions Court,Shivakumar Hegde,,2025-08-02T23:59:39,C,KA51749,50248,7,109,1,1,3,13,1,2025-08-02 23:59:39,50,1,2,6,8,1,1,2,442,901,3.13,2,1,0
FIR,Heinous,Chargesheet Filed,Karnataka,Belagavi,Belagavi District & Sessions Court,Police Station,Belagavi City PS,KA21400,Sunil Reddy,Sub-Inspector,Investigating Officer,1988-05-15,Male,O Positive,0,2012-06-01,FIR/06/096/2025/0249,CC/2025/050249,2025-10-22,Accused unlawfully intercepted complainant near main road intersection and committed extortion and assault.,2025-10-21T03:21:22,2025-10-21T03:21:22,2025-10-22T20:21:22,15.8337,74.5351,"Incident near coordinates 15.8337, 74.5351",Financial Crime,Money Laundering,IPC,Indian Penal Code,IPC,379,Punishment for theft,1,1,Geetha Hegde,47,Private Employee,Hindu,General,Male,Vijay Hegde,37,Female,0,Abhishek Kulkarni,68,Male,A249,1.0,2025-10-22T20:21:22,Karnataka,Belagavi,Belagavi City PS,KA41462,Belagavi District & Sessions Court,Abhishek Kulkarni,,2025-10-22T20:21:22,C,KA57713,50249,6,96,3,2,4,14,1,2025-10-22 20:21:22,68,1,3,2,10,0,1,3,261,803,4.15,3,1,0
FIR,Non-Heinous,Chargesheet Filed,Karnataka,Ballari,Ballari District & Sessions Court,Police Station,Ballari City PS,KA27098,Suresh Kuruba,Sub-Inspector,Investigating Officer,1988-05-15,Male,O Positive,0,2012-06-01,FIR/08/116/2025/0250,CC/2025/050250,2025-06-24,Housebreaking by night reported. Electronic goods and valuables stolen while occupants were away.,2025-06-23T00:31:59,2025-06-23T00:31:59,2025-06-24T06:31:59,15.1369,76.9113,"Incident near coordinates 15.1369, 76.9113",Financial Crime,Cheating,IPC,Indian Penal Code,IPC,379,Punishment for theft,1,1,Prakash Deshmukh,61,Private Employee,Hindu,General,Male,Geetha Joshi,23,Female,0,Nagaraj Patil,44,Male,A250,1.0,2025-06-24T06:31:59,Karnataka,Ballari,Ballari City PS,KA30163,Ballari District & Sessions Court,Nagaraj Patil,,2025-06-24T06:31:59,C,KA67593,50250,8,116,1,1,4,15,1,2025-06-24 06:31:59,44,1,0,1,6,0,1,1,453,2683,3.34,1,1,0
FIR,Heinous,Chargesheet Filed,Karnataka,Davangere,Davangere District & Sessions Court,Police Station,Davangere Extension PS,KA57931,Anand Puri,Inspector,Investigating Officer,1988-05-15,Male,O Positive,0,2012-06-01,FIR/12/178/2025/0251,CC/2025/050251,2025-07-09,Burglary incident reported at commercial establishment. Locked doors broken open and cash stolen.,2025-07-09T04:33:47,2025-07-09T04:33:47,2025-07-09T20:33:47,14.4003,75.8809,"Incident near coordinates 14.4003, 75.8809",Crimes Against Body,Assault,IPC,Indian Penal Code,IPC,379,Punishment for theft,1,1,Suresh Shetty,39,Private Employee,Hindu,General,Male,Sunil Kulkarni,31,Female,0,Raghavendra Patil,51,Male,A251,1.0,2025-07-09T20:33:47,Karnataka,Davangere,Davangere Extension PS,KA93505,Davangere District & Sessions Court,Raghavendra Patil,,2025-07-09T20:33:47,C,KA31272,50251,12,178,1,2,2,7,1,2025-07-09 20:33:47,51,1,4,3,7,0,1,5,928,1226,1.96,4,1,0
FIR,Heinous,Chargesheet Filed,Karnataka,Belagavi,Belagavi District & Sessions Court,Police Station,Belagavi City PS,KA27572,Prakash Bhat,Sub-Inspector,Investigating Officer,1988-05-15,Male,O Positive,0,2012-06-01,FIR/06/088/2025/0252,CC/2025/050252,2025-10-26,Cyber fraud complaint regarding unauthorized digital transaction via fake banking link.,2025-10-25T01:36:38,2025-10-25T01:36:38,2025-10-26T02:36:38,15.9336,74.452,"Incident near coordinates 15.9336, 74.452",Financial Crime,Cheating,IPC,Indian Penal Code,IPC,379,Punishment for theft,1,1,Kavitha Puri,55,Private Employee,Hindu,General,Male,Darshan Pujari,59,Female,0,Kavitha Patil,24,Female,A252,1.0,2025-10-26T02:36:38,Karnataka,Belagavi,Belagavi City PS,KA51969,Belagavi District & Sessions Court,Kavitha Patil,,2025-10-26T02:36:38,C,KA92653,50252,6,88,2,2,4,15,1,2025-10-26 02:36:38,24,2,1,6,10,1,1,1,361,2632,2.73,3,1,0
FIR,Non-Heinous,Chargesheet Filed,Karnataka,Davangere,Davangere District & Sessions Court,Police Station,Davangere Extension PS,KA40179,Prakash Deshmukh,Sub-Inspector,Investigating Officer,1988-05-15,Male,O Positive,0,2012-06-01,FIR/12/188/2025/0253,CC/2025/050253,2025-11-08,Housebreaking by night reported. Electronic goods and valuables stolen while occupants were away.,2025-11-07T10:39:11,2025-11-07T10:39:11,2025-11-08T09:39:11,14.5322,75.8782,"Incident near coordinates 14.5322, 75.8782",Cyber Crime,Cryptocurrency Crime,IPC,Indian Penal Code,IPC,379,Punishment for theft,1,1,Roopa Patil,37,Private Employee,Hindu,General,Male,Sunil Patil,28,Female,0,Raghavendra Rao,60,Male,A253,1.0,2025-11-08T09:39:11,Karnataka,Davangere,Davangere Extension PS,KA46342,Davangere District & Sessions Court,Raghavendra Rao,,2025-11-08T09:39:11,C,KA35849,50253,12,188,2,1,3,13,1,2025-11-08 09:39:11,60,1,10,5,11,0,0,3,769,2776,1.01,1,1,0
FIR,Non-Heinous,Chargesheet Filed,Karnataka,Belagavi,Belagavi District & Sessions Court,Police Station,Belagavi City PS,KA21938,Kiran Rao,Constable,Investigating Officer,1988-05-15,Male,O Positive,0,2012-06-01,FIR/06/091/2025/0254,CC/2025/050254,2025-06-06,Complainant reported theft of motor vehicle parked in front of residence during night hours.,2025-06-05T08:56:51,2025-06-05T08:56:51,2025-06-06T16:56:51,15.97,74.5716,"Incident near coordinates 15.97, 74.5716",Cyber Crime,Cryptocurrency Crime,IPC,Indian Penal Code,IPC,379,Punishment for theft,1,1,Anand Chavhan,53,Private Employee,Hindu,General,Male,Lakshmi Shetty,53,Female,0,Ramesh Pujari,36,Male,A254,1.0,2025-06-06T16:56:51,Karnataka,Belagavi,Belagavi City PS,KA82516,Belagavi District & Sessions Court,Ramesh Pujari,,2025-06-06T16:56:51,C,KA57721,50254,6,91,2,1,3,13,1,2025-06-06 16:56:51,36,1,8,4,6,0,0,1,730,1084,1.36,1,1,0
FIR,Non-Heinous,Chargesheet Filed,Karnataka,Shivamogga,Shivamogga District & Sessions Court,Police Station,Shivamogga Town PS,KA18460,Ramesh Nayak,Constable,Investigating Officer,1988-05-15,Male,O Positive,0,2012-06-01,FIR/11/165/2025/0255,CC/2025/050255,2025-06-23,Accused unlawfully intercepted complainant near main road intersection and committed extortion and assault.,2025-06-23T14:13:25,2025-06-23T14:13:25,2025-06-23T18:13:25,13.9632,75.5982,"Incident near coordinates 13.9632, 75.5982",Financial Crime,Cheating,IPC,Indian Penal Code,IPC,379,Punishment for theft,1,1,Meenakshi Kambale,38,Private Employee,Hindu,General,Male,Kiran Naik,56,Female,0,Deepa Naik,23,Female,A255,1.0,2025-06-23T18:13:25,Karnataka,Shivamogga,Shivamogga Town PS,KA75598,Shivamogga District & Sessions Court,Deepa Naik,,2025-06-23T18:13:25,C,KA17211,50255,11,165,3,1,4,15,1,2025-06-23 18:13:25,23,2,14,1,6,0,0,3,873,2748,4.31,2,1,0
FIR,Non-Heinous,Chargesheet Filed,Karnataka,Shivamogga,Shivamogga District & Sessions Court,Police Station,Shivamogga Town PS,KA53784,Raghavendra Puri,Inspector,Investigating Officer,1988-05-15,Male,O Positive,0,2012-06-01,FIR/11/166/2025/0256,CC/2025/050256,2025-07-13,Burglary incident reported at commercial establishment. Locked doors broken open and cash stolen.,2025-07-12T07:10:31,2025-07-12T07:10:31,2025-07-13T00:10:31,14.0443,75.5356,"Incident near coordinates 14.0443, 75.5356",Crimes Against Body,Grievous Hurt,IPC,Indian Penal Code,IPC,379,Punishment for theft,1,1,Darshan Kulkarni,57,Private Employee,Hindu,General,Male,Suresh Patil,58,Female,0,Basavaraj Gowda,67,Male,A256,1.0,2025-07-13T00:10:31,Karnataka,Shivamogga,Shivamogga Town PS,KA15427,Shivamogga District & Sessions Court,Basavaraj Gowda,,2025-07-13T00:10:31,C,KA58483,50256,11,166,1,1,2,8,1,2025-07-13 00:10:31,67,1,7,6,7,1,0,2,533,818,0.52,3,1,0
FIR,Non-Heinous,Chargesheet Filed,Karnataka,Shivamogga,Shivamogga District & Sessions Court,Police Station,Shivamogga Town PS,KA36837,Prakash Hegde,Head Constable,Investigating Officer,1988-05-15,Male,O Positive,0,2012-06-01,FIR/11/166/2025/0257,CC/2025/050257,2025-07-18,Burglary incident reported at commercial establishment. Locked doors broken open and cash stolen.,2025-07-16T22:13:52,2025-07-16T22:13:52,2025-07-18T13:13:52,13.9097,75.6205,"Incident near coordinates 13.9097, 75.6205",Financial Crime,Cheating,IPC,Indian Penal Code,IPC,379,Punishment for theft,1,1,Shivakumar Hegde,61,Private Employee,Hindu,General,Male,Raghavendra Patil,41,Female,0,Mahesh Rao,46,Male,A257,1.0,2025-07-18T13:13:52,Karnataka,Shivamogga,Shivamogga Town PS,KA96671,Shivamogga District & Sessions Court,Mahesh Rao,,2025-07-18T13:13:52,C,KA97127,50257,11,166,1,1,4,15,1,2025-07-18 13:13:52,46,1,22,3,7,0,1,1,356,2237,3.37,1,1,0
FIR,Heinous,Chargesheet Filed,Karnataka,Shivamogga,Shivamogga District & Sessions Court,Police Station,Shivamogga Town PS,KA57261,Ganesh Chavhan,Sub-Inspector,Investigating Officer,1988-05-15,Male,O Positive,0,2012-06-01,FIR/11/161/2025/0258,CC/2025/050258,2025-03-18,Accused unlawfully intercepted complainant near main road intersection and committed extortion and assault.,2025-03-18T06:17:10,2025-03-18T06:17:10,2025-03-18T16:17:10,13.938,75.5435,"Incident near coordinates 13.938, 75.5435",Crimes Against Body,Grievous Hurt,IPC,Indian Penal Code,IPC,379,Punishment for theft,1,1,Mahesh Gowda,29,Private Employee,Hindu,General,Male,Sowmya Naik,44,Female,0,Basavaraj Hegde,58,Male,A258,1.0,2025-03-18T16:17:10,Karnataka,Shivamogga,Shivamogga Town PS,KA34005,Shivamogga District & Sessions Court,Basavaraj Hegde,,2025-03-18T16:17:10,C,KA81842,50258,11,161,3,2,2,8,1,2025-03-18 16:17:10,58,1,6,2,3,0,0,2,554,674,0.13,2,1,0
FIR,Non-Heinous,Chargesheet Filed,Karnataka,Kalaburagi,Kalaburagi District & Sessions Court,Police Station,Kalaburagi City PS,KA62459,Manjunath Rao,Head Constable,Investigating Officer,1988-05-15,Male,O Positive,0,2012-06-01,FIR/07/110/2025/0259,CC/2025/050259,2025-04-24,Cyber fraud complaint regarding unauthorized digital transaction via fake banking link.,2025-04-23T23:13:21,2025-04-23T23:13:21,2025-04-24T21:13:21,17.3528,76.8041,"Incident near coordinates 17.3528, 76.8041",Cyber Crime,Dark Web Crime,IPC,Indian Penal Code,IPC,379,Punishment for theft,1,1,Venkatesh Bhat,58,Private Employee,Hindu,General,Male,Sowmya Kuruba,31,Female,0,Pradeep Kambale,30,Male,A259,1.0,2025-04-24T21:13:21,Karnataka,Kalaburagi,Kalaburagi City PS,KA79651,Kalaburagi District & Sessions Court,Pradeep Kambale,,2025-04-24T21:13:21,C,KA46877,50259,7,110,2,1,3,12,1,2025-04-24 21:13:21,30,1,23,3,4,0,1,2,315,3092,3.64,1,1,0
FIR,Non-Heinous,Chargesheet Filed,Karnataka,Ballari,Ballari District & Sessions Court,Police Station,Ballari City PS,KA10775,Prakash Nayak,Head Constable,Investigating Officer,1988-05-15,Male,O Positive,0,2012-06-01,FIR/08/128/2025/0260,CC/2025/050260,2025-08-10,Complainant reported theft of motor vehicle parked in front of residence during night hours.,2025-08-09T23:41:29,2025-08-09T23:41:29,2025-08-10T11:41:29,15.1225,76.851,"Incident near coordinates 15.1225, 76.851",Crimes Against Body,Assault,IPC,Indian Penal Code,IPC,379,Punishment for theft,1,1,Nagaraj Kambale,60,Private Employee,Hindu,General,Male,Venkatesh Bhat,46,Female,0,Manjunath Naik,70,Male,A260,1.0,2025-08-10T11:41:29,Karnataka,Ballari,Ballari City PS,KA18185,Ballari District & Sessions Court,Manjunath Naik,,2025-08-10T11:41:29,C,KA21521,50260,8,128,3,1,2,7,1,2025-08-10 11:41:29,70,1,23,6,8,1,1,1,514,2908,0.42,3,1,0
FIR,Non-Heinous,Chargesheet Filed,Karnataka,Belagavi,Belagavi District & Sessions Court,Police Station,Belagavi City PS,KA32599,Sunil Rao,Constable,Investigating Officer,1988-05-15,Male,O Positive,0,2012-06-01,FIR/06/097/2025/0261,CC/2025/050261,2025-12-21,Housebreaking by night reported. Electronic goods and valuables stolen while occupants were away.,2025-12-19T05:00:47,2025-12-19T05:00:47,2025-12-21T03:00:47,15.8689,74.6328,"Incident near coordinates 15.8689, 74.6328",Property Crimes,Robbery,IPC,Indian Penal Code,IPC,379,Punishment for theft,1,1,Nagaraj Pujari,57,Private Employee,Hindu,General,Male,Ramesh Pujari,23,Female,0,Basavaraj Patil,57,Male,A261,1.0,2025-12-21T03:00:47,Karnataka,Belagavi,Belagavi City PS,KA40375,Belagavi District & Sessions Court,Basavaraj Patil,,2025-12-21T03:00:47,C,KA59910,50261,6,97,1,1,1,2,1,2025-12-21 03:00:47,57,1,5,5,12,0,1,1,651,2996,3.08,2,1,0
FIR,Non-Heinous,Chargesheet Filed,Karnataka,Ballari,Ballari District & Sessions Court,Police Station,Ballari City PS,KA33120,Prakash Kambale,Inspector,Investigating Officer,1988-05-15,Male,O Positive,0,2012-06-01,FIR/08/118/2025/0262,CC/2025/050262,2025-09-30,Accused unlawfully intercepted complainant near main road intersection and committed extortion and assault.,2025-09-29T23:25:38,2025-09-29T23:25:38,2025-09-30T17:25:38,15.2468,76.8967,"Incident near coordinates 15.2468, 76.8967",Cyber Crime,Cryptocurrency Crime,IPC,Indian Penal Code,IPC,379,Punishment for theft,1,1,Sunil Nayak,26,Private Employee,Hindu,General,Male,Venkatesh Kulkarni,45,Female,0,Kiran Patil,52,Male,A262,1.0,2025-09-30T17:25:38,Karnataka,Ballari,Ballari City PS,KA19937,Ballari District & Sessions Court,Kiran Patil,,2025-09-30T17:25:38,C,KA25418,50262,8,118,2,1,3,13,1,2025-09-30 17:25:38,52,1,23,1,9,0,1,2,431,2670,1.4,2,0,0
FIR,Non-Heinous,Chargesheet Filed,Karnataka,Ballari,Ballari District & Sessions Court,Police Station,Ballari City PS,KA11372,Pradeep Kuruba,Inspector,Investigating Officer,1988-05-15,Male,O Positive,0,2012-06-01,FIR/08/122/2025/0263,CC/2025/050263,2025-02-19,Cyber fraud complaint regarding unauthorized digital transaction via fake banking link.,2025-02-18T18:06:24,2025-02-18T18:06:24,2025-02-19T16:06:24,15.1315,76.9083,"Incident near coordinates 15.1315, 76.9083",Property Crimes,Theft,IPC,Indian Penal Code,IPC,379,Punishment for theft,1,1,Kiran Chavhan,26,Private Employee,Hindu,General,Male,Ramesh Joshi,45,Female,0,Kumar Gowda,31,Male,A263,1.0,2025-02-19T16:06:24,Karnataka,Ballari,Ballari City PS,KA27433,Ballari District & Sessions Court,Kumar Gowda,,2025-02-19T16:06:24,C,KA35348,50263,8,122,1,1,1,1,1,2025-02-19 16:06:24,31,1,18,2,2,0,0,3,694,2663,4.19,1,1,0
FIR,Non-Heinous,Chargesheet Filed,Karnataka,Davangere,Davangere District & Sessions Court,Police Station,Davangere Extension PS,KA88795,Raghavendra Puri,Head Constable,Investigating Officer,1988-05-15,Male,O Positive,0,2012-06-01,FIR/12/183/2025/0264,CC/2025/050264,2025-02-11,Housebreaking by night reported. Electronic goods and valuables stolen while occupants were away.,2025-02-10T00:27:20,2025-02-10T00:27:20,2025-02-11T06:27:20,14.5285,75.8556,"Incident near coordinates 14.5285, 75.8556",Crimes Against Body,Murder,IPC,Indian Penal Code,IPC,379,Punishment for theft,1,1,Shilpa Chavhan,26,Private Employee,Hindu,General,Male,Shivakumar Pujari,25,Female,0,Anand Puri,51,Male,A264,1.0,2025-02-11T06:27:20,Karnataka,Davangere,Davangere Extension PS,KA90155,Davangere District & Sessions Court,Anand Puri,,2025-02-11T06:27:20,C,KA43505,50264,12,183,3,1,2,6,1,2025-02-11 06:27:20,51,1,0,1,2,0,1,1,819,3367,3.9,2,1,0
FIR,Non-Heinous,Chargesheet Filed,Karnataka,Shivamogga,Shivamogga District & Sessions Court,Police Station,Shivamogga Town PS,KA46961,Abhishek Puri,Inspector,Investigating Officer,1988-05-15,Male,O Positive,0,2012-06-01,FIR/11/172/2025/0265,CC/2025/050265,2025-12-16,Burglary incident reported at commercial establishment. Locked doors broken open and cash stolen.,2025-12-16T13:31:29,2025-12-16T13:31:29,2025-12-16T21:31:29,13.9309,75.6353,"Incident near coordinates 13.9309, 75.6353",Cyber Crime,Cyber Crime,IPC,Indian Penal Code,IPC,379,Punishment for theft,1,1,Nagaraj Shetty,51,Private Employee,Hindu,General,Male,Anitha Deshmukh,23,Female,0,Pradeep Joshi,67,Male,A265,1.0,2025-12-16T21:31:29,Karnataka,Shivamogga,Shivamogga Town PS,KA62460,Shivamogga District & Sessions Court,Pradeep Joshi,,2025-12-16T21:31:29,C,KA72414,50265,11,172,2,1,3,11,1,2025-12-16 21:31:29,67,1,13,2,12,0,0,3,160,2084,4.27,2,1,0
FIR,Heinous,Chargesheet Filed,Karnataka,Davangere,Davangere District & Sessions Court,Police Station,Davangere Extension PS,KA43308,Shivakumar Pujari,Constable,Investigating Officer,1988-05-15,Male,O Positive,0,2012-06-01,FIR/12/189/2025/0266,CC/2025/050266,2025-11-11,Complainant reported theft of motor vehicle parked in front of residence during night hours.,2025-11-10T18:29:17,2025-11-10T18:29:17,2025-11-11T20:29:17,14.4452,75.9015,"Incident near coordinates 14.4452, 75.9015",Financial Crime,Cheating,IPC,Indian Penal Code,IPC,379,Punishment for theft,1,1,Satish Deshmukh,23,Private Employee,Hindu,General,Male,Pradeep Patil,43,Female,0,Suresh Hegde,61,Male,A266,1.0,2025-11-11T20:29:17,Karnataka,Davangere,Davangere Extension PS,KA14546,Davangere District & Sessions Court,Suresh Hegde,,2025-11-11T20:29:17,C,KA49463,50266,12,189,3,2,4,15,1,2025-11-11 20:29:17,61,1,18,1,11,0,0,1,934,629,1.17,3,1,0
FIR,Non-Heinous,Chargesheet Filed,Karnataka,Belagavi,Belagavi District & Sessions Court,Police Station,Belagavi City PS,KA69316,Nagaraj Deshmukh,Sub-Inspector,Investigating Officer,1988-05-15,Male,O Positive,0,2012-06-01,FIR/06/098/2025/0267,CC/2025/050267,2025-02-08,Snatching of gold chain from pedestrian by bike-borne suspects during evening hours.,2025-02-06T04:08:30,2025-02-06T04:08:30,2025-02-08T02:08:30,15.9974,74.584,"Incident near coordinates 15.9974, 74.584",Cyber Crime,Cyber Crime,IPC,Indian Penal Code,IPC,379,Punishment for theft,1,1,Venkatesh Kambale,53,Private Employee,Hindu,General,Male,Deepa Nayak,20,Female,0,Abhishek Deshmukh,18,Male,A267,1.0,2025-02-08T02:08:30,Karnataka,Belagavi,Belagavi City PS,KA57988,Belagavi District & Sessions Court,Abhishek Deshmukh,,2025-02-08T02:08:30,C,KA38993,50267,6,98,2,1,3,11,1,2025-02-08 02:08:30,18,1,4,4,2,0,1,2,864,429,3.31,1,1,0
FIR,Non-Heinous,Chargesheet Filed,Karnataka,Ballari,Ballari District & Sessions Court,Police Station,Ballari City PS,KA95521,Shivakumar Kuruba,Constable,Investigating Officer,1988-05-15,Male,O Positive,0,2012-06-01,FIR/08/125/2025/0268,CC/2025/050268,2025-09-04,Accused unlawfully intercepted complainant near main road intersection and committed extortion and assault.,2025-09-04T06:05:10,2025-09-04T06:05:10,2025-09-04T23:05:10,15.2168,76.9315,"Incident near coordinates 15.2168, 76.9315",Cyber Crime,Cryptocurrency Crime,IPC,Indian Penal Code,IPC,379,Punishment for theft,1,1,Pavitra Shetty,50,Private Employee,Hindu,General,Male,Shilpa Rao,57,Female,0,Sunil Pujari,47,Male,A268,1.0,2025-09-04T23:05:10,Karnataka,Ballari,Ballari City PS,KA27957,Ballari District & Sessions Court,Sunil Pujari,,2025-09-04T23:05:10,C,KA18927,50268,8,125,1,1,3,13,1,2025-09-04 23:05:10,47,1,6,4,9,0,0,1,926,2907,3.39,1,1,0
FIR,Non-Heinous,Chargesheet Filed,Karnataka,Belagavi,Belagavi District & Sessions Court,Police Station,Belagavi City PS,KA10826,Basavaraj Gowda,Sub-Inspector,Investigating Officer,1988-05-15,Male,O Positive,0,2012-06-01,FIR/06/096/2025/0269,CC/2025/050269,2025-06-14,Complainant reported theft of motor vehicle parked in front of residence during night hours.,2025-06-13T12:47:48,2025-06-13T12:47:48,2025-06-14T07:47:48,15.9599,74.4757,"Incident near coordinates 15.9599, 74.4757",Property Crimes,Burglary,IPC,Indian Penal Code,IPC,379,Punishment for theft,1,1,Satish Nayak,42,Private Employee,Hindu,General,Male,Nayana Kambale,37,Female,0,Satish Nayak,49,Male,A269,1.0,2025-06-14T07:47:48,Karnataka,Belagavi,Belagavi City PS,KA88139,Belagavi District & Sessions Court,Satish Nayak,,2025-06-14T07:47:48,C,KA24438,50269,6,96,3,1,1,3,1,2025-06-14 07:47:48,49,1,12,5,6,0,0,1,296,2640,0.88,2,0,0
FIR,Non-Heinous,Chargesheet Filed,Karnataka,Shivamogga,Shivamogga District & Sessions Court,Police Station,Shivamogga Town PS,KA28081,Venkatesh Patil,Sub-Inspector,Investigating Officer,1988-05-15,Male,O Positive,0,2012-06-01,FIR/11/165/2025/0270,CC/2025/050270,2025-03-11,Housebreaking by night reported. Electronic goods and valuables stolen while occupants were away.,2025-03-09T17:55:58,2025-03-09T17:55:58,2025-03-11T17:55:58,14.0046,75.5619,"Incident near coordinates 14.0046, 75.5619",Cyber Crime,Cryptocurrency Crime,IPC,Indian Penal Code,IPC,379,Punishment for theft,1,1,Ramesh Gowda,28,Private Employee,Hindu,General,Male,Sunil Hegde,44,Female,0,Nagaraj Puri,47,Male,A270,1.0,2025-03-11T17:55:58,Karnataka,Shivamogga,Shivamogga Town PS,KA45493,Shivamogga District & Sessions Court,Nagaraj Puri,,2025-03-11T17:55:58,C,KA95979,50270,11,165,1,1,3,13,1,2025-03-11 17:55:58,47,1,17,7,3,1,0,1,284,1496,3.88,2,1,0
FIR,Non-Heinous,Chargesheet Filed,Karnataka,Davangere,Davangere District & Sessions Court,Police Station,Davangere Extension PS,KA76473,Kiran Rao,Sub-Inspector,Investigating Officer,1988-05-15,Male,O Positive,0,2012-06-01,FIR/12/181/2025/0271,CC/2025/050271,2025-09-12,Housebreaking by night reported. Electronic goods and valuables stolen while occupants were away.,2025-09-10T20:16:12,2025-09-10T20:16:12,2025-09-12T00:16:12,14.4137,75.8692,"Incident near coordinates 14.4137, 75.8692",Cyber Crime,Cryptocurrency Crime,IPC,Indian Penal Code,IPC,379,Punishment for theft,1,1,Roopa Naik,59,Private Employee,Hindu,General,Male,Vijay Patil,22,Female,0,Sunil Kambale,22,Male,A271,1.0,2025-09-12T00:16:12,Karnataka,Davangere,Davangere Extension PS,KA16966,Davangere District & Sessions Court,Sunil Kambale,,2025-09-12T00:16:12,C,KA21886,50271,12,181,3,1,3,13,1,2025-09-12 00:16:12,22,1,20,3,9,0,0,1,862,1714,0.67,2,1,0
FIR,Non-Heinous,Chargesheet Filed,Karnataka,Kalaburagi,Kalaburagi District & Sessions Court,Police Station,Kalaburagi City PS,KA18286,Anand Puri,Head Constable,Investigating Officer,1988-05-15,Male,O Positive,0,2012-06-01,FIR/07/112/2025/0272,CC/2025/050272,2025-03-22,Snatching of gold chain from pedestrian by bike-borne suspects during evening hours.,2025-03-21T03:23:31,2025-03-21T03:23:31,2025-03-22T15:23:31,17.3554,76.8861,"Incident near coordinates 17.3554, 76.8861",Cyber Crime,Cryptocurrency Crime,IPC,Indian Penal Code,IPC,379,Punishment for theft,1,1,Kiran Patil,50,Private Employee,Hindu,General,Male,Shilpa Pujari,56,Female,0,Raghavendra Rao,66,Male,A272,1.0,2025-03-22T15:23:31,Karnataka,Kalaburagi,Kalaburagi City PS,KA88047,Kalaburagi District & Sessions Court,Raghavendra Rao,,2025-03-22T15:23:31,C,KA59340,50272,7,112,2,1,3,13,1,2025-03-22 15:23:31,66,1,3,5,3,0,1,1,363,2767,3.64,1,1,0
FIR,Non-Heinous,Chargesheet Filed,Karnataka,Ballari,Ballari District & Sessions Court,Police Station,Ballari City PS,KA21533,Kiran Shetty,Inspector,Investigating Officer,1988-05-15,Male,O Positive,0,2012-06-01,FIR/08/119/2025/0273,CC/2025/050273,2025-04-15,Complainant reported theft of motor vehicle parked in front of residence during night hours.,2025-04-15T14:31:57,2025-04-15T14:31:57,2025-04-15T19:31:57,15.155,76.9646,"Incident near coordinates 15.155, 76.9646",Property Crimes,Robbery,IPC,Indian Penal Code,IPC,379,Punishment for theft,1,1,Raghavendra Chavhan,55,Private Employee,Hindu,General,Male,Aswini Kambale,49,Female,0,Suresh Deshmukh,64,Male,A273,1.0,2025-04-15T19:31:57,Karnataka,Ballari,Ballari City PS,KA45589,Ballari District & Sessions Court,Suresh Deshmukh,,2025-04-15T19:31:57,C,KA85526,50273,8,119,3,1,1,2,1,2025-04-15 19:31:57,64,1,14,2,4,0,0,3,559,1831,3.84,2,1,0
FIR,Heinous,Chargesheet Filed,Karnataka,Shivamogga,Shivamogga District & Sessions Court,Police Station,Shivamogga Town PS,KA70773,Darshan Chavhan,Inspector,Investigating Officer,1988-05-15,Male,O Positive,0,2012-06-01,FIR/11/166/2025/0274,CC/2025/050274,2025-04-27,Complainant reported theft of motor vehicle parked in front of residence during night hours.,2025-04-26T18:24:21,2025-04-26T18:24:21,2025-04-27T18:24:21,14.0414,75.5487,"Incident near coordinates 14.0414, 75.5487",Financial Crime,Money Laundering,IPC,Indian Penal Code,IPC,379,Punishment for theft,1,1,Shivakumar Nayak,37,Private Employee,Hindu,General,Male,Ganesh Bhat,52,Female,0,Deepa Bhat,41,Female,A274,1.0,2025-04-27T18:24:21,Karnataka,Shivamogga,Shivamogga Town PS,KA42192,Shivamogga District & Sessions Court,Deepa Bhat,,2025-04-27T18:24:21,C,KA41323,50274,11,166,1,2,4,14,1,2025-04-27 18:24:21,41,2,18,6,4,1,0,3,807,1832,2.71,4,1,0
FIR,Heinous,Chargesheet Filed,Karnataka,Kalaburagi,Kalaburagi District & Sessions Court,Police Station,Kalaburagi City PS,KA92154,Nagaraj Puri,Head Constable,Investigating Officer,1988-05-15,Male,O Positive,0,2012-06-01,FIR/07/103/2025/0275,CC/2025/050275,2025-05-11,Accused unlawfully intercepted complainant near main road intersection and committed extortion and assault.,2025-05-09T20:11:01,2025-05-09T20:11:01,2025-05-11T16:11:01,17.3829,76.8166,"Incident near coordinates 17.3829, 76.8166",Financial Crime,Cheating,IPC,Indian Penal Code,IPC,379,Punishment for theft,1,1,Pradeep Reddy,28,Private Employee,Hindu,General,Male,Pradeep Pujari,56,Female,0,Anand Hegde,20,Male,A275,1.0,2025-05-11T16:11:01,Karnataka,Kalaburagi,Kalaburagi City PS,KA33203,Kalaburagi District & Sessions Court,Anand Hegde,,2025-05-11T16:11:01,C,KA50457,50275,7,103,2,2,4,15,1,2025-05-11 16:11:01,20,1,20,5,5,0,0,2,763,1987,0.95,2,1,1
FIR,Non-Heinous,Chargesheet Filed,Karnataka,Shivamogga,Shivamogga District & Sessions Court,Police Station,Shivamogga Town PS,KA52815,Venkatesh Hegde,Constable,Investigating Officer,1988-05-15,Male,O Positive,0,2012-06-01,FIR/11/173/2025/0276,CC/2025/050276,2025-04-08,Cyber fraud complaint regarding unauthorized digital transaction via fake banking link.,2025-04-07T17:21:29,2025-04-07T17:21:29,2025-04-08T13:21:29,13.9144,75.6084,"Incident near coordinates 13.9144, 75.6084",Cyber Crime,Cyber Crime,IPC,Indian Penal Code,IPC,379,Punishment for theft,1,1,Vijay Naik,27,Private Employee,Hindu,General,Male,Pavitra Gowda,28,Female,0,Abhishek Patil,30,Male,A276,1.0,2025-04-08T13:21:29,Karnataka,Shivamogga,Shivamogga Town PS,KA20828,Shivamogga District & Sessions Court,Abhishek Patil,,2025-04-08T13:21:29,C,KA76916,50276,11,173,3,1,3,11,1,2025-04-08 13:21:29,30,1,17,1,4,0,0,1,838,651,3.93,2,1,0
FIR,Non-Heinous,Chargesheet Filed,Karnataka,Belagavi,Belagavi District & Sessions Court,Police Station,Belagavi City PS,KA39866,Darshan Naik,Inspector,Investigating Officer,1988-05-15,Male,O Positive,0,2012-06-01,FIR/06/099/2025/0277,CC/2025/050277,2025-09-19,Snatching of gold chain from pedestrian by bike-borne suspects during evening hours.,2025-09-17T04:25:10,2025-09-17T04:25:10,2025-09-19T04:25:10,15.9469,74.6257,"Incident near coordinates 15.9469, 74.6257",Property Crimes,Burglary,IPC,Indian Penal Code,IPC,379,Punishment for theft,1,1,Sunil Rao,46,Private Employee,Hindu,General,Male,Geetha Pujari,39,Female,0,Mahesh Hegde,71,Male,A277,1.0,2025-09-19T04:25:10,Karnataka,Belagavi,Belagavi City PS,KA78570,Belagavi District & Sessions Court,Mahesh Hegde,,2025-09-19T04:25:10,C,KA84537,50277,6,99,1,1,1,3,1,2025-09-19 04:25:10,71,1,4,3,9,0,1,1,241,2788,2.2,1,1,0
FIR,Heinous,Chargesheet Filed,Karnataka,Davangere,Davangere District & Sessions Court,Police Station,Davangere Extension PS,KA63685,Manjunath Bhat,Inspector,Investigating Officer,1988-05-15,Male,O Positive,0,2012-06-01,FIR/12/176/2025/0278,CC/2025/050278,2025-10-10,Snatching of gold chain from pedestrian by bike-borne suspects during evening hours.,2025-10-09T10:51:22,2025-10-09T10:51:22,2025-10-10T18:51:22,14.4424,75.8721,"Incident near coordinates 14.4424, 75.8721",Financial Crime,Money Laundering,IPC,Indian Penal Code,IPC,379,Punishment for theft,1,1,Basavaraj Naik,41,Private Employee,Hindu,General,Male,Shilpa Reddy,23,Female,0,Kumar Nayak,22,Male,A278,1.0,2025-10-10T18:51:22,Karnataka,Davangere,Davangere Extension PS,KA29755,Davangere District & Sessions Court,Kumar Nayak,,2025-10-10T18:51:22,C,KA35484,50278,12,176,1,2,4,14,1,2025-10-10 18:51:22,22,1,10,4,10,0,0,3,700,1523,2.07,4,1,1
FIR,Non-Heinous,Chargesheet Filed,Karnataka,Davangere,Davangere District & Sessions Court,Police Station,Davangere Extension PS,KA20654,Shivakumar Naik,Constable,Investigating Officer,1988-05-15,Male,O Positive,0,2012-06-01,FIR/12/178/2025/0279,CC/2025/050279,2025-12-23,Complainant reported theft of motor vehicle parked in front of residence during night hours.,2025-12-23T02:10:09,2025-12-23T02:10:09,2025-12-23T03:10:09,14.5104,75.8701,"Incident near coordinates 14.5104, 75.8701",Cyber Crime,Cyber Crime,IPC,Indian Penal Code,IPC,379,Punishment for theft,1,1,Ganesh Bhat,46,Private Employee,Hindu,General,Male,Darshan Patil,59,Female,0,Sunil Rao,72,Male,A279,1.0,2025-12-23T03:10:09,Karnataka,Davangere,Davangere Extension PS,KA64428,Davangere District & Sessions Court,Sunil Rao,,2025-12-23T03:10:09,C,KA53575,50279,12,178,1,1,3,11,1,2025-12-23 03:10:09,72,1,2,2,12,0,1,1,701,2009,4.05,2,1,0
FIR,Non-Heinous,Chargesheet Filed,Karnataka,Kalaburagi,Kalaburagi District & Sessions Court,Police Station,Kalaburagi City PS,KA85190,Nagaraj Patil,Head Constable,Investigating Officer,1988-05-15,Male,O Positive,0,2012-06-01,FIR/07/103/2025/0280,CC/2025/050280,2025-09-02,Complainant reported theft of motor vehicle parked in front of residence during night hours.,2025-09-01T11:55:49,2025-09-01T11:55:49,2025-09-02T05:55:49,17.3607,76.8167,"Incident near coordinates 17.3607, 76.8167",Cyber Crime,Dark Web Crime,IPC,Indian Penal Code,IPC,379,Punishment for theft,1,1,Raghavendra Shetty,54,Private Employee,Hindu,General,Male,Ganesh Deshmukh,46,Female,0,Kiran Hegde,72,Male,A280,1.0,2025-09-02T05:55:49,Karnataka,Kalaburagi,Kalaburagi City PS,KA61709,Kalaburagi District & Sessions Court,Kiran Hegde,,2025-09-02T05:55:49,C,KA94598,50280,7,103,2,1,3,12,1,2025-09-02 05:55:49,72,1,11,1,9,0,0,1,289,2918,4.44,1,1,0
FIR,Heinous,Chargesheet Filed,Karnataka,Ballari,Ballari District & Sessions Court,Police Station,Ballari City PS,KA94994,Kiran Deshmukh,Head Constable,Investigating Officer,1988-05-15,Male,O Positive,0,2012-06-01,FIR/08/126/2025/0281,CC/2025/050281,2025-12-18,Snatching of gold chain from pedestrian by bike-borne suspects during evening hours.,2025-12-17T19:12:10,2025-12-17T19:12:10,2025-12-18T20:12:10,15.142,76.879,"Incident near coordinates 15.142, 76.879",Financial Crime,Money Laundering,IPC,Indian Penal Code,IPC,379,Punishment for theft,1,1,Pradeep Hegde,35,Private Employee,Hindu,General,Male,Satish Kambale,51,Female,0,Ganesh Deshmukh,41,Male,A281,1.0,2025-12-18T20:12:10,Karnataka,Ballari,Ballari City PS,KA20633,Ballari District & Sessions Court,Ganesh Deshmukh,,2025-12-18T20:12:10,C,KA53608,50281,8,126,3,2,4,14,1,2025-12-18 20:12:10,41,1,19,3,12,0,0,3,802,2389,3.14,4,1,0
FIR,Heinous,Chargesheet Filed,Karnataka,Ballari,Ballari District & Sessions Court,Police Station,Ballari City PS,KA77565,Ganesh Shetty,Inspector,Investigating Officer,1988-05-15,Male,O Positive,0,2012-06-01,FIR/08/126/2025/0282,CC/2025/050282,2025-12-24,Snatching of gold chain from pedestrian by bike-borne suspects during evening hours.,2025-12-22T14:28:43,2025-12-22T14:28:43,2025-12-24T00:28:43,15.101,76.9467,"Incident near coordinates 15.101, 76.9467",Financial Crime,Cheating,IPC,Indian Penal Code,IPC,379,Punishment for theft,1,1,Mahesh Pujari,55,Private Employee,Hindu,General,Male,Abhishek Kulkarni,37,Female,0,Ganesh Nayak,26,Male,A282,1.0,2025-12-24T00:28:43,Karnataka,Ballari,Ballari City PS,KA27167,Ballari District & Sessions Court,Ganesh Nayak,,2025-12-24T00:28:43,C,KA34694,50282,8,126,2,2,4,15,1,2025-12-24 00:28:43,26,1,14,1,12,0,0,1,488,790,1.81,3,0,0
FIR,Heinous,Chargesheet Filed,Karnataka,Kalaburagi,Kalaburagi District & Sessions Court,Police Station,Kalaburagi City PS,KA46688,Mahesh Nayak,Sub-Inspector,Investigating Officer,1988-05-15,Male,O Positive,0,2012-06-01,FIR/07/105/2025/0283,CC/2025/050283,2025-09-30,Complainant reported theft of motor vehicle parked in front of residence during night hours.,2025-09-28T06:00:45,2025-09-28T06:00:45,2025-09-30T01:00:45,17.2826,76.8418,"Incident near coordinates 17.2826, 76.8418",Financial Crime,Cheating,IPC,Indian Penal Code,IPC,379,Punishment for theft,1,1,Vijay Nayak,36,Private Employee,Hindu,General,Male,Pradeep Naik,57,Female,0,Sunil Bhat,72,Male,A283,1.0,2025-09-30T01:00:45,Karnataka,Kalaburagi,Kalaburagi City PS,KA40416,Kalaburagi District & Sessions Court,Sunil Bhat,,2025-09-30T01:00:45,C,KA73615,50283,7,105,3,2,4,15,1,2025-09-30 01:00:45,72,1,6,7,9,1,0,1,618,1666,2.87,3,1,0
FIR,Non-Heinous,Chargesheet Filed,Karnataka,Davangere,Davangere District & Sessions Court,Police Station,Davangere Extension PS,KA79680,Shivakumar Hegde,Inspector,Investigating Officer,1988-05-15,Male,O Positive,0,2012-06-01,FIR/12/188/2025/0284,CC/2025/050284,2025-08-21,Snatching of gold chain from pedestrian by bike-borne suspects during evening hours.,2025-08-19T22:48:37,2025-08-19T22:48:37,2025-08-21T16:48:37,14.5173,75.889,"Incident near coordinates 14.5173, 75.889",Financial Crime,Money Laundering,IPC,Indian Penal Code,IPC,379,Punishment for theft,1,1,Venkatesh Bhat,49,Private Employee,Hindu,General,Male,Roopa Joshi,26,Female,0,Ramesh Kulkarni,25,Male,A284,1.0,2025-08-21T16:48:37,Karnataka,Davangere,Davangere Extension PS,KA87520,Davangere District & Sessions Court,Ramesh Kulkarni,,2025-08-21T16:48:37,C,KA42387,50284,12,188,1,1,4,14,1,2025-08-21 16:48:37,25,1,22,2,8,0,1,1,929,3019,3.42,2,1,0
FIR,Non-Heinous,Chargesheet Filed,Karnataka,Davangere,Davangere District & Sessions Court,Police Station,Davangere Extension PS,KA92720,Vijay Kambale,Head Constable,Investigating Officer,1988-05-15,Male,O Positive,0,2012-06-01,FIR/12/177/2025/0285,CC/2025/050285,2025-10-13,Accused unlawfully intercepted complainant near main road intersection and committed extortion and assault.,2025-10-12T15:17:18,2025-10-12T15:17:18,2025-10-13T16:17:18,14.5144,75.8827,"Incident near coordinates 14.5144, 75.8827",Property Crimes,Robbery,IPC,Indian Penal Code,IPC,379,Punishment for theft,1,1,Shivakumar Bhat,22,Private Employee,Hindu,General,Male,Sowmya Rao,33,Female,0,Venkatesh Deshmukh,46,Male,A285,1.0,2025-10-13T16:17:18,Karnataka,Davangere,Davangere Extension PS,KA45868,Davangere District & Sessions Court,Venkatesh Deshmukh,,2025-10-13T16:17:18,C,KA90661,50285,12,177,2,1,1,2,1,2025-10-13 16:17:18,46,1,15,7,10,1,0,2,348,836,1.67,3,0,0
FIR,Heinous,Chargesheet Filed,Karnataka,Belagavi,Belagavi District & Sessions Court,Police Station,Belagavi City PS,KA85330,Pradeep Kuruba,Head Constable,Investigating Officer,1988-05-15,Male,O Positive,0,2012-06-01,FIR/06/094/2025/0286,CC/2025/050286,2025-11-18,Snatching of gold chain from pedestrian by bike-borne suspects during evening hours.,2025-11-18T06:04:49,2025-11-18T06:04:49,2025-11-18T07:04:49,15.9366,74.5453,"Incident near coordinates 15.9366, 74.5453",Crimes Against Body,Assault,IPC,Indian Penal Code,IPC,379,Punishment for theft,1,1,Raghavendra Pujari,58,Private Employee,Hindu,General,Male,Meenakshi Puri,31,Female,0,Nagaraj Chavhan,22,Male,A286,1.0,2025-11-18T07:04:49,Karnataka,Belagavi,Belagavi City PS,KA66075,Belagavi District & Sessions Court,Nagaraj Chavhan,,2025-11-18T07:04:49,C,KA76312,50286,6,94,3,2,2,7,1,2025-11-18 07:04:49,22,1,6,2,11,0,0,2,514,3150,3.88,2,1,1
FIR,Non-Heinous,Chargesheet Filed,Karnataka,Ballari,Ballari District & Sessions Court,Police Station,Ballari City PS,KA60395,Venkatesh Rao,Head Constable,Investigating Officer,1988-05-15,Male,O Positive,0,2012-06-01,FIR/08/117/2025/0287,CC/2025/050287,2025-04-07,Housebreaking by night reported. Electronic goods and valuables stolen while occupants were away.,2025-04-06T09:47:12,2025-04-06T09:47:12,2025-04-07T06:47:12,15.2104,76.8682,"Incident near coordinates 15.2104, 76.8682",Property Crimes,Robbery,IPC,Indian Penal Code,IPC,379,Punishment for theft,1,1,Anand Kambale,59,Private Employee,Hindu,General,Male,Satish Gowda,37,Female,0,Pradeep Shetty,18,Male,A287,1.0,2025-04-07T06:47:12,Karnataka,Ballari,Ballari City PS,KA71060,Ballari District & Sessions Court,Pradeep Shetty,,2025-04-07T06:47:12,C,KA94335,50287,8,117,2,1,1,2,1,2025-04-07 06:47:12,18,1,9,7,4,1,0,2,661,3246,3.51,3,1,0
FIR,Non-Heinous,Chargesheet Filed,Karnataka,Ballari,Ballari District & Sessions Court,Police Station,Ballari City PS,KA99877,Ganesh Gowda,Head Constable,Investigating Officer,1988-05-15,Male,O Positive,0,2012-06-01,FIR/08/126/2025/0288,CC/2025/050288,2025-11-23,Complainant reported theft of motor vehicle parked in front of residence during night hours.,2025-11-23T06:35:05,2025-11-23T06:35:05,2025-11-23T18:35:05,15.1252,76.9083,"Incident near coordinates 15.1252, 76.9083",Cyber Crime,Cryptocurrency Crime,IPC,Indian Penal Code,IPC,379,Punishment for theft,1,1,Darshan Kambale,47,Private Employee,Hindu,General,Male,Raghavendra Reddy,40,Female,0,Kiran Nayak,21,Male,A288,1.0,2025-11-23T18:35:05,Karnataka,Ballari,Ballari City PS,KA16566,Ballari District & Sessions Court,Kiran Nayak,,2025-11-23T18:35:05,C,KA59610,50288,8,126,1,1,3,13,1,2025-11-23 18:35:05,21,1,6,7,11,1,0,5,663,2745,3.38,2,1,0
FIR,Non-Heinous,Chargesheet Filed,Karnataka,Kalaburagi,Kalaburagi District & Sessions Court,Police Station,Kalaburagi City PS,KA63613,Kiran Nayak,Inspector,Investigating Officer,1988-05-15,Male,O Positive,0,2012-06-01,FIR/07/105/2025/0289,CC/2025/050289,2025-11-23,Cyber fraud complaint regarding unauthorized digital transaction via fake banking link.,2025-11-23T02:35:58,2025-11-23T02:35:58,2025-11-23T19:35:58,17.2614,76.8103,"Incident near coordinates 17.2614, 76.8103",Crimes Against Body,Murder,IPC,Indian Penal Code,IPC,379,Punishment for theft,1,1,Darshan Deshmukh,64,Private Employee,Hindu,General,Male,Mahesh Gowda,51,Female,0,Sunil Gowda,26,Male,A289,1.0,2025-11-23T19:35:58,Karnataka,Kalaburagi,Kalaburagi City PS,KA49809,Kalaburagi District & Sessions Court,Sunil Gowda,,2025-11-23T19:35:58,C,KA73754,50289,7,105,2,1,2,6,1,2025-11-23 19:35:58,26,1,2,7,11,1,1,1,393,2490,3.44,3,1,0
FIR,Non-Heinous,Chargesheet Filed,Karnataka,Ballari,Ballari District & Sessions Court,Police Station,Ballari City PS,KA29668,Anand Joshi,Sub-Inspector,Investigating Officer,1988-05-15,Male,O Positive,0,2012-06-01,FIR/08/122/2025/0290,CC/2025/050290,2025-03-12,Burglary incident reported at commercial establishment. Locked doors broken open and cash stolen.,2025-03-11T01:17:36,2025-03-11T01:17:36,2025-03-12T14:17:36,15.2248,76.8835,"Incident near coordinates 15.2248, 76.8835",Crimes Against Body,Assault,IPC,Indian Penal Code,IPC,379,Punishment for theft,1,1,Ramesh Nayak,57,Private Employee,Hindu,General,Male,Rekha Kambale,28,Female,0,Nayana Puri,30,Female,A290,1.0,2025-03-12T14:17:36,Karnataka,Ballari,Ballari City PS,KA35479,Ballari District & Sessions Court,Nayana Puri,,2025-03-12T14:17:36,C,KA82925,50290,8,122,2,1,2,7,1,2025-03-12 14:17:36,30,2,1,2,3,0,1,1,262,1775,2.75,2,1,0
FIR,Non-Heinous,Chargesheet Filed,Karnataka,Ballari,Ballari District & Sessions Court,Police Station,Ballari City PS,KA89809,Vijay Kuruba,Inspector,Investigating Officer,1988-05-15,Male,O Positive,0,2012-06-01,FIR/08/126/2025/0291,CC/2025/050291,2025-09-08,Burglary incident reported at commercial establishment. Locked doors broken open and cash stolen.,2025-09-07T22:48:14,2025-09-07T22:48:14,2025-09-08T03:48:14,15.2176,76.9991,"Incident near coordinates 15.2176, 76.9991",Cyber Crime,Cryptocurrency Crime,IPC,Indian Penal Code,IPC,379,Punishment for theft,1,1,Pavitra Gowda,36,Private Employee,Hindu,General,Male,Rekha Nayak,45,Female,0,Sunil Gowda,53,Male,A291,1.0,2025-09-08T03:48:14,Karnataka,Ballari,Ballari City PS,KA57418,Ballari District & Sessions Court,Sunil Gowda,,2025-09-08T03:48:14,C,KA43634,50291,8,126,2,1,3,13,1,2025-09-08 03:48:14,53,1,22,7,9,1,1,1,814,1704,0.66,3,1,0
FIR,Non-Heinous,Chargesheet Filed,Karnataka,Kalaburagi,Kalaburagi District & Sessions Court,Police Station,Kalaburagi City PS,KA83110,Sunil Reddy,Inspector,Investigating Officer,1988-05-15,Male,O Positive,0,2012-06-01,FIR/07/113/2025/0292,CC/2025/050292,2025-07-07,Cyber fraud complaint regarding unauthorized digital transaction via fake banking link.,2025-07-07T09:09:08,2025-07-07T09:09:08,2025-07-07T20:09:08,17.3859,76.7831,"Incident near coordinates 17.3859, 76.7831",Property Crimes,Theft,IPC,Indian Penal Code,IPC,379,Punishment for theft,1,1,Nagaraj Nayak,32,Private Employee,Hindu,General,Male,Nagaraj Deshmukh,30,Female,0,Pavitra Kuruba,41,Female,A292,1.0,2025-07-07T20:09:08,Karnataka,Kalaburagi,Kalaburagi City PS,KA23999,Kalaburagi District & Sessions Court,Pavitra Kuruba,,2025-07-07T20:09:08,C,KA96844,50292,7,113,1,1,1,1,1,2025-07-07 20:09:08,41,2,9,1,7,0,0,4,169,2601,4.46,2,1,0
FIR,Non-Heinous,Chargesheet Filed,Karnataka,Kalaburagi,Kalaburagi District & Sessions Court,Police Station,Kalaburagi City PS,KA51853,Abhishek Bhat,Inspector,Investigating Officer,1988-05-15,Male,O Positive,0,2012-06-01,FIR/07/113/2025/0293,CC/2025/050293,2025-05-04,Housebreaking by night reported. Electronic goods and valuables stolen while occupants were away.,2025-05-03T21:32:45,2025-05-03T21:32:45,2025-05-04T03:32:45,17.3544,76.7666,"Incident near coordinates 17.3544, 76.7666",Cyber Crime,Cryptocurrency Crime,IPC,Indian Penal Code,IPC,379,Punishment for theft,1,1,Kumar Deshmukh,24,Private Employee,Hindu,General,Male,Anitha Joshi,39,Female,0,Ramesh Shetty,25,Male,A293,1.0,2025-05-04T03:32:45,Karnataka,Kalaburagi,Kalaburagi City PS,KA68153,Kalaburagi District & Sessions Court,Ramesh Shetty,,2025-05-04T03:32:45,C,KA88300,50293,7,113,3,1,3,13,1,2025-05-04 03:32:45,25,1,21,6,5,1,0,1,145,1174,3.52,3,1,0
FIR,Non-Heinous,Chargesheet Filed,Karnataka,Shivamogga,Shivamogga District & Sessions Court,Police Station,Shivamogga Town PS,KA92049,Shivakumar Naik,Constable,Investigating Officer,1988-05-15,Male,O Positive,0,2012-06-01,FIR/11/170/2025/0294,CC/2025/050294,2025-08-30,Snatching of gold chain from pedestrian by bike-borne suspects during evening hours.,2025-08-28T11:27:04,2025-08-28T11:27:04,2025-08-30T01:27:04,14.0268,75.5609,"Incident near coordinates 14.0268, 75.5609",Property Crimes,Robbery,IPC,Indian Penal Code,IPC,379,Punishment for theft,1,1,Raghavendra Pujari,40,Private Employee,Hindu,General,Male,Darshan Patil,35,Female,0,Basavaraj Reddy,34,Male,A294,1.0,2025-08-30T01:27:04,Karnataka,Shivamogga,Shivamogga Town PS,KA77062,Shivamogga District & Sessions Court,Basavaraj Reddy,,2025-08-30T01:27:04,C,KA56818,50294,11,170,1,1,1,2,1,2025-08-30 01:27:04,34,1,11,4,8,0,0,3,262,2488,0.76,2,0,0
FIR,Non-Heinous,Chargesheet Filed,Karnataka,Belagavi,Belagavi District & Sessions Court,Police Station,Belagavi City PS,KA63475,Pradeep Patil,Inspector,Investigating Officer,1988-05-15,Male,O Positive,0,2012-06-01,FIR/06/088/2025/0295,CC/2025/050295,2025-02-28,Cyber fraud complaint regarding unauthorized digital transaction via fake banking link.,2025-02-27T10:16:01,2025-02-27T10:16:01,2025-02-28T16:16:01,15.9268,74.4969,"Incident near coordinates 15.9268, 74.4969",Cyber Crime,Dark Web Crime,IPC,Indian Penal Code,IPC,379,Punishment for theft,1,1,Mahesh Pujari,40,Private Employee,Hindu,General,Male,Ramesh Shetty,32,Female,0,Kiran Bhat,36,Male,A295,1.0,2025-02-28T16:16:01,Karnataka,Belagavi,Belagavi City PS,KA20384,Belagavi District & Sessions Court,Kiran Bhat,,2025-02-28T16:16:01,C,KA25766,50295,6,88,1,1,3,12,1,2025-02-28 16:16:01,36,1,10,4,2,0,0,1,622,2454,1.19,2,1,0
FIR,Non-Heinous,Chargesheet Filed,Karnataka,Davangere,Davangere District & Sessions Court,Police Station,Davangere Extension PS,KA40026,Satish Deshmukh,Inspector,Investigating Officer,1988-05-15,Male,O Positive,0,2012-06-01,FIR/12/188/2025/0296,CC/2025/050296,2025-03-13,Cyber fraud complaint regarding unauthorized digital transaction via fake banking link.,2025-03-12T22:05:45,2025-03-12T22:05:45,2025-03-13T01:05:45,14.5346,75.8632,"Incident near coordinates 14.5346, 75.8632",Financial Crime,Money Laundering,IPC,Indian Penal Code,IPC,379,Punishment for theft,1,1,Manjunath Chavhan,59,Private Employee,Hindu,General,Male,Nagaraj Patil,20,Female,0,Suresh Rao,45,Male,A296,1.0,2025-03-13T01:05:45,Karnataka,Davangere,Davangere Extension PS,KA23403,Davangere District & Sessions Court,Suresh Rao,,2025-03-13T01:05:45,C,KA59360,50296,12,188,3,1,4,14,1,2025-03-13 01:05:45,45,1,22,3,3,0,1,1,104,3099,0.76,2,0,0
FIR,Non-Heinous,Chargesheet Filed,Karnataka,Kalaburagi,Kalaburagi District & Sessions Court,Police Station,Kalaburagi City PS,KA51481,Ganesh Bhat,Sub-Inspector,Investigating Officer,1988-05-15,Male,O Positive,0,2012-06-01,FIR/07/102/2025/0297,CC/2025/050297,2025-10-31,Accused unlawfully intercepted complainant near main road intersection and committed extortion and assault.,2025-10-30T05:17:38,2025-10-30T05:17:38,2025-10-31T14:17:38,17.252,76.8223,"Incident near coordinates 17.252, 76.8223",Cyber Crime,Cryptocurrency Crime,IPC,Indian Penal Code,IPC,379,Punishment for theft,1,1,Manjunath Nayak,49,Private Employee,Hindu,General,Male,Pradeep Deshmukh,48,Female,0,Darshan Pujari,59,Male,A297,1.0,2025-10-31T14:17:38,Karnataka,Kalaburagi,Kalaburagi City PS,KA77971,Kalaburagi District & Sessions Court,Darshan Pujari,,2025-10-31T14:17:38,C,KA77744,50297,7,102,2,1,3,13,1,2025-10-31 14:17:38,59,1,5,4,10,0,1,3,856,3150,3.76,2,1,0
FIR,Non-Heinous,Chargesheet Filed,Karnataka,Davangere,Davangere District & Sessions Court,Police Station,Davangere Extension PS,KA11077,Manjunath Kuruba,Head Constable,Investigating Officer,1988-05-15,Male,O Positive,0,2012-06-01,FIR/12/181/2025/0298,CC/2025/050298,2025-10-16,Snatching of gold chain from pedestrian by bike-borne suspects during evening hours.,2025-10-15T15:55:59,2025-10-15T15:55:59,2025-10-16T03:55:59,14.497,75.9079,"Incident near coordinates 14.497, 75.9079",Property Crimes,Burglary,IPC,Indian Penal Code,IPC,379,Punishment for theft,1,1,Sudha Kulkarni,50,Private Employee,Hindu,General,Male,Shilpa Bhat,29,Female,0,Raghavendra Rao,25,Male,A298,1.0,2025-10-16T03:55:59,Karnataka,Davangere,Davangere Extension PS,KA93677,Davangere District & Sessions Court,Raghavendra Rao,,2025-10-16T03:55:59,C,KA43752,50298,12,181,1,1,1,3,1,2025-10-16 03:55:59,25,1,15,3,10,0,0,2,771,3303,4.02,2,1,0
FIR,Non-Heinous,Chargesheet Filed,Karnataka,Ballari,Ballari District & Sessions Court,Police Station,Ballari City PS,KA97860,Suresh Deshmukh,Inspector,Investigating Officer,1988-05-15,Male,O Positive,0,2012-06-01,FIR/08/128/2025/0299,CC/2025/050299,2025-01-10,Accused unlawfully intercepted complainant near main road intersection and committed extortion and assault.,2025-01-08T15:36:28,2025-01-08T15:36:28,2025-01-10T08:36:28,15.2003,76.9599,"Incident near coordinates 15.2003, 76.9599",Cyber Crime,Dark Web Crime,IPC,Indian Penal Code,IPC,379,Punishment for theft,1,1,Manjunath Deshmukh,57,Private Employee,Hindu,General,Male,Venkatesh Reddy,32,Female,0,Shivakumar Bhat,41,Male,A299,1.0,2025-01-10T08:36:28,Karnataka,Ballari,Ballari City PS,KA26995,Ballari District & Sessions Court,Shivakumar Bhat,,2025-01-10T08:36:28,C,KA93285,50299,8,128,2,1,3,12,1,2025-01-10 08:36:28,41,1,15,3,1,0,0,1,90,1658,2.5,1,1,0
FIR,Heinous,Chargesheet Filed,Karnataka,Ballari,Ballari District & Sessions Court,Police Station,Ballari City PS,KA12904,Abhishek Naik,Constable,Investigating Officer,1988-05-15,Male,O Positive,0,2012-06-01,FIR/08/126/2026/0300,CC/2026/050300,2026-01-02,Cyber fraud complaint regarding unauthorized digital transaction via fake banking link.,2026-01-01T19:07:34,2026-01-01T19:07:34,2026-01-02T15:07:34,15.177,76.9811,"Incident near coordinates 15.177, 76.9811",Crimes Against Body,Murder,IPC,Indian Penal Code,IPC,379,Punishment for theft,1,1,Ganesh Patil,42,Private Employee,Hindu,General,Male,Vidya Deshmukh,47,Female,0,Shivakumar Joshi,24,Male,A300,1.0,2026-01-02T15:07:34,Karnataka,Ballari,Ballari City PS,KA10004,Ballari District & Sessions Court,Shivakumar Joshi,,2026-01-02T15:07:34,C,KA46900,50300,8,126,2,2,2,6,1,2026-01-02 15:07:34,24,1,19,4,1,0,0,3,375,1330,0.67,3,0,1
FIR,Non-Heinous,Chargesheet Filed,Karnataka,Shivamogga,Shivamogga District & Sessions Court,Police Station,Shivamogga Town PS,KA88061,Nagaraj Bhat,Sub-Inspector,Investigating Officer,1988-05-15,Male,O Positive,0,2012-06-01,FIR/11/163/2025/0301,CC/2025/050301,2025-01-19,Complainant reported theft of motor vehicle parked in front of residence during night hours.,2025-01-18T03:07:15,2025-01-18T03:07:15,2025-01-19T00:07:15,13.9567,75.5318,"Incident near coordinates 13.9567, 75.5318",Crimes Against Body,Grievous Hurt,IPC,Indian Penal Code,IPC,379,Punishment for theft,1,1,Shivakumar Patil,55,Private Employee,Hindu,General,Male,Ganesh Hegde,54,Female,0,Kavitha Rao,20,Transgender,A301,1.0,2025-01-19T00:07:15,Karnataka,Shivamogga,Shivamogga Town PS,KA54982,Shivamogga District & Sessions Court,Kavitha Rao,,2025-01-19T00:07:15,C,KA58211,50301,11,163,1,1,2,8,1,2025-01-19 00:07:15,20,3,3,6,1,1,1,2,835,937,1.92,2,1,0
FIR,Heinous,Chargesheet Filed,Karnataka,Davangere,Davangere District & Sessions Court,Police Station,Davangere Extension PS,KA90501,Satish Chavhan,Head Constable,Investigating Officer,1988-05-15,Male,O Positive,0,2012-06-01,FIR/12/179/2025/0302,CC/2025/050302,2025-02-16,Cyber fraud complaint regarding unauthorized digital transaction via fake banking link.,2025-02-14T19:38:34,2025-02-14T19:38:34,2025-02-16T01:38:34,14.4364,75.858,"Incident near coordinates 14.4364, 75.858",Financial Crime,Money Laundering,IPC,Indian Penal Code,IPC,379,Punishment for theft,1,1,Vijay Naik,33,Private Employee,Hindu,General,Male,Kumar Kuruba,26,Female,0,Prakash Joshi,35,Male,A302,1.0,2025-02-16T01:38:34,Karnataka,Davangere,Davangere Extension PS,KA21235,Davangere District & Sessions Court,Prakash Joshi,,2025-02-16T01:38:34,C,KA40607,50302,12,179,1,2,4,14,1,2025-02-16 01:38:34,35,1,19,5,2,0,0,2,107,1556,0.11,2,0,0
FIR,Non-Heinous,Chargesheet Filed,Karnataka,Shivamogga,Shivamogga District & Sessions Court,Police Station,Shivamogga Town PS,KA98093,Anand Puri,Inspector,Investigating Officer,1988-05-15,Male,O Positive,0,2012-06-01,FIR/11/172/2025/0303,CC/2025/050303,2025-08-17,Housebreaking by night reported. Electronic goods and valuables stolen while occupants were away.,2025-08-16T07:48:50,2025-08-16T07:48:50,2025-08-17T08:48:50,13.988,75.5668,"Incident near coordinates 13.988, 75.5668",Cyber Crime,Dark Web Crime,IPC,Indian Penal Code,IPC,379,Punishment for theft,1,1,Deepa Puri,43,Private Employee,Hindu,General,Male,Kavitha Kambale,49,Female,0,Darshan Deshmukh,57,Male,A303,1.0,2025-08-17T08:48:50,Karnataka,Shivamogga,Shivamogga Town PS,KA60884,Shivamogga District & Sessions Court,Darshan Deshmukh,,2025-08-17T08:48:50,C,KA91372,50303,11,172,1,1,3,12,1,2025-08-17 08:48:50,57,1,7,6,8,1,0,1,168,1250,3.94,2,1,0
FIR,Heinous,Chargesheet Filed,Karnataka,Shivamogga,Shivamogga District & Sessions Court,Police Station,Shivamogga Town PS,KA42100,Abhishek Shetty,Inspector,Investigating Officer,1988-05-15,Male,O Positive,0,2012-06-01,FIR/11/164/2025/0304,CC/2025/050304,2025-12-06,Snatching of gold chain from pedestrian by bike-borne suspects during evening hours.,2025-12-04T15:23:29,2025-12-04T15:23:29,2025-12-06T12:23:29,14.0476,75.6689,"Incident near coordinates 14.0476, 75.6689",Financial Crime,Cheating,IPC,Indian Penal Code,IPC,379,Punishment for theft,1,1,Prakash Kuruba,22,Private Employee,Hindu,General,Male,Raghavendra Deshmukh,45,Female,0,Darshan Kulkarni,26,Male,A304,1.0,2025-12-06T12:23:29,Karnataka,Shivamogga,Shivamogga Town PS,KA95923,Shivamogga District & Sessions Court,Darshan Kulkarni,,2025-12-06T12:23:29,C,KA83623,50304,11,164,3,2,4,15,1,2025-12-06 12:23:29,26,1,15,4,12,0,0,2,921,509,3.03,3,1,1
FIR,Heinous,Chargesheet Filed,Karnataka,Kalaburagi,Kalaburagi District & Sessions Court,Police Station,Kalaburagi City PS,KA55329,Kiran Patil,Sub-Inspector,Investigating Officer,1988-05-15,Male,O Positive,0,2012-06-01,FIR/07/107/2025/0305,CC/2025/050305,2025-03-03,Cyber fraud complaint regarding unauthorized digital transaction via fake banking link.,2025-03-03T15:18:33,2025-03-03T15:18:33,2025-03-03T16:18:33,17.288,76.8416,"Incident near coordinates 17.288, 76.8416",Crimes Against Body,Murder,IPC,Indian Penal Code,IPC,379,Punishment for theft,1,1,Vijay Pujari,25,Private Employee,Hindu,General,Male,Anand Hegde,52,Female,0,Vidya Naik,36,Female,A305,1.0,2025-03-03T16:18:33,Karnataka,Kalaburagi,Kalaburagi City PS,KA96547,Kalaburagi District & Sessions Court,Vidya Naik,,2025-03-03T16:18:33,C,KA70245,50305,7,107,1,2,2,6,1,2025-03-03 16:18:33,36,2,15,1,3,0,0,1,73,3042,0.41,3,0,0
FIR,Non-Heinous,Chargesheet Filed,Karnataka,Shivamogga,Shivamogga District & Sessions Court,Police Station,Shivamogga Town PS,KA55954,Satish Reddy,Head Constable,Investigating Officer,1988-05-15,Male,O Positive,0,2012-06-01,FIR/11/174/2025/0306,CC/2025/050306,2025-03-05,Complainant reported theft of motor vehicle parked in front of residence during night hours.,2025-03-03T21:51:59,2025-03-03T21:51:59,2025-03-05T01:51:59,14.04,75.5477,"Incident near coordinates 14.04, 75.5477",Cyber Crime,Dark Web Crime,IPC,Indian Penal Code,IPC,379,Punishment for theft,1,1,Shivakumar Patil,36,Private Employee,Hindu,General,Male,Ramesh Hegde,48,Female,0,Pradeep Naik,23,Male,A306,1.0,2025-03-05T01:51:59,Karnataka,Shivamogga,Shivamogga Town PS,KA50315,Shivamogga District & Sessions Court,Pradeep Naik,,2025-03-05T01:51:59,C,KA68722,50306,11,174,2,1,3,12,1,2025-03-05 01:51:59,23,1,21,1,3,0,0,4,819,2098,0.21,1,1,0
FIR,Heinous,Chargesheet Filed,Karnataka,Ballari,Ballari District & Sessions Court,Police Station,Ballari City PS,KA33248,Suresh Deshmukh,Constable,Investigating Officer,1988-05-15,Male,O Positive,0,2012-06-01,FIR/08/123/2025/0307,CC/2025/050307,2025-02-09,Cyber fraud complaint regarding unauthorized digital transaction via fake banking link.,2025-02-08T02:26:10,2025-02-08T02:26:10,2025-02-09T12:26:10,15.1537,76.8937,"Incident near coordinates 15.1537, 76.8937",Financial Crime,Money Laundering,IPC,Indian Penal Code,IPC,379,Punishment for theft,1,1,Manjunath Pujari,36,Private Employee,Hindu,General,Male,Sudha Kulkarni,47,Female,0,Kiran Kulkarni,63,Male,A307,1.0,2025-02-09T12:26:10,Karnataka,Ballari,Ballari City PS,KA29882,Ballari District & Sessions Court,Kiran Kulkarni,,2025-02-09T12:26:10,C,KA76620,50307,8,123,1,2,4,14,1,2025-02-09 12:26:10,63,1,2,6,2,1,1,1,699,1882,3.21,4,1,0
FIR,Heinous,Chargesheet Filed,Karnataka,Ballari,Ballari District & Sessions Court,Police Station,Ballari City PS,KA67716,Raghavendra Kuruba,Sub-Inspector,Investigating Officer,1988-05-15,Male,O Positive,0,2012-06-01,FIR/08/121/2025/0308,CC/2025/050308,2025-07-31,Snatching of gold chain from pedestrian by bike-borne suspects during evening hours.,2025-07-31T04:17:37,2025-07-31T04:17:37,2025-07-31T14:17:37,15.2439,76.8893,"Incident near coordinates 15.2439, 76.8893",Financial Crime,Money Laundering,IPC,Indian Penal Code,IPC,379,Punishment for theft,1,1,Abhishek Pujari,63,Private Employee,Hindu,General,Male,Sudha Deshmukh,51,Female,0,Venkatesh Nayak,62,Male,A308,1.0,2025-07-31T14:17:37,Karnataka,Ballari,Ballari City PS,KA88297,Ballari District & Sessions Court,Venkatesh Nayak,,2025-07-31T14:17:37,C,KA96137,50308,8,121,2,2,4,14,1,2025-07-31 14:17:37,62,1,4,4,7,0,1,2,780,825,4.24,4,1,0
FIR,Non-Heinous,Chargesheet Filed,Karnataka,Ballari,Ballari District & Sessions Court,Police Station,Ballari City PS,KA27687,Anand Kambale,Sub-Inspector,Investigating Officer,1988-05-15,Male,O Positive,0,2012-06-01,FIR/08/127/2025/0309,CC/2025/050309,2025-10-06,Accused unlawfully intercepted complainant near main road intersection and committed extortion and assault.,2025-10-05T09:29:22,2025-10-05T09:29:22,2025-10-06T11:29:22,15.2266,76.9174,"Incident near coordinates 15.2266, 76.9174",Crimes Against Body,Grievous Hurt,IPC,Indian Penal Code,IPC,379,Punishment for theft,1,1,Ambika Bhat,22,Private Employee,Hindu,General,Male,Suresh Puri,56,Female,0,Raghavendra Kambale,64,Male,A309,1.0,2025-10-06T11:29:22,Karnataka,Ballari,Ballari City PS,KA82551,Ballari District & Sessions Court,Raghavendra Kambale,,2025-10-06T11:29:22,C,KA59105,50309,8,127,1,1,2,8,1,2025-10-06 11:29:22,64,1,9,7,10,1,0,3,146,1267,3.01,3,1,0
FIR,Non-Heinous,Chargesheet Filed,Karnataka,Kalaburagi,Kalaburagi District & Sessions Court,Police Station,Kalaburagi City PS,KA54134,Manjunath Chavhan,Constable,Investigating Officer,1988-05-15,Male,O Positive,0,2012-06-01,FIR/07/107/2025/0310,CC/2025/050310,2025-05-02,Burglary incident reported at commercial establishment. Locked doors broken open and cash stolen.,2025-05-02T13:15:12,2025-05-02T13:15:12,2025-05-02T20:15:12,17.3933,76.8545,"Incident near coordinates 17.3933, 76.8545",Property Crimes,Theft,IPC,Indian Penal Code,IPC,379,Punishment for theft,1,1,Vijay Pujari,38,Private Employee,Hindu,General,Male,Sudha Gowda,36,Female,0,Aswini Patil,56,Female,A310,1.0,2025-05-02T20:15:12,Karnataka,Kalaburagi,Kalaburagi City PS,KA29910,Kalaburagi District & Sessions Court,Aswini Patil,,2025-05-02T20:15:12,C,KA15048,50310,7,107,2,1,1,1,1,2025-05-02 20:15:12,56,2,13,5,5,0,0,1,846,452,0.83,2,1,0
FIR,Non-Heinous,Chargesheet Filed,Karnataka,Ballari,Ballari District & Sessions Court,Police Station,Ballari City PS,KA52123,Abhishek Reddy,Constable,Investigating Officer,1988-05-15,Male,O Positive,0,2012-06-01,FIR/08/116/2025/0311,CC/2025/050311,2025-03-15,Burglary incident reported at commercial establishment. Locked doors broken open and cash stolen.,2025-03-14T01:11:50,2025-03-14T01:11:50,2025-03-15T09:11:50,15.2472,76.8857,"Incident near coordinates 15.2472, 76.8857",Property Crimes,Burglary,IPC,Indian Penal Code,IPC,379,Punishment for theft,1,1,Sunil Pujari,27,Private Employee,Hindu,General,Male,Vidya Nayak,56,Female,0,Raghavendra Kuruba,41,Male,A311,1.0,2025-03-15T09:11:50,Karnataka,Ballari,Ballari City PS,KA89235,Ballari District & Sessions Court,Raghavendra Kuruba,,2025-03-15T09:11:50,C,KA11818,50311,8,116,1,1,1,3,1,2025-03-15 09:11:50,41,1,1,5,3,0,1,4,280,1619,3.8,2,1,0
FIR,Heinous,Chargesheet Filed,Karnataka,Davangere,Davangere District & Sessions Court,Police Station,Davangere Extension PS,KA75075,Sunil Joshi,Head Constable,Investigating Officer,1988-05-15,Male,O Positive,0,2012-06-01,FIR/12/181/2025/0312,CC/2025/050312,2025-11-03,Accused unlawfully intercepted complainant near main road intersection and committed extortion and assault.,2025-11-02T21:55:39,2025-11-02T21:55:39,2025-11-03T10:55:39,14.5086,75.9063,"Incident near coordinates 14.5086, 75.9063",Crimes Against Body,Assault,IPC,Indian Penal Code,IPC,379,Punishment for theft,1,1,Abhishek Rao,43,Private Employee,Hindu,General,Male,Anand Pujari,21,Female,0,Ramesh Nayak,67,Male,A312,1.0,2025-11-03T10:55:39,Karnataka,Davangere,Davangere Extension PS,KA21502,Davangere District & Sessions Court,Ramesh Nayak,,2025-11-03T10:55:39,C,KA84768,50312,12,181,3,2,2,7,1,2025-11-03 10:55:39,67,1,21,7,11,1,0,1,567,3447,1.28,2,1,0
FIR,Heinous,Chargesheet Filed,Karnataka,Shivamogga,Shivamogga District & Sessions Court,Police Station,Shivamogga Town PS,KA39036,Shivakumar Hegde,Inspector,Investigating Officer,1988-05-15,Male,O Positive,0,2012-06-01,FIR/11/169/2025/0313,CC/2025/050313,2025-08-14,Snatching of gold chain from pedestrian by bike-borne suspects during evening hours.,2025-08-13T19:05:32,2025-08-13T19:05:32,2025-08-14T10:05:32,13.9756,75.617,"Incident near coordinates 13.9756, 75.617",Financial Crime,Money Laundering,IPC,Indian Penal Code,IPC,379,Punishment for theft,1,1,Abhishek Naik,25,Private Employee,Hindu,General,Male,Suresh Puri,32,Female,0,Sudha Gowda,19,Female,A313,1.0,2025-08-14T10:05:32,Karnataka,Shivamogga,Shivamogga Town PS,KA29191,Shivamogga District & Sessions Court,Sudha Gowda,,2025-08-14T10:05:32,C,KA79552,50313,11,169,1,2,4,14,1,2025-08-14 10:05:32,19,2,19,3,8,0,0,1,599,2132,2.82,3,1,0
FIR,Non-Heinous,Chargesheet Filed,Karnataka,Kalaburagi,Kalaburagi District & Sessions Court,Police Station,Kalaburagi City PS,KA97179,Raghavendra Hegde,Constable,Investigating Officer,1988-05-15,Male,O Positive,0,2012-06-01,FIR/07/112/2025/0314,CC/2025/050314,2025-02-02,Housebreaking by night reported. Electronic goods and valuables stolen while occupants were away.,2025-02-01T17:00:22,2025-02-01T17:00:22,2025-02-02T11:00:22,17.3885,76.8568,"Incident near coordinates 17.3885, 76.8568",Property Crimes,Robbery,IPC,Indian Penal Code,IPC,379,Punishment for theft,1,1,Kiran Gowda,27,Private Employee,Hindu,General,Male,Manjunath Reddy,22,Female,0,Abhishek Nayak,37,Male,A314,1.0,2025-02-02T11:00:22,Karnataka,Kalaburagi,Kalaburagi City PS,KA87882,Kalaburagi District & Sessions Court,Abhishek Nayak,,2025-02-02T11:00:22,C,KA37475,50314,7,112,2,1,1,2,1,2025-02-02 11:00:22,37,1,17,6,2,1,0,1,867,2258,3.44,2,1,0
FIR,Non-Heinous,Chargesheet Filed,Karnataka,Kalaburagi,Kalaburagi District & Sessions Court,Police Station,Kalaburagi City PS,KA26764,Abhishek Joshi,Inspector,Investigating Officer,1988-05-15,Male,O Positive,0,2012-06-01,FIR/07/110/2025/0315,CC/2025/050315,2025-07-31,Accused unlawfully intercepted complainant near main road intersection and committed extortion and assault.,2025-07-30T16:52:13,2025-07-30T16:52:13,2025-07-31T17:52:13,17.364,76.7677,"Incident near coordinates 17.364, 76.7677",Property Crimes,Robbery,IPC,Indian Penal Code,IPC,379,Punishment for theft,1,1,Ganesh Joshi,44,Private Employee,Hindu,General,Male,Kumar Joshi,58,Female,0,Kumar Hegde,34,Male,A315,1.0,2025-07-31T17:52:13,Karnataka,Kalaburagi,Kalaburagi City PS,KA21579,Kalaburagi District & Sessions Court,Kumar Hegde,,2025-07-31T17:52:13,C,KA35578,50315,7,110,3,1,1,2,1,2025-07-31 17:52:13,34,1,16,3,7,0,0,1,496,1062,0.66,1,0,0
FIR,Heinous,Chargesheet Filed,Karnataka,Ballari,Ballari District & Sessions Court,Police Station,Ballari City PS,KA42983,Basavaraj Chavhan,Inspector,Investigating Officer,1988-05-15,Male,O Positive,0,2012-06-01,FIR/08/127/2025/0316,CC/2025/050316,2025-01-15,Housebreaking by night reported. Electronic goods and valuables stolen while occupants were away.,2025-01-14T20:48:12,2025-01-14T20:48:12,2025-01-15T11:48:12,15.181,76.8504,"Incident near coordinates 15.181, 76.8504",Financial Crime,Cheating,IPC,Indian Penal Code,IPC,379,Punishment for theft,1,1,Vidya Chavhan,27,Private Employee,Hindu,General,Male,Prakash Kulkarni,48,Female,0,Roopa Nayak,21,Transgender,A316,1.0,2025-01-15T11:48:12,Karnataka,Ballari,Ballari City PS,KA36020,Ballari District & Sessions Court,Roopa Nayak,,2025-01-15T11:48:12,C,KA53624,50316,8,127,2,2,4,15,1,2025-01-15 11:48:12,21,3,20,2,1,0,0,1,573,971,0.23,2,1,0
FIR,Non-Heinous,Chargesheet Filed,Karnataka,Belagavi,Belagavi District & Sessions Court,Police Station,Belagavi City PS,KA87956,Sunil Patil,Constable,Investigating Officer,1988-05-15,Male,O Positive,0,2012-06-01,FIR/06/099/2025/0317,CC/2025/050317,2025-03-09,Snatching of gold chain from pedestrian by bike-borne suspects during evening hours.,2025-03-08T02:53:06,2025-03-08T02:53:06,2025-03-09T00:53:06,15.956,74.6194,"Incident near coordinates 15.956, 74.6194",Property Crimes,Theft,IPC,Indian Penal Code,IPC,379,Punishment for theft,1,1,Darshan Reddy,64,Private Employee,Hindu,General,Male,Anitha Kuruba,41,Female,0,Manjunath Kulkarni,47,Male,A317,1.0,2025-03-09T00:53:06,Karnataka,Belagavi,Belagavi City PS,KA13538,Belagavi District & Sessions Court,Manjunath Kulkarni,,2025-03-09T00:53:06,C,KA78449,50317,6,99,2,1,1,1,1,2025-03-09 00:53:06,47,1,2,6,3,1,1,2,327,2527,1.53,2,0,0
FIR,Non-Heinous,Chargesheet Filed,Karnataka,Kalaburagi,Kalaburagi District & Sessions Court,Police Station,Kalaburagi City PS,KA35620,Ganesh Puri,Inspector,Investigating Officer,1988-05-15,Male,O Positive,0,2012-06-01,FIR/07/112/2025/0318,CC/2025/050318,2025-11-26,Snatching of gold chain from pedestrian by bike-borne suspects during evening hours.,2025-11-25T00:24:27,2025-11-25T00:24:27,2025-11-26T10:24:27,17.3666,76.8834,"Incident near coordinates 17.3666, 76.8834",Cyber Crime,Cryptocurrency Crime,IPC,Indian Penal Code,IPC,379,Punishment for theft,1,1,Ganesh Gowda,51,Private Employee,Hindu,General,Male,Darshan Kulkarni,35,Female,0,Ganesh Shetty,45,Male,A318,1.0,2025-11-26T10:24:27,Karnataka,Kalaburagi,Kalaburagi City PS,KA31526,Kalaburagi District & Sessions Court,Ganesh Shetty,,2025-11-26T10:24:27,C,KA65946,50318,7,112,1,1,3,13,1,2025-11-26 10:24:27,45,1,0,2,11,0,1,2,51,1442,3.07,2,1,0
FIR,Non-Heinous,Chargesheet Filed,Karnataka,Shivamogga,Shivamogga District & Sessions Court,Police Station,Shivamogga Town PS,KA40432,Sunil Chavhan,Inspector,Investigating Officer,1988-05-15,Male,O Positive,0,2012-06-01,FIR/11/171/2025/0319,CC/2025/050319,2025-07-30,Accused unlawfully intercepted complainant near main road intersection and committed extortion and assault.,2025-07-29T13:20:30,2025-07-29T13:20:30,2025-07-30T14:20:30,13.9532,75.5062,"Incident near coordinates 13.9532, 75.5062",Property Crimes,Robbery,IPC,Indian Penal Code,IPC,379,Punishment for theft,1,1,Satish Reddy,35,Private Employee,Hindu,General,Male,Kumar Hegde,27,Female,0,Anand Puri,63,Male,A319,1.0,2025-07-30T14:20:30,Karnataka,Shivamogga,Shivamogga Town PS,KA77116,Shivamogga District & Sessions Court,Anand Puri,,2025-07-30T14:20:30,C,KA50303,50319,11,171,3,1,1,2,1,2025-07-30 14:20:30,63,1,13,2,7,0,0,2,368,2547,3.55,2,1,0
FIR,Non-Heinous,Chargesheet Filed,Karnataka,Davangere,Davangere District & Sessions Court,Police Station,Davangere Extension PS,KA85905,Basavaraj Puri,Head Constable,Investigating Officer,1988-05-15,Male,O Positive,0,2012-06-01,FIR/12/181/2025/0320,CC/2025/050320,2025-01-22,Burglary incident reported at commercial establishment. Locked doors broken open and cash stolen.,2025-01-20T14:09:26,2025-01-20T14:09:26,2025-01-22T02:09:26,14.4958,75.8704,"Incident near coordinates 14.4958, 75.8704",Property Crimes,Burglary,IPC,Indian Penal Code,IPC,379,Punishment for theft,1,1,Manjunath Kambale,62,Private Employee,Hindu,General,Male,Roopa Shetty,35,Female,0,Kiran Chavhan,54,Male,A320,1.0,2025-01-22T02:09:26,Karnataka,Davangere,Davangere Extension PS,KA89450,Davangere District & Sessions Court,Kiran Chavhan,,2025-01-22T02:09:26,C,KA70223,50320,12,181,1,1,1,3,1,2025-01-22 02:09:26,54,1,14,1,1,0,0,1,353,890,4.3,2,1,0
FIR,Heinous,Chargesheet Filed,Karnataka,Belagavi,Belagavi District & Sessions Court,Police Station,Belagavi City PS,KA27937,Shivakumar Pujari,Constable,Investigating Officer,1988-05-15,Male,O Positive,0,2012-06-01,FIR/06/098/2025/0321,CC/2025/050321,2025-07-17,Accused unlawfully intercepted complainant near main road intersection and committed extortion and assault.,2025-07-16T03:26:17,2025-07-16T03:26:17,2025-07-17T16:26:17,15.8617,74.5354,"Incident near coordinates 15.8617, 74.5354",Crimes Against Body,Assault,IPC,Indian Penal Code,IPC,379,Punishment for theft,1,1,Ganesh Gowda,43,Private Employee,Hindu,General,Male,Nagaraj Hegde,51,Female,0,Ganesh Hegde,49,Male,A321,1.0,2025-07-17T16:26:17,Karnataka,Belagavi,Belagavi City PS,KA70628,Belagavi District & Sessions Court,Ganesh Hegde,,2025-07-17T16:26:17,C,KA97890,50321,6,98,2,2,2,7,1,2025-07-17 16:26:17,49,1,3,3,7,0,1,1,483,3189,3.19,4,1,0
FIR,Non-Heinous,Chargesheet Filed,Karnataka,Belagavi,Belagavi District & Sessions Court,Police Station,Belagavi City PS,KA75129,Shivakumar Shetty,Sub-Inspector,Investigating Officer,1988-05-15,Male,O Positive,0,2012-06-01,FIR/06/090/2025/0322,CC/2025/050322,2025-03-25,Snatching of gold chain from pedestrian by bike-borne suspects during evening hours.,2025-03-24T10:00:13,2025-03-24T10:00:13,2025-03-25T10:00:13,15.8025,74.5452,"Incident near coordinates 15.8025, 74.5452",Cyber Crime,Cryptocurrency Crime,IPC,Indian Penal Code,IPC,379,Punishment for theft,1,1,Vijay Rao,51,Private Employee,Hindu,General,Male,Aswini Naik,50,Female,0,Basavaraj Puri,46,Male,A322,1.0,2025-03-25T10:00:13,Karnataka,Belagavi,Belagavi City PS,KA85141,Belagavi District & Sessions Court,Basavaraj Puri,,2025-03-25T10:00:13,C,KA88126,50322,6,90,3,1,3,13,1,2025-03-25 10:00:13,46,1,10,1,3,0,0,2,521,2205,0.43,1,1,0
FIR,Non-Heinous,Chargesheet Filed,Karnataka,Ballari,Ballari District & Sessions Court,Police Station,Ballari City PS,KA20544,Manjunath Naik,Head Constable,Investigating Officer,1988-05-15,Male,O Positive,0,2012-06-01,FIR/08/126/2025/0323,CC/2025/050323,2025-06-10,Complainant reported theft of motor vehicle parked in front of residence during night hours.,2025-06-08T21:16:10,2025-06-08T21:16:10,2025-06-10T04:16:10,15.1327,76.9262,"Incident near coordinates 15.1327, 76.9262",Cyber Crime,Cryptocurrency Crime,IPC,Indian Penal Code,IPC,379,Punishment for theft,1,1,Basavaraj Deshmukh,52,Private Employee,Hindu,General,Male,Nagaraj Joshi,52,Female,0,Vidya Bhat,54,Female,A323,1.0,2025-06-10T04:16:10,Karnataka,Ballari,Ballari City PS,KA43481,Ballari District & Sessions Court,Vidya Bhat,,2025-06-10T04:16:10,C,KA19676,50323,8,126,3,1,3,13,1,2025-06-10 04:16:10,54,2,21,7,6,1,0,1,789,1027,2.22,3,1,0
FIR,Non-Heinous,Chargesheet Filed,Karnataka,Kalaburagi,Kalaburagi District & Sessions Court,Police Station,Kalaburagi City PS,KA85465,Suresh Naik,Constable,Investigating Officer,1988-05-15,Male,O Positive,0,2012-06-01,FIR/07/110/2025/0324,CC/2025/050324,2025-07-25,Housebreaking by night reported. Electronic goods and valuables stolen while occupants were away.,2025-07-24T17:50:30,2025-07-24T17:50:30,2025-07-25T12:50:30,17.3409,76.7568,"Incident near coordinates 17.3409, 76.7568",Property Crimes,Theft,IPC,Indian Penal Code,IPC,379,Punishment for theft,1,1,Vijay Shetty,51,Private Employee,Hindu,General,Male,Kiran Kulkarni,27,Female,0,Sunil Gowda,55,Male,A324,1.0,2025-07-25T12:50:30,Karnataka,Kalaburagi,Kalaburagi City PS,KA16133,Kalaburagi District & Sessions Court,Sunil Gowda,,2025-07-25T12:50:30,C,KA12195,50324,7,110,1,1,1,1,1,2025-07-25 12:50:30,55,1,17,4,7,0,0,1,91,1570,1.16,2,0,0
FIR,Non-Heinous,Chargesheet Filed,Karnataka,Ballari,Ballari District & Sessions Court,Police Station,Ballari City PS,KA29435,Ramesh Kuruba,Head Constable,Investigating Officer,1988-05-15,Male,O Positive,0,2012-06-01,FIR/08/118/2025/0325,CC/2025/050325,2025-08-12,Snatching of gold chain from pedestrian by bike-borne suspects during evening hours.,2025-08-11T01:17:58,2025-08-11T01:17:58,2025-08-12T16:17:58,15.1329,76.9737,"Incident near coordinates 15.1329, 76.9737",Cyber Crime,Cryptocurrency Crime,IPC,Indian Penal Code,IPC,379,Punishment for theft,1,1,Abhishek Deshmukh,59,Private Employee,Hindu,General,Male,Sunitha Kambale,43,Female,0,Manjunath Deshmukh,18,Male,A325,1.0,2025-08-12T16:17:58,Karnataka,Ballari,Ballari City PS,KA15455,Ballari District & Sessions Court,Manjunath Deshmukh,,2025-08-12T16:17:58,C,KA77173,50325,8,118,3,1,3,13,1,2025-08-12 16:17:58,18,1,1,1,8,0,1,2,326,2592,1.01,1,0,0
FIR,Non-Heinous,Chargesheet Filed,Karnataka,Ballari,Ballari District & Sessions Court,Police Station,Ballari City PS,KA80669,Raghavendra Kulkarni,Constable,Investigating Officer,1988-05-15,Male,O Positive,0,2012-06-01,FIR/08/127/2025/0326,CC/2025/050326,2025-02-09,Burglary incident reported at commercial establishment. Locked doors broken open and cash stolen.,2025-02-08T12:04:26,2025-02-08T12:04:26,2025-02-09T14:04:26,15.2236,76.9407,"Incident near coordinates 15.2236, 76.9407",Property Crimes,Theft,IPC,Indian Penal Code,IPC,379,Punishment for theft,1,1,Darshan Chavhan,63,Private Employee,Hindu,General,Male,Prakash Bhat,47,Female,0,Anand Gowda,29,Male,A326,1.0,2025-02-09T14:04:26,Karnataka,Ballari,Ballari City PS,KA82442,Ballari District & Sessions Court,Anand Gowda,,2025-02-09T14:04:26,C,KA66740,50326,8,127,2,1,1,1,1,2025-02-09 14:04:26,29,1,12,6,2,1,0,2,334,1323,2.84,3,1,0
FIR,Non-Heinous,Chargesheet Filed,Karnataka,Ballari,Ballari District & Sessions Court,Police Station,Ballari City PS,KA94351,Suresh Nayak,Constable,Investigating Officer,1988-05-15,Male,O Positive,0,2012-06-01,FIR/08/129/2025/0327,CC/2025/050327,2025-02-10,Cyber fraud complaint regarding unauthorized digital transaction via fake banking link.,2025-02-09T08:06:41,2025-02-09T08:06:41,2025-02-10T06:06:41,15.1596,76.9431,"Incident near coordinates 15.1596, 76.9431",Crimes Against Body,Murder,IPC,Indian Penal Code,IPC,379,Punishment for theft,1,1,Ramesh Patil,24,Private Employee,Hindu,General,Male,Basavaraj Bhat,43,Female,0,Deepa Deshmukh,25,Female,A327,1.0,2025-02-10T06:06:41,Karnataka,Ballari,Ballari City PS,KA90191,Ballari District & Sessions Court,Deepa Deshmukh,,2025-02-10T06:06:41,C,KA32741,50327,8,129,1,1,2,6,1,2025-02-10 06:06:41,25,2,8,7,2,1,0,1,723,658,4.5,2,1,0
FIR,Non-Heinous,Chargesheet Filed,Karnataka,Ballari,Ballari District & Sessions Court,Police Station,Ballari City PS,KA12069,Prakash Hegde,Sub-Inspector,Investigating Officer,1988-05-15,Male,O Positive,0,2012-06-01,FIR/08/127/2025/0328,CC/2025/050328,2025-03-18,Burglary incident reported at commercial establishment. Locked doors broken open and cash stolen.,2025-03-18T04:43:50,2025-03-18T04:43:50,2025-03-18T16:43:50,15.1163,76.8567,"Incident near coordinates 15.1163, 76.8567",Property Crimes,Burglary,IPC,Indian Penal Code,IPC,379,Punishment for theft,1,1,Mahesh Deshmukh,24,Private Employee,Hindu,General,Male,Meenakshi Gowda,35,Female,0,Pradeep Puri,71,Male,A328,1.0,2025-03-18T16:43:50,Karnataka,Ballari,Ballari City PS,KA69322,Ballari District & Sessions Court,Pradeep Puri,,2025-03-18T16:43:50,C,KA54473,50328,8,127,2,1,1,3,1,2025-03-18 16:43:50,71,1,4,2,3,0,1,3,398,1983,2.85,2,1,0
FIR,Non-Heinous,Chargesheet Filed,Karnataka,Davangere,Davangere District & Sessions Court,Police Station,Davangere Extension PS,KA89796,Ganesh Chavhan,Head Constable,Investigating Officer,1988-05-15,Male,O Positive,0,2012-06-01,FIR/12/177/2025/0329,CC/2025/050329,2025-04-08,Housebreaking by night reported. Electronic goods and valuables stolen while occupants were away.,2025-04-07T23:41:00,2025-04-07T23:41:00,2025-04-08T14:41:00,14.5391,75.8732,"Incident near coordinates 14.5391, 75.8732",Property Crimes,Burglary,IPC,Indian Penal Code,IPC,379,Punishment for theft,1,1,Shivakumar Patil,35,Private Employee,Hindu,General,Male,Kavitha Rao,48,Female,0,Basavaraj Chavhan,28,Male,A329,1.0,2025-04-08T14:41:00,Karnataka,Davangere,Davangere Extension PS,KA30645,Davangere District & Sessions Court,Basavaraj Chavhan,,2025-04-08T14:41:00,C,KA75930,50329,12,177,3,1,1,3,1,2025-04-08 14:41:00,28,1,23,1,4,0,1,1,637,3430,0.72,2,1,0
FIR,Non-Heinous,Chargesheet Filed,Karnataka,Ballari,Ballari District & Sessions Court,Police Station,Ballari City PS,KA53724,Abhishek Hegde,Sub-Inspector,Investigating Officer,1988-05-15,Male,O Positive,0,2012-06-01,FIR/08/126/2025/0330,CC/2025/050330,2025-08-01,Accused unlawfully intercepted complainant near main road intersection and committed extortion and assault.,2025-07-31T00:27:24,2025-07-31T00:27:24,2025-08-01T23:27:24,15.1589,76.8986,"Incident near coordinates 15.1589, 76.8986",Cyber Crime,Cryptocurrency Crime,IPC,Indian Penal Code,IPC,379,Punishment for theft,1,1,Mahesh Hegde,25,Private Employee,Hindu,General,Male,Abhishek Kambale,47,Female,0,Abhishek Rao,51,Male,A330,1.0,2025-08-01T23:27:24,Karnataka,Ballari,Ballari City PS,KA88174,Ballari District & Sessions Court,Abhishek Rao,,2025-08-01T23:27:24,C,KA74270,50330,8,126,2,1,3,13,1,2025-08-01 23:27:24,51,1,0,4,7,0,1,1,414,1667,4.4,2,1,0
FIR,Non-Heinous,Chargesheet Filed,Karnataka,Ballari,Ballari District & Sessions Court,Police Station,Ballari City PS,KA76935,Manjunath Reddy,Head Constable,Investigating Officer,1988-05-15,Male,O Positive,0,2012-06-01,FIR/08/119/2025/0331,CC/2025/050331,2025-06-22,Accused unlawfully intercepted complainant near main road intersection and committed extortion and assault.,2025-06-21T03:41:50,2025-06-21T03:41:50,2025-06-22T08:41:50,15.1789,76.975,"Incident near coordinates 15.1789, 76.975",Cyber Crime,Cryptocurrency Crime,IPC,Indian Penal Code,IPC,379,Punishment for theft,1,1,Geetha Bhat,43,Private Employee,Hindu,General,Male,Sunitha Puri,20,Female,0,Roopa Puri,29,Female,A331,1.0,2025-06-22T08:41:50,Karnataka,Ballari,Ballari City PS,KA87121,Ballari District & Sessions Court,Roopa Puri,,2025-06-22T08:41:50,C,KA17692,50331,8,119,1,1,3,13,1,2025-06-22 08:41:50,29,2,3,6,6,1,1,2,645,2345,0.18,2,1,0
FIR,Non-Heinous,Chargesheet Filed,Karnataka,Shivamogga,Shivamogga District & Sessions Court,Police Station,Shivamogga Town PS,KA16913,Kumar Kulkarni,Constable,Investigating Officer,1988-05-15,Male,O Positive,0,2012-06-01,FIR/11/168/2025/0332,CC/2025/050332,2025-06-26,Burglary incident reported at commercial establishment. Locked doors broken open and cash stolen.,2025-06-25T16:00:33,2025-06-25T16:00:33,2025-06-26T05:00:33,13.9706,75.5466,"Incident near coordinates 13.9706, 75.5466",Cyber Crime,Dark Web Crime,IPC,Indian Penal Code,IPC,379,Punishment for theft,1,1,Geetha Puri,33,Private Employee,Hindu,General,Male,Prakash Kuruba,30,Female,0,Mahesh Kambale,62,Male,A332,1.0,2025-06-26T05:00:33,Karnataka,Shivamogga,Shivamogga Town PS,KA99025,Shivamogga District & Sessions Court,Mahesh Kambale,,2025-06-26T05:00:33,C,KA29359,50332,11,168,3,1,3,12,1,2025-06-26 05:00:33,62,1,16,3,6,0,0,1,637,3252,0.19,2,1,0
FIR,Non-Heinous,Chargesheet Filed,Karnataka,Shivamogga,Shivamogga District & Sessions Court,Police Station,Shivamogga Town PS,KA22846,Ramesh Puri,Head Constable,Investigating Officer,1988-05-15,Male,O Positive,0,2012-06-01,FIR/11/167/2025/0333,CC/2025/050333,2025-10-02,Cyber fraud complaint regarding unauthorized digital transaction via fake banking link.,2025-09-30T20:37:50,2025-09-30T20:37:50,2025-10-02T13:37:50,13.9531,75.6452,"Incident near coordinates 13.9531, 75.6452",Property Crimes,Theft,IPC,Indian Penal Code,IPC,379,Punishment for theft,1,1,Shivakumar Nayak,59,Private Employee,Hindu,General,Male,Shivakumar Gowda,20,Female,0,Divya Naik,52,Female,A333,1.0,2025-10-02T13:37:50,Karnataka,Shivamogga,Shivamogga Town PS,KA12082,Shivamogga District & Sessions Court,Divya Naik,,2025-10-02T13:37:50,C,KA94797,50333,11,167,1,1,1,1,1,2025-10-02 13:37:50,52,2,20,2,9,0,0,3,379,1122,1.15,1,0,0
FIR,Non-Heinous,Chargesheet Filed,Karnataka,Belagavi,Belagavi District & Sessions Court,Police Station,Belagavi City PS,KA34823,Satish Pujari,Head Constable,Investigating Officer,1988-05-15,Male,O Positive,0,2012-06-01,FIR/06/087/2025/0334,CC/2025/050334,2025-06-04,Snatching of gold chain from pedestrian by bike-borne suspects during evening hours.,2025-06-04T09:52:54,2025-06-04T09:52:54,2025-06-04T20:52:54,15.988,74.5178,"Incident near coordinates 15.988, 74.5178",Cyber Crime,Cyber Crime,IPC,Indian Penal Code,IPC,379,Punishment for theft,1,1,Vijay Bhat,31,Private Employee,Hindu,General,Male,Ramesh Gowda,51,Female,0,Raghavendra Kulkarni,55,Male,A334,1.0,2025-06-04T20:52:54,Karnataka,Belagavi,Belagavi City PS,KA63288,Belagavi District & Sessions Court,Raghavendra Kulkarni,,2025-06-04T20:52:54,C,KA14064,50334,6,87,2,1,3,11,1,2025-06-04 20:52:54,55,1,9,3,6,0,0,1,895,2840,1.99,2,1,0
FIR,Non-Heinous,Chargesheet Filed,Karnataka,Belagavi,Belagavi District & Sessions Court,Police Station,Belagavi City PS,KA16850,Mahesh Deshmukh,Inspector,Investigating Officer,1988-05-15,Male,O Positive,0,2012-06-01,FIR/06/088/2025/0335,CC/2025/050335,2025-11-16,Accused unlawfully intercepted complainant near main road intersection and committed extortion and assault.,2025-11-15T21:32:08,2025-11-15T21:32:08,2025-11-16T09:32:08,15.9054,74.4724,"Incident near coordinates 15.9054, 74.4724",Cyber Crime,Cryptocurrency Crime,IPC,Indian Penal Code,IPC,379,Punishment for theft,1,1,Nayana Patil,24,Private Employee,Hindu,General,Male,Sunil Chavhan,43,Female,0,Satish Bhat,24,Male,A335,1.0,2025-11-16T09:32:08,Karnataka,Belagavi,Belagavi City PS,KA22812,Belagavi District & Sessions Court,Satish Bhat,,2025-11-16T09:32:08,C,KA63158,50335,6,88,1,1,3,13,1,2025-11-16 09:32:08,24,1,21,6,11,1,0,1,146,2910,2.79,3,1,0
FIR,Non-Heinous,Chargesheet Filed,Karnataka,Shivamogga,Shivamogga District & Sessions Court,Police Station,Shivamogga Town PS,KA51860,Prakash Joshi,Inspector,Investigating Officer,1988-05-15,Male,O Positive,0,2012-06-01,FIR/11/166/2025/0336,CC/2025/050336,2025-02-21,Housebreaking by night reported. Electronic goods and valuables stolen while occupants were away.,2025-02-20T20:32:24,2025-02-20T20:32:24,2025-02-21T14:32:24,13.9996,75.6554,"Incident near coordinates 13.9996, 75.6554",Property Crimes,Theft,IPC,Indian Penal Code,IPC,379,Punishment for theft,1,1,Darshan Kulkarni,51,Private Employee,Hindu,General,Male,Sunitha Kulkarni,23,Female,0,Kiran Puri,49,Male,A336,1.0,2025-02-21T14:32:24,Karnataka,Shivamogga,Shivamogga Town PS,KA88138,Shivamogga District & Sessions Court,Kiran Puri,,2025-02-21T14:32:24,C,KA35143,50336,11,166,2,1,1,1,1,2025-02-21 14:32:24,49,1,20,4,2,0,0,2,234,2500,0.22,2,0,0
FIR,Non-Heinous,Chargesheet Filed,Karnataka,Belagavi,Belagavi District & Sessions Court,Police Station,Belagavi City PS,KA98204,Suresh Rao,Inspector,Investigating Officer,1988-05-15,Male,O Positive,0,2012-06-01,FIR/06/096/2025/0337,CC/2025/050337,2025-09-12,Cyber fraud complaint regarding unauthorized digital transaction via fake banking link.,2025-09-11T21:37:45,2025-09-11T21:37:45,2025-09-12T05:37:45,15.8438,74.6334,"Incident near coordinates 15.8438, 74.6334",Financial Crime,Cheating,IPC,Indian Penal Code,IPC,379,Punishment for theft,1,1,Divya Kuruba,62,Private Employee,Hindu,General,Male,Nagaraj Patil,53,Female,0,Deepa Hegde,59,Transgender,A337,1.0,2025-09-12T05:37:45,Karnataka,Belagavi,Belagavi City PS,KA46360,Belagavi District & Sessions Court,Deepa Hegde,,2025-09-12T05:37:45,C,KA23218,50337,6,96,1,1,4,15,1,2025-09-12 05:37:45,59,3,21,4,9,0,0,1,219,1653,0.38,1,0,0
FIR,Non-Heinous,Chargesheet Filed,Karnataka,Belagavi,Belagavi District & Sessions Court,Police Station,Belagavi City PS,KA25134,Anand Rao,Head Constable,Investigating Officer,1988-05-15,Male,O Positive,0,2012-06-01,FIR/06/092/2025/0338,CC/2025/050338,2025-08-20,Burglary incident reported at commercial establishment. Locked doors broken open and cash stolen.,2025-08-19T15:06:57,2025-08-19T15:06:57,2025-08-20T03:06:57,15.9534,74.643,"Incident near coordinates 15.9534, 74.643",Property Crimes,Burglary,IPC,Indian Penal Code,IPC,379,Punishment for theft,1,1,Shilpa Patil,30,Private Employee,Hindu,General,Male,Sowmya Joshi,35,Female,0,Prakash Kulkarni,56,Male,A338,1.0,2025-08-20T03:06:57,Karnataka,Belagavi,Belagavi City PS,KA72702,Belagavi District & Sessions Court,Prakash Kulkarni,,2025-08-20T03:06:57,C,KA27013,50338,6,92,2,1,1,3,1,2025-08-20 03:06:57,56,1,15,2,8,0,0,1,181,2810,4.16,2,1,0
FIR,Non-Heinous,Chargesheet Filed,Karnataka,Belagavi,Belagavi District & Sessions Court,Police Station,Belagavi City PS,KA62844,Manjunath Kambale,Inspector,Investigating Officer,1988-05-15,Male,O Positive,0,2012-06-01,FIR/06/093/2025/0339,CC/2025/050339,2025-05-12,Burglary incident reported at commercial establishment. Locked doors broken open and cash stolen.,2025-05-11T16:17:29,2025-05-11T16:17:29,2025-05-12T21:17:29,15.8975,74.646,"Incident near coordinates 15.8975, 74.646",Property Crimes,Theft,IPC,Indian Penal Code,IPC,379,Punishment for theft,1,1,Kumar Kulkarni,39,Private Employee,Hindu,General,Male,Geetha Gowda,28,Female,0,Anand Patil,45,Male,A339,1.0,2025-05-12T21:17:29,Karnataka,Belagavi,Belagavi City PS,KA68011,Belagavi District & Sessions Court,Anand Patil,,2025-05-12T21:17:29,C,KA67818,50339,6,93,2,1,1,1,1,2025-05-12 21:17:29,45,1,16,7,5,1,0,1,344,1399,0.46,3,0,0
FIR,Non-Heinous,Chargesheet Filed,Karnataka,Belagavi,Belagavi District & Sessions Court,Police Station,Belagavi City PS,KA80386,Kiran Chavhan,Head Constable,Investigating Officer,1988-05-15,Male,O Positive,0,2012-06-01,FIR/06/099/2025/0340,CC/2025/050340,2025-09-02,Snatching of gold chain from pedestrian by bike-borne suspects during evening hours.,2025-08-31T17:53:04,2025-08-31T17:53:04,2025-09-02T08:53:04,15.9222,74.6219,"Incident near coordinates 15.9222, 74.6219",Property Crimes,Burglary,IPC,Indian Penal Code,IPC,379,Punishment for theft,1,1,Geetha Bhat,61,Private Employee,Hindu,General,Male,Vijay Puri,53,Female,0,Ramesh Chavhan,60,Male,A340,1.0,2025-09-02T08:53:04,Karnataka,Belagavi,Belagavi City PS,KA12701,Belagavi District & Sessions Court,Ramesh Chavhan,,2025-09-02T08:53:04,C,KA89938,50340,6,99,2,1,1,3,1,2025-09-02 08:53:04,60,1,17,7,8,1,0,2,793,527,3.29,2,1,0
FIR,Heinous,Chargesheet Filed,Karnataka,Kalaburagi,Kalaburagi District & Sessions Court,Police Station,Kalaburagi City PS,KA93256,Prakash Reddy,Head Constable,Investigating Officer,1988-05-15,Male,O Positive,0,2012-06-01,FIR/07/114/2025/0341,CC/2025/050341,2025-02-09,Snatching of gold chain from pedestrian by bike-borne suspects during evening hours.,2025-02-07T15:07:32,2025-02-07T15:07:32,2025-02-09T05:07:32,17.2672,76.854,"Incident near coordinates 17.2672, 76.854",Crimes Against Body,Assault,IPC,Indian Penal Code,IPC,379,Punishment for theft,1,1,Kumar Shetty,49,Private Employee,Hindu,General,Male,Basavaraj Gowda,20,Female,0,Raghavendra Naik,61,Male,A341,1.0,2025-02-09T05:07:32,Karnataka,Kalaburagi,Kalaburagi City PS,KA27353,Kalaburagi District & Sessions Court,Raghavendra Naik,,2025-02-09T05:07:32,C,KA51756,50341,7,114,3,2,2,7,1,2025-02-09 05:07:32,61,1,15,5,2,0,0,4,166,2077,2.66,3,1,0
FIR,Non-Heinous,Chargesheet Filed,Karnataka,Shivamogga,Shivamogga District & Sessions Court,Police Station,Shivamogga Town PS,KA90613,Shivakumar Kulkarni,Head Constable,Investigating Officer,1988-05-15,Male,O Positive,0,2012-06-01,FIR/11/174/2025/0342,CC/2025/050342,2025-04-08,Burglary incident reported at commercial establishment. Locked doors broken open and cash stolen.,2025-04-07T10:21:21,2025-04-07T10:21:21,2025-04-08T06:21:21,14.0048,75.5971,"Incident near coordinates 14.0048, 75.5971",Property Crimes,Burglary,IPC,Indian Penal Code,IPC,379,Punishment for theft,1,1,Rekha Pujari,25,Private Employee,Hindu,General,Male,Prakash Reddy,36,Female,0,Kiran Hegde,54,Male,A342,1.0,2025-04-08T06:21:21,Karnataka,Shivamogga,Shivamogga Town PS,KA45017,Shivamogga District & Sessions Court,Kiran Hegde,,2025-04-08T06:21:21,C,KA78616,50342,11,174,1,1,1,3,1,2025-04-08 06:21:21,54,1,10,1,4,0,0,1,240,463,0.57,1,0,0
FIR,Non-Heinous,Chargesheet Filed,Karnataka,Belagavi,Belagavi District & Sessions Court,Police Station,Belagavi City PS,KA30912,Prakash Naik,Constable,Investigating Officer,1988-05-15,Male,O Positive,0,2012-06-01,FIR/06/096/2025/0343,CC/2025/050343,2025-01-09,Burglary incident reported at commercial establishment. Locked doors broken open and cash stolen.,2025-01-07T22:43:24,2025-01-07T22:43:24,2025-01-09T15:43:24,15.8014,74.5978,"Incident near coordinates 15.8014, 74.5978",Cyber Crime,Cryptocurrency Crime,IPC,Indian Penal Code,IPC,379,Punishment for theft,1,1,Darshan Bhat,49,Private Employee,Hindu,General,Male,Shivakumar Bhat,48,Female,0,Nagaraj Kambale,60,Male,A343,1.0,2025-01-09T15:43:24,Karnataka,Belagavi,Belagavi City PS,KA11005,Belagavi District & Sessions Court,Nagaraj Kambale,,2025-01-09T15:43:24,C,KA91446,50343,6,96,2,1,3,13,1,2025-01-09 15:43:24,60,1,22,2,1,0,1,2,378,777,3.03,2,1,0
FIR,Heinous,Chargesheet Filed,Karnataka,Shivamogga,Shivamogga District & Sessions Court,Police Station,Shivamogga Town PS,KA42052,Kiran Naik,Sub-Inspector,Investigating Officer,1988-05-15,Male,O Positive,0,2012-06-01,FIR/11/170/2025/0344,CC/2025/050344,2025-12-28,Burglary incident reported at commercial establishment. Locked doors broken open and cash stolen.,2025-12-27T18:52:46,2025-12-27T18:52:46,2025-12-28T03:52:46,13.9884,75.5904,"Incident near coordinates 13.9884, 75.5904",Crimes Against Body,Murder,IPC,Indian Penal Code,IPC,379,Punishment for theft,1,1,Ganesh Bhat,33,Private Employee,Hindu,General,Male,Prakash Shetty,49,Female,0,Sudha Joshi,50,Female,A344,1.0,2025-12-28T03:52:46,Karnataka,Shivamogga,Shivamogga Town PS,KA70544,Shivamogga District & Sessions Court,Sudha Joshi,,2025-12-28T03:52:46,C,KA58715,50344,11,170,3,2,2,6,1,2025-12-28 03:52:46,50,2,18,6,12,1,0,1,431,1142,3.35,3,1,0
FIR,Non-Heinous,Chargesheet Filed,Karnataka,Shivamogga,Shivamogga District & Sessions Court,Police Station,Shivamogga Town PS,KA77739,Manjunath Pujari,Inspector,Investigating Officer,1988-05-15,Male,O Positive,0,2012-06-01,FIR/11/171/2025/0345,CC/2025/050345,2025-08-21,Burglary incident reported at commercial establishment. Locked doors broken open and cash stolen.,2025-08-20T19:51:58,2025-08-20T19:51:58,2025-08-21T14:51:58,13.9352,75.5994,"Incident near coordinates 13.9352, 75.5994",Property Crimes,Burglary,IPC,Indian Penal Code,IPC,379,Punishment for theft,1,1,Suresh Rao,27,Private Employee,Hindu,General,Male,Raghavendra Deshmukh,32,Female,0,Satish Rao,35,Male,A345,1.0,2025-08-21T14:51:58,Karnataka,Shivamogga,Shivamogga Town PS,KA22240,Shivamogga District & Sessions Court,Satish Rao,,2025-08-21T14:51:58,C,KA35273,50345,11,171,3,1,1,3,1,2025-08-21 14:51:58,35,1,19,3,8,0,0,1,328,1725,3.28,1,1,0
FIR,Heinous,Chargesheet Filed,Karnataka,Ballari,Ballari District & Sessions Court,Police Station,Ballari City PS,KA19341,Basavaraj Gowda,Sub-Inspector,Investigating Officer,1988-05-15,Male,O Positive,0,2012-06-01,FIR/08/118/2025/0346,CC/2025/050346,2025-03-10,Complainant reported theft of motor vehicle parked in front of residence during night hours.,2025-03-09T08:22:46,2025-03-09T08:22:46,2025-03-10T03:22:46,15.2467,76.8556,"Incident near coordinates 15.2467, 76.8556",Financial Crime,Cheating,IPC,Indian Penal Code,IPC,379,Punishment for theft,1,1,Deepa Reddy,27,Private Employee,Hindu,General,Male,Darshan Deshmukh,30,Female,0,Manjunath Deshmukh,36,Male,A346,1.0,2025-03-10T03:22:46,Karnataka,Ballari,Ballari City PS,KA97286,Ballari District & Sessions Court,Manjunath Deshmukh,,2025-03-10T03:22:46,C,KA95771,50346,8,118,1,2,4,15,1,2025-03-10 03:22:46,36,1,8,7,3,1,0,3,551,2630,0.95,4,1,0
FIR,Non-Heinous,Chargesheet Filed,Karnataka,Ballari,Ballari District & Sessions Court,Police Station,Ballari City PS,KA44240,Nagaraj Deshmukh,Inspector,Investigating Officer,1988-05-15,Male,O Positive,0,2012-06-01,FIR/08/118/2025/0347,CC/2025/050347,2025-08-31,Accused unlawfully intercepted complainant near main road intersection and committed extortion and assault.,2025-08-31T09:13:17,2025-08-31T09:13:17,2025-08-31T12:13:17,15.1165,76.9755,"Incident near coordinates 15.1165, 76.9755",Cyber Crime,Cyber Crime,IPC,Indian Penal Code,IPC,379,Punishment for theft,1,1,Nayana Kulkarni,42,Private Employee,Hindu,General,Male,Deepa Gowda,30,Female,0,Anand Pujari,34,Male,A347,1.0,2025-08-31T12:13:17,Karnataka,Ballari,Ballari City PS,KA59890,Ballari District & Sessions Court,Anand Pujari,,2025-08-31T12:13:17,C,KA63530,50347,8,118,3,1,3,11,1,2025-08-31 12:13:17,34,1,9,7,8,1,0,1,799,2732,0.61,2,1,0
FIR,Non-Heinous,Chargesheet Filed,Karnataka,Shivamogga,Shivamogga District & Sessions Court,Police Station,Shivamogga Town PS,KA13578,Prakash Rao,Head Constable,Investigating Officer,1988-05-15,Male,O Positive,0,2012-06-01,FIR/11/172/2025/0348,CC/2025/050348,2025-02-03,Burglary incident reported at commercial establishment. Locked doors broken open and cash stolen.,2025-02-02T07:55:12,2025-02-02T07:55:12,2025-02-03T10:55:12,13.9736,75.6458,"Incident near coordinates 13.9736, 75.6458",Property Crimes,Burglary,IPC,Indian Penal Code,IPC,379,Punishment for theft,1,1,Kumar Pujari,43,Private Employee,Hindu,General,Male,Manjunath Kuruba,50,Female,0,Darshan Bhat,54,Male,A348,1.0,2025-02-03T10:55:12,Karnataka,Shivamogga,Shivamogga Town PS,KA90052,Shivamogga District & Sessions Court,Darshan Bhat,,2025-02-03T10:55:12,C,KA76586,50348,11,172,1,1,1,3,1,2025-02-03 10:55:12,54,1,7,7,2,1,0,1,382,1481,3.6,2,1,0
FIR,Non-Heinous,Chargesheet Filed,Karnataka,Davangere,Davangere District & Sessions Court,Police Station,Davangere Extension PS,KA33012,Pradeep Pujari,Sub-Inspector,Investigating Officer,1988-05-15,Male,O Positive,0,2012-06-01,FIR/12/188/2025/0349,CC/2025/050349,2025-07-31,Snatching of gold chain from pedestrian by bike-borne suspects during evening hours.,2025-07-30T02:25:35,2025-07-30T02:25:35,2025-07-31T16:25:35,14.5406,75.8691,"Incident near coordinates 14.5406, 75.8691",Cyber Crime,Cyber Crime,IPC,Indian Penal Code,IPC,379,Punishment for theft,1,1,Ramesh Hegde,46,Private Employee,Hindu,General,Male,Mahesh Rao,26,Female,0,Shivakumar Puri,22,Male,A349,1.0,2025-07-31T16:25:35,Karnataka,Davangere,Davangere Extension PS,KA35831,Davangere District & Sessions Court,Shivakumar Puri,,2025-07-31T16:25:35,C,KA19347,50349,12,188,1,1,3,11,1,2025-07-31 16:25:35,22,1,2,3,7,0,1,1,411,677,3.51,2,1,0
FIR,Non-Heinous,Chargesheet Filed,Karnataka,Kalaburagi,Kalaburagi District & Sessions Court,Police Station,Kalaburagi City PS,KA18378,Raghavendra Hegde,Head Constable,Investigating Officer,1988-05-15,Male,O Positive,0,2012-06-01,FIR/07/113/2025/0350,CC/2025/050350,2025-06-15,Burglary incident reported at commercial establishment. Locked doors broken open and cash stolen.,2025-06-13T08:15:15,2025-06-13T08:15:15,2025-06-15T07:15:15,17.3568,76.8218,"Incident near coordinates 17.3568, 76.8218",Cyber Crime,Cryptocurrency Crime,IPC,Indian Penal Code,IPC,379,Punishment for theft,1,1,Satish Hegde,37,Private Employee,Hindu,General,Male,Aswini Kambale,46,Female,0,Nagaraj Naik,24,Male,A350,1.0,2025-06-15T07:15:15,Karnataka,Kalaburagi,Kalaburagi City PS,KA70332,Kalaburagi District & Sessions Court,Nagaraj Naik,,2025-06-15T07:15:15,C,KA46529,50350,7,113,3,1,3,13,1,2025-06-15 07:15:15,24,1,8,5,6,0,0,1,447,1784,3.82,2,1,0
FIR,Non-Heinous,Chargesheet Filed,Karnataka,Davangere,Davangere District & Sessions Court,Police Station,Davangere Extension PS,KA31460,Ganesh Deshmukh,Head Constable,Investigating Officer,1988-05-15,Male,O Positive,0,2012-06-01,FIR/12/176/2025/0351,CC/2025/050351,2025-12-03,Burglary incident reported at commercial establishment. Locked doors broken open and cash stolen.,2025-12-01T15:24:44,2025-12-01T15:24:44,2025-12-03T03:24:44,14.4794,75.9158,"Incident near coordinates 14.4794, 75.9158",Cyber Crime,Cryptocurrency Crime,IPC,Indian Penal Code,IPC,379,Punishment for theft,1,1,Kumar Pujari,58,Private Employee,Hindu,General,Male,Darshan Chavhan,43,Female,0,Ganesh Hegde,45,Male,A351,1.0,2025-12-03T03:24:44,Karnataka,Davangere,Davangere Extension PS,KA40252,Davangere District & Sessions Court,Ganesh Hegde,,2025-12-03T03:24:44,C,KA70797,50351,12,176,2,1,3,13,1,2025-12-03 03:24:44,45,1,15,1,12,0,0,1,407,1131,0.73,2,0,0
FIR,Heinous,Chargesheet Filed,Karnataka,Ballari,Ballari District & Sessions Court,Police Station,Ballari City PS,KA81877,Sunil Puri,Head Constable,Investigating Officer,1988-05-15,Male,O Positive,0,2012-06-01,FIR/08/122/2025/0352,CC/2025/050352,2025-04-05,Snatching of gold chain from pedestrian by bike-borne suspects during evening hours.,2025-04-03T21:12:47,2025-04-03T21:12:47,2025-04-05T10:12:47,15.2183,76.9196,"Incident near coordinates 15.2183, 76.9196",Crimes Against Body,Assault,IPC,Indian Penal Code,IPC,379,Punishment for theft,1,1,Prakash Rao,45,Private Employee,Hindu,General,Male,Ambika Joshi,57,Female,0,Nayana Kuruba,72,Transgender,A352,1.0,2025-04-05T10:12:47,Karnataka,Ballari,Ballari City PS,KA80389,Ballari District & Sessions Court,Nayana Kuruba,,2025-04-05T10:12:47,C,KA10735,50352,8,122,3,2,2,7,1,2025-04-05 10:12:47,72,3,21,4,4,0,0,2,120,1068,4.17,3,1,0
FIR,Non-Heinous,Chargesheet Filed,Karnataka,Davangere,Davangere District & Sessions Court,Police Station,Davangere Extension PS,KA80429,Suresh Puri,Constable,Investigating Officer,1988-05-15,Male,O Positive,0,2012-06-01,FIR/12/183/2025/0353,CC/2025/050353,2025-06-01,Snatching of gold chain from pedestrian by bike-borne suspects during evening hours.,2025-05-31T08:31:01,2025-05-31T08:31:01,2025-06-01T22:31:01,14.4343,75.8732,"Incident near coordinates 14.4343, 75.8732",Property Crimes,Burglary,IPC,Indian Penal Code,IPC,379,Punishment for theft,1,1,Kiran Patil,42,Private Employee,Hindu,General,Male,Pradeep Naik,55,Female,0,Manjunath Pujari,40,Male,A353,1.0,2025-06-01T22:31:01,Karnataka,Davangere,Davangere Extension PS,KA69189,Davangere District & Sessions Court,Manjunath Pujari,,2025-06-01T22:31:01,C,KA83260,50353,12,183,2,1,1,3,1,2025-06-01 22:31:01,40,1,8,6,5,1,0,2,819,847,2.81,3,1,0
FIR,Heinous,Chargesheet Filed,Karnataka,Shivamogga,Shivamogga District & Sessions Court,Police Station,Shivamogga Town PS,KA54453,Pradeep Chavhan,Constable,Investigating Officer,1988-05-15,Male,O Positive,0,2012-06-01,FIR/11/165/2025/0354,CC/2025/050354,2025-06-28,Accused unlawfully intercepted complainant near main road intersection and committed extortion and assault.,2025-06-27T22:10:52,2025-06-27T22:10:52,2025-06-28T12:10:52,14.0433,75.5456,"Incident near coordinates 14.0433, 75.5456",Financial Crime,Money Laundering,IPC,Indian Penal Code,IPC,379,Punishment for theft,1,1,Sunil Rao,28,Private Employee,Hindu,General,Male,Nagaraj Naik,21,Female,0,Kiran Chavhan,58,Male,A354,1.0,2025-06-28T12:10:52,Karnataka,Shivamogga,Shivamogga Town PS,KA96638,Shivamogga District & Sessions Court,Kiran Chavhan,,2025-06-28T12:10:52,C,KA22552,50354,11,165,1,2,4,14,1,2025-06-28 12:10:52,58,1,22,5,6,0,1,2,259,3383,3.07,3,1,0
FIR,Non-Heinous,Chargesheet Filed,Karnataka,Kalaburagi,Kalaburagi District & Sessions Court,Police Station,Kalaburagi City PS,KA91034,Prakash Hegde,Sub-Inspector,Investigating Officer,1988-05-15,Male,O Positive,0,2012-06-01,FIR/07/113/2025/0355,CC/2025/050355,2025-09-11,Burglary incident reported at commercial establishment. Locked doors broken open and cash stolen.,2025-09-09T19:20:20,2025-09-09T19:20:20,2025-09-11T01:20:20,17.3802,76.8122,"Incident near coordinates 17.3802, 76.8122",Cyber Crime,Dark Web Crime,IPC,Indian Penal Code,IPC,379,Punishment for theft,1,1,Ganesh Kulkarni,38,Private Employee,Hindu,General,Male,Pradeep Puri,39,Female,0,Geetha Kulkarni,64,Female,A355,1.0,2025-09-11T01:20:20,Karnataka,Kalaburagi,Kalaburagi City PS,KA78431,Kalaburagi District & Sessions Court,Geetha Kulkarni,,2025-09-11T01:20:20,C,KA59142,50355,7,113,1,1,3,12,1,2025-09-11 01:20:20,64,2,19,2,9,0,0,3,851,1599,2.97,1,1,0
FIR,Non-Heinous,Chargesheet Filed,Karnataka,Davangere,Davangere District & Sessions Court,Police Station,Davangere Extension PS,KA17124,Shivakumar Joshi,Inspector,Investigating Officer,1988-05-15,Male,O Positive,0,2012-06-01,FIR/12/179/2025/0356,CC/2025/050356,2025-10-13,Complainant reported theft of motor vehicle parked in front of residence during night hours.,2025-10-11T20:55:55,2025-10-11T20:55:55,2025-10-13T18:55:55,14.513,75.8995,"Incident near coordinates 14.513, 75.8995",Cyber Crime,Cryptocurrency Crime,IPC,Indian Penal Code,IPC,379,Punishment for theft,1,1,Kiran Shetty,26,Private Employee,Hindu,General,Male,Divya Kulkarni,22,Female,0,Suresh Rao,46,Male,A356,1.0,2025-10-13T18:55:55,Karnataka,Davangere,Davangere Extension PS,KA75547,Davangere District & Sessions Court,Suresh Rao,,2025-10-13T18:55:55,C,KA50047,50356,12,179,3,1,3,13,1,2025-10-13 18:55:55,46,1,20,6,10,1,0,1,599,2620,4.23,2,1,0
FIR,Non-Heinous,Chargesheet Filed,Karnataka,Kalaburagi,Kalaburagi District & Sessions Court,Police Station,Kalaburagi City PS,KA97540,Sunil Deshmukh,Head Constable,Investigating Officer,1988-05-15,Male,O Positive,0,2012-06-01,FIR/07/113/2025/0357,CC/2025/050357,2025-04-28,Accused unlawfully intercepted complainant near main road intersection and committed extortion and assault.,2025-04-26T16:18:20,2025-04-26T16:18:20,2025-04-28T13:18:20,17.3985,76.8711,"Incident near coordinates 17.3985, 76.8711",Property Crimes,Robbery,IPC,Indian Penal Code,IPC,379,Punishment for theft,1,1,Sunitha Shetty,43,Private Employee,Hindu,General,Male,Manjunath Kuruba,39,Female,0,Nagaraj Kuruba,22,Male,A357,1.0,2025-04-28T13:18:20,Karnataka,Kalaburagi,Kalaburagi City PS,KA46454,Kalaburagi District & Sessions Court,Nagaraj Kuruba,,2025-04-28T13:18:20,C,KA12550,50357,7,113,3,1,1,2,1,2025-04-28 13:18:20,22,1,16,6,4,1,0,1,223,3075,0.19,3,0,0
FIR,Non-Heinous,Chargesheet Filed,Karnataka,Davangere,Davangere District & Sessions Court,Police Station,Davangere Extension PS,KA17384,Vijay Nayak,Constable,Investigating Officer,1988-05-15,Male,O Positive,0,2012-06-01,FIR/12/186/2025/0358,CC/2025/050358,2025-03-03,Cyber fraud complaint regarding unauthorized digital transaction via fake banking link.,2025-03-03T04:54:05,2025-03-03T04:54:05,2025-03-03T07:54:05,14.45,75.8937,"Incident near coordinates 14.45, 75.8937",Property Crimes,Robbery,IPC,Indian Penal Code,IPC,379,Punishment for theft,1,1,Sunil Shetty,23,Private Employee,Hindu,General,Male,Kumar Kambale,24,Female,0,Basavaraj Bhat,71,Male,A358,1.0,2025-03-03T07:54:05,Karnataka,Davangere,Davangere Extension PS,KA32833,Davangere District & Sessions Court,Basavaraj Bhat,,2025-03-03T07:54:05,C,KA28263,50358,12,186,3,1,1,2,1,2025-03-03 07:54:05,71,1,4,1,3,0,1,1,589,2963,3.71,2,1,0
FIR,Non-Heinous,Chargesheet Filed,Karnataka,Belagavi,Belagavi District & Sessions Court,Police Station,Belagavi City PS,KA50588,Manjunath Kuruba,Head Constable,Investigating Officer,1988-05-15,Male,O Positive,0,2012-06-01,FIR/06/096/2025/0359,CC/2025/050359,2025-11-13,Burglary incident reported at commercial establishment. Locked doors broken open and cash stolen.,2025-11-12T10:35:21,2025-11-12T10:35:21,2025-11-13T01:35:21,15.9946,74.4588,"Incident near coordinates 15.9946, 74.4588",Property Crimes,Theft,IPC,Indian Penal Code,IPC,379,Punishment for theft,1,1,Ramesh Gowda,37,Private Employee,Hindu,General,Male,Nayana Bhat,21,Female,0,Roopa Hegde,60,Female,A359,1.0,2025-11-13T01:35:21,Karnataka,Belagavi,Belagavi City PS,KA42796,Belagavi District & Sessions Court,Roopa Hegde,,2025-11-13T01:35:21,C,KA50064,50359,6,96,2,1,1,1,1,2025-11-13 01:35:21,60,2,10,3,11,0,0,3,897,624,3.83,1,1,0
FIR,Non-Heinous,Chargesheet Filed,Karnataka,Ballari,Ballari District & Sessions Court,Police Station,Ballari City PS,KA80668,Suresh Kambale,Head Constable,Investigating Officer,1988-05-15,Male,O Positive,0,2012-06-01,FIR/08/119/2025/0360,CC/2025/050360,2025-05-06,Accused unlawfully intercepted complainant near main road intersection and committed extortion and assault.,2025-05-06T17:49:49,2025-05-06T17:49:49,2025-05-06T20:49:49,15.1684,76.9105,"Incident near coordinates 15.1684, 76.9105",Financial Crime,Money Laundering,IPC,Indian Penal Code,IPC,379,Punishment for theft,1,1,Abhishek Pujari,38,Private Employee,Hindu,General,Male,Vijay Pujari,49,Female,0,Ramesh Puri,38,Male,A360,1.0,2025-05-06T20:49:49,Karnataka,Ballari,Ballari City PS,KA38452,Ballari District & Sessions Court,Ramesh Puri,,2025-05-06T20:49:49,C,KA78899,50360,8,119,3,1,4,14,1,2025-05-06 20:49:49,38,1,17,2,5,0,0,1,766,2822,4.23,2,1,0
FIR,Non-Heinous,Chargesheet Filed,Karnataka,Ballari,Ballari District & Sessions Court,Police Station,Ballari City PS,KA65162,Prakash Naik,Inspector,Investigating Officer,1988-05-15,Male,O Positive,0,2012-06-01,FIR/08/127/2025/0361,CC/2025/050361,2025-12-30,Accused unlawfully intercepted complainant near main road intersection and committed extortion and assault.,2025-12-30T15:20:55,2025-12-30T15:20:55,2025-12-30T18:20:55,15.1277,76.9816,"Incident near coordinates 15.1277, 76.9816",Property Crimes,Burglary,IPC,Indian Penal Code,IPC,379,Punishment for theft,1,1,Lakshmi Gowda,40,Private Employee,Hindu,General,Male,Prakash Pujari,49,Female,0,Basavaraj Deshmukh,70,Male,A361,1.0,2025-12-30T18:20:55,Karnataka,Ballari,Ballari City PS,KA85774,Ballari District & Sessions Court,Basavaraj Deshmukh,,2025-12-30T18:20:55,C,KA24811,50361,8,127,3,1,1,3,1,2025-12-30 18:20:55,70,1,15,2,12,0,0,1,405,1770,0.44,2,0,0
FIR,Non-Heinous,Chargesheet Filed,Karnataka,Belagavi,Belagavi District & Sessions Court,Police Station,Belagavi City PS,KA55372,Kumar Joshi,Head Constable,Investigating Officer,1988-05-15,Male,O Positive,0,2012-06-01,FIR/06/096/2025/0362,CC/2025/050362,2025-07-07,Snatching of gold chain from pedestrian by bike-borne suspects during evening hours.,2025-07-06T21:42:59,2025-07-06T21:42:59,2025-07-07T15:42:59,15.8542,74.535,"Incident near coordinates 15.8542, 74.535",Property Crimes,Theft,IPC,Indian Penal Code,IPC,379,Punishment for theft,1,1,Raghavendra Kulkarni,46,Private Employee,Hindu,General,Male,Raghavendra Kambale,22,Female,0,Kumar Naik,52,Male,A362,1.0,2025-07-07T15:42:59,Karnataka,Belagavi,Belagavi City PS,KA38057,Belagavi District & Sessions Court,Kumar Naik,,2025-07-07T15:42:59,C,KA12975,50362,6,96,3,1,1,1,1,2025-07-07 15:42:59,52,1,21,7,7,1,0,2,587,1429,1.53,2,1,0
FIR,Non-Heinous,Chargesheet Filed,Karnataka,Kalaburagi,Kalaburagi District & Sessions Court,Police Station,Kalaburagi City PS,KA95318,Nagaraj Kuruba,Sub-Inspector,Investigating Officer,1988-05-15,Male,O Positive,0,2012-06-01,FIR/07/103/2025/0363,CC/2025/050363,2025-08-07,Accused unlawfully intercepted complainant near main road intersection and committed extortion and assault.,2025-08-06T08:53:18,2025-08-06T08:53:18,2025-08-07T20:53:18,17.3209,76.8053,"Incident near coordinates 17.3209, 76.8053",Property Crimes,Burglary,IPC,Indian Penal Code,IPC,379,Punishment for theft,1,1,Divya Bhat,40,Private Employee,Hindu,General,Male,Kumar Rao,22,Female,0,Sunitha Pujari,54,Female,A363,1.0,2025-08-07T20:53:18,Karnataka,Kalaburagi,Kalaburagi City PS,KA31848,Kalaburagi District & Sessions Court,Sunitha Pujari,,2025-08-07T20:53:18,C,KA99907,50363,7,103,2,1,1,3,1,2025-08-07 20:53:18,54,2,8,3,8,0,0,1,487,2676,0.64,1,0,0
FIR,Non-Heinous,Chargesheet Filed,Karnataka,Belagavi,Belagavi District & Sessions Court,Police Station,Belagavi City PS,KA40380,Anand Puri,Constable,Investigating Officer,1988-05-15,Male,O Positive,0,2012-06-01,FIR/06/098/2025/0364,CC/2025/050364,2025-08-31,Snatching of gold chain from pedestrian by bike-borne suspects during evening hours.,2025-08-29T15:29:53,2025-08-29T15:29:53,2025-08-31T08:29:53,15.858,74.4661,"Incident near coordinates 15.858, 74.4661",Crimes Against Body,Grievous Hurt,IPC,Indian Penal Code,IPC,379,Punishment for theft,1,1,Basavaraj Pujari,47,Private Employee,Hindu,General,Male,Sowmya Pujari,39,Female,0,Anand Nayak,27,Male,A364,1.0,2025-08-31T08:29:53,Karnataka,Belagavi,Belagavi City PS,KA86222,Belagavi District & Sessions Court,Anand Nayak,,2025-08-31T08:29:53,C,KA88680,50364,6,98,2,1,2,8,1,2025-08-31 08:29:53,27,1,15,5,8,0,0,5,623,3411,2.99,1,1,0
FIR,Non-Heinous,Chargesheet Filed,Karnataka,Belagavi,Belagavi District & Sessions Court,Police Station,Belagavi City PS,KA17213,Vijay Kambale,Constable,Investigating Officer,1988-05-15,Male,O Positive,0,2012-06-01,FIR/06/090/2025/0365,CC/2025/050365,2025-03-02,Burglary incident reported at commercial establishment. Locked doors broken open and cash stolen.,2025-03-02T18:41:12,2025-03-02T18:41:12,2025-03-02T21:41:12,15.8246,74.5724,"Incident near coordinates 15.8246, 74.5724",Crimes Against Body,Murder,IPC,Indian Penal Code,IPC,379,Punishment for theft,1,1,Rekha Rao,32,Private Employee,Hindu,General,Male,Kiran Joshi,51,Female,0,Prakash Chavhan,53,Male,A365,1.0,2025-03-02T21:41:12,Karnataka,Belagavi,Belagavi City PS,KA35841,Belagavi District & Sessions Court,Prakash Chavhan,,2025-03-02T21:41:12,C,KA54609,50365,6,90,2,1,2,6,1,2025-03-02 21:41:12,53,1,18,7,3,1,0,1,113,1878,3.03,2,1,0
FIR,Non-Heinous,Chargesheet Filed,Karnataka,Kalaburagi,Kalaburagi District & Sessions Court,Police Station,Kalaburagi City PS,KA85195,Venkatesh Puri,Inspector,Investigating Officer,1988-05-15,Male,O Positive,0,2012-06-01,FIR/07/102/2025/0366,CC/2025/050366,2025-09-15,Housebreaking by night reported. Electronic goods and valuables stolen while occupants were away.,2025-09-14T19:33:26,2025-09-14T19:33:26,2025-09-15T02:33:26,17.2946,76.8135,"Incident near coordinates 17.2946, 76.8135",Cyber Crime,Cyber Crime,IPC,Indian Penal Code,IPC,379,Punishment for theft,1,1,Raghavendra Shetty,58,Private Employee,Hindu,General,Male,Ganesh Pujari,20,Female,0,Basavaraj Chavhan,49,Male,A366,1.0,2025-09-15T02:33:26,Karnataka,Kalaburagi,Kalaburagi City PS,KA16509,Kalaburagi District & Sessions Court,Basavaraj Chavhan,,2025-09-15T02:33:26,C,KA62065,50366,7,102,2,1,3,11,1,2025-09-15 02:33:26,49,1,19,7,9,1,0,1,168,3373,3.14,2,1,0
FIR,Non-Heinous,Chargesheet Filed,Karnataka,Ballari,Ballari District & Sessions Court,Police Station,Ballari City PS,KA62681,Satish Kulkarni,Constable,Investigating Officer,1988-05-15,Male,O Positive,0,2012-06-01,FIR/08/128/2025/0367,CC/2025/050367,2025-01-25,Housebreaking by night reported. Electronic goods and valuables stolen while occupants were away.,2025-01-24T08:50:17,2025-01-24T08:50:17,2025-01-25T18:50:17,15.1778,76.9103,"Incident near coordinates 15.1778, 76.9103",Financial Crime,Money Laundering,IPC,Indian Penal Code,IPC,379,Punishment for theft,1,1,Prakash Joshi,61,Private Employee,Hindu,General,Male,Satish Kambale,26,Female,0,Ganesh Rao,46,Male,A367,1.0,2025-01-25T18:50:17,Karnataka,Ballari,Ballari City PS,KA21541,Ballari District & Sessions Court,Ganesh Rao,,2025-01-25T18:50:17,C,KA85782,50367,8,128,1,1,4,14,1,2025-01-25 18:50:17,46,1,8,5,1,0,0,2,302,1935,2.1,1,1,0
FIR,Non-Heinous,Chargesheet Filed,Karnataka,Belagavi,Belagavi District & Sessions Court,Police Station,Belagavi City PS,KA72430,Anand Chavhan,Inspector,Investigating Officer,1988-05-15,Male,O Positive,0,2012-06-01,FIR/06/091/2025/0368,CC/2025/050368,2025-06-09,Accused unlawfully intercepted complainant near main road intersection and committed extortion and assault.,2025-06-07T20:33:21,2025-06-07T20:33:21,2025-06-09T06:33:21,15.8959,74.5163,"Incident near coordinates 15.8959, 74.5163",Crimes Against Body,Murder,IPC,Indian Penal Code,IPC,379,Punishment for theft,1,1,Mahesh Bhat,35,Private Employee,Hindu,General,Male,Darshan Reddy,31,Female,0,Vidya Nayak,19,Female,A368,1.0,2025-06-09T06:33:21,Karnataka,Belagavi,Belagavi City PS,KA84931,Belagavi District & Sessions Court,Vidya Nayak,,2025-06-09T06:33:21,C,KA12255,50368,6,91,2,1,2,6,1,2025-06-09 06:33:21,19,2,20,6,6,1,0,3,790,2230,0.69,2,1,0
FIR,Non-Heinous,Chargesheet Filed,Karnataka,Kalaburagi,Kalaburagi District & Sessions Court,Police Station,Kalaburagi City PS,KA60173,Vijay Chavhan,Head Constable,Investigating Officer,1988-05-15,Male,O Positive,0,2012-06-01,FIR/07/106/2025/0369,CC/2025/050369,2025-07-19,Cyber fraud complaint regarding unauthorized digital transaction via fake banking link.,2025-07-19T06:18:42,2025-07-19T06:18:42,2025-07-19T17:18:42,17.3986,76.769,"Incident near coordinates 17.3986, 76.769",Property Crimes,Burglary,IPC,Indian Penal Code,IPC,379,Punishment for theft,1,1,Venkatesh Pujari,65,Private Employee,Hindu,General,Male,Ganesh Hegde,23,Female,0,Raghavendra Kuruba,54,Male,A369,1.0,2025-07-19T17:18:42,Karnataka,Kalaburagi,Kalaburagi City PS,KA54560,Kalaburagi District & Sessions Court,Raghavendra Kuruba,,2025-07-19T17:18:42,C,KA83506,50369,7,106,1,1,1,3,1,2025-07-19 17:18:42,54,1,6,6,7,1,0,1,90,672,3.87,3,1,0
FIR,Non-Heinous,Chargesheet Filed,Karnataka,Shivamogga,Shivamogga District & Sessions Court,Police Station,Shivamogga Town PS,KA48647,Kiran Pujari,Sub-Inspector,Investigating Officer,1988-05-15,Male,O Positive,0,2012-06-01,FIR/11/173/2025/0370,CC/2025/050370,2025-09-06,Accused unlawfully intercepted complainant near main road intersection and committed extortion and assault.,2025-09-06T03:19:51,2025-09-06T03:19:51,2025-09-06T15:19:51,14.0021,75.6598,"Incident near coordinates 14.0021, 75.6598",Cyber Crime,Dark Web Crime,IPC,Indian Penal Code,IPC,379,Punishment for theft,1,1,Manjunath Deshmukh,47,Private Employee,Hindu,General,Male,Mahesh Rao,51,Female,0,Kumar Kuruba,62,Male,A370,1.0,2025-09-06T15:19:51,Karnataka,Shivamogga,Shivamogga Town PS,KA34135,Shivamogga District & Sessions Court,Kumar Kuruba,,2025-09-06T15:19:51,C,KA22037,50370,11,173,3,1,3,12,1,2025-09-06 15:19:51,62,1,3,6,9,1,1,2,619,1691,3.63,3,1,0
FIR,Non-Heinous,Chargesheet Filed,Karnataka,Shivamogga,Shivamogga District & Sessions Court,Police Station,Shivamogga Town PS,KA79489,Nagaraj Patil,Sub-Inspector,Investigating Officer,1988-05-15,Male,O Positive,0,2012-06-01,FIR/11/172/2025/0371,CC/2025/050371,2025-10-27,Burglary incident reported at commercial establishment. Locked doors broken open and cash stolen.,2025-10-25T16:56:35,2025-10-25T16:56:35,2025-10-27T12:56:35,14.0067,75.6423,"Incident near coordinates 14.0067, 75.6423",Crimes Against Body,Murder,IPC,Indian Penal Code,IPC,379,Punishment for theft,1,1,Pradeep Nayak,62,Private Employee,Hindu,General,Male,Shilpa Pujari,21,Female,0,Sunitha Rao,53,Female,A371,1.0,2025-10-27T12:56:35,Karnataka,Shivamogga,Shivamogga Town PS,KA90573,Shivamogga District & Sessions Court,Sunitha Rao,,2025-10-27T12:56:35,C,KA46128,50371,11,172,3,1,2,6,1,2025-10-27 12:56:35,53,2,16,6,10,1,0,1,252,3499,4.2,3,1,0
FIR,Non-Heinous,Chargesheet Filed,Karnataka,Belagavi,Belagavi District & Sessions Court,Police Station,Belagavi City PS,KA43361,Basavaraj Puri,Constable,Investigating Officer,1988-05-15,Male,O Positive,0,2012-06-01,FIR/06/092/2025/0372,CC/2025/050372,2025-11-18,Housebreaking by night reported. Electronic goods and valuables stolen while occupants were away.,2025-11-16T21:18:35,2025-11-16T21:18:35,2025-11-18T02:18:35,15.936,74.6472,"Incident near coordinates 15.936, 74.6472",Property Crimes,Theft,IPC,Indian Penal Code,IPC,379,Punishment for theft,1,1,Ambika Naik,29,Private Employee,Hindu,General,Male,Nagaraj Rao,29,Female,0,Deepa Kuruba,45,Female,A372,1.0,2025-11-18T02:18:35,Karnataka,Belagavi,Belagavi City PS,KA43933,Belagavi District & Sessions Court,Deepa Kuruba,,2025-11-18T02:18:35,C,KA86675,50372,6,92,3,1,1,1,1,2025-11-18 02:18:35,45,2,21,7,11,1,0,4,240,1876,4.41,2,1,0
FIR,Non-Heinous,Chargesheet Filed,Karnataka,Davangere,Davangere District & Sessions Court,Police Station,Davangere Extension PS,KA17881,Abhishek Nayak,Inspector,Investigating Officer,1988-05-15,Male,O Positive,0,2012-06-01,FIR/12/178/2025/0373,CC/2025/050373,2025-02-10,Accused unlawfully intercepted complainant near main road intersection and committed extortion and assault.,2025-02-10T06:49:59,2025-02-10T06:49:59,2025-02-10T23:49:59,14.4064,75.9144,"Incident near coordinates 14.4064, 75.9144",Cyber Crime,Dark Web Crime,IPC,Indian Penal Code,IPC,379,Punishment for theft,1,1,Sunil Kuruba,44,Private Employee,Hindu,General,Male,Manjunath Kambale,45,Female,0,Prakash Reddy,20,Male,A373,1.0,2025-02-10T23:49:59,Karnataka,Davangere,Davangere Extension PS,KA60940,Davangere District & Sessions Court,Prakash Reddy,,2025-02-10T23:49:59,C,KA66212,50373,12,178,3,1,3,12,1,2025-02-10 23:49:59,20,1,6,1,2,0,0,1,725,2137,3.04,1,1,0
FIR,Non-Heinous,Chargesheet Filed,Karnataka,Ballari,Ballari District & Sessions Court,Police Station,Ballari City PS,KA61816,Prakash Chavhan,Sub-Inspector,Investigating Officer,1988-05-15,Male,O Positive,0,2012-06-01,FIR/08/121/2025/0374,CC/2025/050374,2025-11-11,Housebreaking by night reported. Electronic goods and valuables stolen while occupants were away.,2025-11-09T15:12:31,2025-11-09T15:12:31,2025-11-11T03:12:31,15.189,76.9638,"Incident near coordinates 15.189, 76.9638",Property Crimes,Robbery,IPC,Indian Penal Code,IPC,379,Punishment for theft,1,1,Venkatesh Patil,54,Private Employee,Hindu,General,Male,Abhishek Rao,20,Female,0,Kumar Pujari,40,Male,A374,1.0,2025-11-11T03:12:31,Karnataka,Ballari,Ballari City PS,KA57216,Ballari District & Sessions Court,Kumar Pujari,,2025-11-11T03:12:31,C,KA87620,50374,8,121,3,1,1,2,1,2025-11-11 03:12:31,40,1,15,7,11,1,0,3,176,432,1.83,2,0,0
FIR,Non-Heinous,Chargesheet Filed,Karnataka,Davangere,Davangere District & Sessions Court,Police Station,Davangere Extension PS,KA40684,Mahesh Hegde,Inspector,Investigating Officer,1988-05-15,Male,O Positive,0,2012-06-01,FIR/12/181/2025/0375,CC/2025/050375,2025-11-11,Snatching of gold chain from pedestrian by bike-borne suspects during evening hours.,2025-11-10T12:54:13,2025-11-10T12:54:13,2025-11-11T16:54:13,14.4566,75.8877,"Incident near coordinates 14.4566, 75.8877",Cyber Crime,Cyber Crime,IPC,Indian Penal Code,IPC,379,Punishment for theft,1,1,Abhishek Naik,60,Private Employee,Hindu,General,Male,Anand Kulkarni,42,Female,0,Lakshmi Nayak,20,Female,A375,1.0,2025-11-11T16:54:13,Karnataka,Davangere,Davangere Extension PS,KA85981,Davangere District & Sessions Court,Lakshmi Nayak,,2025-11-11T16:54:13,C,KA99446,50375,12,181,3,1,3,11,1,2025-11-11 16:54:13,20,2,12,1,11,0,0,1,392,1841,3.97,2,1,0
FIR,Non-Heinous,Chargesheet Filed,Karnataka,Davangere,Davangere District & Sessions Court,Police Station,Davangere Extension PS,KA87671,Ramesh Gowda,Constable,Investigating Officer,1988-05-15,Male,O Positive,0,2012-06-01,FIR/12/180/2025/0376,CC/2025/050376,2025-07-25,Snatching of gold chain from pedestrian by bike-borne suspects during evening hours.,2025-07-25T05:17:58,2025-07-25T05:17:58,2025-07-25T09:17:58,14.5488,75.9158,"Incident near coordinates 14.5488, 75.9158",Cyber Crime,Cyber Crime,IPC,Indian Penal Code,IPC,379,Punishment for theft,1,1,Anand Shetty,62,Private Employee,Hindu,General,Male,Venkatesh Joshi,25,Female,0,Deepa Patil,19,Female,A376,1.0,2025-07-25T09:17:58,Karnataka,Davangere,Davangere Extension PS,KA28777,Davangere District & Sessions Court,Deepa Patil,,2025-07-25T09:17:58,C,KA21575,50376,12,180,3,1,3,11,1,2025-07-25 09:17:58,19,2,5,5,7,0,1,1,831,731,2.43,1,1,0
FIR,Non-Heinous,Chargesheet Filed,Karnataka,Belagavi,Belagavi District & Sessions Court,Police Station,Belagavi City PS,KA57605,Raghavendra Nayak,Constable,Investigating Officer,1988-05-15,Male,O Positive,0,2012-06-01,FIR/06/090/2025/0377,CC/2025/050377,2025-09-19,Housebreaking by night reported. Electronic goods and valuables stolen while occupants were away.,2025-09-18T15:17:30,2025-09-18T15:17:30,2025-09-19T19:17:30,15.8487,74.51,"Incident near coordinates 15.8487, 74.51",Cyber Crime,Cryptocurrency Crime,IPC,Indian Penal Code,IPC,379,Punishment for theft,1,1,Ganesh Reddy,26,Private Employee,Hindu,General,Male,Shivakumar Naik,45,Female,0,Satish Nayak,38,Male,A377,1.0,2025-09-19T19:17:30,Karnataka,Belagavi,Belagavi City PS,KA71293,Belagavi District & Sessions Court,Satish Nayak,,2025-09-19T19:17:30,C,KA53508,50377,6,90,3,1,3,13,1,2025-09-19 19:17:30,38,1,15,4,9,0,0,2,567,1813,3.04,2,1,0
FIR,Non-Heinous,Chargesheet Filed,Karnataka,Shivamogga,Shivamogga District & Sessions Court,Police Station,Shivamogga Town PS,KA40894,Abhishek Patil,Inspector,Investigating Officer,1988-05-15,Male,O Positive,0,2012-06-01,FIR/11/174/2025/0378,CC/2025/050378,2025-05-25,Housebreaking by night reported. Electronic goods and valuables stolen while occupants were away.,2025-05-24T17:31:02,2025-05-24T17:31:02,2025-05-25T07:31:02,13.9102,75.5726,"Incident near coordinates 13.9102, 75.5726",Financial Crime,Money Laundering,IPC,Indian Penal Code,IPC,379,Punishment for theft,1,1,Basavaraj Gowda,40,Private Employee,Hindu,General,Male,Darshan Nayak,25,Female,0,Pradeep Rao,49,Male,A378,1.0,2025-05-25T07:31:02,Karnataka,Shivamogga,Shivamogga Town PS,KA73024,Shivamogga District & Sessions Court,Pradeep Rao,,2025-05-25T07:31:02,C,KA50433,50378,11,174,1,1,4,14,1,2025-05-25 07:31:02,49,1,17,6,5,1,0,1,211,3158,0.49,2,0,0
FIR,Heinous,Chargesheet Filed,Karnataka,Davangere,Davangere District & Sessions Court,Police Station,Davangere Extension PS,KA29101,Manjunath Patil,Sub-Inspector,Investigating Officer,1988-05-15,Male,O Positive,0,2012-06-01,FIR/12/184/2025/0379,CC/2025/050379,2025-12-12,Snatching of gold chain from pedestrian by bike-borne suspects during evening hours.,2025-12-12T17:23:10,2025-12-12T17:23:10,2025-12-12T19:23:10,14.4515,75.9166,"Incident near coordinates 14.4515, 75.9166",Crimes Against Body,Murder,IPC,Indian Penal Code,IPC,379,Punishment for theft,1,1,Ganesh Rao,26,Private Employee,Hindu,General,Male,Kiran Shetty,38,Female,0,Pradeep Gowda,29,Male,A379,1.0,2025-12-12T19:23:10,Karnataka,Davangere,Davangere Extension PS,KA28366,Davangere District & Sessions Court,Pradeep Gowda,,2025-12-12T19:23:10,C,KA57513,50379,12,184,1,2,2,6,1,2025-12-12 19:23:10,29,1,17,5,12,0,0,1,433,655,3.85,2,1,0
FIR,Heinous,Chargesheet Filed,Karnataka,Davangere,Davangere District & Sessions Court,Police Station,Davangere Extension PS,KA72695,Shivakumar Puri,Inspector,Investigating Officer,1988-05-15,Male,O Positive,0,2012-06-01,FIR/12/177/2025/0380,CC/2025/050380,2025-08-19,Accused unlawfully intercepted complainant near main road intersection and committed extortion and assault.,2025-08-18T20:17:33,2025-08-18T20:17:33,2025-08-19T18:17:33,14.5443,75.8668,"Incident near coordinates 14.5443, 75.8668",Financial Crime,Cheating,IPC,Indian Penal Code,IPC,379,Punishment for theft,1,1,Mahesh Pujari,58,Private Employee,Hindu,General,Male,Nagaraj Puri,21,Female,0,Shivakumar Hegde,50,Male,A380,1.0,2025-08-19T18:17:33,Karnataka,Davangere,Davangere Extension PS,KA97207,Davangere District & Sessions Court,Shivakumar Hegde,,2025-08-19T18:17:33,C,KA23383,50380,12,177,2,2,4,15,1,2025-08-19 18:17:33,50,1,20,1,8,0,0,1,517,720,3.99,3,1,0
FIR,Heinous,Chargesheet Filed,Karnataka,Davangere,Davangere District & Sessions Court,Police Station,Davangere Extension PS,KA73018,Vijay Shetty,Constable,Investigating Officer,1988-05-15,Male,O Positive,0,2012-06-01,FIR/12/184/2025/0381,CC/2025/050381,2025-10-22,Burglary incident reported at commercial establishment. Locked doors broken open and cash stolen.,2025-10-21T13:49:05,2025-10-21T13:49:05,2025-10-22T00:49:05,14.4872,75.9004,"Incident near coordinates 14.4872, 75.9004",Financial Crime,Money Laundering,IPC,Indian Penal Code,IPC,379,Punishment for theft,1,1,Basavaraj Kambale,59,Private Employee,Hindu,General,Male,Ramesh Deshmukh,43,Female,0,Raghavendra Naik,72,Male,A381,1.0,2025-10-22T00:49:05,Karnataka,Davangere,Davangere Extension PS,KA35779,Davangere District & Sessions Court,Raghavendra Naik,,2025-10-22T00:49:05,C,KA25347,50381,12,184,1,2,4,14,1,2025-10-22 00:49:05,72,1,13,2,10,0,0,2,398,835,2.3,2,1,0
FIR,Non-Heinous,Chargesheet Filed,Karnataka,Shivamogga,Shivamogga District & Sessions Court,Police Station,Shivamogga Town PS,KA38654,Suresh Naik,Sub-Inspector,Investigating Officer,1988-05-15,Male,O Positive,0,2012-06-01,FIR/11/163/2025/0382,CC/2025/050382,2025-05-06,Complainant reported theft of motor vehicle parked in front of residence during night hours.,2025-05-04T08:19:14,2025-05-04T08:19:14,2025-05-06T02:19:14,13.916,75.5388,"Incident near coordinates 13.916, 75.5388",Property Crimes,Theft,IPC,Indian Penal Code,IPC,379,Punishment for theft,1,1,Roopa Reddy,34,Private Employee,Hindu,General,Male,Nagaraj Shetty,44,Female,0,Ramesh Kuruba,37,Male,A382,1.0,2025-05-06T02:19:14,Karnataka,Shivamogga,Shivamogga Town PS,KA34864,Shivamogga District & Sessions Court,Ramesh Kuruba,,2025-05-06T02:19:14,C,KA10739,50382,11,163,3,1,1,1,1,2025-05-06 02:19:14,37,1,8,7,5,1,0,2,383,2830,2.84,3,1,0
FIR,Heinous,Chargesheet Filed,Karnataka,Davangere,Davangere District & Sessions Court,Police Station,Davangere Extension PS,KA21250,Kumar Hegde,Head Constable,Investigating Officer,1988-05-15,Male,O Positive,0,2012-06-01,FIR/12/177/2025/0383,CC/2025/050383,2025-02-03,Housebreaking by night reported. Electronic goods and valuables stolen while occupants were away.,2025-02-02T08:44:15,2025-02-02T08:44:15,2025-02-03T08:44:15,14.523,75.8679,"Incident near coordinates 14.523, 75.8679",Financial Crime,Cheating,IPC,Indian Penal Code,IPC,379,Punishment for theft,1,1,Ganesh Puri,31,Private Employee,Hindu,General,Male,Kiran Naik,51,Female,0,Shivakumar Nayak,61,Male,A383,1.0,2025-02-03T08:44:15,Karnataka,Davangere,Davangere Extension PS,KA42609,Davangere District & Sessions Court,Shivakumar Nayak,,2025-02-03T08:44:15,C,KA79110,50383,12,177,1,2,4,15,1,2025-02-03 08:44:15,61,1,8,7,2,1,0,1,686,3154,1.56,3,1,0
FIR,Non-Heinous,Chargesheet Filed,Karnataka,Ballari,Ballari District & Sessions Court,Police Station,Ballari City PS,KA40637,Manjunath Joshi,Sub-Inspector,Investigating Officer,1988-05-15,Male,O Positive,0,2012-06-01,FIR/08/121/2025/0384,CC/2025/050384,2025-11-12,Accused unlawfully intercepted complainant near main road intersection and committed extortion and assault.,2025-11-10T21:14:40,2025-11-10T21:14:40,2025-11-12T02:14:40,15.2042,76.8884,"Incident near coordinates 15.2042, 76.8884",Property Crimes,Robbery,IPC,Indian Penal Code,IPC,379,Punishment for theft,1,1,Abhishek Naik,39,Private Employee,Hindu,General,Male,Raghavendra Bhat,55,Female,0,Satish Gowda,39,Male,A384,1.0,2025-11-12T02:14:40,Karnataka,Ballari,Ballari City PS,KA15767,Ballari District & Sessions Court,Satish Gowda,,2025-11-12T02:14:40,C,KA63070,50384,8,121,3,1,1,2,1,2025-11-12 02:14:40,39,1,21,1,11,0,0,3,844,3185,0.79,2,1,0
FIR,Non-Heinous,Chargesheet Filed,Karnataka,Ballari,Ballari District & Sessions Court,Police Station,Ballari City PS,KA83974,Ramesh Pujari,Inspector,Investigating Officer,1988-05-15,Male,O Positive,0,2012-06-01,FIR/08/119/2025/0385,CC/2025/050385,2025-12-17,Burglary incident reported at commercial establishment. Locked doors broken open and cash stolen.,2025-12-17T06:00:12,2025-12-17T06:00:12,2025-12-17T20:00:12,15.1304,76.8882,"Incident near coordinates 15.1304, 76.8882",Property Crimes,Robbery,IPC,Indian Penal Code,IPC,379,Punishment for theft,1,1,Manjunath Nayak,31,Private Employee,Hindu,General,Male,Nagaraj Naik,35,Female,0,Raghavendra Kulkarni,69,Male,A385,1.0,2025-12-17T20:00:12,Karnataka,Ballari,Ballari City PS,KA73380,Ballari District & Sessions Court,Raghavendra Kulkarni,,2025-12-17T20:00:12,C,KA80895,50385,8,119,1,1,1,2,1,2025-12-17 20:00:12,69,1,6,3,12,0,0,1,126,461,3.73,2,1,0
FIR,Heinous,Chargesheet Filed,Karnataka,Ballari,Ballari District & Sessions Court,Police Station,Ballari City PS,KA35101,Sunil Shetty,Constable,Investigating Officer,1988-05-15,Male,O Positive,0,2012-06-01,FIR/08/128/2025/0386,CC/2025/050386,2025-09-11,Cyber fraud complaint regarding unauthorized digital transaction via fake banking link.,2025-09-10T17:53:30,2025-09-10T17:53:30,2025-09-11T01:53:30,15.1131,76.8719,"Incident near coordinates 15.1131, 76.8719",Crimes Against Body,Assault,IPC,Indian Penal Code,IPC,379,Punishment for theft,1,1,Abhishek Deshmukh,52,Private Employee,Hindu,General,Male,Vijay Puri,34,Female,0,Rekha Puri,18,Female,A386,1.0,2025-09-11T01:53:30,Karnataka,Ballari,Ballari City PS,KA58269,Ballari District & Sessions Court,Rekha Puri,,2025-09-11T01:53:30,C,KA21537,50386,8,128,3,2,2,7,1,2025-09-11 01:53:30,18,2,17,3,9,0,0,3,143,1613,1.22,3,0,1
FIR,Heinous,Chargesheet Filed,Karnataka,Kalaburagi,Kalaburagi District & Sessions Court,Police Station,Kalaburagi City PS,KA90227,Suresh Naik,Sub-Inspector,Investigating Officer,1988-05-15,Male,O Positive,0,2012-06-01,FIR/07/110/2025/0387,CC/2025/050387,2025-09-03,Cyber fraud complaint regarding unauthorized digital transaction via fake banking link.,2025-09-02T01:49:56,2025-09-02T01:49:56,2025-09-03T03:49:56,17.2569,76.869,"Incident near coordinates 17.2569, 76.869",Crimes Against Body,Assault,IPC,Indian Penal Code,IPC,379,Punishment for theft,1,1,Anand Nayak,31,Private Employee,Hindu,General,Male,Suresh Rao,37,Female,0,Abhishek Nayak,31,Male,A387,1.0,2025-09-03T03:49:56,Karnataka,Kalaburagi,Kalaburagi City PS,KA10333,Kalaburagi District & Sessions Court,Abhishek Nayak,,2025-09-03T03:49:56,C,KA56274,50387,7,110,3,2,2,7,1,2025-09-03 03:49:56,31,1,1,2,9,0,1,2,183,2990,3.74,3,1,0
FIR,Non-Heinous,Chargesheet Filed,Karnataka,Shivamogga,Shivamogga District & Sessions Court,Police Station,Shivamogga Town PS,KA47723,Manjunath Naik,Inspector,Investigating Officer,1988-05-15,Male,O Positive,0,2012-06-01,FIR/11/161/2025/0388,CC/2025/050388,2025-09-06,Accused unlawfully intercepted complainant near main road intersection and committed extortion and assault.,2025-09-05T12:39:04,2025-09-05T12:39:04,2025-09-06T08:39:04,13.9722,75.6705,"Incident near coordinates 13.9722, 75.6705",Financial Crime,Money Laundering,IPC,Indian Penal Code,IPC,379,Punishment for theft,1,1,Kumar Hegde,30,Private Employee,Hindu,General,Male,Sunitha Gowda,51,Female,0,Basavaraj Kuruba,26,Male,A388,1.0,2025-09-06T08:39:04,Karnataka,Shivamogga,Shivamogga Town PS,KA27613,Shivamogga District & Sessions Court,Basavaraj Kuruba,,2025-09-06T08:39:04,C,KA24533,50388,11,161,3,1,4,14,1,2025-09-06 08:39:04,26,1,12,5,9,0,0,2,141,1006,2.81,2,1,0
FIR,Non-Heinous,Chargesheet Filed,Karnataka,Shivamogga,Shivamogga District & Sessions Court,Police Station,Shivamogga Town PS,KA19444,Vijay Kuruba,Constable,Investigating Officer,1988-05-15,Male,O Positive,0,2012-06-01,FIR/11/162/2025/0389,CC/2025/050389,2025-12-23,Housebreaking by night reported. Electronic goods and valuables stolen while occupants were away.,2025-12-21T19:18:55,2025-12-21T19:18:55,2025-12-23T13:18:55,13.9563,75.6159,"Incident near coordinates 13.9563, 75.6159",Cyber Crime,Cryptocurrency Crime,IPC,Indian Penal Code,IPC,379,Punishment for theft,1,1,Kumar Pujari,33,Private Employee,Hindu,General,Male,Mahesh Kuruba,54,Female,0,Venkatesh Hegde,19,Male,A389,1.0,2025-12-23T13:18:55,Karnataka,Shivamogga,Shivamogga Town PS,KA54695,Shivamogga District & Sessions Court,Venkatesh Hegde,,2025-12-23T13:18:55,C,KA19802,50389,11,162,3,1,3,13,1,2025-12-23 13:18:55,19,1,19,7,12,1,0,1,933,1020,0.62,3,1,0
FIR,Non-Heinous,Chargesheet Filed,Karnataka,Kalaburagi,Kalaburagi District & Sessions Court,Police Station,Kalaburagi City PS,KA51016,Raghavendra Nayak,Head Constable,Investigating Officer,1988-05-15,Male,O Positive,0,2012-06-01,FIR/07/113/2025/0390,CC/2025/050390,2025-12-31,Cyber fraud complaint regarding unauthorized digital transaction via fake banking link.,2025-12-30T22:20:04,2025-12-30T22:20:04,2025-12-31T16:20:04,17.2572,76.849,"Incident near coordinates 17.2572, 76.849",Property Crimes,Robbery,IPC,Indian Penal Code,IPC,379,Punishment for theft,1,1,Manjunath Kuruba,62,Private Employee,Hindu,General,Male,Darshan Kambale,51,Female,0,Mahesh Naik,30,Male,A390,1.0,2025-12-31T16:20:04,Karnataka,Kalaburagi,Kalaburagi City PS,KA96805,Kalaburagi District & Sessions Court,Mahesh Naik,,2025-12-31T16:20:04,C,KA18621,50390,7,113,2,1,1,2,1,2025-12-31 16:20:04,30,1,22,2,12,0,1,3,433,2045,2.11,1,1,0
FIR,Non-Heinous,Chargesheet Filed,Karnataka,Shivamogga,Shivamogga District & Sessions Court,Police Station,Shivamogga Town PS,KA22248,Ganesh Kambale,Head Constable,Investigating Officer,1988-05-15,Male,O Positive,0,2012-06-01,FIR/11/163/2025/0391,CC/2025/050391,2025-04-23,Cyber fraud complaint regarding unauthorized digital transaction via fake banking link.,2025-04-22T06:47:13,2025-04-22T06:47:13,2025-04-23T12:47:13,14.0426,75.5079,"Incident near coordinates 14.0426, 75.5079",Property Crimes,Robbery,IPC,Indian Penal Code,IPC,379,Punishment for theft,1,1,Pavitra Patil,52,Private Employee,Hindu,General,Male,Kumar Rao,27,Female,0,Suresh Kulkarni,54,Male,A391,1.0,2025-04-23T12:47:13,Karnataka,Shivamogga,Shivamogga Town PS,KA19918,Shivamogga District & Sessions Court,Suresh Kulkarni,,2025-04-23T12:47:13,C,KA68901,50391,11,163,1,1,1,2,1,2025-04-23 12:47:13,54,1,6,2,4,0,0,1,898,1789,1.64,2,1,0
FIR,Heinous,Chargesheet Filed,Karnataka,Shivamogga,Shivamogga District & Sessions Court,Police Station,Shivamogga Town PS,KA19250,Mahesh Rao,Inspector,Investigating Officer,1988-05-15,Male,O Positive,0,2012-06-01,FIR/11/174/2025/0392,CC/2025/050392,2025-10-09,Cyber fraud complaint regarding unauthorized digital transaction via fake banking link.,2025-10-08T08:13:53,2025-10-08T08:13:53,2025-10-09T18:13:53,13.9325,75.5901,"Incident near coordinates 13.9325, 75.5901",Financial Crime,Cheating,IPC,Indian Penal Code,IPC,379,Punishment for theft,1,1,Mahesh Kulkarni,57,Private Employee,Hindu,General,Male,Prakash Hegde,37,Female,0,Ramesh Naik,39,Male,A392,1.0,2025-10-09T18:13:53,Karnataka,Shivamogga,Shivamogga Town PS,KA20291,Shivamogga District & Sessions Court,Ramesh Naik,,2025-10-09T18:13:53,C,KA15376,50392,11,174,1,2,4,15,1,2025-10-09 18:13:53,39,1,8,3,10,0,0,4,121,654,0.16,3,0,0
FIR,Heinous,Chargesheet Filed,Karnataka,Ballari,Ballari District & Sessions Court,Police Station,Ballari City PS,KA41278,Anand Deshmukh,Inspector,Investigating Officer,1988-05-15,Male,O Positive,0,2012-06-01,FIR/08/116/2025/0393,CC/2025/050393,2025-09-17,Cyber fraud complaint regarding unauthorized digital transaction via fake banking link.,2025-09-15T21:21:57,2025-09-15T21:21:57,2025-09-17T09:21:57,15.2101,76.888,"Incident near coordinates 15.2101, 76.888",Crimes Against Body,Murder,IPC,Indian Penal Code,IPC,379,Punishment for theft,1,1,Shivakumar Puri,40,Private Employee,Hindu,General,Male,Vijay Kuruba,58,Female,0,Shivakumar Rao,30,Male,A393,1.0,2025-09-17T09:21:57,Karnataka,Ballari,Ballari City PS,KA85996,Ballari District & Sessions Court,Shivakumar Rao,,2025-09-17T09:21:57,C,KA19955,50393,8,116,1,2,2,6,1,2025-09-17 09:21:57,30,1,21,1,9,0,0,2,705,1912,1.15,3,1,0
FIR,Non-Heinous,Chargesheet Filed,Karnataka,Davangere,Davangere District & Sessions Court,Police Station,Davangere Extension PS,KA11574,Shivakumar Shetty,Head Constable,Investigating Officer,1988-05-15,Male,O Positive,0,2012-06-01,FIR/12/179/2025/0394,CC/2025/050394,2025-06-13,Accused unlawfully intercepted complainant near main road intersection and committed extortion and assault.,2025-06-12T15:29:39,2025-06-12T15:29:39,2025-06-13T23:29:39,14.4703,75.8878,"Incident near coordinates 14.4703, 75.8878",Financial Crime,Money Laundering,IPC,Indian Penal Code,IPC,379,Punishment for theft,1,1,Ganesh Kulkarni,33,Private Employee,Hindu,General,Male,Vijay Naik,52,Female,0,Deepa Gowda,61,Female,A394,1.0,2025-06-13T23:29:39,Karnataka,Davangere,Davangere Extension PS,KA86202,Davangere District & Sessions Court,Deepa Gowda,,2025-06-13T23:29:39,C,KA78475,50394,12,179,1,1,4,14,1,2025-06-13 23:29:39,61,2,15,4,6,0,0,1,368,2843,2.47,1,1,0
FIR,Non-Heinous,Chargesheet Filed,Karnataka,Ballari,Ballari District & Sessions Court,Police Station,Ballari City PS,KA56462,Ramesh Pujari,Constable,Investigating Officer,1988-05-15,Male,O Positive,0,2012-06-01,FIR/08/127/2025/0395,CC/2025/050395,2025-03-16,Snatching of gold chain from pedestrian by bike-borne suspects during evening hours.,2025-03-15T00:41:29,2025-03-15T00:41:29,2025-03-16T21:41:29,15.1218,76.8908,"Incident near coordinates 15.1218, 76.8908",Crimes Against Body,Grievous Hurt,IPC,Indian Penal Code,IPC,379,Punishment for theft,1,1,Darshan Kambale,60,Private Employee,Hindu,General,Male,Basavaraj Reddy,55,Female,0,Shivakumar Shetty,60,Male,A395,1.0,2025-03-16T21:41:29,Karnataka,Ballari,Ballari City PS,KA66908,Ballari District & Sessions Court,Shivakumar Shetty,,2025-03-16T21:41:29,C,KA18143,50395,8,127,2,1,2,8,1,2025-03-16 21:41:29,60,1,0,6,3,1,1,1,191,642,0.46,2,0,0
FIR,Non-Heinous,Chargesheet Filed,Karnataka,Ballari,Ballari District & Sessions Court,Police Station,Ballari City PS,KA69285,Nagaraj Joshi,Constable,Investigating Officer,1988-05-15,Male,O Positive,0,2012-06-01,FIR/08/127/2025/0396,CC/2025/050396,2025-06-04,Housebreaking by night reported. Electronic goods and valuables stolen while occupants were away.,2025-06-04T03:00:30,2025-06-04T03:00:30,2025-06-04T17:00:30,15.1755,76.9494,"Incident near coordinates 15.1755, 76.9494",Property Crimes,Robbery,IPC,Indian Penal Code,IPC,379,Punishment for theft,1,1,Anand Patil,46,Private Employee,Hindu,General,Male,Ambika Hegde,40,Female,0,Prakash Shetty,68,Male,A396,1.0,2025-06-04T17:00:30,Karnataka,Ballari,Ballari City PS,KA71507,Ballari District & Sessions Court,Prakash Shetty,,2025-06-04T17:00:30,C,KA94160,50396,8,127,2,1,1,2,1,2025-06-04 17:00:30,68,1,3,3,6,0,1,1,913,3438,1.02,1,1,0
FIR,Heinous,Chargesheet Filed,Karnataka,Kalaburagi,Kalaburagi District & Sessions Court,Police Station,Kalaburagi City PS,KA97165,Ganesh Deshmukh,Head Constable,Investigating Officer,1988-05-15,Male,O Positive,0,2012-06-01,FIR/07/114/2025/0397,CC/2025/050397,2025-02-26,Cyber fraud complaint regarding unauthorized digital transaction via fake banking link.,2025-02-26T15:23:32,2025-02-26T15:23:32,2025-02-26T19:23:32,17.2626,76.8773,"Incident near coordinates 17.2626, 76.8773",Financial Crime,Cheating,IPC,Indian Penal Code,IPC,379,Punishment for theft,1,1,Lakshmi Kuruba,40,Private Employee,Hindu,General,Male,Prakash Rao,60,Female,0,Satish Chavhan,55,Male,A397,1.0,2025-02-26T19:23:32,Karnataka,Kalaburagi,Kalaburagi City PS,KA35630,Kalaburagi District & Sessions Court,Satish Chavhan,,2025-02-26T19:23:32,C,KA74121,50397,7,114,1,2,4,15,1,2025-02-26 19:23:32,55,1,15,3,2,0,0,1,150,2924,3.42,3,1,0
FIR,Non-Heinous,Chargesheet Filed,Karnataka,Ballari,Ballari District & Sessions Court,Police Station,Ballari City PS,KA65631,Suresh Gowda,Sub-Inspector,Investigating Officer,1988-05-15,Male,O Positive,0,2012-06-01,FIR/08/121/2025/0398,CC/2025/050398,2025-08-03,Burglary incident reported at commercial establishment. Locked doors broken open and cash stolen.,2025-08-03T01:08:33,2025-08-03T01:08:33,2025-08-03T03:08:33,15.1267,76.9566,"Incident near coordinates 15.1267, 76.9566",Crimes Against Body,Assault,IPC,Indian Penal Code,IPC,379,Punishment for theft,1,1,Basavaraj Hegde,50,Private Employee,Hindu,General,Male,Sowmya Nayak,38,Female,0,Abhishek Kambale,71,Male,A398,1.0,2025-08-03T03:08:33,Karnataka,Ballari,Ballari City PS,KA72327,Ballari District & Sessions Court,Abhishek Kambale,,2025-08-03T03:08:33,C,KA51361,50398,8,121,2,1,2,7,1,2025-08-03 03:08:33,71,1,1,7,8,1,1,2,656,3379,1.94,2,1,0
FIR,Non-Heinous,Chargesheet Filed,Karnataka,Belagavi,Belagavi District & Sessions Court,Police Station,Belagavi City PS,KA23485,Suresh Gowda,Head Constable,Investigating Officer,1988-05-15,Male,O Positive,0,2012-06-01,FIR/06/089/2025/0399,CC/2025/050399,2025-08-26,Burglary incident reported at commercial establishment. Locked doors broken open and cash stolen.,2025-08-25T14:09:52,2025-08-25T14:09:52,2025-08-26T19:09:52,15.8966,74.454,"Incident near coordinates 15.8966, 74.454",Property Crimes,Theft,IPC,Indian Penal Code,IPC,379,Punishment for theft,1,1,Manjunath Shetty,47,Private Employee,Hindu,General,Male,Darshan Chavhan,30,Female,0,Shilpa Patil,48,Transgender,A399,1.0,2025-08-26T19:09:52,Karnataka,Belagavi,Belagavi City PS,KA42126,Belagavi District & Sessions Court,Shilpa Patil,,2025-08-26T19:09:52,C,KA94690,50399,6,89,2,1,1,1,1,2025-08-26 19:09:52,48,3,14,1,8,0,0,1,389,1799,0.38,2,0,0
FIR,Heinous,Chargesheet Filed,Karnataka,Shivamogga,Shivamogga District & Sessions Court,Police Station,Shivamogga Town PS,KA18102,Pradeep Joshi,Constable,Investigating Officer,1988-05-15,Male,O Positive,0,2012-06-01,FIR/11/173/2025/0400,CC/2025/050400,2025-11-07,Burglary incident reported at commercial establishment. Locked doors broken open and cash stolen.,2025-11-06T00:40:44,2025-11-06T00:40:44,2025-11-07T17:40:44,14.023,75.6297,"Incident near coordinates 14.023, 75.6297",Financial Crime,Cheating,IPC,Indian Penal Code,IPC,379,Punishment for theft,1,1,Darshan Puri,39,Private Employee,Hindu,General,Male,Ramesh Bhat,38,Female,0,Aswini Pujari,47,Female,A400,1.0,2025-11-07T17:40:44,Karnataka,Shivamogga,Shivamogga Town PS,KA78133,Shivamogga District & Sessions Court,Aswini Pujari,,2025-11-07T17:40:44,C,KA61103,50400,11,173,3,2,4,15,1,2025-11-07 17:40:44,47,2,0,4,11,0,1,1,237,1817,2.01,4,1,0
FIR,Non-Heinous,Chargesheet Filed,Karnataka,Belagavi,Belagavi District & Sessions Court,Police Station,Belagavi City PS,KA22583,Suresh Gowda,Inspector,Investigating Officer,1988-05-15,Male,O Positive,0,2012-06-01,FIR/06/090/2025/0401,CC/2025/050401,2025-01-24,Accused unlawfully intercepted complainant near main road intersection and committed extortion and assault.,2025-01-23T03:27:25,2025-01-23T03:27:25,2025-01-24T09:27:25,15.9786,74.6166,"Incident near coordinates 15.9786, 74.6166",Crimes Against Body,Grievous Hurt,IPC,Indian Penal Code,IPC,379,Punishment for theft,1,1,Suresh Bhat,26,Private Employee,Hindu,General,Male,Pradeep Rao,55,Female,0,Venkatesh Rao,29,Male,A401,1.0,2025-01-24T09:27:25,Karnataka,Belagavi,Belagavi City PS,KA94811,Belagavi District & Sessions Court,Venkatesh Rao,,2025-01-24T09:27:25,C,KA79114,50401,6,90,3,1,2,8,1,2025-01-24 09:27:25,29,1,3,4,1,0,1,1,524,1657,2.24,1,1,0
FIR,Non-Heinous,Chargesheet Filed,Karnataka,Davangere,Davangere District & Sessions Court,Police Station,Davangere Extension PS,KA59748,Ramesh Nayak,Constable,Investigating Officer,1988-05-15,Male,O Positive,0,2012-06-01,FIR/12/179/2025/0402,CC/2025/050402,2025-05-17,Accused unlawfully intercepted complainant near main road intersection and committed extortion and assault.,2025-05-16T18:34:35,2025-05-16T18:34:35,2025-05-17T09:34:35,14.5021,75.8655,"Incident near coordinates 14.5021, 75.8655",Cyber Crime,Cyber Crime,IPC,Indian Penal Code,IPC,379,Punishment for theft,1,1,Darshan Chavhan,27,Private Employee,Hindu,General,Male,Mahesh Kambale,32,Female,0,Prakash Gowda,52,Male,A402,1.0,2025-05-17T09:34:35,Karnataka,Davangere,Davangere Extension PS,KA63779,Davangere District & Sessions Court,Prakash Gowda,,2025-05-17T09:34:35,C,KA88994,50402,12,179,3,1,3,11,1,2025-05-17 09:34:35,52,1,18,5,5,0,0,2,123,3254,0.3,1,0,0
FIR,Non-Heinous,Chargesheet Filed,Karnataka,Shivamogga,Shivamogga District & Sessions Court,Police Station,Shivamogga Town PS,KA69272,Satish Joshi,Sub-Inspector,Investigating Officer,1988-05-15,Male,O Positive,0,2012-06-01,FIR/11/169/2025/0403,CC/2025/050403,2025-05-09,Housebreaking by night reported. Electronic goods and valuables stolen while occupants were away.,2025-05-08T04:20:23,2025-05-08T04:20:23,2025-05-09T04:20:23,13.9504,75.5714,"Incident near coordinates 13.9504, 75.5714",Crimes Against Body,Murder,IPC,Indian Penal Code,IPC,379,Punishment for theft,1,1,Sunil Puri,63,Private Employee,Hindu,General,Male,Sudha Rao,54,Female,0,Manjunath Kambale,49,Male,A403,1.0,2025-05-09T04:20:23,Karnataka,Shivamogga,Shivamogga Town PS,KA59941,Shivamogga District & Sessions Court,Manjunath Kambale,,2025-05-09T04:20:23,C,KA87933,50403,11,169,2,1,2,6,1,2025-05-09 04:20:23,49,1,4,4,5,0,1,1,573,738,0.23,1,1,0
FIR,Non-Heinous,Chargesheet Filed,Karnataka,Belagavi,Belagavi District & Sessions Court,Police Station,Belagavi City PS,KA70315,Nagaraj Hegde,Sub-Inspector,Investigating Officer,1988-05-15,Male,O Positive,0,2012-06-01,FIR/06/099/2025/0404,CC/2025/050404,2025-01-26,Cyber fraud complaint regarding unauthorized digital transaction via fake banking link.,2025-01-26T13:44:28,2025-01-26T13:44:28,2025-01-26T19:44:28,15.9005,74.5714,"Incident near coordinates 15.9005, 74.5714",Financial Crime,Cheating,IPC,Indian Penal Code,IPC,379,Punishment for theft,1,1,Kumar Pujari,37,Private Employee,Hindu,General,Male,Sunitha Joshi,27,Female,0,Nagaraj Gowda,21,Male,A404,1.0,2025-01-26T19:44:28,Karnataka,Belagavi,Belagavi City PS,KA19092,Belagavi District & Sessions Court,Nagaraj Gowda,,2025-01-26T19:44:28,C,KA73828,50404,6,99,1,1,4,15,1,2025-01-26 19:44:28,21,1,13,7,1,1,0,1,928,854,2.06,2,1,0
FIR,Non-Heinous,Chargesheet Filed,Karnataka,Kalaburagi,Kalaburagi District & Sessions Court,Police Station,Kalaburagi City PS,KA72745,Prakash Kulkarni,Head Constable,Investigating Officer,1988-05-15,Male,O Positive,0,2012-06-01,FIR/07/103/2025/0405,CC/2025/050405,2025-05-11,Accused unlawfully intercepted complainant near main road intersection and committed extortion and assault.,2025-05-10T20:44:46,2025-05-10T20:44:46,2025-05-11T06:44:46,17.37,76.8136,"Incident near coordinates 17.37, 76.8136",Financial Crime,Money Laundering,IPC,Indian Penal Code,IPC,379,Punishment for theft,1,1,Sunil Gowda,34,Private Employee,Hindu,General,Male,Deepa Reddy,51,Female,0,Pradeep Patil,34,Male,A405,1.0,2025-05-11T06:44:46,Karnataka,Kalaburagi,Kalaburagi City PS,KA15214,Kalaburagi District & Sessions Court,Pradeep Patil,,2025-05-11T06:44:46,C,KA49705,50405,7,103,3,1,4,14,1,2025-05-11 06:44:46,34,1,20,6,5,1,0,5,263,1071,4.37,3,1,0
FIR,Non-Heinous,Chargesheet Filed,Karnataka,Belagavi,Belagavi District & Sessions Court,Police Station,Belagavi City PS,KA51290,Satish Shetty,Inspector,Investigating Officer,1988-05-15,Male,O Positive,0,2012-06-01,FIR/06/093/2025/0406,CC/2025/050406,2025-10-21,Cyber fraud complaint regarding unauthorized digital transaction via fake banking link.,2025-10-20T13:34:00,2025-10-20T13:34:00,2025-10-21T08:34:00,15.8672,74.5481,"Incident near coordinates 15.8672, 74.5481",Crimes Against Body,Assault,IPC,Indian Penal Code,IPC,379,Punishment for theft,1,1,Suresh Shetty,61,Private Employee,Hindu,General,Male,Prakash Gowda,26,Female,0,Shivakumar Hegde,55,Male,A406,1.0,2025-10-21T08:34:00,Karnataka,Belagavi,Belagavi City PS,KA44869,Belagavi District & Sessions Court,Shivakumar Hegde,,2025-10-21T08:34:00,C,KA97346,50406,6,93,2,1,2,7,1,2025-10-21 08:34:00,55,1,13,1,10,0,0,1,946,778,2.07,2,1,0
FIR,Heinous,Chargesheet Filed,Karnataka,Kalaburagi,Kalaburagi District & Sessions Court,Police Station,Kalaburagi City PS,KA76915,Anand Reddy,Inspector,Investigating Officer,1988-05-15,Male,O Positive,0,2012-06-01,FIR/07/102/2025/0407,CC/2025/050407,2025-05-31,Housebreaking by night reported. Electronic goods and valuables stolen while occupants were away.,2025-05-30T16:02:07,2025-05-30T16:02:07,2025-05-31T23:02:07,17.3457,76.8137,"Incident near coordinates 17.3457, 76.8137",Financial Crime,Cheating,IPC,Indian Penal Code,IPC,379,Punishment for theft,1,1,Anand Kuruba,27,Private Employee,Hindu,General,Male,Nagaraj Bhat,47,Female,0,Sudha Puri,46,Female,A407,1.0,2025-05-31T23:02:07,Karnataka,Kalaburagi,Kalaburagi City PS,KA51981,Kalaburagi District & Sessions Court,Sudha Puri,,2025-05-31T23:02:07,C,KA38246,50407,7,102,2,2,4,15,1,2025-05-31 23:02:07,46,2,16,5,5,0,0,1,704,720,2.53,2,1,0
FIR,Non-Heinous,Chargesheet Filed,Karnataka,Belagavi,Belagavi District & Sessions Court,Police Station,Belagavi City PS,KA41199,Mahesh Pujari,Constable,Investigating Officer,1988-05-15,Male,O Positive,0,2012-06-01,FIR/06/096/2025/0408,CC/2025/050408,2025-10-19,Complainant reported theft of motor vehicle parked in front of residence during night hours.,2025-10-17T06:20:43,2025-10-17T06:20:43,2025-10-19T01:20:43,15.8382,74.5061,"Incident near coordinates 15.8382, 74.5061",Property Crimes,Burglary,IPC,Indian Penal Code,IPC,379,Punishment for theft,1,1,Anand Rao,50,Private Employee,Hindu,General,Male,Mahesh Gowda,50,Female,0,Venkatesh Chavhan,22,Male,A408,1.0,2025-10-19T01:20:43,Karnataka,Belagavi,Belagavi City PS,KA81964,Belagavi District & Sessions Court,Venkatesh Chavhan,,2025-10-19T01:20:43,C,KA98066,50408,6,96,2,1,1,3,1,2025-10-19 01:20:43,22,1,6,5,10,0,0,2,934,1109,0.78,2,1,0
FIR,Non-Heinous,Chargesheet Filed,Karnataka,Belagavi,Belagavi District & Sessions Court,Police Station,Belagavi City PS,KA11711,Pradeep Nayak,Head Constable,Investigating Officer,1988-05-15,Male,O Positive,0,2012-06-01,FIR/06/094/2025/0409,CC/2025/050409,2025-01-06,Housebreaking by night reported. Electronic goods and valuables stolen while occupants were away.,2025-01-04T21:24:18,2025-01-04T21:24:18,2025-01-06T18:24:18,15.836,74.5506,"Incident near coordinates 15.836, 74.5506",Financial Crime,Money Laundering,IPC,Indian Penal Code,IPC,379,Punishment for theft,1,1,Sunil Nayak,49,Private Employee,Hindu,General,Male,Ramesh Gowda,37,Female,0,Mahesh Chavhan,36,Male,A409,1.0,2025-01-06T18:24:18,Karnataka,Belagavi,Belagavi City PS,KA21025,Belagavi District & Sessions Court,Mahesh Chavhan,,2025-01-06T18:24:18,C,KA26376,50409,6,94,2,1,4,14,1,2025-01-06 18:24:18,36,1,21,6,1,1,0,2,178,1861,1.38,2,0,0
FIR,Non-Heinous,Chargesheet Filed,Karnataka,Belagavi,Belagavi District & Sessions Court,Police Station,Belagavi City PS,KA75806,Vijay Gowda,Inspector,Investigating Officer,1988-05-15,Male,O Positive,0,2012-06-01,FIR/06/098/2025/0410,CC/2025/050410,2025-04-23,Snatching of gold chain from pedestrian by bike-borne suspects during evening hours.,2025-04-22T21:12:44,2025-04-22T21:12:44,2025-04-23T13:12:44,15.8903,74.5769,"Incident near coordinates 15.8903, 74.5769",Cyber Crime,Dark Web Crime,IPC,Indian Penal Code,IPC,379,Punishment for theft,1,1,Vijay Deshmukh,28,Private Employee,Hindu,General,Male,Geetha Kuruba,34,Female,0,Venkatesh Kuruba,61,Male,A410,1.0,2025-04-23T13:12:44,Karnataka,Belagavi,Belagavi City PS,KA19142,Belagavi District & Sessions Court,Venkatesh Kuruba,,2025-04-23T13:12:44,C,KA32550,50410,6,98,2,1,3,12,1,2025-04-23 13:12:44,61,1,21,2,4,0,0,1,647,1210,0.47,1,1,0
FIR,Non-Heinous,Chargesheet Filed,Karnataka,Ballari,Ballari District & Sessions Court,Police Station,Ballari City PS,KA71678,Ramesh Joshi,Inspector,Investigating Officer,1988-05-15,Male,O Positive,0,2012-06-01,FIR/08/126/2025/0411,CC/2025/050411,2025-06-24,Snatching of gold chain from pedestrian by bike-borne suspects during evening hours.,2025-06-23T15:42:15,2025-06-23T15:42:15,2025-06-24T14:42:15,15.1568,76.9713,"Incident near coordinates 15.1568, 76.9713",Property Crimes,Theft,IPC,Indian Penal Code,IPC,379,Punishment for theft,1,1,Basavaraj Rao,52,Private Employee,Hindu,General,Male,Kumar Gowda,58,Female,0,Pradeep Joshi,69,Male,A411,1.0,2025-06-24T14:42:15,Karnataka,Ballari,Ballari City PS,KA97624,Ballari District & Sessions Court,Pradeep Joshi,,2025-06-24T14:42:15,C,KA59387,50411,8,126,3,1,1,1,1,2025-06-24 14:42:15,69,1,15,1,6,0,0,1,947,1891,1.05,1,1,0
FIR,Non-Heinous,Chargesheet Filed,Karnataka,Ballari,Ballari District & Sessions Court,Police Station,Ballari City PS,KA77156,Anand Deshmukh,Head Constable,Investigating Officer,1988-05-15,Male,O Positive,0,2012-06-01,FIR/08/122/2025/0412,CC/2025/050412,2025-07-12,Cyber fraud complaint regarding unauthorized digital transaction via fake banking link.,2025-07-11T01:37:41,2025-07-11T01:37:41,2025-07-12T02:37:41,15.2205,76.8995,"Incident near coordinates 15.2205, 76.8995",Crimes Against Body,Assault,IPC,Indian Penal Code,IPC,379,Punishment for theft,1,1,Ramesh Gowda,30,Private Employee,Hindu,General,Male,Shivakumar Kambale,50,Female,0,Kumar Bhat,55,Male,A412,1.0,2025-07-12T02:37:41,Karnataka,Ballari,Ballari City PS,KA48255,Ballari District & Sessions Court,Kumar Bhat,,2025-07-12T02:37:41,C,KA15815,50412,8,122,1,1,2,7,1,2025-07-12 02:37:41,55,1,1,5,7,0,1,4,297,2857,3.69,1,1,0
FIR,Non-Heinous,Chargesheet Filed,Karnataka,Kalaburagi,Kalaburagi District & Sessions Court,Police Station,Kalaburagi City PS,KA29417,Darshan Patil,Constable,Investigating Officer,1988-05-15,Male,O Positive,0,2012-06-01,FIR/07/104/2025/0413,CC/2025/050413,2025-08-22,Snatching of gold chain from pedestrian by bike-borne suspects during evening hours.,2025-08-22T00:09:06,2025-08-22T00:09:06,2025-08-22T09:09:06,17.3842,76.8291,"Incident near coordinates 17.3842, 76.8291",Property Crimes,Theft,IPC,Indian Penal Code,IPC,379,Punishment for theft,1,1,Darshan Rao,25,Private Employee,Hindu,General,Male,Shivakumar Hegde,48,Female,0,Rekha Shetty,68,Female,A413,1.0,2025-08-22T09:09:06,Karnataka,Kalaburagi,Kalaburagi City PS,KA54375,Kalaburagi District & Sessions Court,Rekha Shetty,,2025-08-22T09:09:06,C,KA75574,50413,7,104,3,1,1,1,1,2025-08-22 09:09:06,68,2,0,5,8,0,1,5,919,1259,2.86,1,1,0
FIR,Heinous,Chargesheet Filed,Karnataka,Belagavi,Belagavi District & Sessions Court,Police Station,Belagavi City PS,KA64619,Sunil Gowda,Head Constable,Investigating Officer,1988-05-15,Male,O Positive,0,2012-06-01,FIR/06/087/2025/0414,CC/2025/050414,2025-09-04,Burglary incident reported at commercial establishment. Locked doors broken open and cash stolen.,2025-09-03T06:58:44,2025-09-03T06:58:44,2025-09-04T19:58:44,15.9526,74.6358,"Incident near coordinates 15.9526, 74.6358",Financial Crime,Money Laundering,IPC,Indian Penal Code,IPC,379,Punishment for theft,1,1,Sudha Reddy,30,Private Employee,Hindu,General,Male,Kavitha Kulkarni,53,Female,0,Kiran Kambale,24,Male,A414,1.0,2025-09-04T19:58:44,Karnataka,Belagavi,Belagavi City PS,KA96659,Belagavi District & Sessions Court,Kiran Kambale,,2025-09-04T19:58:44,C,KA46943,50414,6,87,2,2,4,14,1,2025-09-04 19:58:44,24,1,6,3,9,0,0,2,932,1959,2.99,3,1,1
FIR,Non-Heinous,Chargesheet Filed,Karnataka,Shivamogga,Shivamogga District & Sessions Court,Police Station,Shivamogga Town PS,KA97638,Manjunath Naik,Inspector,Investigating Officer,1988-05-15,Male,O Positive,0,2012-06-01,FIR/11/173/2025/0415,CC/2025/050415,2025-11-23,Cyber fraud complaint regarding unauthorized digital transaction via fake banking link.,2025-11-23T04:41:11,2025-11-23T04:41:11,2025-11-23T22:41:11,13.9986,75.5648,"Incident near coordinates 13.9986, 75.5648",Property Crimes,Theft,IPC,Indian Penal Code,IPC,379,Punishment for theft,1,1,Geetha Naik,60,Private Employee,Hindu,General,Male,Pradeep Shetty,36,Female,0,Venkatesh Nayak,42,Male,A415,1.0,2025-11-23T22:41:11,Karnataka,Shivamogga,Shivamogga Town PS,KA21500,Shivamogga District & Sessions Court,Venkatesh Nayak,,2025-11-23T22:41:11,C,KA64517,50415,11,173,1,1,1,1,1,2025-11-23 22:41:11,42,1,4,7,11,1,1,4,79,784,3.18,2,1,0
FIR,Non-Heinous,Chargesheet Filed,Karnataka,Davangere,Davangere District & Sessions Court,Police Station,Davangere Extension PS,KA68950,Basavaraj Pujari,Inspector,Investigating Officer,1988-05-15,Male,O Positive,0,2012-06-01,FIR/12/182/2025/0416,CC/2025/050416,2025-07-04,Complainant reported theft of motor vehicle parked in front of residence during night hours.,2025-07-03T00:54:10,2025-07-03T00:54:10,2025-07-04T04:54:10,14.4648,75.8923,"Incident near coordinates 14.4648, 75.8923",Crimes Against Body,Murder,IPC,Indian Penal Code,IPC,379,Punishment for theft,1,1,Pradeep Gowda,23,Private Employee,Hindu,General,Male,Manjunath Puri,48,Female,0,Ganesh Kuruba,31,Male,A416,1.0,2025-07-04T04:54:10,Karnataka,Davangere,Davangere Extension PS,KA37475,Davangere District & Sessions Court,Ganesh Kuruba,,2025-07-04T04:54:10,C,KA91969,50416,12,182,2,1,2,6,1,2025-07-04 04:54:10,31,1,0,4,7,0,1,2,182,1999,3.95,1,1,0
FIR,Non-Heinous,Chargesheet Filed,Karnataka,Davangere,Davangere District & Sessions Court,Police Station,Davangere Extension PS,KA99313,Kumar Naik,Head Constable,Investigating Officer,1988-05-15,Male,O Positive,0,2012-06-01,FIR/12/189/2025/0417,CC/2025/050417,2025-07-27,Burglary incident reported at commercial establishment. Locked doors broken open and cash stolen.,2025-07-25T23:22:40,2025-07-25T23:22:40,2025-07-27T20:22:40,14.4543,75.9196,"Incident near coordinates 14.4543, 75.9196",Financial Crime,Money Laundering,IPC,Indian Penal Code,IPC,379,Punishment for theft,1,1,Anitha Kambale,28,Private Employee,Hindu,General,Male,Ganesh Kambale,54,Female,0,Meenakshi Deshmukh,63,Transgender,A417,1.0,2025-07-27T20:22:40,Karnataka,Davangere,Davangere Extension PS,KA60730,Davangere District & Sessions Court,Meenakshi Deshmukh,,2025-07-27T20:22:40,C,KA22264,50417,12,189,3,1,4,14,1,2025-07-27 20:22:40,63,3,23,5,7,0,1,4,69,1360,1.81,2,0,0
FIR,Non-Heinous,Chargesheet Filed,Karnataka,Shivamogga,Shivamogga District & Sessions Court,Police Station,Shivamogga Town PS,KA54911,Raghavendra Patil,Constable,Investigating Officer,1988-05-15,Male,O Positive,0,2012-06-01,FIR/11/167/2025/0418,CC/2025/050418,2025-07-17,Burglary incident reported at commercial establishment. Locked doors broken open and cash stolen.,2025-07-17T00:36:21,2025-07-17T00:36:21,2025-07-17T02:36:21,13.913,75.5139,"Incident near coordinates 13.913, 75.5139",Financial Crime,Money Laundering,IPC,Indian Penal Code,IPC,379,Punishment for theft,1,1,Kiran Bhat,33,Private Employee,Hindu,General,Male,Venkatesh Joshi,23,Female,0,Meenakshi Gowda,32,Female,A418,1.0,2025-07-17T02:36:21,Karnataka,Shivamogga,Shivamogga Town PS,KA46342,Shivamogga District & Sessions Court,Meenakshi Gowda,,2025-07-17T02:36:21,C,KA35878,50418,11,167,1,1,4,14,1,2025-07-17 02:36:21,32,2,0,4,7,0,1,1,931,1685,3.62,1,1,0
FIR,Non-Heinous,Chargesheet Filed,Karnataka,Kalaburagi,Kalaburagi District & Sessions Court,Police Station,Kalaburagi City PS,KA20492,Prakash Shetty,Sub-Inspector,Investigating Officer,1988-05-15,Male,O Positive,0,2012-06-01,FIR/07/113/2025/0419,CC/2025/050419,2025-05-27,Accused unlawfully intercepted complainant near main road intersection and committed extortion and assault.,2025-05-25T14:42:51,2025-05-25T14:42:51,2025-05-27T12:42:51,17.2795,76.8437,"Incident near coordinates 17.2795, 76.8437",Financial Crime,Money Laundering,IPC,Indian Penal Code,IPC,379,Punishment for theft,1,1,Kumar Nayak,39,Private Employee,Hindu,General,Male,Ganesh Shetty,39,Female,0,Sunil Gowda,38,Male,A419,1.0,2025-05-27T12:42:51,Karnataka,Kalaburagi,Kalaburagi City PS,KA38320,Kalaburagi District & Sessions Court,Sunil Gowda,,2025-05-27T12:42:51,C,KA51077,50419,7,113,3,1,4,14,1,2025-05-27 12:42:51,38,1,14,7,5,1,0,1,472,1823,0.58,3,0,0
FIR,Non-Heinous,Chargesheet Filed,Karnataka,Belagavi,Belagavi District & Sessions Court,Police Station,Belagavi City PS,KA41960,Prakash Deshmukh,Head Constable,Investigating Officer,1988-05-15,Male,O Positive,0,2012-06-01,FIR/06/094/2025/0420,CC/2025/050420,2025-03-24,Complainant reported theft of motor vehicle parked in front of residence during night hours.,2025-03-22T15:21:21,2025-03-22T15:21:21,2025-03-24T11:21:21,15.9856,74.6355,"Incident near coordinates 15.9856, 74.6355",Cyber Crime,Dark Web Crime,IPC,Indian Penal Code,IPC,379,Punishment for theft,1,1,Mahesh Joshi,22,Private Employee,Hindu,General,Male,Geetha Joshi,39,Female,0,Meenakshi Naik,55,Female,A420,1.0,2025-03-24T11:21:21,Karnataka,Belagavi,Belagavi City PS,KA13506,Belagavi District & Sessions Court,Meenakshi Naik,,2025-03-24T11:21:21,C,KA86917,50420,6,94,2,1,3,12,1,2025-03-24 11:21:21,55,2,15,6,3,1,0,1,277,1575,3.68,3,1,0
FIR,Non-Heinous,Chargesheet Filed,Karnataka,Ballari,Ballari District & Sessions Court,Police Station,Ballari City PS,KA34125,Raghavendra Bhat,Inspector,Investigating Officer,1988-05-15,Male,O Positive,0,2012-06-01,FIR/08/119/2025/0421,CC/2025/050421,2025-02-28,Snatching of gold chain from pedestrian by bike-borne suspects during evening hours.,2025-02-26T22:57:00,2025-02-26T22:57:00,2025-02-28T12:57:00,15.1654,76.8993,"Incident near coordinates 15.1654, 76.8993",Property Crimes,Burglary,IPC,Indian Penal Code,IPC,379,Punishment for theft,1,1,Raghavendra Nayak,52,Private Employee,Hindu,General,Male,Anand Shetty,23,Female,0,Kumar Rao,63,Male,A421,1.0,2025-02-28T12:57:00,Karnataka,Ballari,Ballari City PS,KA24542,Ballari District & Sessions Court,Kumar Rao,,2025-02-28T12:57:00,C,KA76952,50421,8,119,2,1,1,3,1,2025-02-28 12:57:00,63,1,22,3,2,0,1,1,394,2893,0.83,1,0,0
FIR,Non-Heinous,Chargesheet Filed,Karnataka,Belagavi,Belagavi District & Sessions Court,Police Station,Belagavi City PS,KA38364,Abhishek Deshmukh,Head Constable,Investigating Officer,1988-05-15,Male,O Positive,0,2012-06-01,FIR/06/086/2025/0422,CC/2025/050422,2025-07-28,Housebreaking by night reported. Electronic goods and valuables stolen while occupants were away.,2025-07-27T05:47:54,2025-07-27T05:47:54,2025-07-28T06:47:54,15.8493,74.4795,"Incident near coordinates 15.8493, 74.4795",Property Crimes,Theft,IPC,Indian Penal Code,IPC,379,Punishment for theft,1,1,Venkatesh Patil,50,Private Employee,Hindu,General,Male,Divya Shetty,40,Female,0,Anand Rao,67,Male,A422,1.0,2025-07-28T06:47:54,Karnataka,Belagavi,Belagavi City PS,KA83220,Belagavi District & Sessions Court,Anand Rao,,2025-07-28T06:47:54,C,KA22091,50422,6,86,2,1,1,1,1,2025-07-28 06:47:54,67,1,5,7,7,1,1,3,59,2998,1.16,3,0,0
FIR,Heinous,Chargesheet Filed,Karnataka,Kalaburagi,Kalaburagi District & Sessions Court,Police Station,Kalaburagi City PS,KA84559,Nagaraj Kambale,Inspector,Investigating Officer,1988-05-15,Male,O Positive,0,2012-06-01,FIR/07/110/2025/0423,CC/2025/050423,2025-03-25,Burglary incident reported at commercial establishment. Locked doors broken open and cash stolen.,2025-03-23T15:17:04,2025-03-23T15:17:04,2025-03-25T11:17:04,17.3132,76.8015,"Incident near coordinates 17.3132, 76.8015",Financial Crime,Cheating,IPC,Indian Penal Code,IPC,379,Punishment for theft,1,1,Geetha Chavhan,49,Private Employee,Hindu,General,Male,Shivakumar Chavhan,33,Female,0,Vijay Kambale,44,Male,A423,1.0,2025-03-25T11:17:04,Karnataka,Kalaburagi,Kalaburagi City PS,KA14519,Kalaburagi District & Sessions Court,Vijay Kambale,,2025-03-25T11:17:04,C,KA49840,50423,7,110,2,2,4,15,1,2025-03-25 11:17:04,44,1,15,7,3,1,0,1,733,820,2.82,3,1,0
FIR,Heinous,Chargesheet Filed,Karnataka,Ballari,Ballari District & Sessions Court,Police Station,Ballari City PS,KA11237,Pradeep Chavhan,Inspector,Investigating Officer,1988-05-15,Male,O Positive,0,2012-06-01,FIR/08/121/2025/0424,CC/2025/050424,2025-10-28,Snatching of gold chain from pedestrian by bike-borne suspects during evening hours.,2025-10-27T19:14:41,2025-10-27T19:14:41,2025-10-28T14:14:41,15.1613,76.8883,"Incident near coordinates 15.1613, 76.8883",Crimes Against Body,Murder,IPC,Indian Penal Code,IPC,379,Punishment for theft,1,1,Aswini Pujari,23,Private Employee,Hindu,General,Male,Mahesh Hegde,55,Female,0,Divya Patil,39,Transgender,A424,1.0,2025-10-28T14:14:41,Karnataka,Ballari,Ballari City PS,KA28064,Ballari District & Sessions Court,Divya Patil,,2025-10-28T14:14:41,C,KA70083,50424,8,121,3,2,2,6,1,2025-10-28 14:14:41,39,3,19,1,10,0,0,1,657,636,0.44,3,1,0
FIR,Non-Heinous,Chargesheet Filed,Karnataka,Ballari,Ballari District & Sessions Court,Police Station,Ballari City PS,KA94654,Shivakumar Hegde,Sub-Inspector,Investigating Officer,1988-05-15,Male,O Positive,0,2012-06-01,FIR/08/120/2025/0425,CC/2025/050425,2025-07-04,Accused unlawfully intercepted complainant near main road intersection and committed extortion and assault.,2025-07-03T07:02:33,2025-07-03T07:02:33,2025-07-04T09:02:33,15.1644,76.8767,"Incident near coordinates 15.1644, 76.8767",Cyber Crime,Cryptocurrency Crime,IPC,Indian Penal Code,IPC,379,Punishment for theft,1,1,Kavitha Reddy,62,Private Employee,Hindu,General,Male,Mahesh Pujari,55,Female,0,Darshan Kambale,34,Male,A425,1.0,2025-07-04T09:02:33,Karnataka,Ballari,Ballari City PS,KA34618,Ballari District & Sessions Court,Darshan Kambale,,2025-07-04T09:02:33,C,KA65879,50425,8,120,3,1,3,13,1,2025-07-04 09:02:33,34,1,7,4,7,0,0,3,869,579,1.62,1,1,0
FIR,Heinous,Chargesheet Filed,Karnataka,Ballari,Ballari District & Sessions Court,Police Station,Ballari City PS,KA61646,Sunil Reddy,Constable,Investigating Officer,1988-05-15,Male,O Positive,0,2012-06-01,FIR/08/124/2025/0426,CC/2025/050426,2025-05-27,Complainant reported theft of motor vehicle parked in front of residence during night hours.,2025-05-26T02:27:15,2025-05-26T02:27:15,2025-05-27T14:27:15,15.1673,76.8534,"Incident near coordinates 15.1673, 76.8534",Financial Crime,Money Laundering,IPC,Indian Penal Code,IPC,379,Punishment for theft,1,1,Nagaraj Gowda,41,Private Employee,Hindu,General,Male,Basavaraj Kambale,24,Female,0,Shivakumar Bhat,45,Male,A426,1.0,2025-05-27T14:27:15,Karnataka,Ballari,Ballari City PS,KA52636,Ballari District & Sessions Court,Shivakumar Bhat,,2025-05-27T14:27:15,C,KA18857,50426,8,124,3,2,4,14,1,2025-05-27 14:27:15,45,1,2,1,5,0,1,1,798,2592,3.1,4,1,0
FIR,Heinous,Chargesheet Filed,Karnataka,Kalaburagi,Kalaburagi District & Sessions Court,Police Station,Kalaburagi City PS,KA41173,Mahesh Pujari,Head Constable,Investigating Officer,1988-05-15,Male,O Positive,0,2012-06-01,FIR/07/111/2025/0427,CC/2025/050427,2025-03-08,Housebreaking by night reported. Electronic goods and valuables stolen while occupants were away.,2025-03-07T07:44:50,2025-03-07T07:44:50,2025-03-08T19:44:50,17.3925,76.8383,"Incident near coordinates 17.3925, 76.8383",Crimes Against Body,Murder,IPC,Indian Penal Code,IPC,379,Punishment for theft,1,1,Suresh Nayak,46,Private Employee,Hindu,General,Male,Shivakumar Hegde,41,Female,0,Kavitha Kulkarni,60,Transgender,A427,1.0,2025-03-08T19:44:50,Karnataka,Kalaburagi,Kalaburagi City PS,KA47656,Kalaburagi District & Sessions Court,Kavitha Kulkarni,,2025-03-08T19:44:50,C,KA83222,50427,7,111,1,2,2,6,1,2025-03-08 19:44:50,60,3,7,5,3,0,0,1,575,3072,0.66,2,1,0
FIR,Non-Heinous,Chargesheet Filed,Karnataka,Belagavi,Belagavi District & Sessions Court,Police Station,Belagavi City PS,KA49175,Vijay Patil,Inspector,Investigating Officer,1988-05-15,Male,O Positive,0,2012-06-01,FIR/06/093/2025/0428,CC/2025/050428,2025-04-27,Cyber fraud complaint regarding unauthorized digital transaction via fake banking link.,2025-04-27T09:39:23,2025-04-27T09:39:23,2025-04-27T22:39:23,15.9283,74.4753,"Incident near coordinates 15.9283, 74.4753",Property Crimes,Theft,IPC,Indian Penal Code,IPC,379,Punishment for theft,1,1,Mahesh Kulkarni,43,Private Employee,Hindu,General,Male,Ganesh Deshmukh,38,Female,0,Suresh Shetty,39,Male,A428,1.0,2025-04-27T22:39:23,Karnataka,Belagavi,Belagavi City PS,KA18792,Belagavi District & Sessions Court,Suresh Shetty,,2025-04-27T22:39:23,C,KA55022,50428,6,93,1,1,1,1,1,2025-04-27 22:39:23,39,1,9,7,4,1,0,1,331,1431,2.84,3,1,0
FIR,Non-Heinous,Chargesheet Filed,Karnataka,Belagavi,Belagavi District & Sessions Court,Police Station,Belagavi City PS,KA44318,Sunil Patil,Sub-Inspector,Investigating Officer,1988-05-15,Male,O Positive,0,2012-06-01,FIR/06/091/2025/0429,CC/2025/050429,2025-07-07,Burglary incident reported at commercial establishment. Locked doors broken open and cash stolen.,2025-07-06T08:17:17,2025-07-06T08:17:17,2025-07-07T11:17:17,15.9946,74.5075,"Incident near coordinates 15.9946, 74.5075",Financial Crime,Cheating,IPC,Indian Penal Code,IPC,379,Punishment for theft,1,1,Prakash Kulkarni,30,Private Employee,Hindu,General,Male,Kiran Deshmukh,47,Female,0,Nagaraj Patil,68,Male,A429,1.0,2025-07-07T11:17:17,Karnataka,Belagavi,Belagavi City PS,KA38987,Belagavi District & Sessions Court,Nagaraj Patil,,2025-07-07T11:17:17,C,KA28032,50429,6,91,3,1,4,15,1,2025-07-07 11:17:17,68,1,8,7,7,1,0,1,467,2797,1.72,3,0,0
FIR,Non-Heinous,Chargesheet Filed,Karnataka,Davangere,Davangere District & Sessions Court,Police Station,Davangere Extension PS,KA71873,Basavaraj Joshi,Sub-Inspector,Investigating Officer,1988-05-15,Male,O Positive,0,2012-06-01,FIR/12/189/2025/0430,CC/2025/050430,2025-04-01,Cyber fraud complaint regarding unauthorized digital transaction via fake banking link.,2025-03-30T17:34:41,2025-03-30T17:34:41,2025-04-01T17:34:41,14.4189,75.8698,"Incident near coordinates 14.4189, 75.8698",Property Crimes,Robbery,IPC,Indian Penal Code,IPC,379,Punishment for theft,1,1,Raghavendra Naik,35,Private Employee,Hindu,General,Male,Kiran Gowda,25,Female,0,Pradeep Patil,58,Male,A430,1.0,2025-04-01T17:34:41,Karnataka,Davangere,Davangere Extension PS,KA46802,Davangere District & Sessions Court,Pradeep Patil,,2025-04-01T17:34:41,C,KA25941,50430,12,189,3,1,1,2,1,2025-04-01 17:34:41,58,1,17,7,3,1,0,1,895,1171,1.79,2,1,0
FIR,Non-Heinous,Chargesheet Filed,Karnataka,Ballari,Ballari District & Sessions Court,Police Station,Ballari City PS,KA38884,Shivakumar Puri,Inspector,Investigating Officer,1988-05-15,Male,O Positive,0,2012-06-01,FIR/08/116/2025/0431,CC/2025/050431,2025-05-02,Housebreaking by night reported. Electronic goods and valuables stolen while occupants were away.,2025-05-01T20:09:36,2025-05-01T20:09:36,2025-05-02T06:09:36,15.1084,76.964,"Incident near coordinates 15.1084, 76.964",Property Crimes,Robbery,IPC,Indian Penal Code,IPC,379,Punishment for theft,1,1,Anand Kambale,37,Private Employee,Hindu,General,Male,Vijay Joshi,29,Female,0,Ambika Deshmukh,25,Female,A431,1.0,2025-05-02T06:09:36,Karnataka,Ballari,Ballari City PS,KA24848,Ballari District & Sessions Court,Ambika Deshmukh,,2025-05-02T06:09:36,C,KA79732,50431,8,116,1,1,1,2,1,2025-05-02 06:09:36,25,2,20,4,5,0,0,3,659,579,4.36,1,1,0
FIR,Non-Heinous,Chargesheet Filed,Karnataka,Ballari,Ballari District & Sessions Court,Police Station,Ballari City PS,KA51726,Pradeep Kambale,Inspector,Investigating Officer,1988-05-15,Male,O Positive,0,2012-06-01,FIR/08/129/2025/0432,CC/2025/050432,2025-04-18,Cyber fraud complaint regarding unauthorized digital transaction via fake banking link.,2025-04-17T14:41:39,2025-04-17T14:41:39,2025-04-18T07:41:39,15.2137,76.9028,"Incident near coordinates 15.2137, 76.9028",Crimes Against Body,Murder,IPC,Indian Penal Code,IPC,379,Punishment for theft,1,1,Manjunath Kuruba,61,Private Employee,Hindu,General,Male,Suresh Kambale,22,Female,0,Pradeep Kuruba,69,Male,A432,1.0,2025-04-18T07:41:39,Karnataka,Ballari,Ballari City PS,KA35215,Ballari District & Sessions Court,Pradeep Kuruba,,2025-04-18T07:41:39,C,KA61333,50432,8,129,1,1,2,6,1,2025-04-18 07:41:39,69,1,14,4,4,0,0,3,631,2088,3.74,2,1,0
FIR,Non-Heinous,Chargesheet Filed,Karnataka,Shivamogga,Shivamogga District & Sessions Court,Police Station,Shivamogga Town PS,KA48466,Venkatesh Hegde,Head Constable,Investigating Officer,1988-05-15,Male,O Positive,0,2012-06-01,FIR/11/169/2025/0433,CC/2025/050433,2025-02-22,Accused unlawfully intercepted complainant near main road intersection and committed extortion and assault.,2025-02-22T01:32:26,2025-02-22T01:32:26,2025-02-22T20:32:26,14.0369,75.6605,"Incident near coordinates 14.0369, 75.6605",Financial Crime,Cheating,IPC,Indian Penal Code,IPC,379,Punishment for theft,1,1,Satish Deshmukh,35,Private Employee,Hindu,General,Male,Raghavendra Chavhan,50,Female,0,Kiran Kambale,20,Male,A433,1.0,2025-02-22T20:32:26,Karnataka,Shivamogga,Shivamogga Town PS,KA52360,Shivamogga District & Sessions Court,Kiran Kambale,,2025-02-22T20:32:26,C,KA74459,50433,11,169,1,1,4,15,1,2025-02-22 20:32:26,20,1,1,6,2,1,1,1,102,1119,2.94,3,1,0
FIR,Non-Heinous,Chargesheet Filed,Karnataka,Shivamogga,Shivamogga District & Sessions Court,Police Station,Shivamogga Town PS,KA20579,Darshan Kuruba,Constable,Investigating Officer,1988-05-15,Male,O Positive,0,2012-06-01,FIR/11/174/2025/0434,CC/2025/050434,2025-07-19,Accused unlawfully intercepted complainant near main road intersection and committed extortion and assault.,2025-07-19T08:22:41,2025-07-19T08:22:41,2025-07-19T14:22:41,13.9637,75.5772,"Incident near coordinates 13.9637, 75.5772",Cyber Crime,Cyber Crime,IPC,Indian Penal Code,IPC,379,Punishment for theft,1,1,Suresh Kambale,55,Private Employee,Hindu,General,Male,Manjunath Kulkarni,21,Female,0,Vijay Joshi,52,Male,A434,1.0,2025-07-19T14:22:41,Karnataka,Shivamogga,Shivamogga Town PS,KA59719,Shivamogga District & Sessions Court,Vijay Joshi,,2025-07-19T14:22:41,C,KA24430,50434,11,174,2,1,3,11,1,2025-07-19 14:22:41,52,1,8,6,7,1,0,2,772,584,0.29,3,1,0
FIR,Non-Heinous,Chargesheet Filed,Karnataka,Kalaburagi,Kalaburagi District & Sessions Court,Police Station,Kalaburagi City PS,KA64120,Mahesh Kambale,Constable,Investigating Officer,1988-05-15,Male,O Positive,0,2012-06-01,FIR/07/113/2025/0435,CC/2025/050435,2025-02-21,Accused unlawfully intercepted complainant near main road intersection and committed extortion and assault.,2025-02-20T13:59:31,2025-02-20T13:59:31,2025-02-21T12:59:31,17.2933,76.8661,"Incident near coordinates 17.2933, 76.8661",Financial Crime,Money Laundering,IPC,Indian Penal Code,IPC,379,Punishment for theft,1,1,Divya Patil,30,Private Employee,Hindu,General,Male,Divya Nayak,49,Female,0,Lakshmi Chavhan,66,Female,A435,1.0,2025-02-21T12:59:31,Karnataka,Kalaburagi,Kalaburagi City PS,KA79263,Kalaburagi District & Sessions Court,Lakshmi Chavhan,,2025-02-21T12:59:31,C,KA83717,50435,7,113,1,1,4,14,1,2025-02-21 12:59:31,66,2,13,4,2,0,0,1,89,3226,2.69,2,1,0
FIR,Non-Heinous,Chargesheet Filed,Karnataka,Ballari,Ballari District & Sessions Court,Police Station,Ballari City PS,KA84294,Ramesh Reddy,Inspector,Investigating Officer,1988-05-15,Male,O Positive,0,2012-06-01,FIR/08/121/2025/0436,CC/2025/050436,2025-04-27,Housebreaking by night reported. Electronic goods and valuables stolen while occupants were away.,2025-04-27T01:51:56,2025-04-27T01:51:56,2025-04-27T11:51:56,15.1309,76.8898,"Incident near coordinates 15.1309, 76.8898",Crimes Against Body,Assault,IPC,Indian Penal Code,IPC,379,Punishment for theft,1,1,Ramesh Joshi,40,Private Employee,Hindu,General,Male,Prakash Rao,48,Female,0,Ganesh Joshi,41,Male,A436,1.0,2025-04-27T11:51:56,Karnataka,Ballari,Ballari City PS,KA66703,Ballari District & Sessions Court,Ganesh Joshi,,2025-04-27T11:51:56,C,KA50549,50436,8,121,1,1,2,7,1,2025-04-27 11:51:56,41,1,1,7,4,1,1,1,810,1979,3.71,2,1,0
FIR,Non-Heinous,Chargesheet Filed,Karnataka,Davangere,Davangere District & Sessions Court,Police Station,Davangere Extension PS,KA84611,Ramesh Chavhan,Head Constable,Investigating Officer,1988-05-15,Male,O Positive,0,2012-06-01,FIR/12/183/2025/0437,CC/2025/050437,2025-03-06,Snatching of gold chain from pedestrian by bike-borne suspects during evening hours.,2025-03-06T11:47:40,2025-03-06T11:47:40,2025-03-06T14:47:40,14.452,75.9146,"Incident near coordinates 14.452, 75.9146",Property Crimes,Theft,IPC,Indian Penal Code,IPC,379,Punishment for theft,1,1,Pradeep Nayak,25,Private Employee,Hindu,General,Male,Kumar Kuruba,30,Female,0,Venkatesh Shetty,66,Male,A437,1.0,2025-03-06T14:47:40,Karnataka,Davangere,Davangere Extension PS,KA78700,Davangere District & Sessions Court,Venkatesh Shetty,,2025-03-06T14:47:40,C,KA51022,50437,12,183,2,1,1,1,1,2025-03-06 14:47:40,66,1,11,4,3,0,0,1,563,2818,0.88,2,1,0
FIR,Heinous,Chargesheet Filed,Karnataka,Davangere,Davangere District & Sessions Court,Police Station,Davangere Extension PS,KA78153,Mahesh Hegde,Sub-Inspector,Investigating Officer,1988-05-15,Male,O Positive,0,2012-06-01,FIR/12/177/2025/0438,CC/2025/050438,2025-02-14,Cyber fraud complaint regarding unauthorized digital transaction via fake banking link.,2025-02-14T09:49:33,2025-02-14T09:49:33,2025-02-14T14:49:33,14.4345,75.8675,"Incident near coordinates 14.4345, 75.8675",Crimes Against Body,Grievous Hurt,IPC,Indian Penal Code,IPC,379,Punishment for theft,1,1,Abhishek Pujari,34,Private Employee,Hindu,General,Male,Vijay Naik,31,Female,0,Nagaraj Shetty,60,Male,A438,1.0,2025-02-14T14:49:33,Karnataka,Davangere,Davangere Extension PS,KA63351,Davangere District & Sessions Court,Nagaraj Shetty,,2025-02-14T14:49:33,C,KA76798,50438,12,177,1,2,2,8,1,2025-02-14 14:49:33,60,1,9,5,2,0,0,3,251,2789,4.45,3,1,0
FIR,Non-Heinous,Chargesheet Filed,Karnataka,Davangere,Davangere District & Sessions Court,Police Station,Davangere Extension PS,KA89681,Ramesh Bhat,Sub-Inspector,Investigating Officer,1988-05-15,Male,O Positive,0,2012-06-01,FIR/12/181/2025/0439,CC/2025/050439,2025-08-02,Accused unlawfully intercepted complainant near main road intersection and committed extortion and assault.,2025-08-01T19:37:03,2025-08-01T19:37:03,2025-08-02T07:37:03,14.4474,75.8591,"Incident near coordinates 14.4474, 75.8591",Cyber Crime,Cyber Crime,IPC,Indian Penal Code,IPC,379,Punishment for theft,1,1,Manjunath Naik,23,Private Employee,Hindu,General,Male,Ganesh Hegde,22,Female,0,Nagaraj Hegde,31,Male,A439,1.0,2025-08-02T07:37:03,Karnataka,Davangere,Davangere Extension PS,KA18331,Davangere District & Sessions Court,Nagaraj Hegde,,2025-08-02T07:37:03,C,KA55409,50439,12,181,1,1,3,11,1,2025-08-02 07:37:03,31,1,19,5,8,0,0,1,879,2903,2.17,1,1,0
FIR,Non-Heinous,Chargesheet Filed,Karnataka,Shivamogga,Shivamogga District & Sessions Court,Police Station,Shivamogga Town PS,KA22120,Nagaraj Puri,Inspector,Investigating Officer,1988-05-15,Male,O Positive,0,2012-06-01,FIR/11/165/2025/0440,CC/2025/050440,2025-08-28,Complainant reported theft of motor vehicle parked in front of residence during night hours.,2025-08-28T12:11:52,2025-08-28T12:11:52,2025-08-28T15:11:52,13.9409,75.6437,"Incident near coordinates 13.9409, 75.6437",Crimes Against Body,Murder,IPC,Indian Penal Code,IPC,379,Punishment for theft,1,1,Sunil Gowda,52,Private Employee,Hindu,General,Male,Kiran Puri,56,Female,0,Divya Bhat,19,Transgender,A440,1.0,2025-08-28T15:11:52,Karnataka,Shivamogga,Shivamogga Town PS,KA39140,Shivamogga District & Sessions Court,Divya Bhat,,2025-08-28T15:11:52,C,KA37599,50440,11,165,2,1,2,6,1,2025-08-28 15:11:52,19,3,12,4,8,0,0,1,872,717,3.35,2,1,0
FIR,Non-Heinous,Chargesheet Filed,Karnataka,Davangere,Davangere District & Sessions Court,Police Station,Davangere Extension PS,KA99514,Prakash Bhat,Head Constable,Investigating Officer,1988-05-15,Male,O Positive,0,2012-06-01,FIR/12/189/2025/0441,CC/2025/050441,2025-10-28,Accused unlawfully intercepted complainant near main road intersection and committed extortion and assault.,2025-10-27T15:19:32,2025-10-27T15:19:32,2025-10-28T05:19:32,14.4495,75.9183,"Incident near coordinates 14.4495, 75.9183",Financial Crime,Money Laundering,IPC,Indian Penal Code,IPC,379,Punishment for theft,1,1,Ramesh Bhat,59,Private Employee,Hindu,General,Male,Pradeep Naik,57,Female,0,Venkatesh Puri,53,Male,A441,1.0,2025-10-28T05:19:32,Karnataka,Davangere,Davangere Extension PS,KA58913,Davangere District & Sessions Court,Venkatesh Puri,,2025-10-28T05:19:32,C,KA19342,50441,12,189,1,1,4,14,1,2025-10-28 05:19:32,53,1,15,1,10,0,0,1,235,1347,3.81,2,1,0
FIR,Non-Heinous,Chargesheet Filed,Karnataka,Kalaburagi,Kalaburagi District & Sessions Court,Police Station,Kalaburagi City PS,KA74033,Shivakumar Naik,Sub-Inspector,Investigating Officer,1988-05-15,Male,O Positive,0,2012-06-01,FIR/07/108/2025/0442,CC/2025/050442,2025-01-18,Accused unlawfully intercepted complainant near main road intersection and committed extortion and assault.,2025-01-18T02:40:55,2025-01-18T02:40:55,2025-01-18T14:40:55,17.2582,76.8848,"Incident near coordinates 17.2582, 76.8848",Property Crimes,Robbery,IPC,Indian Penal Code,IPC,379,Punishment for theft,1,1,Shivakumar Pujari,30,Private Employee,Hindu,General,Male,Abhishek Bhat,59,Female,0,Ganesh Kulkarni,44,Male,A442,1.0,2025-01-18T14:40:55,Karnataka,Kalaburagi,Kalaburagi City PS,KA65977,Kalaburagi District & Sessions Court,Ganesh Kulkarni,,2025-01-18T14:40:55,C,KA75767,50442,7,108,2,1,1,2,1,2025-01-18 14:40:55,44,1,2,6,1,1,1,1,794,509,1.08,3,1,0
FIR,Non-Heinous,Chargesheet Filed,Karnataka,Shivamogga,Shivamogga District & Sessions Court,Police Station,Shivamogga Town PS,KA41065,Suresh Gowda,Inspector,Investigating Officer,1988-05-15,Male,O Positive,0,2012-06-01,FIR/11/167/2025/0443,CC/2025/050443,2025-04-07,Housebreaking by night reported. Electronic goods and valuables stolen while occupants were away.,2025-04-06T18:44:25,2025-04-06T18:44:25,2025-04-07T05:44:25,13.932,75.6577,"Incident near coordinates 13.932, 75.6577",Financial Crime,Money Laundering,IPC,Indian Penal Code,IPC,379,Punishment for theft,1,1,Sunil Patil,27,Private Employee,Hindu,General,Male,Anand Hegde,38,Female,0,Venkatesh Reddy,33,Male,A443,1.0,2025-04-07T05:44:25,Karnataka,Shivamogga,Shivamogga Town PS,KA71221,Shivamogga District & Sessions Court,Venkatesh Reddy,,2025-04-07T05:44:25,C,KA78346,50443,11,167,1,1,4,14,1,2025-04-07 05:44:25,33,1,18,7,4,1,0,1,795,2015,1.06,3,1,0
FIR,Non-Heinous,Chargesheet Filed,Karnataka,Davangere,Davangere District & Sessions Court,Police Station,Davangere Extension PS,KA51256,Raghavendra Rao,Sub-Inspector,Investigating Officer,1988-05-15,Male,O Positive,0,2012-06-01,FIR/12/187/2025/0444,CC/2025/050444,2025-05-26,Complainant reported theft of motor vehicle parked in front of residence during night hours.,2025-05-25T09:31:46,2025-05-25T09:31:46,2025-05-26T11:31:46,14.4333,75.9141,"Incident near coordinates 14.4333, 75.9141",Crimes Against Body,Assault,IPC,Indian Penal Code,IPC,379,Punishment for theft,1,1,Satish Gowda,30,Private Employee,Hindu,General,Male,Abhishek Reddy,55,Female,0,Darshan Kambale,31,Male,A444,1.0,2025-05-26T11:31:46,Karnataka,Davangere,Davangere Extension PS,KA39981,Davangere District & Sessions Court,Darshan Kambale,,2025-05-26T11:31:46,C,KA54121,50444,12,187,3,1,2,7,1,2025-05-26 11:31:46,31,1,9,7,5,1,0,1,576,2868,1.08,2,1,0
FIR,Non-Heinous,Chargesheet Filed,Karnataka,Davangere,Davangere District & Sessions Court,Police Station,Davangere Extension PS,KA15325,Darshan Puri,Inspector,Investigating Officer,1988-05-15,Male,O Positive,0,2012-06-01,FIR/12/183/2025/0445,CC/2025/050445,2025-06-06,Snatching of gold chain from pedestrian by bike-borne suspects during evening hours.,2025-06-05T21:37:17,2025-06-05T21:37:17,2025-06-06T01:37:17,14.5239,75.9099,"Incident near coordinates 14.5239, 75.9099",Cyber Crime,Cryptocurrency Crime,IPC,Indian Penal Code,IPC,379,Punishment for theft,1,1,Shivakumar Pujari,27,Private Employee,Hindu,General,Male,Ganesh Reddy,28,Female,0,Venkatesh Kuruba,51,Male,A445,1.0,2025-06-06T01:37:17,Karnataka,Davangere,Davangere Extension PS,KA23504,Davangere District & Sessions Court,Venkatesh Kuruba,,2025-06-06T01:37:17,C,KA81861,50445,12,183,2,1,3,13,1,2025-06-06 01:37:17,51,1,21,4,6,0,0,2,528,3337,0.83,1,1,0
FIR,Non-Heinous,Chargesheet Filed,Karnataka,Shivamogga,Shivamogga District & Sessions Court,Police Station,Shivamogga Town PS,KA41729,Vijay Pujari,Sub-Inspector,Investigating Officer,1988-05-15,Male,O Positive,0,2012-06-01,FIR/11/170/2025/0446,CC/2025/050446,2025-07-17,Housebreaking by night reported. Electronic goods and valuables stolen while occupants were away.,2025-07-16T08:53:48,2025-07-16T08:53:48,2025-07-17T10:53:48,13.9454,75.5511,"Incident near coordinates 13.9454, 75.5511",Financial Crime,Money Laundering,IPC,Indian Penal Code,IPC,379,Punishment for theft,1,1,Ganesh Bhat,36,Private Employee,Hindu,General,Male,Suresh Shetty,44,Female,0,Raghavendra Joshi,67,Male,A446,1.0,2025-07-17T10:53:48,Karnataka,Shivamogga,Shivamogga Town PS,KA62078,Shivamogga District & Sessions Court,Raghavendra Joshi,,2025-07-17T10:53:48,C,KA50154,50446,11,170,1,1,4,14,1,2025-07-17 10:53:48,67,1,8,3,7,0,0,1,322,2939,1.44,2,0,0
FIR,Non-Heinous,Chargesheet Filed,Karnataka,Ballari,Ballari District & Sessions Court,Police Station,Ballari City PS,KA62270,Pradeep Chavhan,Head Constable,Investigating Officer,1988-05-15,Male,O Positive,0,2012-06-01,FIR/08/117/2025/0447,CC/2025/050447,2025-06-16,Complainant reported theft of motor vehicle parked in front of residence during night hours.,2025-06-16T05:34:52,2025-06-16T05:34:52,2025-06-16T06:34:52,15.2027,76.9204,"Incident near coordinates 15.2027, 76.9204",Property Crimes,Theft,IPC,Indian Penal Code,IPC,379,Punishment for theft,1,1,Abhishek Joshi,46,Private Employee,Hindu,General,Male,Ambika Pujari,41,Female,0,Sudha Reddy,51,Female,A447,1.0,2025-06-16T06:34:52,Karnataka,Ballari,Ballari City PS,KA40654,Ballari District & Sessions Court,Sudha Reddy,,2025-06-16T06:34:52,C,KA91045,50447,8,117,3,1,1,1,1,2025-06-16 06:34:52,51,2,5,1,6,0,1,2,126,655,4.26,1,1,0
FIR,Non-Heinous,Chargesheet Filed,Karnataka,Belagavi,Belagavi District & Sessions Court,Police Station,Belagavi City PS,KA69666,Vijay Kuruba,Sub-Inspector,Investigating Officer,1988-05-15,Male,O Positive,0,2012-06-01,FIR/06/098/2025/0448,CC/2025/050448,2025-07-21,Burglary incident reported at commercial establishment. Locked doors broken open and cash stolen.,2025-07-19T22:19:02,2025-07-19T22:19:02,2025-07-21T19:19:02,15.9154,74.5759,"Incident near coordinates 15.9154, 74.5759",Property Crimes,Robbery,IPC,Indian Penal Code,IPC,379,Punishment for theft,1,1,Ganesh Puri,30,Private Employee,Hindu,General,Male,Geetha Hegde,59,Female,0,Abhishek Bhat,66,Male,A448,1.0,2025-07-21T19:19:02,Karnataka,Belagavi,Belagavi City PS,KA86305,Belagavi District & Sessions Court,Abhishek Bhat,,2025-07-21T19:19:02,C,KA55972,50448,6,98,1,1,1,2,1,2025-07-21 19:19:02,66,1,22,6,7,1,1,1,852,1651,1.42,2,1,0
FIR,Non-Heinous,Chargesheet Filed,Karnataka,Davangere,Davangere District & Sessions Court,Police Station,Davangere Extension PS,KA89038,Manjunath Reddy,Sub-Inspector,Investigating Officer,1988-05-15,Male,O Positive,0,2012-06-01,FIR/12/181/2025/0449,CC/2025/050449,2025-03-04,Accused unlawfully intercepted complainant near main road intersection and committed extortion and assault.,2025-03-03T07:14:05,2025-03-03T07:14:05,2025-03-04T01:14:05,14.5372,75.8861,"Incident near coordinates 14.5372, 75.8861",Property Crimes,Theft,IPC,Indian Penal Code,IPC,379,Punishment for theft,1,1,Shilpa Nayak,44,Private Employee,Hindu,General,Male,Sunil Kambale,43,Female,0,Prakash Chavhan,67,Male,A449,1.0,2025-03-04T01:14:05,Karnataka,Davangere,Davangere Extension PS,KA11669,Davangere District & Sessions Court,Prakash Chavhan,,2025-03-04T01:14:05,C,KA52759,50449,12,181,2,1,1,1,1,2025-03-04 01:14:05,67,1,7,1,3,0,0,1,265,3142,0.24,1,0,0
FIR,Non-Heinous,Chargesheet Filed,Karnataka,Shivamogga,Shivamogga District & Sessions Court,Police Station,Shivamogga Town PS,KA73040,Mahesh Hegde,Sub-Inspector,Investigating Officer,1988-05-15,Male,O Positive,0,2012-06-01,FIR/11/172/2025/0450,CC/2025/050450,2025-02-02,Complainant reported theft of motor vehicle parked in front of residence during night hours.,2025-02-01T11:16:17,2025-02-01T11:16:17,2025-02-02T06:16:17,14.0368,75.6083,"Incident near coordinates 14.0368, 75.6083",Cyber Crime,Dark Web Crime,IPC,Indian Penal Code,IPC,379,Punishment for theft,1,1,Aswini Kulkarni,46,Private Employee,Hindu,General,Male,Shilpa Hegde,37,Female,0,Manjunath Hegde,69,Male,A450,1.0,2025-02-02T06:16:17,Karnataka,Shivamogga,Shivamogga Town PS,KA92910,Shivamogga District & Sessions Court,Manjunath Hegde,,2025-02-02T06:16:17,C,KA71095,50450,11,172,2,1,3,12,1,2025-02-02 06:16:17,69,1,11,6,2,1,0,1,950,3153,2.87,2,1,0
FIR,Heinous,Chargesheet Filed,Karnataka,Belagavi,Belagavi District & Sessions Court,Police Station,Belagavi City PS,KA48294,Kiran Joshi,Sub-Inspector,Investigating Officer,1988-05-15,Male,O Positive,0,2012-06-01,FIR/06/090/2025/0451,CC/2025/050451,2025-06-30,Snatching of gold chain from pedestrian by bike-borne suspects during evening hours.,2025-06-30T14:08:13,2025-06-30T14:08:13,2025-06-30T16:08:13,15.8427,74.5751,"Incident near coordinates 15.8427, 74.5751",Crimes Against Body,Murder,IPC,Indian Penal Code,IPC,379,Punishment for theft,1,1,Nagaraj Shetty,29,Private Employee,Hindu,General,Male,Kumar Hegde,36,Female,0,Vijay Pujari,63,Male,A451,1.0,2025-06-30T16:08:13,Karnataka,Belagavi,Belagavi City PS,KA17843,Belagavi District & Sessions Court,Vijay Pujari,,2025-06-30T16:08:13,C,KA16147,50451,6,90,1,2,2,6,1,2025-06-30 16:08:13,63,1,14,1,6,0,0,2,568,1647,4.11,2,1,0
FIR,Non-Heinous,Chargesheet Filed,Karnataka,Kalaburagi,Kalaburagi District & Sessions Court,Police Station,Kalaburagi City PS,KA22241,Suresh Pujari,Sub-Inspector,Investigating Officer,1988-05-15,Male,O Positive,0,2012-06-01,FIR/07/104/2025/0452,CC/2025/050452,2025-12-19,Complainant reported theft of motor vehicle parked in front of residence during night hours.,2025-12-17T06:30:57,2025-12-17T06:30:57,2025-12-19T02:30:57,17.2552,76.8979,"Incident near coordinates 17.2552, 76.8979",Crimes Against Body,Murder,IPC,Indian Penal Code,IPC,379,Punishment for theft,1,1,Vijay Puri,52,Private Employee,Hindu,General,Male,Sowmya Kulkarni,58,Female,0,Darshan Kambale,29,Male,A452,1.0,2025-12-19T02:30:57,Karnataka,Kalaburagi,Kalaburagi City PS,KA23563,Kalaburagi District & Sessions Court,Darshan Kambale,,2025-12-19T02:30:57,C,KA46673,50452,7,104,2,1,2,6,1,2025-12-19 02:30:57,29,1,6,3,12,0,0,1,279,862,3.85,2,1,0
FIR,Heinous,Chargesheet Filed,Karnataka,Davangere,Davangere District & Sessions Court,Police Station,Davangere Extension PS,KA74378,Ganesh Hegde,Constable,Investigating Officer,1988-05-15,Male,O Positive,0,2012-06-01,FIR/12/186/2025/0453,CC/2025/050453,2025-06-11,Accused unlawfully intercepted complainant near main road intersection and committed extortion and assault.,2025-06-11T03:12:45,2025-06-11T03:12:45,2025-06-11T22:12:45,14.4028,75.8815,"Incident near coordinates 14.4028, 75.8815",Financial Crime,Money Laundering,IPC,Indian Penal Code,IPC,379,Punishment for theft,1,1,Manjunath Kuruba,32,Private Employee,Hindu,General,Male,Abhishek Rao,22,Female,0,Mahesh Kambale,38,Male,A453,1.0,2025-06-11T22:12:45,Karnataka,Davangere,Davangere Extension PS,KA90836,Davangere District & Sessions Court,Mahesh Kambale,,2025-06-11T22:12:45,C,KA36682,50453,12,186,1,2,4,14,1,2025-06-11 22:12:45,38,1,3,3,6,0,1,3,304,1625,2.69,3,1,0
FIR,Non-Heinous,Chargesheet Filed,Karnataka,Ballari,Ballari District & Sessions Court,Police Station,Ballari City PS,KA72090,Kiran Nayak,Inspector,Investigating Officer,1988-05-15,Male,O Positive,0,2012-06-01,FIR/08/126/2025/0454,CC/2025/050454,2025-07-27,Complainant reported theft of motor vehicle parked in front of residence during night hours.,2025-07-27T11:12:48,2025-07-27T11:12:48,2025-07-27T13:12:48,15.1151,76.9614,"Incident near coordinates 15.1151, 76.9614",Cyber Crime,Cryptocurrency Crime,IPC,Indian Penal Code,IPC,379,Punishment for theft,1,1,Roopa Reddy,65,Private Employee,Hindu,General,Male,Anitha Naik,34,Female,0,Suresh Reddy,72,Male,A454,1.0,2025-07-27T13:12:48,Karnataka,Ballari,Ballari City PS,KA10867,Ballari District & Sessions Court,Suresh Reddy,,2025-07-27T13:12:48,C,KA31593,50454,8,126,2,1,3,13,1,2025-07-27 13:12:48,72,1,11,7,7,1,0,1,525,2941,1.54,3,1,0
FIR,Heinous,Chargesheet Filed,Karnataka,Davangere,Davangere District & Sessions Court,Police Station,Davangere Extension PS,KA33148,Vijay Shetty,Inspector,Investigating Officer,1988-05-15,Male,O Positive,0,2012-06-01,FIR/12/182/2025/0455,CC/2025/050455,2025-02-07,Snatching of gold chain from pedestrian by bike-borne suspects during evening hours.,2025-02-06T16:09:58,2025-02-06T16:09:58,2025-02-07T17:09:58,14.4087,75.8912,"Incident near coordinates 14.4087, 75.8912",Crimes Against Body,Grievous Hurt,IPC,Indian Penal Code,IPC,379,Punishment for theft,1,1,Kiran Pujari,40,Private Employee,Hindu,General,Male,Manjunath Patil,33,Female,0,Mahesh Deshmukh,18,Male,A455,1.0,2025-02-07T17:09:58,Karnataka,Davangere,Davangere Extension PS,KA32196,Davangere District & Sessions Court,Mahesh Deshmukh,,2025-02-07T17:09:58,C,KA15519,50455,12,182,3,2,2,8,1,2025-02-07 17:09:58,18,1,16,4,2,0,0,2,510,1368,0.92,2,1,1
FIR,Non-Heinous,Chargesheet Filed,Karnataka,Shivamogga,Shivamogga District & Sessions Court,Police Station,Shivamogga Town PS,KA90000,Ramesh Chavhan,Sub-Inspector,Investigating Officer,1988-05-15,Male,O Positive,0,2012-06-01,FIR/11/166/2025/0456,CC/2025/050456,2025-08-05,Complainant reported theft of motor vehicle parked in front of residence during night hours.,2025-08-04T22:17:03,2025-08-04T22:17:03,2025-08-05T07:17:03,13.9176,75.6569,"Incident near coordinates 13.9176, 75.6569",Cyber Crime,Cyber Crime,IPC,Indian Penal Code,IPC,379,Punishment for theft,1,1,Pradeep Bhat,62,Private Employee,Hindu,General,Male,Raghavendra Chavhan,49,Female,0,Ganesh Chavhan,48,Male,A456,1.0,2025-08-05T07:17:03,Karnataka,Shivamogga,Shivamogga Town PS,KA97500,Shivamogga District & Sessions Court,Ganesh Chavhan,,2025-08-05T07:17:03,C,KA49178,50456,11,166,2,1,3,11,1,2025-08-05 07:17:03,48,1,22,1,8,0,1,1,277,1897,0.24,1,0,0
FIR,Heinous,Chargesheet Filed,Karnataka,Kalaburagi,Kalaburagi District & Sessions Court,Police Station,Kalaburagi City PS,KA66816,Vijay Chavhan,Sub-Inspector,Investigating Officer,1988-05-15,Male,O Positive,0,2012-06-01,FIR/07/111/2026/0457,CC/2026/050457,2026-01-02,Complainant reported theft of motor vehicle parked in front of residence during night hours.,2026-01-01T18:29:25,2026-01-01T18:29:25,2026-01-02T10:29:25,17.2502,76.7924,"Incident near coordinates 17.2502, 76.7924",Financial Crime,Money Laundering,IPC,Indian Penal Code,IPC,379,Punishment for theft,1,1,Darshan Hegde,40,Private Employee,Hindu,General,Male,Kavitha Kuruba,22,Female,0,Ramesh Hegde,26,Male,A457,1.0,2026-01-02T10:29:25,Karnataka,Kalaburagi,Kalaburagi City PS,KA11424,Kalaburagi District & Sessions Court,Ramesh Hegde,,2026-01-02T10:29:25,C,KA58771,50457,7,111,2,2,4,14,1,2026-01-02 10:29:25,26,1,18,4,1,0,0,3,826,3231,0.48,4,1,1
FIR,Heinous,Chargesheet Filed,Karnataka,Davangere,Davangere District & Sessions Court,Police Station,Davangere Extension PS,KA10140,Nagaraj Reddy,Sub-Inspector,Investigating Officer,1988-05-15,Male,O Positive,0,2012-06-01,FIR/12/177/2025/0458,CC/2025/050458,2025-04-19,Complainant reported theft of motor vehicle parked in front of residence during night hours.,2025-04-17T00:33:41,2025-04-17T00:33:41,2025-04-19T00:33:41,14.4743,75.8729,"Incident near coordinates 14.4743, 75.8729",Crimes Against Body,Assault,IPC,Indian Penal Code,IPC,379,Punishment for theft,1,1,Ramesh Joshi,37,Private Employee,Hindu,General,Male,Kumar Deshmukh,40,Female,0,Prakash Reddy,36,Male,A458,1.0,2025-04-19T00:33:41,Karnataka,Davangere,Davangere Extension PS,KA75610,Davangere District & Sessions Court,Prakash Reddy,,2025-04-19T00:33:41,C,KA31751,50458,12,177,1,2,2,7,1,2025-04-19 00:33:41,36,1,0,4,4,0,1,3,584,409,1.71,3,1,0
FIR,Non-Heinous,Chargesheet Filed,Karnataka,Shivamogga,Shivamogga District & Sessions Court,Police Station,Shivamogga Town PS,KA17418,Shivakumar Kambale,Head Constable,Investigating Officer,1988-05-15,Male,O Positive,0,2012-06-01,FIR/11/173/2025/0459,CC/2025/050459,2025-12-28,Accused unlawfully intercepted complainant near main road intersection and committed extortion and assault.,2025-12-28T08:31:10,2025-12-28T08:31:10,2025-12-28T17:31:10,13.9126,75.5412,"Incident near coordinates 13.9126, 75.5412",Property Crimes,Robbery,IPC,Indian Penal Code,IPC,379,Punishment for theft,1,1,Suresh Kambale,22,Private Employee,Hindu,General,Male,Sunil Nayak,59,Female,0,Sowmya Reddy,56,Transgender,A459,1.0,2025-12-28T17:31:10,Karnataka,Shivamogga,Shivamogga Town PS,KA43442,Shivamogga District & Sessions Court,Sowmya Reddy,,2025-12-28T17:31:10,C,KA65446,50459,11,173,3,1,1,2,1,2025-12-28 17:31:10,56,3,8,7,12,1,0,1,891,3248,4.33,2,1,0
FIR,Heinous,Chargesheet Filed,Karnataka,Shivamogga,Shivamogga District & Sessions Court,Police Station,Shivamogga Town PS,KA18880,Sunil Shetty,Head Constable,Investigating Officer,1988-05-15,Male,O Positive,0,2012-06-01,FIR/11/163/2025/0460,CC/2025/050460,2025-10-04,Cyber fraud complaint regarding unauthorized digital transaction via fake banking link.,2025-10-03T15:29:09,2025-10-03T15:29:09,2025-10-04T06:29:09,13.9021,75.5801,"Incident near coordinates 13.9021, 75.5801",Crimes Against Body,Murder,IPC,Indian Penal Code,IPC,379,Punishment for theft,1,1,Pradeep Hegde,61,Private Employee,Hindu,General,Male,Nagaraj Kambale,53,Female,0,Suresh Deshmukh,33,Male,A460,1.0,2025-10-04T06:29:09,Karnataka,Shivamogga,Shivamogga Town PS,KA95979,Shivamogga District & Sessions Court,Suresh Deshmukh,,2025-10-04T06:29:09,C,KA76827,50460,11,163,2,2,2,6,1,2025-10-04 06:29:09,33,1,15,5,10,0,0,1,417,2542,1.69,2,0,0
FIR,Non-Heinous,Chargesheet Filed,Karnataka,Kalaburagi,Kalaburagi District & Sessions Court,Police Station,Kalaburagi City PS,KA30407,Satish Deshmukh,Inspector,Investigating Officer,1988-05-15,Male,O Positive,0,2012-06-01,FIR/07/107/2025/0461,CC/2025/050461,2025-01-17,Accused unlawfully intercepted complainant near main road intersection and committed extortion and assault.,2025-01-16T23:00:14,2025-01-16T23:00:14,2025-01-17T19:00:14,17.3809,76.7572,"Incident near coordinates 17.3809, 76.7572",Cyber Crime,Dark Web Crime,IPC,Indian Penal Code,IPC,379,Punishment for theft,1,1,Darshan Bhat,26,Private Employee,Hindu,General,Male,Vidya Joshi,46,Female,0,Roopa Chavhan,40,Female,A461,1.0,2025-01-17T19:00:14,Karnataka,Kalaburagi,Kalaburagi City PS,KA56744,Kalaburagi District & Sessions Court,Roopa Chavhan,,2025-01-17T19:00:14,C,KA79795,50461,7,107,2,1,3,12,1,2025-01-17 19:00:14,40,2,23,4,1,0,1,2,734,3229,3.95,1,1,0
FIR,Non-Heinous,Chargesheet Filed,Karnataka,Shivamogga,Shivamogga District & Sessions Court,Police Station,Shivamogga Town PS,KA34086,Anand Patil,Constable,Investigating Officer,1988-05-15,Male,O Positive,0,2012-06-01,FIR/11/172/2025/0462,CC/2025/050462,2025-12-04,Accused unlawfully intercepted complainant near main road intersection and committed extortion and assault.,2025-12-02T08:31:03,2025-12-02T08:31:03,2025-12-04T02:31:03,14.0163,75.6149,"Incident near coordinates 14.0163, 75.6149",Financial Crime,Money Laundering,IPC,Indian Penal Code,IPC,379,Punishment for theft,1,1,Sunil Bhat,39,Private Employee,Hindu,General,Male,Raghavendra Deshmukh,33,Female,0,Manjunath Kambale,66,Male,A462,1.0,2025-12-04T02:31:03,Karnataka,Shivamogga,Shivamogga Town PS,KA19491,Shivamogga District & Sessions Court,Manjunath Kambale,,2025-12-04T02:31:03,C,KA38826,50462,11,172,1,1,4,14,1,2025-12-04 02:31:03,66,1,8,2,12,0,0,1,58,1272,2.96,1,1,0
FIR,Non-Heinous,Chargesheet Filed,Karnataka,Kalaburagi,Kalaburagi District & Sessions Court,Police Station,Kalaburagi City PS,KA66211,Satish Naik,Constable,Investigating Officer,1988-05-15,Male,O Positive,0,2012-06-01,FIR/07/109/2025/0463,CC/2025/050463,2025-01-31,Snatching of gold chain from pedestrian by bike-borne suspects during evening hours.,2025-01-29T19:40:40,2025-01-29T19:40:40,2025-01-31T19:40:40,17.3862,76.8986,"Incident near coordinates 17.3862, 76.8986",Cyber Crime,Cyber Crime,IPC,Indian Penal Code,IPC,379,Punishment for theft,1,1,Raghavendra Reddy,57,Private Employee,Hindu,General,Male,Ambika Chavhan,26,Female,0,Sunil Rao,21,Male,A463,1.0,2025-01-31T19:40:40,Karnataka,Kalaburagi,Kalaburagi City PS,KA81651,Kalaburagi District & Sessions Court,Sunil Rao,,2025-01-31T19:40:40,C,KA15790,50463,7,109,2,1,3,11,1,2025-01-31 19:40:40,21,1,19,3,1,0,0,1,746,3381,1.96,2,1,0
FIR,Non-Heinous,Chargesheet Filed,Karnataka,Kalaburagi,Kalaburagi District & Sessions Court,Police Station,Kalaburagi City PS,KA24326,Ganesh Kulkarni,Inspector,Investigating Officer,1988-05-15,Male,O Positive,0,2012-06-01,FIR/07/109/2025/0464,CC/2025/050464,2025-07-16,Complainant reported theft of motor vehicle parked in front of residence during night hours.,2025-07-15T05:43:59,2025-07-15T05:43:59,2025-07-16T13:43:59,17.3935,76.7924,"Incident near coordinates 17.3935, 76.7924",Financial Crime,Money Laundering,IPC,Indian Penal Code,IPC,379,Punishment for theft,1,1,Ramesh Pujari,59,Private Employee,Hindu,General,Male,Sowmya Patil,33,Female,0,Kumar Bhat,54,Male,A464,1.0,2025-07-16T13:43:59,Karnataka,Kalaburagi,Kalaburagi City PS,KA92320,Kalaburagi District & Sessions Court,Kumar Bhat,,2025-07-16T13:43:59,C,KA87149,50464,7,109,1,1,4,14,1,2025-07-16 13:43:59,54,1,5,2,7,0,1,1,503,2255,1.4,1,1,0
FIR,Non-Heinous,Chargesheet Filed,Karnataka,Kalaburagi,Kalaburagi District & Sessions Court,Police Station,Kalaburagi City PS,KA10557,Prakash Gowda,Sub-Inspector,Investigating Officer,1988-05-15,Male,O Positive,0,2012-06-01,FIR/07/102/2025/0465,CC/2025/050465,2025-06-06,Complainant reported theft of motor vehicle parked in front of residence during night hours.,2025-06-04T15:13:10,2025-06-04T15:13:10,2025-06-06T14:13:10,17.2677,76.7615,"Incident near coordinates 17.2677, 76.7615",Property Crimes,Theft,IPC,Indian Penal Code,IPC,379,Punishment for theft,1,1,Kumar Joshi,33,Private Employee,Hindu,General,Male,Satish Patil,23,Female,0,Prakash Chavhan,54,Male,A465,1.0,2025-06-06T14:13:10,Karnataka,Kalaburagi,Kalaburagi City PS,KA72009,Kalaburagi District & Sessions Court,Prakash Chavhan,,2025-06-06T14:13:10,C,KA56911,50465,7,102,1,1,1,1,1,2025-06-06 14:13:10,54,1,15,3,6,0,0,4,527,790,3.61,1,1,0
FIR,Heinous,Chargesheet Filed,Karnataka,Belagavi,Belagavi District & Sessions Court,Police Station,Belagavi City PS,KA52218,Raghavendra Patil,Constable,Investigating Officer,1988-05-15,Male,O Positive,0,2012-06-01,FIR/06/092/2025/0466,CC/2025/050466,2025-06-09,Accused unlawfully intercepted complainant near main road intersection and committed extortion and assault.,2025-06-08T04:05:48,2025-06-08T04:05:48,2025-06-09T15:05:48,15.94,74.4846,"Incident near coordinates 15.94, 74.4846",Crimes Against Body,Assault,IPC,Indian Penal Code,IPC,379,Punishment for theft,1,1,Venkatesh Naik,64,Private Employee,Hindu,General,Male,Deepa Chavhan,32,Female,0,Shivakumar Hegde,51,Male,A466,1.0,2025-06-09T15:05:48,Karnataka,Belagavi,Belagavi City PS,KA38006,Belagavi District & Sessions Court,Shivakumar Hegde,,2025-06-09T15:05:48,C,KA82565,50466,6,92,3,2,2,7,1,2025-06-09 15:05:48,51,1,4,7,6,1,1,1,262,2879,1.59,4,0,0
FIR,Non-Heinous,Chargesheet Filed,Karnataka,Shivamogga,Shivamogga District & Sessions Court,Police Station,Shivamogga Town PS,KA39883,Satish Bhat,Constable,Investigating Officer,1988-05-15,Male,O Positive,0,2012-06-01,FIR/11/169/2025/0467,CC/2025/050467,2025-08-24,Snatching of gold chain from pedestrian by bike-borne suspects during evening hours.,2025-08-22T23:31:01,2025-08-22T23:31:01,2025-08-24T08:31:01,13.9476,75.6147,"Incident near coordinates 13.9476, 75.6147",Property Crimes,Theft,IPC,Indian Penal Code,IPC,379,Punishment for theft,1,1,Darshan Joshi,29,Private Employee,Hindu,General,Male,Suresh Bhat,51,Female,0,Mahesh Joshi,23,Male,A467,1.0,2025-08-24T08:31:01,Karnataka,Shivamogga,Shivamogga Town PS,KA11442,Shivamogga District & Sessions Court,Mahesh Joshi,,2025-08-24T08:31:01,C,KA13948,50467,11,169,1,1,1,1,1,2025-08-24 08:31:01,23,1,23,5,8,0,1,1,808,3202,1.03,1,1,0
FIR,Non-Heinous,Chargesheet Filed,Karnataka,Belagavi,Belagavi District & Sessions Court,Police Station,Belagavi City PS,KA63788,Venkatesh Kulkarni,Inspector,Investigating Officer,1988-05-15,Male,O Positive,0,2012-06-01,FIR/06/094/2025/0468,CC/2025/050468,2025-08-26,Housebreaking by night reported. Electronic goods and valuables stolen while occupants were away.,2025-08-25T05:28:05,2025-08-25T05:28:05,2025-08-26T00:28:05,15.9259,74.5223,"Incident near coordinates 15.9259, 74.5223",Cyber Crime,Cryptocurrency Crime,IPC,Indian Penal Code,IPC,379,Punishment for theft,1,1,Manjunath Rao,63,Private Employee,Hindu,General,Male,Aswini Puri,28,Female,0,Manjunath Hegde,33,Male,A468,1.0,2025-08-26T00:28:05,Karnataka,Belagavi,Belagavi City PS,KA14889,Belagavi District & Sessions Court,Manjunath Hegde,,2025-08-26T00:28:05,C,KA11353,50468,6,94,2,1,3,13,1,2025-08-26 00:28:05,33,1,5,1,8,0,1,1,660,636,1.45,1,1,0
FIR,Non-Heinous,Chargesheet Filed,Karnataka,Kalaburagi,Kalaburagi District & Sessions Court,Police Station,Kalaburagi City PS,KA56929,Anand Pujari,Inspector,Investigating Officer,1988-05-15,Male,O Positive,0,2012-06-01,FIR/07/106/2026/0469,CC/2026/050469,2026-01-02,Burglary incident reported at commercial establishment. Locked doors broken open and cash stolen.,2026-01-01T18:20:28,2026-01-01T18:20:28,2026-01-02T21:20:28,17.2561,76.8712,"Incident near coordinates 17.2561, 76.8712",Property Crimes,Robbery,IPC,Indian Penal Code,IPC,379,Punishment for theft,1,1,Lakshmi Bhat,30,Private Employee,Hindu,General,Male,Anand Kambale,22,Female,0,Anand Naik,67,Male,A469,1.0,2026-01-02T21:20:28,Karnataka,Kalaburagi,Kalaburagi City PS,KA51247,Kalaburagi District & Sessions Court,Anand Naik,,2026-01-02T21:20:28,C,KA47945,50469,7,106,1,1,1,2,1,2026-01-02 21:20:28,67,1,18,4,1,0,0,2,937,1902,2.65,1,1,0
FIR,Non-Heinous,Chargesheet Filed,Karnataka,Shivamogga,Shivamogga District & Sessions Court,Police Station,Shivamogga Town PS,KA69485,Darshan Nayak,Inspector,Investigating Officer,1988-05-15,Male,O Positive,0,2012-06-01,FIR/11/169/2025/0470,CC/2025/050470,2025-09-15,Burglary incident reported at commercial establishment. Locked doors broken open and cash stolen.,2025-09-13T05:08:42,2025-09-13T05:08:42,2025-09-15T00:08:42,14.0321,75.5495,"Incident near coordinates 14.0321, 75.5495",Cyber Crime,Dark Web Crime,IPC,Indian Penal Code,IPC,379,Punishment for theft,1,1,Anand Patil,43,Private Employee,Hindu,General,Male,Shilpa Puri,42,Female,0,Manjunath Rao,28,Male,A470,1.0,2025-09-15T00:08:42,Karnataka,Shivamogga,Shivamogga Town PS,KA57746,Shivamogga District & Sessions Court,Manjunath Rao,,2025-09-15T00:08:42,C,KA12422,50470,11,169,3,1,3,12,1,2025-09-15 00:08:42,28,1,5,6,9,1,1,1,386,1953,3.15,3,1,0
FIR,Heinous,Chargesheet Filed,Karnataka,Belagavi,Belagavi District & Sessions Court,Police Station,Belagavi City PS,KA94694,Sunil Bhat,Inspector,Investigating Officer,1988-05-15,Male,O Positive,0,2012-06-01,FIR/06/094/2025/0471,CC/2025/050471,2025-04-08,Burglary incident reported at commercial establishment. Locked doors broken open and cash stolen.,2025-04-07T10:57:45,2025-04-07T10:57:45,2025-04-08T18:57:45,15.9458,74.6415,"Incident near coordinates 15.9458, 74.6415",Financial Crime,Cheating,IPC,Indian Penal Code,IPC,379,Punishment for theft,1,1,Nagaraj Rao,58,Private Employee,Hindu,General,Male,Anitha Chavhan,37,Female,0,Basavaraj Pujari,30,Male,A471,1.0,2025-04-08T18:57:45,Karnataka,Belagavi,Belagavi City PS,KA43788,Belagavi District & Sessions Court,Basavaraj Pujari,,2025-04-08T18:57:45,C,KA34935,50471,6,94,1,2,4,15,1,2025-04-08 18:57:45,30,1,10,1,4,0,0,1,332,644,3.14,2,1,0
FIR,Non-Heinous,Chargesheet Filed,Karnataka,Belagavi,Belagavi District & Sessions Court,Police Station,Belagavi City PS,KA44802,Pradeep Kuruba,Constable,Investigating Officer,1988-05-15,Male,O Positive,0,2012-06-01,FIR/06/098/2025/0472,CC/2025/050472,2025-08-09,Housebreaking by night reported. Electronic goods and valuables stolen while occupants were away.,2025-08-09T08:34:40,2025-08-09T08:34:40,2025-08-09T23:34:40,15.8077,74.4873,"Incident near coordinates 15.8077, 74.4873",Crimes Against Body,Murder,IPC,Indian Penal Code,IPC,379,Punishment for theft,1,1,Ramesh Reddy,60,Private Employee,Hindu,General,Male,Kavitha Rao,57,Female,0,Shivakumar Bhat,31,Male,A472,1.0,2025-08-09T23:34:40,Karnataka,Belagavi,Belagavi City PS,KA47420,Belagavi District & Sessions Court,Shivakumar Bhat,,2025-08-09T23:34:40,C,KA56408,50472,6,98,2,1,2,6,1,2025-08-09 23:34:40,31,1,8,6,8,1,0,1,299,2700,2.27,2,1,0
FIR,Non-Heinous,Chargesheet Filed,Karnataka,Ballari,Ballari District & Sessions Court,Police Station,Ballari City PS,KA25118,Nagaraj Rao,Constable,Investigating Officer,1988-05-15,Male,O Positive,0,2012-06-01,FIR/08/116/2026/0473,CC/2026/050473,2026-01-02,Complainant reported theft of motor vehicle parked in front of residence during night hours.,2026-01-01T16:42:36,2026-01-01T16:42:36,2026-01-02T19:42:36,15.1606,76.8983,"Incident near coordinates 15.1606, 76.8983",Property Crimes,Theft,IPC,Indian Penal Code,IPC,379,Punishment for theft,1,1,Sowmya Patil,23,Private Employee,Hindu,General,Male,Ambika Puri,29,Female,0,Mahesh Chavhan,53,Male,A473,1.0,2026-01-02T19:42:36,Karnataka,Ballari,Ballari City PS,KA18173,Ballari District & Sessions Court,Mahesh Chavhan,,2026-01-02T19:42:36,C,KA83095,50473,8,116,3,1,1,1,1,2026-01-02 19:42:36,53,1,16,4,1,0,0,3,787,3309,4.15,1,1,0
FIR,Non-Heinous,Chargesheet Filed,Karnataka,Belagavi,Belagavi District & Sessions Court,Police Station,Belagavi City PS,KA27815,Vijay Kuruba,Sub-Inspector,Investigating Officer,1988-05-15,Male,O Positive,0,2012-06-01,FIR/06/098/2025/0474,CC/2025/050474,2025-08-18,Housebreaking by night reported. Electronic goods and valuables stolen while occupants were away.,2025-08-16T14:27:26,2025-08-16T14:27:26,2025-08-18T12:27:26,15.8002,74.6358,"Incident near coordinates 15.8002, 74.6358",Financial Crime,Cheating,IPC,Indian Penal Code,IPC,379,Punishment for theft,1,1,Anand Kulkarni,47,Private Employee,Hindu,General,Male,Lakshmi Kambale,24,Female,0,Suresh Kuruba,66,Male,A474,1.0,2025-08-18T12:27:26,Karnataka,Belagavi,Belagavi City PS,KA90417,Belagavi District & Sessions Court,Suresh Kuruba,,2025-08-18T12:27:26,C,KA60441,50474,6,98,2,1,4,15,1,2025-08-18 12:27:26,66,1,14,6,8,1,0,1,809,2952,1.8,3,1,0
FIR,Non-Heinous,Chargesheet Filed,Karnataka,Davangere,Davangere District & Sessions Court,Police Station,Davangere Extension PS,KA47180,Sunil Bhat,Sub-Inspector,Investigating Officer,1988-05-15,Male,O Positive,0,2012-06-01,FIR/12/178/2025/0475,CC/2025/050475,2025-09-11,Cyber fraud complaint regarding unauthorized digital transaction via fake banking link.,2025-09-11T09:01:10,2025-09-11T09:01:10,2025-09-11T10:01:10,14.5206,75.8863,"Incident near coordinates 14.5206, 75.8863",Property Crimes,Theft,IPC,Indian Penal Code,IPC,379,Punishment for theft,1,1,Ganesh Kambale,62,Private Employee,Hindu,General,Male,Deepa Puri,33,Female,0,Mahesh Nayak,41,Male,A475,1.0,2025-09-11T10:01:10,Karnataka,Davangere,Davangere Extension PS,KA56266,Davangere District & Sessions Court,Mahesh Nayak,,2025-09-11T10:01:10,C,KA30295,50475,12,178,3,1,1,1,1,2025-09-11 10:01:10,41,1,9,4,9,0,0,1,666,2009,3.49,2,1,0
FIR,Non-Heinous,Chargesheet Filed,Karnataka,Belagavi,Belagavi District & Sessions Court,Police Station,Belagavi City PS,KA19292,Nagaraj Puri,Sub-Inspector,Investigating Officer,1988-05-15,Male,O Positive,0,2012-06-01,FIR/06/088/2025/0476,CC/2025/050476,2025-11-07,Housebreaking by night reported. Electronic goods and valuables stolen while occupants were away.,2025-11-05T23:48:02,2025-11-05T23:48:02,2025-11-07T13:48:02,15.9337,74.4939,"Incident near coordinates 15.9337, 74.4939",Financial Crime,Cheating,IPC,Indian Penal Code,IPC,379,Punishment for theft,1,1,Mahesh Patil,30,Private Employee,Hindu,General,Male,Ambika Deshmukh,53,Female,0,Pradeep Rao,35,Male,A476,1.0,2025-11-07T13:48:02,Karnataka,Belagavi,Belagavi City PS,KA96998,Belagavi District & Sessions Court,Pradeep Rao,,2025-11-07T13:48:02,C,KA47086,50476,6,88,2,1,4,15,1,2025-11-07 13:48:02,35,1,23,3,11,0,1,3,562,1995,3.76,2,1,0
FIR,Heinous,Chargesheet Filed,Karnataka,Kalaburagi,Kalaburagi District & Sessions Court,Police Station,Kalaburagi City PS,KA61446,Kiran Rao,Head Constable,Investigating Officer,1988-05-15,Male,O Positive,0,2012-06-01,FIR/07/109/2025/0477,CC/2025/050477,2025-04-06,Cyber fraud complaint regarding unauthorized digital transaction via fake banking link.,2025-04-04T09:56:10,2025-04-04T09:56:10,2025-04-06T05:56:10,17.3652,76.8715,"Incident near coordinates 17.3652, 76.8715",Crimes Against Body,Murder,IPC,Indian Penal Code,IPC,379,Punishment for theft,1,1,Ramesh Puri,38,Private Employee,Hindu,General,Male,Basavaraj Chavhan,42,Female,0,Shivakumar Reddy,49,Male,A477,1.0,2025-04-06T05:56:10,Karnataka,Kalaburagi,Kalaburagi City PS,KA24552,Kalaburagi District & Sessions Court,Shivakumar Reddy,,2025-04-06T05:56:10,C,KA43146,50477,7,109,1,2,2,6,1,2025-04-06 05:56:10,49,1,9,5,4,0,0,2,502,589,0.92,3,1,0
FIR,Heinous,Chargesheet Filed,Karnataka,Shivamogga,Shivamogga District & Sessions Court,Police Station,Shivamogga Town PS,KA72177,Satish Gowda,Sub-Inspector,Investigating Officer,1988-05-15,Male,O Positive,0,2012-06-01,FIR/11/168/2025/0478,CC/2025/050478,2025-04-23,Accused unlawfully intercepted complainant near main road intersection and committed extortion and assault.,2025-04-21T23:20:56,2025-04-21T23:20:56,2025-04-23T17:20:56,14.0229,75.543,"Incident near coordinates 14.0229, 75.543",Crimes Against Body,Murder,IPC,Indian Penal Code,IPC,379,Punishment for theft,1,1,Basavaraj Naik,41,Private Employee,Hindu,General,Male,Sunil Patil,37,Female,0,Darshan Shetty,34,Male,A478,1.0,2025-04-23T17:20:56,Karnataka,Shivamogga,Shivamogga Town PS,KA81847,Shivamogga District & Sessions Court,Darshan Shetty,,2025-04-23T17:20:56,C,KA82427,50478,11,168,3,2,2,6,1,2025-04-23 17:20:56,34,1,23,1,4,0,1,2,599,2847,3.44,3,1,0
FIR,Heinous,Chargesheet Filed,Karnataka,Shivamogga,Shivamogga District & Sessions Court,Police Station,Shivamogga Town PS,KA57244,Satish Reddy,Inspector,Investigating Officer,1988-05-15,Male,O Positive,0,2012-06-01,FIR/11/171/2025/0479,CC/2025/050479,2025-09-15,Snatching of gold chain from pedestrian by bike-borne suspects during evening hours.,2025-09-13T17:57:04,2025-09-13T17:57:04,2025-09-15T11:57:04,13.9159,75.6706,"Incident near coordinates 13.9159, 75.6706",Crimes Against Body,Murder,IPC,Indian Penal Code,IPC,379,Punishment for theft,1,1,Sunil Gowda,32,Private Employee,Hindu,General,Male,Basavaraj Chavhan,36,Female,0,Raghavendra Rao,63,Male,A479,1.0,2025-09-15T11:57:04,Karnataka,Shivamogga,Shivamogga Town PS,KA70406,Shivamogga District & Sessions Court,Raghavendra Rao,,2025-09-15T11:57:04,C,KA73173,50479,11,171,3,2,2,6,1,2025-09-15 11:57:04,63,1,17,6,9,1,0,2,937,889,1.29,2,1,0
FIR,Heinous,Chargesheet Filed,Karnataka,Shivamogga,Shivamogga District & Sessions Court,Police Station,Shivamogga Town PS,KA64514,Basavaraj Chavhan,Head Constable,Investigating Officer,1988-05-15,Male,O Positive,0,2012-06-01,FIR/11/163/2025/0480,CC/2025/050480,2025-09-22,Accused unlawfully intercepted complainant near main road intersection and committed extortion and assault.,2025-09-22T16:33:35,2025-09-22T16:33:35,2025-09-22T22:33:35,13.9977,75.6767,"Incident near coordinates 13.9977, 75.6767",Crimes Against Body,Murder,IPC,Indian Penal Code,IPC,379,Punishment for theft,1,1,Ganesh Hegde,50,Private Employee,Hindu,General,Male,Ganesh Bhat,28,Female,0,Shilpa Rao,52,Female,A480,1.0,2025-09-22T22:33:35,Karnataka,Shivamogga,Shivamogga Town PS,KA45263,Shivamogga District & Sessions Court,Shilpa Rao,,2025-09-22T22:33:35,C,KA42312,50480,11,163,3,2,2,6,1,2025-09-22 22:33:35,52,2,16,1,9,0,0,1,181,2642,3.32,3,1,0
FIR,Non-Heinous,Chargesheet Filed,Karnataka,Shivamogga,Shivamogga District & Sessions Court,Police Station,Shivamogga Town PS,KA96080,Darshan Reddy,Constable,Investigating Officer,1988-05-15,Male,O Positive,0,2012-06-01,FIR/11/169/2025/0481,CC/2025/050481,2025-12-24,Accused unlawfully intercepted complainant near main road intersection and committed extortion and assault.,2025-12-23T01:58:19,2025-12-23T01:58:19,2025-12-24T05:58:19,13.9791,75.5637,"Incident near coordinates 13.9791, 75.5637",Crimes Against Body,Grievous Hurt,IPC,Indian Penal Code,IPC,379,Punishment for theft,1,1,Ramesh Deshmukh,52,Private Employee,Hindu,General,Male,Abhishek Bhat,38,Female,0,Shivakumar Joshi,28,Male,A481,1.0,2025-12-24T05:58:19,Karnataka,Shivamogga,Shivamogga Town PS,KA77738,Shivamogga District & Sessions Court,Shivakumar Joshi,,2025-12-24T05:58:19,C,KA80430,50481,11,169,2,1,2,8,1,2025-12-24 05:58:19,28,1,1,2,12,0,1,1,516,1772,2.88,2,1,0
FIR,Non-Heinous,Chargesheet Filed,Karnataka,Davangere,Davangere District & Sessions Court,Police Station,Davangere Extension PS,KA49928,Kiran Hegde,Head Constable,Investigating Officer,1988-05-15,Male,O Positive,0,2012-06-01,FIR/12/186/2025/0482,CC/2025/050482,2026-01-01,Accused unlawfully intercepted complainant near main road intersection and committed extortion and assault.,2025-12-30T12:44:59,2025-12-30T12:44:59,2026-01-01T02:44:59,14.4325,75.8902,"Incident near coordinates 14.4325, 75.8902",Property Crimes,Robbery,IPC,Indian Penal Code,IPC,379,Punishment for theft,1,1,Vijay Kuruba,61,Private Employee,Hindu,General,Male,Pavitra Kuruba,46,Female,0,Ramesh Hegde,49,Male,A482,1.0,2026-01-01T02:44:59,Karnataka,Davangere,Davangere Extension PS,KA20291,Davangere District & Sessions Court,Ramesh Hegde,,2026-01-01T02:44:59,C,KA28340,50482,12,186,1,1,1,2,1,2026-01-01 02:44:59,49,1,12,2,12,0,0,2,366,2649,1.97,1,0,0
FIR,Heinous,Chargesheet Filed,Karnataka,Shivamogga,Shivamogga District & Sessions Court,Police Station,Shivamogga Town PS,KA91469,Darshan Pujari,Head Constable,Investigating Officer,1988-05-15,Male,O Positive,0,2012-06-01,FIR/11/170/2025/0483,CC/2025/050483,2025-06-24,Cyber fraud complaint regarding unauthorized digital transaction via fake banking link.,2025-06-22T18:17:56,2025-06-22T18:17:56,2025-06-24T10:17:56,13.9424,75.6058,"Incident near coordinates 13.9424, 75.6058",Crimes Against Body,Grievous Hurt,IPC,Indian Penal Code,IPC,379,Punishment for theft,1,1,Sudha Chavhan,59,Private Employee,Hindu,General,Male,Raghavendra Joshi,29,Female,0,Geetha Pujari,68,Female,A483,1.0,2025-06-24T10:17:56,Karnataka,Shivamogga,Shivamogga Town PS,KA14881,Shivamogga District & Sessions Court,Geetha Pujari,,2025-06-24T10:17:56,C,KA13188,50483,11,170,1,2,2,8,1,2025-06-24 10:17:56,68,2,18,7,6,1,0,3,71,2426,1.54,3,0,0
FIR,Non-Heinous,Chargesheet Filed,Karnataka,Shivamogga,Shivamogga District & Sessions Court,Police Station,Shivamogga Town PS,KA66078,Darshan Nayak,Inspector,Investigating Officer,1988-05-15,Male,O Positive,0,2012-06-01,FIR/11/165/2025/0484,CC/2025/050484,2025-08-14,Accused unlawfully intercepted complainant near main road intersection and committed extortion and assault.,2025-08-12T13:58:55,2025-08-12T13:58:55,2025-08-14T13:58:55,13.9533,75.6515,"Incident near coordinates 13.9533, 75.6515",Property Crimes,Burglary,IPC,Indian Penal Code,IPC,379,Punishment for theft,1,1,Kavitha Naik,59,Private Employee,Hindu,General,Male,Basavaraj Hegde,38,Female,0,Kiran Naik,48,Male,A484,1.0,2025-08-14T13:58:55,Karnataka,Shivamogga,Shivamogga Town PS,KA49328,Shivamogga District & Sessions Court,Kiran Naik,,2025-08-14T13:58:55,C,KA97820,50484,11,165,3,1,1,3,1,2025-08-14 13:58:55,48,1,13,2,8,0,0,3,452,3089,0.17,2,0,0
FIR,Heinous,Chargesheet Filed,Karnataka,Ballari,Ballari District & Sessions Court,Police Station,Ballari City PS,KA90176,Raghavendra Kambale,Inspector,Investigating Officer,1988-05-15,Male,O Positive,0,2012-06-01,FIR/08/127/2025/0485,CC/2025/050485,2025-04-15,Snatching of gold chain from pedestrian by bike-borne suspects during evening hours.,2025-04-14T15:46:34,2025-04-14T15:46:34,2025-04-15T00:46:34,15.1887,76.897,"Incident near coordinates 15.1887, 76.897",Financial Crime,Money Laundering,IPC,Indian Penal Code,IPC,379,Punishment for theft,1,1,Darshan Gowda,30,Private Employee,Hindu,General,Male,Sunil Pujari,28,Female,0,Venkatesh Bhat,52,Male,A485,1.0,2025-04-15T00:46:34,Karnataka,Ballari,Ballari City PS,KA10939,Ballari District & Sessions Court,Venkatesh Bhat,,2025-04-15T00:46:34,C,KA85668,50485,8,127,2,2,4,14,1,2025-04-15 00:46:34,52,1,15,1,4,0,0,1,746,1597,2.8,3,1,0
FIR,Non-Heinous,Chargesheet Filed,Karnataka,Ballari,Ballari District & Sessions Court,Police Station,Ballari City PS,KA93653,Manjunath Deshmukh,Head Constable,Investigating Officer,1988-05-15,Male,O Positive,0,2012-06-01,FIR/08/118/2025/0486,CC/2025/050486,2025-08-16,Cyber fraud complaint regarding unauthorized digital transaction via fake banking link.,2025-08-14T14:50:01,2025-08-14T14:50:01,2025-08-16T04:50:01,15.2106,76.8879,"Incident near coordinates 15.2106, 76.8879",Property Crimes,Burglary,IPC,Indian Penal Code,IPC,379,Punishment for theft,1,1,Manjunath Patil,36,Private Employee,Hindu,General,Male,Anitha Shetty,27,Female,0,Prakash Kambale,53,Male,A486,1.0,2025-08-16T04:50:01,Karnataka,Ballari,Ballari City PS,KA23105,Ballari District & Sessions Court,Prakash Kambale,,2025-08-16T04:50:01,C,KA50572,50486,8,118,3,1,1,3,1,2025-08-16 04:50:01,53,1,14,4,8,0,0,2,822,2466,3.73,1,1,0
FIR,Non-Heinous,Chargesheet Filed,Karnataka,Kalaburagi,Kalaburagi District & Sessions Court,Police Station,Kalaburagi City PS,KA80877,Sunil Puri,Head Constable,Investigating Officer,1988-05-15,Male,O Positive,0,2012-06-01,FIR/07/111/2025/0487,CC/2025/050487,2025-06-01,Cyber fraud complaint regarding unauthorized digital transaction via fake banking link.,2025-05-31T10:21:20,2025-05-31T10:21:20,2025-06-01T07:21:20,17.3113,76.8852,"Incident near coordinates 17.3113, 76.8852",Cyber Crime,Dark Web Crime,IPC,Indian Penal Code,IPC,379,Punishment for theft,1,1,Satish Joshi,47,Private Employee,Hindu,General,Male,Shivakumar Puri,28,Female,0,Nagaraj Joshi,28,Male,A487,1.0,2025-06-01T07:21:20,Karnataka,Kalaburagi,Kalaburagi City PS,KA33193,Kalaburagi District & Sessions Court,Nagaraj Joshi,,2025-06-01T07:21:20,C,KA10295,50487,7,111,2,1,3,12,1,2025-06-01 07:21:20,28,1,10,6,5,1,0,3,342,2486,1.24,2,0,0
FIR,Non-Heinous,Chargesheet Filed,Karnataka,Kalaburagi,Kalaburagi District & Sessions Court,Police Station,Kalaburagi City PS,KA49781,Kumar Reddy,Head Constable,Investigating Officer,1988-05-15,Male,O Positive,0,2012-06-01,FIR/07/112/2025/0488,CC/2025/050488,2025-07-24,Housebreaking by night reported. Electronic goods and valuables stolen while occupants were away.,2025-07-23T09:41:11,2025-07-23T09:41:11,2025-07-24T18:41:11,17.3445,76.8032,"Incident near coordinates 17.3445, 76.8032",Property Crimes,Robbery,IPC,Indian Penal Code,IPC,379,Punishment for theft,1,1,Darshan Reddy,31,Private Employee,Hindu,General,Male,Deepa Nayak,39,Female,0,Mahesh Hegde,67,Male,A488,1.0,2025-07-24T18:41:11,Karnataka,Kalaburagi,Kalaburagi City PS,KA85453,Kalaburagi District & Sessions Court,Mahesh Hegde,,2025-07-24T18:41:11,C,KA86578,50488,7,112,1,1,1,2,1,2025-07-24 18:41:11,67,1,9,3,7,0,0,1,276,976,0.1,2,0,0
FIR,Non-Heinous,Chargesheet Filed,Karnataka,Davangere,Davangere District & Sessions Court,Police Station,Davangere Extension PS,KA80865,Shivakumar Shetty,Inspector,Investigating Officer,1988-05-15,Male,O Positive,0,2012-06-01,FIR/12/186/2025/0489,CC/2025/050489,2025-08-13,Cyber fraud complaint regarding unauthorized digital transaction via fake banking link.,2025-08-12T02:46:35,2025-08-12T02:46:35,2025-08-13T02:46:35,14.4459,75.8894,"Incident near coordinates 14.4459, 75.8894",Crimes Against Body,Assault,IPC,Indian Penal Code,IPC,379,Punishment for theft,1,1,Suresh Gowda,27,Private Employee,Hindu,General,Male,Prakash Nayak,28,Female,0,Abhishek Chavhan,18,Male,A489,1.0,2025-08-13T02:46:35,Karnataka,Davangere,Davangere Extension PS,KA76290,Davangere District & Sessions Court,Abhishek Chavhan,,2025-08-13T02:46:35,C,KA81249,50489,12,186,2,1,2,7,1,2025-08-13 02:46:35,18,1,2,2,8,0,1,2,737,1033,4.17,1,1,0
FIR,Non-Heinous,Chargesheet Filed,Karnataka,Belagavi,Belagavi District & Sessions Court,Police Station,Belagavi City PS,KA38264,Kumar Kuruba,Head Constable,Investigating Officer,1988-05-15,Male,O Positive,0,2012-06-01,FIR/06/097/2025/0490,CC/2025/050490,2025-09-08,Cyber fraud complaint regarding unauthorized digital transaction via fake banking link.,2025-09-08T12:11:06,2025-09-08T12:11:06,2025-09-08T18:11:06,15.9384,74.621,"Incident near coordinates 15.9384, 74.621",Cyber Crime,Cyber Crime,IPC,Indian Penal Code,IPC,379,Punishment for theft,1,1,Darshan Rao,55,Private Employee,Hindu,General,Male,Lakshmi Rao,52,Female,0,Nagaraj Kambale,48,Male,A490,1.0,2025-09-08T18:11:06,Karnataka,Belagavi,Belagavi City PS,KA91174,Belagavi District & Sessions Court,Nagaraj Kambale,,2025-09-08T18:11:06,C,KA50614,50490,6,97,2,1,3,11,1,2025-09-08 18:11:06,48,1,12,1,9,0,0,1,812,2438,4.06,1,1,0
FIR,Non-Heinous,Chargesheet Filed,Karnataka,Davangere,Davangere District & Sessions Court,Police Station,Davangere Extension PS,KA51755,Raghavendra Patil,Sub-Inspector,Investigating Officer,1988-05-15,Male,O Positive,0,2012-06-01,FIR/12/186/2025/0491,CC/2025/050491,2025-05-17,Accused unlawfully intercepted complainant near main road intersection and committed extortion and assault.,2025-05-15T17:58:18,2025-05-15T17:58:18,2025-05-17T07:58:18,14.4947,75.8768,"Incident near coordinates 14.4947, 75.8768",Property Crimes,Theft,IPC,Indian Penal Code,IPC,379,Punishment for theft,1,1,Pradeep Kuruba,42,Private Employee,Hindu,General,Male,Prakash Reddy,25,Female,0,Kavitha Patil,72,Female,A491,1.0,2025-05-17T07:58:18,Karnataka,Davangere,Davangere Extension PS,KA19714,Davangere District & Sessions Court,Kavitha Patil,,2025-05-17T07:58:18,C,KA80739,50491,12,186,2,1,1,1,1,2025-05-17 07:58:18,72,2,17,4,5,0,0,1,588,1643,1.95,1,1,0
FIR,Heinous,Chargesheet Filed,Karnataka,Belagavi,Belagavi District & Sessions Court,Police Station,Belagavi City PS,KA15344,Ramesh Chavhan,Constable,Investigating Officer,1988-05-15,Male,O Positive,0,2012-06-01,FIR/06/098/2025/0492,CC/2025/050492,2025-06-02,Complainant reported theft of motor vehicle parked in front of residence during night hours.,2025-06-01T19:31:10,2025-06-01T19:31:10,2025-06-02T13:31:10,15.9022,74.4779,"Incident near coordinates 15.9022, 74.4779",Crimes Against Body,Grievous Hurt,IPC,Indian Penal Code,IPC,379,Punishment for theft,1,1,Prakash Gowda,36,Private Employee,Hindu,General,Male,Shivakumar Gowda,44,Female,0,Raghavendra Gowda,28,Male,A492,1.0,2025-06-02T13:31:10,Karnataka,Belagavi,Belagavi City PS,KA86840,Belagavi District & Sessions Court,Raghavendra Gowda,,2025-06-02T13:31:10,C,KA81337,50492,6,98,3,2,2,8,1,2025-06-02 13:31:10,28,1,19,7,6,1,0,2,446,3494,4.18,2,1,1
FIR,Heinous,Chargesheet Filed,Karnataka,Kalaburagi,Kalaburagi District & Sessions Court,Police Station,Kalaburagi City PS,KA61940,Ramesh Shetty,Inspector,Investigating Officer,1988-05-15,Male,O Positive,0,2012-06-01,FIR/07/105/2025/0493,CC/2025/050493,2025-12-22,Snatching of gold chain from pedestrian by bike-borne suspects during evening hours.,2025-12-20T15:03:41,2025-12-20T15:03:41,2025-12-22T10:03:41,17.2992,76.8374,"Incident near coordinates 17.2992, 76.8374",Financial Crime,Cheating,IPC,Indian Penal Code,IPC,379,Punishment for theft,1,1,Venkatesh Shetty,58,Private Employee,Hindu,General,Male,Anand Kambale,34,Female,0,Kiran Rao,33,Male,A493,1.0,2025-12-22T10:03:41,Karnataka,Kalaburagi,Kalaburagi City PS,KA20809,Kalaburagi District & Sessions Court,Kiran Rao,,2025-12-22T10:03:41,C,KA35927,50493,7,105,1,2,4,15,1,2025-12-22 10:03:41,33,1,15,6,12,1,0,3,787,3132,1.14,4,1,0
FIR,Non-Heinous,Chargesheet Filed,Karnataka,Shivamogga,Shivamogga District & Sessions Court,Police Station,Shivamogga Town PS,KA45239,Anand Kulkarni,Head Constable,Investigating Officer,1988-05-15,Male,O Positive,0,2012-06-01,FIR/11/166/2025/0494,CC/2025/050494,2025-06-26,Burglary incident reported at commercial establishment. Locked doors broken open and cash stolen.,2025-06-25T20:42:25,2025-06-25T20:42:25,2025-06-26T15:42:25,14.0352,75.6338,"Incident near coordinates 14.0352, 75.6338",Cyber Crime,Cryptocurrency Crime,IPC,Indian Penal Code,IPC,379,Punishment for theft,1,1,Ganesh Patil,54,Private Employee,Hindu,General,Male,Manjunath Hegde,60,Female,0,Nagaraj Shetty,18,Male,A494,1.0,2025-06-26T15:42:25,Karnataka,Shivamogga,Shivamogga Town PS,KA94318,Shivamogga District & Sessions Court,Nagaraj Shetty,,2025-06-26T15:42:25,C,KA17149,50494,11,166,1,1,3,13,1,2025-06-26 15:42:25,18,1,20,3,6,0,0,1,485,620,1.97,1,0,0
FIR,Non-Heinous,Chargesheet Filed,Karnataka,Ballari,Ballari District & Sessions Court,Police Station,Ballari City PS,KA43818,Shivakumar Rao,Sub-Inspector,Investigating Officer,1988-05-15,Male,O Positive,0,2012-06-01,FIR/08/116/2025/0495,CC/2025/050495,2025-11-10,Complainant reported theft of motor vehicle parked in front of residence during night hours.,2025-11-08T12:03:24,2025-11-08T12:03:24,2025-11-10T09:03:24,15.1248,76.971,"Incident near coordinates 15.1248, 76.971",Property Crimes,Burglary,IPC,Indian Penal Code,IPC,379,Punishment for theft,1,1,Anitha Kulkarni,24,Private Employee,Hindu,General,Male,Kiran Hegde,59,Female,0,Raghavendra Rao,49,Male,A495,1.0,2025-11-10T09:03:24,Karnataka,Ballari,Ballari City PS,KA69926,Ballari District & Sessions Court,Raghavendra Rao,,2025-11-10T09:03:24,C,KA50933,50495,8,116,3,1,1,3,1,2025-11-10 09:03:24,49,1,12,6,11,1,0,1,58,1171,3.06,2,1,0
FIR,Non-Heinous,Chargesheet Filed,Karnataka,Kalaburagi,Kalaburagi District & Sessions Court,Police Station,Kalaburagi City PS,KA39370,Darshan Bhat,Inspector,Investigating Officer,1988-05-15,Male,O Positive,0,2012-06-01,FIR/07/107/2025/0496,CC/2025/050496,2025-07-29,Housebreaking by night reported. Electronic goods and valuables stolen while occupants were away.,2025-07-29T10:42:27,2025-07-29T10:42:27,2025-07-29T14:42:27,17.3803,76.831,"Incident near coordinates 17.3803, 76.831",Cyber Crime,Cryptocurrency Crime,IPC,Indian Penal Code,IPC,379,Punishment for theft,1,1,Satish Joshi,46,Private Employee,Hindu,General,Male,Pavitra Kulkarni,21,Female,0,Vijay Deshmukh,54,Male,A496,1.0,2025-07-29T14:42:27,Karnataka,Kalaburagi,Kalaburagi City PS,KA97351,Kalaburagi District & Sessions Court,Vijay Deshmukh,,2025-07-29T14:42:27,C,KA94400,50496,7,107,2,1,3,13,1,2025-07-29 14:42:27,54,1,10,2,7,0,0,2,742,2325,3.3,1,1,0
FIR,Non-Heinous,Chargesheet Filed,Karnataka,Ballari,Ballari District & Sessions Court,Police Station,Ballari City PS,KA52656,Ganesh Gowda,Constable,Investigating Officer,1988-05-15,Male,O Positive,0,2012-06-01,FIR/08/121/2025/0497,CC/2025/050497,2025-06-23,Cyber fraud complaint regarding unauthorized digital transaction via fake banking link.,2025-06-21T02:26:13,2025-06-21T02:26:13,2025-06-23T00:26:13,15.2351,76.9793,"Incident near coordinates 15.2351, 76.9793",Cyber Crime,Cryptocurrency Crime,IPC,Indian Penal Code,IPC,379,Punishment for theft,1,1,Suresh Hegde,43,Private Employee,Hindu,General,Male,Raghavendra Reddy,44,Female,0,Meenakshi Deshmukh,55,Female,A497,1.0,2025-06-23T00:26:13,Karnataka,Ballari,Ballari City PS,KA70605,Ballari District & Sessions Court,Meenakshi Deshmukh,,2025-06-23T00:26:13,C,KA77268,50497,8,121,1,1,3,13,1,2025-06-23 00:26:13,55,2,2,6,6,1,1,1,439,1610,3.34,3,1,0
FIR,Non-Heinous,Chargesheet Filed,Karnataka,Kalaburagi,Kalaburagi District & Sessions Court,Police Station,Kalaburagi City PS,KA97552,Abhishek Rao,Sub-Inspector,Investigating Officer,1988-05-15,Male,O Positive,0,2012-06-01,FIR/07/101/2025/0498,CC/2025/050498,2025-10-11,Accused unlawfully intercepted complainant near main road intersection and committed extortion and assault.,2025-10-10T18:46:26,2025-10-10T18:46:26,2025-10-11T00:46:26,17.3691,76.7635,"Incident near coordinates 17.3691, 76.7635",Property Crimes,Burglary,IPC,Indian Penal Code,IPC,379,Punishment for theft,1,1,Manjunath Kambale,51,Private Employee,Hindu,General,Male,Anand Kuruba,50,Female,0,Nagaraj Joshi,71,Male,A498,1.0,2025-10-11T00:46:26,Karnataka,Kalaburagi,Kalaburagi City PS,KA92881,Kalaburagi District & Sessions Court,Nagaraj Joshi,,2025-10-11T00:46:26,C,KA84062,50498,7,101,2,1,1,3,1,2025-10-11 00:46:26,71,1,18,5,10,0,0,1,429,2546,3.12,1,1,0
FIR,Non-Heinous,Chargesheet Filed,Karnataka,Belagavi,Belagavi District & Sessions Court,Police Station,Belagavi City PS,KA25789,Raghavendra Naik,Head Constable,Investigating Officer,1988-05-15,Male,O Positive,0,2012-06-01,FIR/06/093/2025/0499,CC/2025/050499,2025-08-18,Housebreaking by night reported. Electronic goods and valuables stolen while occupants were away.,2025-08-17T21:56:01,2025-08-17T21:56:01,2025-08-18T22:56:01,15.9888,74.6256,"Incident near coordinates 15.9888, 74.6256",Cyber Crime,Cyber Crime,IPC,Indian Penal Code,IPC,379,Punishment for theft,1,1,Sudha Kuruba,52,Private Employee,Hindu,General,Male,Raghavendra Shetty,57,Female,0,Abhishek Puri,39,Male,A499,1.0,2025-08-18T22:56:01,Karnataka,Belagavi,Belagavi City PS,KA20624,Belagavi District & Sessions Court,Abhishek Puri,,2025-08-18T22:56:01,C,KA33259,50499,6,93,1,1,3,11,1,2025-08-18 22:56:01,39,1,21,7,8,1,0,1,426,2227,0.38,3,0,0
FIR,Non-Heinous,Chargesheet Filed,Karnataka,Ballari,Ballari District & Sessions Court,Police Station,Ballari City PS,KA20998,Kiran Naik,Inspector,Investigating Officer,1988-05-15,Male,O Positive,0,2012-06-01,FIR/08/118/2025/0500,CC/2025/050500,2025-06-23,Complainant reported theft of motor vehicle parked in front of residence during night hours.,2025-06-21T20:56:09,2025-06-21T20:56:09,2025-06-23T11:56:09,15.2296,76.955,"Incident near coordinates 15.2296, 76.955",Property Crimes,Burglary,IPC,Indian Penal Code,IPC,379,Punishment for theft,1,1,Kavitha Kulkarni,56,Private Employee,Hindu,General,Male,Kavitha Kuruba,37,Female,0,Manjunath Shetty,38,Male,A500,1.0,2025-06-23T11:56:09,Karnataka,Ballari,Ballari City PS,KA97754,Ballari District & Sessions Court,Manjunath Shetty,,2025-06-23T11:56:09,C,KA47966,50500,8,118,1,1,1,3,1,2025-06-23 11:56:09,38,1,20,6,6,1,0,1,711,2145,2.19,2,1,0
FIR,Heinous,Chargesheet Filed,Karnataka,Shivamogga,Shivamogga District & Sessions Court,Police Station,Shivamogga Town PS,KA84530,Manjunath Kuruba,Head Constable,Investigating Officer,1988-05-15,Male,O Positive,0,2012-06-01,FIR/11/163/2025/0501,CC/2025/050501,2025-06-24,Snatching of gold chain from pedestrian by bike-borne suspects during evening hours.,2025-06-24T04:35:25,2025-06-24T04:35:25,2025-06-24T19:35:25,13.92,75.615,"Incident near coordinates 13.92, 75.615",Crimes Against Body,Grievous Hurt,IPC,Indian Penal Code,IPC,379,Punishment for theft,1,1,Sunil Kambale,25,Private Employee,Hindu,General,Male,Sunil Bhat,37,Female,0,Manjunath Hegde,39,Male,A501,1.0,2025-06-24T19:35:25,Karnataka,Shivamogga,Shivamogga Town PS,KA53122,Shivamogga District & Sessions Court,Manjunath Hegde,,2025-06-24T19:35:25,C,KA57719,50501,11,163,2,2,2,8,1,2025-06-24 19:35:25,39,1,4,2,6,0,1,1,900,1275,4.41,3,1,0
FIR,Non-Heinous,Chargesheet Filed,Karnataka,Ballari,Ballari District & Sessions Court,Police Station,Ballari City PS,KA55700,Ganesh Pujari,Sub-Inspector,Investigating Officer,1988-05-15,Male,O Positive,0,2012-06-01,FIR/08/125/2025/0502,CC/2025/050502,2025-04-03,Housebreaking by night reported. Electronic goods and valuables stolen while occupants were away.,2025-04-03T17:37:26,2025-04-03T17:37:26,2025-04-03T22:37:26,15.1679,76.9713,"Incident near coordinates 15.1679, 76.9713",Property Crimes,Burglary,IPC,Indian Penal Code,IPC,379,Punishment for theft,1,1,Mahesh Chavhan,31,Private Employee,Hindu,General,Male,Darshan Rao,45,Female,0,Manjunath Hegde,71,Male,A502,1.0,2025-04-03T22:37:26,Karnataka,Ballari,Ballari City PS,KA81913,Ballari District & Sessions Court,Manjunath Hegde,,2025-04-03T22:37:26,C,KA88609,50502,8,125,1,1,1,3,1,2025-04-03 22:37:26,71,1,17,4,4,0,0,4,564,997,0.68,1,1,0
FIR,Non-Heinous,Chargesheet Filed,Karnataka,Shivamogga,Shivamogga District & Sessions Court,Police Station,Shivamogga Town PS,KA13546,Ramesh Puri,Head Constable,Investigating Officer,1988-05-15,Male,O Positive,0,2012-06-01,FIR/11/173/2025/0503,CC/2025/050503,2025-05-10,Complainant reported theft of motor vehicle parked in front of residence during night hours.,2025-05-09T05:10:27,2025-05-09T05:10:27,2025-05-10T16:10:27,14.0485,75.5244,"Incident near coordinates 14.0485, 75.5244",Crimes Against Body,Murder,IPC,Indian Penal Code,IPC,379,Punishment for theft,1,1,Vijay Kambale,29,Private Employee,Hindu,General,Male,Ramesh Deshmukh,24,Female,0,Ambika Bhat,55,Female,A503,1.0,2025-05-10T16:10:27,Karnataka,Shivamogga,Shivamogga Town PS,KA46880,Shivamogga District & Sessions Court,Ambika Bhat,,2025-05-10T16:10:27,C,KA61584,50503,11,173,1,1,2,6,1,2025-05-10 16:10:27,55,2,5,5,5,0,1,3,315,3293,4.11,2,1,0
FIR,Non-Heinous,Chargesheet Filed,Karnataka,Ballari,Ballari District & Sessions Court,Police Station,Ballari City PS,KA16810,Basavaraj Naik,Constable,Investigating Officer,1988-05-15,Male,O Positive,0,2012-06-01,FIR/08/127/2025/0504,CC/2025/050504,2025-03-05,Cyber fraud complaint regarding unauthorized digital transaction via fake banking link.,2025-03-04T04:09:24,2025-03-04T04:09:24,2025-03-05T14:09:24,15.2495,76.8667,"Incident near coordinates 15.2495, 76.8667",Cyber Crime,Cryptocurrency Crime,IPC,Indian Penal Code,IPC,379,Punishment for theft,1,1,Raghavendra Shetty,32,Private Employee,Hindu,General,Male,Pavitra Gowda,53,Female,0,Divya Kuruba,28,Female,A504,1.0,2025-03-05T14:09:24,Karnataka,Ballari,Ballari City PS,KA25923,Ballari District & Sessions Court,Divya Kuruba,,2025-03-05T14:09:24,C,KA77224,50504,8,127,1,1,3,13,1,2025-03-05 14:09:24,28,2,4,2,3,0,1,1,719,1291,2.41,2,1,0
FIR,Heinous,Chargesheet Filed,Karnataka,Davangere,Davangere District & Sessions Court,Police Station,Davangere Extension PS,KA57625,Raghavendra Kambale,Sub-Inspector,Investigating Officer,1988-05-15,Male,O Positive,0,2012-06-01,FIR/12/186/2025/0505,CC/2025/050505,2025-04-30,Cyber fraud complaint regarding unauthorized digital transaction via fake banking link.,2025-04-28T09:54:45,2025-04-28T09:54:45,2025-04-30T00:54:45,14.4373,75.8542,"Incident near coordinates 14.4373, 75.8542",Financial Crime,Money Laundering,IPC,Indian Penal Code,IPC,379,Punishment for theft,1,1,Venkatesh Puri,42,Private Employee,Hindu,General,Male,Basavaraj Joshi,53,Female,0,Mahesh Deshmukh,19,Male,A505,1.0,2025-04-30T00:54:45,Karnataka,Davangere,Davangere Extension PS,KA92969,Davangere District & Sessions Court,Mahesh Deshmukh,,2025-04-30T00:54:45,C,KA82964,50505,12,186,2,2,4,14,1,2025-04-30 00:54:45,19,1,9,1,4,0,0,1,462,3326,1.28,2,0,0
FIR,Non-Heinous,Chargesheet Filed,Karnataka,Shivamogga,Shivamogga District & Sessions Court,Police Station,Shivamogga Town PS,KA93207,Prakash Shetty,Sub-Inspector,Investigating Officer,1988-05-15,Male,O Positive,0,2012-06-01,FIR/11/172/2025/0506,CC/2025/050506,2025-03-25,Cyber fraud complaint regarding unauthorized digital transaction via fake banking link.,2025-03-24T22:34:11,2025-03-24T22:34:11,2025-03-25T18:34:11,13.9248,75.6205,"Incident near coordinates 13.9248, 75.6205",Financial Crime,Cheating,IPC,Indian Penal Code,IPC,379,Punishment for theft,1,1,Suresh Gowda,48,Private Employee,Hindu,General,Male,Ambika Rao,41,Female,0,Basavaraj Naik,59,Male,A506,1.0,2025-03-25T18:34:11,Karnataka,Shivamogga,Shivamogga Town PS,KA77028,Shivamogga District & Sessions Court,Basavaraj Naik,,2025-03-25T18:34:11,C,KA11316,50506,11,172,3,1,4,15,1,2025-03-25 18:34:11,59,1,22,1,3,0,1,1,544,2027,0.69,2,1,0
FIR,Non-Heinous,Chargesheet Filed,Karnataka,Belagavi,Belagavi District & Sessions Court,Police Station,Belagavi City PS,KA76916,Abhishek Nayak,Constable,Investigating Officer,1988-05-15,Male,O Positive,0,2012-06-01,FIR/06/088/2025/0507,CC/2025/050507,2025-04-23,Burglary incident reported at commercial establishment. Locked doors broken open and cash stolen.,2025-04-23T03:06:20,2025-04-23T03:06:20,2025-04-23T07:06:20,15.8323,74.5039,"Incident near coordinates 15.8323, 74.5039",Financial Crime,Money Laundering,IPC,Indian Penal Code,IPC,379,Punishment for theft,1,1,Nagaraj Pujari,25,Private Employee,Hindu,General,Male,Deepa Patil,45,Female,0,Venkatesh Gowda,58,Male,A507,1.0,2025-04-23T07:06:20,Karnataka,Belagavi,Belagavi City PS,KA16353,Belagavi District & Sessions Court,Venkatesh Gowda,,2025-04-23T07:06:20,C,KA99222,50507,6,88,1,1,4,14,1,2025-04-23 07:06:20,58,1,3,3,4,0,1,1,258,605,3.77,2,1,0
FIR,Non-Heinous,Chargesheet Filed,Karnataka,Belagavi,Belagavi District & Sessions Court,Police Station,Belagavi City PS,KA39071,Raghavendra Puri,Sub-Inspector,Investigating Officer,1988-05-15,Male,O Positive,0,2012-06-01,FIR/06/092/2025/0508,CC/2025/050508,2025-09-15,Accused unlawfully intercepted complainant near main road intersection and committed extortion and assault.,2025-09-15T08:01:00,2025-09-15T08:01:00,2025-09-15T13:01:00,15.9392,74.59,"Incident near coordinates 15.9392, 74.59",Cyber Crime,Cyber Crime,IPC,Indian Penal Code,IPC,379,Punishment for theft,1,1,Shivakumar Puri,34,Private Employee,Hindu,General,Male,Ramesh Rao,39,Female,0,Suresh Rao,72,Male,A508,1.0,2025-09-15T13:01:00,Karnataka,Belagavi,Belagavi City PS,KA95601,Belagavi District & Sessions Court,Suresh Rao,,2025-09-15T13:01:00,C,KA69716,50508,6,92,2,1,3,11,1,2025-09-15 13:01:00,72,1,8,1,9,0,0,1,365,3345,3.13,1,1,0
FIR,Non-Heinous,Chargesheet Filed,Karnataka,Ballari,Ballari District & Sessions Court,Police Station,Ballari City PS,KA53585,Ramesh Bhat,Constable,Investigating Officer,1988-05-15,Male,O Positive,0,2012-06-01,FIR/08/125/2025/0509,CC/2025/050509,2025-12-28,Accused unlawfully intercepted complainant near main road intersection and committed extortion and assault.,2025-12-26T10:38:35,2025-12-26T10:38:35,2025-12-28T01:38:35,15.1993,76.8849,"Incident near coordinates 15.1993, 76.8849",Property Crimes,Theft,IPC,Indian Penal Code,IPC,379,Punishment for theft,1,1,Kiran Hegde,61,Private Employee,Hindu,General,Male,Darshan Puri,59,Female,0,Suresh Rao,46,Male,A509,1.0,2025-12-28T01:38:35,Karnataka,Ballari,Ballari City PS,KA84794,Ballari District & Sessions Court,Suresh Rao,,2025-12-28T01:38:35,C,KA97888,50509,8,125,2,1,1,1,1,2025-12-28 01:38:35,46,1,10,5,12,0,0,2,86,3256,3.36,2,1,0
FIR,Non-Heinous,Chargesheet Filed,Karnataka,Ballari,Ballari District & Sessions Court,Police Station,Ballari City PS,KA45699,Mahesh Chavhan,Head Constable,Investigating Officer,1988-05-15,Male,O Positive,0,2012-06-01,FIR/08/123/2025/0510,CC/2025/050510,2025-04-20,Burglary incident reported at commercial establishment. Locked doors broken open and cash stolen.,2025-04-18T17:09:23,2025-04-18T17:09:23,2025-04-20T11:09:23,15.1762,76.9653,"Incident near coordinates 15.1762, 76.9653",Cyber Crime,Dark Web Crime,IPC,Indian Penal Code,IPC,379,Punishment for theft,1,1,Abhishek Puri,61,Private Employee,Hindu,General,Male,Kumar Shetty,37,Female,0,Shilpa Kulkarni,26,Female,A510,1.0,2025-04-20T11:09:23,Karnataka,Ballari,Ballari City PS,KA82976,Ballari District & Sessions Court,Shilpa Kulkarni,,2025-04-20T11:09:23,C,KA33241,50510,8,123,1,1,3,12,1,2025-04-20 11:09:23,26,2,17,5,4,0,0,1,374,2109,3.25,1,1,0
FIR,Non-Heinous,Chargesheet Filed,Karnataka,Davangere,Davangere District & Sessions Court,Police Station,Davangere Extension PS,KA24829,Manjunath Kulkarni,Constable,Investigating Officer,1988-05-15,Male,O Positive,0,2012-06-01,FIR/12/181/2025/0511,CC/2025/050511,2025-06-21,Snatching of gold chain from pedestrian by bike-borne suspects during evening hours.,2025-06-21T10:40:40,2025-06-21T10:40:40,2025-06-21T14:40:40,14.4419,75.9098,"Incident near coordinates 14.4419, 75.9098",Property Crimes,Robbery,IPC,Indian Penal Code,IPC,379,Punishment for theft,1,1,Basavaraj Shetty,22,Private Employee,Hindu,General,Male,Ganesh Shetty,26,Female,0,Sunil Chavhan,34,Male,A511,1.0,2025-06-21T14:40:40,Karnataka,Davangere,Davangere Extension PS,KA76890,Davangere District & Sessions Court,Sunil Chavhan,,2025-06-21T14:40:40,C,KA69176,50511,12,181,1,1,1,2,1,2025-06-21 14:40:40,34,1,10,6,6,1,0,1,613,1022,3.44,2,1,0
FIR,Non-Heinous,Chargesheet Filed,Karnataka,Belagavi,Belagavi District & Sessions Court,Police Station,Belagavi City PS,KA77210,Nagaraj Deshmukh,Inspector,Investigating Officer,1988-05-15,Male,O Positive,0,2012-06-01,FIR/06/096/2025/0512,CC/2025/050512,2025-05-31,Cyber fraud complaint regarding unauthorized digital transaction via fake banking link.,2025-05-31T14:04:43,2025-05-31T14:04:43,2025-05-31T17:04:43,15.9837,74.6379,"Incident near coordinates 15.9837, 74.6379",Crimes Against Body,Murder,IPC,Indian Penal Code,IPC,379,Punishment for theft,1,1,Mahesh Rao,56,Private Employee,Hindu,General,Male,Ganesh Chavhan,41,Female,0,Deepa Patil,48,Female,A512,1.0,2025-05-31T17:04:43,Karnataka,Belagavi,Belagavi City PS,KA49373,Belagavi District & Sessions Court,Deepa Patil,,2025-05-31T17:04:43,C,KA10071,50512,6,96,1,1,2,6,1,2025-05-31 17:04:43,48,2,14,6,5,1,0,1,337,2873,3.6,2,1,0
FIR,Non-Heinous,Chargesheet Filed,Karnataka,Shivamogga,Shivamogga District & Sessions Court,Police Station,Shivamogga Town PS,KA46164,Prakash Naik,Head Constable,Investigating Officer,1988-05-15,Male,O Positive,0,2012-06-01,FIR/11/165/2025/0513,CC/2025/050513,2025-09-16,Burglary incident reported at commercial establishment. Locked doors broken open and cash stolen.,2025-09-14T09:18:28,2025-09-14T09:18:28,2025-09-16T09:18:28,13.9807,75.6071,"Incident near coordinates 13.9807, 75.6071",Cyber Crime,Dark Web Crime,IPC,Indian Penal Code,IPC,379,Punishment for theft,1,1,Ganesh Deshmukh,52,Private Employee,Hindu,General,Male,Sunitha Hegde,24,Female,0,Pavitra Joshi,62,Female,A513,1.0,2025-09-16T09:18:28,Karnataka,Shivamogga,Shivamogga Town PS,KA25700,Shivamogga District & Sessions Court,Pavitra Joshi,,2025-09-16T09:18:28,C,KA95737,50513,11,165,2,1,3,12,1,2025-09-16 09:18:28,62,2,9,7,9,1,0,1,538,3256,2.3,3,1,0
FIR,Non-Heinous,Chargesheet Filed,Karnataka,Belagavi,Belagavi District & Sessions Court,Police Station,Belagavi City PS,KA26581,Mahesh Reddy,Constable,Investigating Officer,1988-05-15,Male,O Positive,0,2012-06-01,FIR/06/099/2025/0514,CC/2025/050514,2025-05-04,Housebreaking by night reported. Electronic goods and valuables stolen while occupants were away.,2025-05-04T21:04:28,2025-05-04T21:04:28,2025-05-04T22:04:28,15.9907,74.5739,"Incident near coordinates 15.9907, 74.5739",Cyber Crime,Cyber Crime,IPC,Indian Penal Code,IPC,379,Punishment for theft,1,1,Abhishek Bhat,58,Private Employee,Hindu,General,Male,Meenakshi Patil,36,Female,0,Kumar Bhat,31,Male,A514,1.0,2025-05-04T22:04:28,Karnataka,Belagavi,Belagavi City PS,KA94096,Belagavi District & Sessions Court,Kumar Bhat,,2025-05-04T22:04:28,C,KA70766,50514,6,99,3,1,3,11,1,2025-05-04 22:04:28,31,1,21,7,5,1,0,1,385,3264,3.24,2,1,0
FIR,Non-Heinous,Chargesheet Filed,Karnataka,Davangere,Davangere District & Sessions Court,Police Station,Davangere Extension PS,KA22350,Shivakumar Shetty,Constable,Investigating Officer,1988-05-15,Male,O Positive,0,2012-06-01,FIR/12/182/2025/0515,CC/2025/050515,2025-09-23,Burglary incident reported at commercial establishment. Locked doors broken open and cash stolen.,2025-09-23T13:01:19,2025-09-23T13:01:19,2025-09-23T16:01:19,14.4551,75.8503,"Incident near coordinates 14.4551, 75.8503",Property Crimes,Burglary,IPC,Indian Penal Code,IPC,379,Punishment for theft,1,1,Satish Hegde,34,Private Employee,Hindu,General,Male,Anand Kuruba,42,Female,0,Sudha Bhat,42,Female,A515,1.0,2025-09-23T16:01:19,Karnataka,Davangere,Davangere Extension PS,KA25972,Davangere District & Sessions Court,Sudha Bhat,,2025-09-23T16:01:19,C,KA72408,50515,12,182,1,1,1,3,1,2025-09-23 16:01:19,42,2,13,2,9,0,0,1,449,403,0.95,1,0,0
FIR,Non-Heinous,Chargesheet Filed,Karnataka,Kalaburagi,Kalaburagi District & Sessions Court,Police Station,Kalaburagi City PS,KA67002,Pradeep Patil,Inspector,Investigating Officer,1988-05-15,Male,O Positive,0,2012-06-01,FIR/07/108/2025/0516,CC/2025/050516,2025-02-10,Cyber fraud complaint regarding unauthorized digital transaction via fake banking link.,2025-02-09T21:59:06,2025-02-09T21:59:06,2025-02-10T04:59:06,17.3881,76.8909,"Incident near coordinates 17.3881, 76.8909",Property Crimes,Burglary,IPC,Indian Penal Code,IPC,379,Punishment for theft,1,1,Nagaraj Joshi,35,Private Employee,Hindu,General,Male,Anand Joshi,21,Female,0,Anitha Hegde,28,Transgender,A516,1.0,2025-02-10T04:59:06,Karnataka,Kalaburagi,Kalaburagi City PS,KA80079,Kalaburagi District & Sessions Court,Anitha Hegde,,2025-02-10T04:59:06,C,KA42952,50516,7,108,3,1,1,3,1,2025-02-10 04:59:06,28,3,21,7,2,1,0,1,200,2132,3.73,2,1,0
FIR,Non-Heinous,Chargesheet Filed,Karnataka,Shivamogga,Shivamogga District & Sessions Court,Police Station,Shivamogga Town PS,KA96019,Abhishek Reddy,Head Constable,Investigating Officer,1988-05-15,Male,O Positive,0,2012-06-01,FIR/11/163/2025/0517,CC/2025/050517,2025-09-16,Snatching of gold chain from pedestrian by bike-borne suspects during evening hours.,2025-09-15T03:01:18,2025-09-15T03:01:18,2025-09-16T14:01:18,14.0476,75.6463,"Incident near coordinates 14.0476, 75.6463",Financial Crime,Cheating,IPC,Indian Penal Code,IPC,379,Punishment for theft,1,1,Shivakumar Rao,55,Private Employee,Hindu,General,Male,Lakshmi Naik,21,Female,0,Manjunath Pujari,56,Male,A517,1.0,2025-09-16T14:01:18,Karnataka,Shivamogga,Shivamogga Town PS,KA46392,Shivamogga District & Sessions Court,Manjunath Pujari,,2025-09-16T14:01:18,C,KA87406,50517,11,163,1,1,4,15,1,2025-09-16 14:01:18,56,1,3,1,9,0,1,3,302,3099,3.74,1,1,0
FIR,Non-Heinous,Chargesheet Filed,Karnataka,Ballari,Ballari District & Sessions Court,Police Station,Ballari City PS,KA60805,Ganesh Gowda,Constable,Investigating Officer,1988-05-15,Male,O Positive,0,2012-06-01,FIR/08/127/2025/0518,CC/2025/050518,2025-01-22,Snatching of gold chain from pedestrian by bike-borne suspects during evening hours.,2025-01-22T05:15:00,2025-01-22T05:15:00,2025-01-22T10:15:00,15.2126,76.9517,"Incident near coordinates 15.2126, 76.9517",Property Crimes,Burglary,IPC,Indian Penal Code,IPC,379,Punishment for theft,1,1,Raghavendra Hegde,47,Private Employee,Hindu,General,Male,Manjunath Kulkarni,37,Female,0,Anand Deshmukh,64,Male,A518,1.0,2025-01-22T10:15:00,Karnataka,Ballari,Ballari City PS,KA14510,Ballari District & Sessions Court,Anand Deshmukh,,2025-01-22T10:15:00,C,KA40438,50518,8,127,2,1,1,3,1,2025-01-22 10:15:00,64,1,5,3,1,0,1,2,372,2574,3.92,2,1,0
FIR,Non-Heinous,Chargesheet Filed,Karnataka,Ballari,Ballari District & Sessions Court,Police Station,Ballari City PS,KA75808,Abhishek Nayak,Head Constable,Investigating Officer,1988-05-15,Male,O Positive,0,2012-06-01,FIR/08/120/2025/0519,CC/2025/050519,2025-07-11,Housebreaking by night reported. Electronic goods and valuables stolen while occupants were away.,2025-07-10T18:19:20,2025-07-10T18:19:20,2025-07-11T10:19:20,15.1776,76.994,"Incident near coordinates 15.1776, 76.994",Financial Crime,Money Laundering,IPC,Indian Penal Code,IPC,379,Punishment for theft,1,1,Sudha Kulkarni,35,Private Employee,Hindu,General,Male,Abhishek Gowda,56,Female,0,Raghavendra Shetty,35,Male,A519,1.0,2025-07-11T10:19:20,Karnataka,Ballari,Ballari City PS,KA32495,Ballari District & Sessions Court,Raghavendra Shetty,,2025-07-11T10:19:20,C,KA50032,50519,8,120,3,1,4,14,1,2025-07-11 10:19:20,35,1,18,4,7,0,0,1,322,2812,1.77,1,0,0
FIR,Non-Heinous,Chargesheet Filed,Karnataka,Shivamogga,Shivamogga District & Sessions Court,Police Station,Shivamogga Town PS,KA78219,Raghavendra Shetty,Inspector,Investigating Officer,1988-05-15,Male,O Positive,0,2012-06-01,FIR/11/165/2025/0520,CC/2025/050520,2025-03-05,Complainant reported theft of motor vehicle parked in front of residence during night hours.,2025-03-04T06:42:48,2025-03-04T06:42:48,2025-03-05T21:42:48,14.0005,75.5369,"Incident near coordinates 14.0005, 75.5369",Property Crimes,Robbery,IPC,Indian Penal Code,IPC,379,Punishment for theft,1,1,Anand Shetty,25,Private Employee,Hindu,General,Male,Darshan Kuruba,49,Female,0,Sowmya Reddy,34,Female,A520,1.0,2025-03-05T21:42:48,Karnataka,Shivamogga,Shivamogga Town PS,KA86446,Shivamogga District & Sessions Court,Sowmya Reddy,,2025-03-05T21:42:48,C,KA93073,50520,11,165,2,1,1,2,1,2025-03-05 21:42:48,34,2,6,2,3,0,0,1,169,1118,3.52,1,1,0
FIR,Non-Heinous,Chargesheet Filed,Karnataka,Kalaburagi,Kalaburagi District & Sessions Court,Police Station,Kalaburagi City PS,KA72751,Ramesh Reddy,Inspector,Investigating Officer,1988-05-15,Male,O Positive,0,2012-06-01,FIR/07/102/2025/0521,CC/2025/050521,2025-09-05,Accused unlawfully intercepted complainant near main road intersection and committed extortion and assault.,2025-09-05T06:05:31,2025-09-05T06:05:31,2025-09-05T13:05:31,17.3059,76.8148,"Incident near coordinates 17.3059, 76.8148",Property Crimes,Theft,IPC,Indian Penal Code,IPC,379,Punishment for theft,1,1,Basavaraj Chavhan,36,Private Employee,Hindu,General,Male,Kiran Kambale,29,Female,0,Basavaraj Nayak,19,Male,A521,1.0,2025-09-05T13:05:31,Karnataka,Kalaburagi,Kalaburagi City PS,KA75847,Kalaburagi District & Sessions Court,Basavaraj Nayak,,2025-09-05T13:05:31,C,KA55951,50521,7,102,3,1,1,1,1,2025-09-05 13:05:31,19,1,6,5,9,0,0,1,454,671,3.38,1,1,0
FIR,Non-Heinous,Chargesheet Filed,Karnataka,Kalaburagi,Kalaburagi District & Sessions Court,Police Station,Kalaburagi City PS,KA21522,Vijay Reddy,Head Constable,Investigating Officer,1988-05-15,Male,O Positive,0,2012-06-01,FIR/07/108/2025/0522,CC/2025/050522,2025-05-08,Housebreaking by night reported. Electronic goods and valuables stolen while occupants were away.,2025-05-07T19:26:26,2025-05-07T19:26:26,2025-05-08T23:26:26,17.3481,76.8764,"Incident near coordinates 17.3481, 76.8764",Cyber Crime,Cyber Crime,IPC,Indian Penal Code,IPC,379,Punishment for theft,1,1,Ramesh Kulkarni,34,Private Employee,Hindu,General,Male,Kumar Pujari,46,Female,0,Prakash Kulkarni,37,Male,A522,1.0,2025-05-08T23:26:26,Karnataka,Kalaburagi,Kalaburagi City PS,KA57114,Kalaburagi District & Sessions Court,Prakash Kulkarni,,2025-05-08T23:26:26,C,KA12672,50522,7,108,1,1,3,11,1,2025-05-08 23:26:26,37,1,19,3,5,0,0,3,935,2163,4.33,2,1,0
FIR,Non-Heinous,Chargesheet Filed,Karnataka,Davangere,Davangere District & Sessions Court,Police Station,Davangere Extension PS,KA78650,Basavaraj Kuruba,Constable,Investigating Officer,1988-05-15,Male,O Positive,0,2012-06-01,FIR/12/176/2025/0523,CC/2025/050523,2025-01-22,Accused unlawfully intercepted complainant near main road intersection and committed extortion and assault.,2025-01-20T08:43:10,2025-01-20T08:43:10,2025-01-22T07:43:10,14.497,75.9166,"Incident near coordinates 14.497, 75.9166",Cyber Crime,Dark Web Crime,IPC,Indian Penal Code,IPC,379,Punishment for theft,1,1,Nagaraj Chavhan,62,Private Employee,Hindu,General,Male,Divya Deshmukh,24,Female,0,Ganesh Rao,52,Male,A523,1.0,2025-01-22T07:43:10,Karnataka,Davangere,Davangere Extension PS,KA52841,Davangere District & Sessions Court,Ganesh Rao,,2025-01-22T07:43:10,C,KA20566,50523,12,176,2,1,3,12,1,2025-01-22 07:43:10,52,1,8,1,1,0,0,2,900,699,0.75,1,1,0
FIR,Non-Heinous,Chargesheet Filed,Karnataka,Shivamogga,Shivamogga District & Sessions Court,Police Station,Shivamogga Town PS,KA28168,Suresh Deshmukh,Head Constable,Investigating Officer,1988-05-15,Male,O Positive,0,2012-06-01,FIR/11/167/2025/0524,CC/2025/050524,2025-11-04,Cyber fraud complaint regarding unauthorized digital transaction via fake banking link.,2025-11-04T02:32:18,2025-11-04T02:32:18,2025-11-04T03:32:18,13.9838,75.5284,"Incident near coordinates 13.9838, 75.5284",Financial Crime,Cheating,IPC,Indian Penal Code,IPC,379,Punishment for theft,1,1,Meenakshi Pujari,44,Private Employee,Hindu,General,Male,Darshan Patil,43,Female,0,Raghavendra Rao,23,Male,A524,1.0,2025-11-04T03:32:18,Karnataka,Shivamogga,Shivamogga Town PS,KA67274,Shivamogga District & Sessions Court,Raghavendra Rao,,2025-11-04T03:32:18,C,KA55245,50524,11,167,1,1,4,15,1,2025-11-04 03:32:18,23,1,2,2,11,0,1,2,699,1060,2.76,1,1,0
FIR,Non-Heinous,Chargesheet Filed,Karnataka,Ballari,Ballari District & Sessions Court,Police Station,Ballari City PS,KA80104,Kumar Rao,Sub-Inspector,Investigating Officer,1988-05-15,Male,O Positive,0,2012-06-01,FIR/08/119/2025/0525,CC/2025/050525,2025-07-15,Cyber fraud complaint regarding unauthorized digital transaction via fake banking link.,2025-07-14T16:33:07,2025-07-14T16:33:07,2025-07-15T05:33:07,15.12,76.8961,"Incident near coordinates 15.12, 76.8961",Cyber Crime,Dark Web Crime,IPC,Indian Penal Code,IPC,379,Punishment for theft,1,1,Kiran Pujari,40,Private Employee,Hindu,General,Male,Deepa Deshmukh,39,Female,0,Kavitha Kulkarni,44,Female,A525,1.0,2025-07-15T05:33:07,Karnataka,Ballari,Ballari City PS,KA87280,Ballari District & Sessions Court,Kavitha Kulkarni,,2025-07-15T05:33:07,C,KA21842,50525,8,119,1,1,3,12,1,2025-07-15 05:33:07,44,2,16,1,7,0,0,3,605,3297,2.92,2,1,0
FIR,Heinous,Chargesheet Filed,Karnataka,Ballari,Ballari District & Sessions Court,Police Station,Ballari City PS,KA30923,Kiran Gowda,Sub-Inspector,Investigating Officer,1988-05-15,Male,O Positive,0,2012-06-01,FIR/08/118/2025/0526,CC/2025/050526,2025-03-25,Cyber fraud complaint regarding unauthorized digital transaction via fake banking link.,2025-03-24T23:23:09,2025-03-24T23:23:09,2025-03-25T07:23:09,15.2033,76.9699,"Incident near coordinates 15.2033, 76.9699",Financial Crime,Cheating,IPC,Indian Penal Code,IPC,379,Punishment for theft,1,1,Suresh Reddy,48,Private Employee,Hindu,General,Male,Basavaraj Hegde,37,Female,0,Raghavendra Naik,26,Male,A526,1.0,2025-03-25T07:23:09,Karnataka,Ballari,Ballari City PS,KA44097,Ballari District & Sessions Court,Raghavendra Naik,,2025-03-25T07:23:09,C,KA84664,50526,8,118,3,2,4,15,1,2025-03-25 07:23:09,26,1,23,1,3,0,1,1,112,872,3.61,3,1,0
FIR,Non-Heinous,Chargesheet Filed,Karnataka,Kalaburagi,Kalaburagi District & Sessions Court,Police Station,Kalaburagi City PS,KA62961,Nagaraj Kambale,Constable,Investigating Officer,1988-05-15,Male,O Positive,0,2012-06-01,FIR/07/106/2025/0527,CC/2025/050527,2025-08-29,Accused unlawfully intercepted complainant near main road intersection and committed extortion and assault.,2025-08-28T02:17:27,2025-08-28T02:17:27,2025-08-29T09:17:27,17.37,76.8269,"Incident near coordinates 17.37, 76.8269",Financial Crime,Cheating,IPC,Indian Penal Code,IPC,379,Punishment for theft,1,1,Ganesh Bhat,27,Private Employee,Hindu,General,Male,Sowmya Patil,55,Female,0,Kiran Patil,44,Male,A527,1.0,2025-08-29T09:17:27,Karnataka,Kalaburagi,Kalaburagi City PS,KA66535,Kalaburagi District & Sessions Court,Kiran Patil,,2025-08-29T09:17:27,C,KA17744,50527,7,106,3,1,4,15,1,2025-08-29 09:17:27,44,1,2,4,8,0,1,1,108,2692,2.84,1,1,0
FIR,Non-Heinous,Chargesheet Filed,Karnataka,Davangere,Davangere District & Sessions Court,Police Station,Davangere Extension PS,KA12334,Basavaraj Kambale,Constable,Investigating Officer,1988-05-15,Male,O Positive,0,2012-06-01,FIR/12/186/2025/0528,CC/2025/050528,2025-05-09,Snatching of gold chain from pedestrian by bike-borne suspects during evening hours.,2025-05-08T09:21:45,2025-05-08T09:21:45,2025-05-09T23:21:45,14.5073,75.8583,"Incident near coordinates 14.5073, 75.8583",Property Crimes,Burglary,IPC,Indian Penal Code,IPC,379,Punishment for theft,1,1,Meenakshi Gowda,53,Private Employee,Hindu,General,Male,Ambika Gowda,20,Female,0,Ramesh Hegde,55,Male,A528,1.0,2025-05-09T23:21:45,Karnataka,Davangere,Davangere Extension PS,KA32163,Davangere District & Sessions Court,Ramesh Hegde,,2025-05-09T23:21:45,C,KA73770,50528,12,186,2,1,1,3,1,2025-05-09 23:21:45,55,1,9,4,5,0,0,2,688,3351,3.31,2,1,0
FIR,Heinous,Chargesheet Filed,Karnataka,Davangere,Davangere District & Sessions Court,Police Station,Davangere Extension PS,KA66340,Manjunath Pujari,Head Constable,Investigating Officer,1988-05-15,Male,O Positive,0,2012-06-01,FIR/12/181/2025/0529,CC/2025/050529,2025-04-30,Burglary incident reported at commercial establishment. Locked doors broken open and cash stolen.,2025-04-28T08:15:21,2025-04-28T08:15:21,2025-04-30T01:15:21,14.4768,75.9017,"Incident near coordinates 14.4768, 75.9017",Crimes Against Body,Grievous Hurt,IPC,Indian Penal Code,IPC,379,Punishment for theft,1,1,Suresh Shetty,38,Private Employee,Hindu,General,Male,Ganesh Chavhan,27,Female,0,Nayana Naik,60,Female,A529,1.0,2025-04-30T01:15:21,Karnataka,Davangere,Davangere Extension PS,KA61869,Davangere District & Sessions Court,Nayana Naik,,2025-04-30T01:15:21,C,KA35851,50529,12,181,3,2,2,8,1,2025-04-30 01:15:21,60,2,8,1,4,0,0,5,124,1962,3.06,4,1,0
FIR,Non-Heinous,Chargesheet Filed,Karnataka,Belagavi,Belagavi District & Sessions Court,Police Station,Belagavi City PS,KA26948,Vijay Bhat,Constable,Investigating Officer,1988-05-15,Male,O Positive,0,2012-06-01,FIR/06/095/2025/0530,CC/2025/050530,2025-05-29,Housebreaking by night reported. Electronic goods and valuables stolen while occupants were away.,2025-05-28T00:36:32,2025-05-28T00:36:32,2025-05-29T02:36:32,15.836,74.4593,"Incident near coordinates 15.836, 74.4593",Property Crimes,Theft,IPC,Indian Penal Code,IPC,379,Punishment for theft,1,1,Geetha Chavhan,60,Private Employee,Hindu,General,Male,Anand Hegde,57,Female,0,Kumar Chavhan,72,Male,A530,1.0,2025-05-29T02:36:32,Karnataka,Belagavi,Belagavi City PS,KA91825,Belagavi District & Sessions Court,Kumar Chavhan,,2025-05-29T02:36:32,C,KA60479,50530,6,95,3,1,1,1,1,2025-05-29 02:36:32,72,1,0,3,5,0,1,2,787,3370,3.08,2,1,0
FIR,Non-Heinous,Chargesheet Filed,Karnataka,Davangere,Davangere District & Sessions Court,Police Station,Davangere Extension PS,KA59773,Suresh Shetty,Constable,Investigating Officer,1988-05-15,Male,O Positive,0,2012-06-01,FIR/12/185/2025/0531,CC/2025/050531,2025-02-12,Complainant reported theft of motor vehicle parked in front of residence during night hours.,2025-02-11T17:00:55,2025-02-11T17:00:55,2025-02-12T05:00:55,14.5168,75.9109,"Incident near coordinates 14.5168, 75.9109",Financial Crime,Money Laundering,IPC,Indian Penal Code,IPC,379,Punishment for theft,1,1,Ramesh Hegde,56,Private Employee,Hindu,General,Male,Anitha Kambale,28,Female,0,Anand Patil,54,Male,A531,1.0,2025-02-12T05:00:55,Karnataka,Davangere,Davangere Extension PS,KA80804,Davangere District & Sessions Court,Anand Patil,,2025-02-12T05:00:55,C,KA79077,50531,12,185,1,1,4,14,1,2025-02-12 05:00:55,54,1,17,2,2,0,0,2,493,3142,1.24,1,0,0
FIR,Non-Heinous,Chargesheet Filed,Karnataka,Shivamogga,Shivamogga District & Sessions Court,Police Station,Shivamogga Town PS,KA70397,Ramesh Naik,Sub-Inspector,Investigating Officer,1988-05-15,Male,O Positive,0,2012-06-01,FIR/11/168/2025/0532,CC/2025/050532,2025-10-31,Accused unlawfully intercepted complainant near main road intersection and committed extortion and assault.,2025-10-30T11:10:58,2025-10-30T11:10:58,2025-10-31T18:10:58,13.9878,75.658,"Incident near coordinates 13.9878, 75.658",Crimes Against Body,Murder,IPC,Indian Penal Code,IPC,379,Punishment for theft,1,1,Basavaraj Joshi,58,Private Employee,Hindu,General,Male,Shilpa Reddy,56,Female,0,Nagaraj Kambale,22,Male,A532,1.0,2025-10-31T18:10:58,Karnataka,Shivamogga,Shivamogga Town PS,KA96399,Shivamogga District & Sessions Court,Nagaraj Kambale,,2025-10-31T18:10:58,C,KA30441,50532,11,168,1,1,2,6,1,2025-10-31 18:10:58,22,1,11,4,10,0,0,1,452,2641,3.22,2,1,0
FIR,Non-Heinous,Chargesheet Filed,Karnataka,Belagavi,Belagavi District & Sessions Court,Police Station,Belagavi City PS,KA87580,Pradeep Gowda,Head Constable,Investigating Officer,1988-05-15,Male,O Positive,0,2012-06-01,FIR/06/096/2025/0533,CC/2025/050533,2025-05-02,Complainant reported theft of motor vehicle parked in front of residence during night hours.,2025-05-01T20:43:01,2025-05-01T20:43:01,2025-05-02T08:43:01,15.8937,74.6376,"Incident near coordinates 15.8937, 74.6376",Financial Crime,Cheating,IPC,Indian Penal Code,IPC,379,Punishment for theft,1,1,Pradeep Pujari,29,Private Employee,Hindu,General,Male,Raghavendra Rao,52,Female,0,Vijay Kuruba,49,Male,A533,1.0,2025-05-02T08:43:01,Karnataka,Belagavi,Belagavi City PS,KA97547,Belagavi District & Sessions Court,Vijay Kuruba,,2025-05-02T08:43:01,C,KA26788,50533,6,96,1,1,4,15,1,2025-05-02 08:43:01,49,1,20,4,5,0,0,2,900,1063,2.58,2,1,0
FIR,Heinous,Chargesheet Filed,Karnataka,Belagavi,Belagavi District & Sessions Court,Police Station,Belagavi City PS,KA40645,Sunil Deshmukh,Inspector,Investigating Officer,1988-05-15,Male,O Positive,0,2012-06-01,FIR/06/090/2025/0534,CC/2025/050534,2025-04-07,Complainant reported theft of motor vehicle parked in front of residence during night hours.,2025-04-05T07:09:02,2025-04-05T07:09:02,2025-04-07T07:09:02,15.8941,74.4596,"Incident near coordinates 15.8941, 74.4596",Crimes Against Body,Murder,IPC,Indian Penal Code,IPC,379,Punishment for theft,1,1,Vijay Naik,60,Private Employee,Hindu,General,Male,Satish Deshmukh,26,Female,0,Nagaraj Bhat,35,Male,A534,1.0,2025-04-07T07:09:02,Karnataka,Belagavi,Belagavi City PS,KA70663,Belagavi District & Sessions Court,Nagaraj Bhat,,2025-04-07T07:09:02,C,KA72570,50534,6,90,1,2,2,6,1,2025-04-07 07:09:02,35,1,7,6,4,1,0,2,565,2729,0.82,3,1,0
FIR,Non-Heinous,Chargesheet Filed,Karnataka,Belagavi,Belagavi District & Sessions Court,Police Station,Belagavi City PS,KA33349,Darshan Naik,Constable,Investigating Officer,1988-05-15,Male,O Positive,0,2012-06-01,FIR/06/086/2025/0535,CC/2025/050535,2025-11-24,Complainant reported theft of motor vehicle parked in front of residence during night hours.,2025-11-24T00:16:56,2025-11-24T00:16:56,2025-11-24T09:16:56,15.9639,74.5164,"Incident near coordinates 15.9639, 74.5164",Property Crimes,Theft,IPC,Indian Penal Code,IPC,379,Punishment for theft,1,1,Satish Joshi,44,Private Employee,Hindu,General,Male,Anand Naik,55,Female,0,Satish Naik,18,Male,A535,1.0,2025-11-24T09:16:56,Karnataka,Belagavi,Belagavi City PS,KA43081,Belagavi District & Sessions Court,Satish Naik,,2025-11-24T09:16:56,C,KA79640,50535,6,86,3,1,1,1,1,2025-11-24 09:16:56,18,1,0,1,11,0,1,1,67,3393,1.62,2,0,0
FIR,Non-Heinous,Chargesheet Filed,Karnataka,Kalaburagi,Kalaburagi District & Sessions Court,Police Station,Kalaburagi City PS,KA70333,Darshan Nayak,Inspector,Investigating Officer,1988-05-15,Male,O Positive,0,2012-06-01,FIR/07/101/2025/0536,CC/2025/050536,2025-12-29,Accused unlawfully intercepted complainant near main road intersection and committed extortion and assault.,2025-12-28T01:45:32,2025-12-28T01:45:32,2025-12-29T01:45:32,17.3546,76.7787,"Incident near coordinates 17.3546, 76.7787",Property Crimes,Theft,IPC,Indian Penal Code,IPC,379,Punishment for theft,1,1,Sudha Bhat,53,Private Employee,Hindu,General,Male,Anand Nayak,25,Female,0,Shivakumar Gowda,56,Male,A536,1.0,2025-12-29T01:45:32,Karnataka,Kalaburagi,Kalaburagi City PS,KA66010,Kalaburagi District & Sessions Court,Shivakumar Gowda,,2025-12-29T01:45:32,C,KA24057,50536,7,101,1,1,1,1,1,2025-12-29 01:45:32,56,1,1,7,12,1,1,2,787,2957,1.73,3,1,0
FIR,Non-Heinous,Chargesheet Filed,Karnataka,Shivamogga,Shivamogga District & Sessions Court,Police Station,Shivamogga Town PS,KA45302,Sunil Joshi,Constable,Investigating Officer,1988-05-15,Male,O Positive,0,2012-06-01,FIR/11/172/2025/0537,CC/2025/050537,2025-07-21,Accused unlawfully intercepted complainant near main road intersection and committed extortion and assault.,2025-07-20T11:41:27,2025-07-20T11:41:27,2025-07-21T08:41:27,13.92,75.5343,"Incident near coordinates 13.92, 75.5343",Crimes Against Body,Assault,IPC,Indian Penal Code,IPC,379,Punishment for theft,1,1,Ambika Patil,63,Private Employee,Hindu,General,Male,Vijay Nayak,35,Female,0,Anand Pujari,68,Male,A537,1.0,2025-07-21T08:41:27,Karnataka,Shivamogga,Shivamogga Town PS,KA26603,Shivamogga District & Sessions Court,Anand Pujari,,2025-07-21T08:41:27,C,KA47683,50537,11,172,3,1,2,7,1,2025-07-21 08:41:27,68,1,11,7,7,1,0,1,331,1311,1.45,2,0,0
FIR,Non-Heinous,Chargesheet Filed,Karnataka,Davangere,Davangere District & Sessions Court,Police Station,Davangere Extension PS,KA80235,Darshan Naik,Inspector,Investigating Officer,1988-05-15,Male,O Positive,0,2012-06-01,FIR/12/178/2025/0538,CC/2025/050538,2025-03-07,Burglary incident reported at commercial establishment. Locked doors broken open and cash stolen.,2025-03-06T22:11:35,2025-03-06T22:11:35,2025-03-07T14:11:35,14.5309,75.8972,"Incident near coordinates 14.5309, 75.8972",Crimes Against Body,Assault,IPC,Indian Penal Code,IPC,379,Punishment for theft,1,1,Darshan Deshmukh,33,Private Employee,Hindu,General,Male,Sowmya Bhat,35,Female,0,Prakash Kuruba,69,Male,A538,1.0,2025-03-07T14:11:35,Karnataka,Davangere,Davangere Extension PS,KA77696,Davangere District & Sessions Court,Prakash Kuruba,,2025-03-07T14:11:35,C,KA89531,50538,12,178,3,1,2,7,1,2025-03-07 14:11:35,69,1,22,4,3,0,1,2,586,1652,1.12,2,1,0
FIR,Non-Heinous,Chargesheet Filed,Karnataka,Ballari,Ballari District & Sessions Court,Police Station,Ballari City PS,KA57946,Anand Naik,Constable,Investigating Officer,1988-05-15,Male,O Positive,0,2012-06-01,FIR/08/119/2025/0539,CC/2025/050539,2025-07-14,Housebreaking by night reported. Electronic goods and valuables stolen while occupants were away.,2025-07-13T16:28:56,2025-07-13T16:28:56,2025-07-14T20:28:56,15.133,76.9099,"Incident near coordinates 15.133, 76.9099",Cyber Crime,Dark Web Crime,IPC,Indian Penal Code,IPC,379,Punishment for theft,1,1,Suresh Naik,57,Private Employee,Hindu,General,Male,Darshan Rao,49,Female,0,Suresh Bhat,31,Male,A539,1.0,2025-07-14T20:28:56,Karnataka,Ballari,Ballari City PS,KA68362,Ballari District & Sessions Court,Suresh Bhat,,2025-07-14T20:28:56,C,KA26266,50539,8,119,3,1,3,12,1,2025-07-14 20:28:56,31,1,16,7,7,1,0,1,850,3371,3.71,3,1,0
FIR,Non-Heinous,Chargesheet Filed,Karnataka,Shivamogga,Shivamogga District & Sessions Court,Police Station,Shivamogga Town PS,KA37732,Venkatesh Reddy,Inspector,Investigating Officer,1988-05-15,Male,O Positive,0,2012-06-01,FIR/11/174/2025/0540,CC/2025/050540,2025-09-28,Housebreaking by night reported. Electronic goods and valuables stolen while occupants were away.,2025-09-28T12:17:47,2025-09-28T12:17:47,2025-09-28T15:17:47,14.0162,75.5754,"Incident near coordinates 14.0162, 75.5754",Crimes Against Body,Assault,IPC,Indian Penal Code,IPC,379,Punishment for theft,1,1,Anand Naik,60,Private Employee,Hindu,General,Male,Rekha Chavhan,59,Female,0,Pavitra Naik,43,Female,A540,1.0,2025-09-28T15:17:47,Karnataka,Shivamogga,Shivamogga Town PS,KA30462,Shivamogga District & Sessions Court,Pavitra Naik,,2025-09-28T15:17:47,C,KA56095,50540,11,174,3,1,2,7,1,2025-09-28 15:17:47,43,2,12,7,9,1,0,2,496,2726,4.15,2,1,0
FIR,Non-Heinous,Chargesheet Filed,Karnataka,Shivamogga,Shivamogga District & Sessions Court,Police Station,Shivamogga Town PS,KA27024,Venkatesh Pujari,Inspector,Investigating Officer,1988-05-15,Male,O Positive,0,2012-06-01,FIR/11/169/2025/0541,CC/2025/050541,2025-09-19,Burglary incident reported at commercial establishment. Locked doors broken open and cash stolen.,2025-09-19T05:08:06,2025-09-19T05:08:06,2025-09-19T06:08:06,13.9545,75.5532,"Incident near coordinates 13.9545, 75.5532",Property Crimes,Burglary,IPC,Indian Penal Code,IPC,379,Punishment for theft,1,1,Satish Pujari,44,Private Employee,Hindu,General,Male,Anand Deshmukh,35,Female,0,Shivakumar Naik,43,Male,A541,1.0,2025-09-19T06:08:06,Karnataka,Shivamogga,Shivamogga Town PS,KA17248,Shivamogga District & Sessions Court,Shivakumar Naik,,2025-09-19T06:08:06,C,KA52607,50541,11,169,3,1,1,3,1,2025-09-19 06:08:06,43,1,5,5,9,0,1,2,548,1346,2.9,1,1,0
FIR,Non-Heinous,Chargesheet Filed,Karnataka,Shivamogga,Shivamogga District & Sessions Court,Police Station,Shivamogga Town PS,KA57632,Manjunath Pujari,Sub-Inspector,Investigating Officer,1988-05-15,Male,O Positive,0,2012-06-01,FIR/11/171/2025/0542,CC/2025/050542,2025-05-06,Accused unlawfully intercepted complainant near main road intersection and committed extortion and assault.,2025-05-05T00:32:14,2025-05-05T00:32:14,2025-05-06T04:32:14,14.0286,75.5687,"Incident near coordinates 14.0286, 75.5687",Crimes Against Body,Grievous Hurt,IPC,Indian Penal Code,IPC,379,Punishment for theft,1,1,Kumar Pujari,61,Private Employee,Hindu,General,Male,Kumar Nayak,51,Female,0,Rekha Rao,29,Female,A542,1.0,2025-05-06T04:32:14,Karnataka,Shivamogga,Shivamogga Town PS,KA44417,Shivamogga District & Sessions Court,Rekha Rao,,2025-05-06T04:32:14,C,KA47211,50542,11,171,3,1,2,8,1,2025-05-06 04:32:14,29,2,0,1,5,0,1,1,64,2054,2.36,2,1,0
FIR,Heinous,Chargesheet Filed,Karnataka,Shivamogga,Shivamogga District & Sessions Court,Police Station,Shivamogga Town PS,KA32662,Shivakumar Hegde,Head Constable,Investigating Officer,1988-05-15,Male,O Positive,0,2012-06-01,FIR/11/170/2025/0543,CC/2025/050543,2025-02-03,Housebreaking by night reported. Electronic goods and valuables stolen while occupants were away.,2025-02-01T20:03:15,2025-02-01T20:03:15,2025-02-03T06:03:15,13.9443,75.5957,"Incident near coordinates 13.9443, 75.5957",Financial Crime,Cheating,IPC,Indian Penal Code,IPC,379,Punishment for theft,1,1,Ramesh Kulkarni,30,Private Employee,Hindu,General,Male,Ramesh Joshi,28,Female,0,Prakash Chavhan,39,Male,A543,1.0,2025-02-03T06:03:15,Karnataka,Shivamogga,Shivamogga Town PS,KA15058,Shivamogga District & Sessions Court,Prakash Chavhan,,2025-02-03T06:03:15,C,KA48059,50543,11,170,1,2,4,15,1,2025-02-03 06:03:15,39,1,20,6,2,1,0,3,322,2425,2.56,3,1,0
FIR,Non-Heinous,Chargesheet Filed,Karnataka,Belagavi,Belagavi District & Sessions Court,Police Station,Belagavi City PS,KA79896,Basavaraj Deshmukh,Inspector,Investigating Officer,1988-05-15,Male,O Positive,0,2012-06-01,FIR/06/096/2025/0544,CC/2025/050544,2025-03-05,Burglary incident reported at commercial establishment. Locked doors broken open and cash stolen.,2025-03-05T07:43:44,2025-03-05T07:43:44,2025-03-05T12:43:44,15.9723,74.5201,"Incident near coordinates 15.9723, 74.5201",Property Crimes,Robbery,IPC,Indian Penal Code,IPC,379,Punishment for theft,1,1,Ambika Nayak,27,Private Employee,Hindu,General,Male,Ambika Deshmukh,30,Female,0,Anand Naik,45,Male,A544,1.0,2025-03-05T12:43:44,Karnataka,Belagavi,Belagavi City PS,KA33207,Belagavi District & Sessions Court,Anand Naik,,2025-03-05T12:43:44,C,KA77655,50544,6,96,1,1,1,2,1,2025-03-05 12:43:44,45,1,7,3,3,0,0,1,227,1849,1.59,2,0,0
FIR,Non-Heinous,Chargesheet Filed,Karnataka,Belagavi,Belagavi District & Sessions Court,Police Station,Belagavi City PS,KA70451,Darshan Nayak,Constable,Investigating Officer,1988-05-15,Male,O Positive,0,2012-06-01,FIR/06/088/2025/0545,CC/2025/050545,2025-08-21,Burglary incident reported at commercial establishment. Locked doors broken open and cash stolen.,2025-08-21T09:40:35,2025-08-21T09:40:35,2025-08-21T19:40:35,15.9234,74.6213,"Incident near coordinates 15.9234, 74.6213",Crimes Against Body,Grievous Hurt,IPC,Indian Penal Code,IPC,379,Punishment for theft,1,1,Venkatesh Kambale,45,Private Employee,Hindu,General,Male,Pradeep Puri,22,Female,0,Shivakumar Patil,50,Male,A545,1.0,2025-08-21T19:40:35,Karnataka,Belagavi,Belagavi City PS,KA60000,Belagavi District & Sessions Court,Shivakumar Patil,,2025-08-21T19:40:35,C,KA59621,50545,6,88,2,1,2,8,1,2025-08-21 19:40:35,50,1,9,4,8,0,0,3,317,2273,1.41,1,0,0
FIR,Non-Heinous,Chargesheet Filed,Karnataka,Davangere,Davangere District & Sessions Court,Police Station,Davangere Extension PS,KA57303,Abhishek Naik,Sub-Inspector,Investigating Officer,1988-05-15,Male,O Positive,0,2012-06-01,FIR/12/183/2025/0546,CC/2025/050546,2025-08-07,Snatching of gold chain from pedestrian by bike-borne suspects during evening hours.,2025-08-06T05:29:46,2025-08-06T05:29:46,2025-08-07T17:29:46,14.542,75.8795,"Incident near coordinates 14.542, 75.8795",Cyber Crime,Dark Web Crime,IPC,Indian Penal Code,IPC,379,Punishment for theft,1,1,Suresh Naik,48,Private Employee,Hindu,General,Male,Manjunath Bhat,38,Female,0,Ramesh Shetty,42,Male,A546,1.0,2025-08-07T17:29:46,Karnataka,Davangere,Davangere Extension PS,KA87194,Davangere District & Sessions Court,Ramesh Shetty,,2025-08-07T17:29:46,C,KA10341,50546,12,183,1,1,3,12,1,2025-08-07 17:29:46,42,1,5,3,8,0,1,2,217,882,2.05,2,1,0
FIR,Heinous,Chargesheet Filed,Karnataka,Shivamogga,Shivamogga District & Sessions Court,Police Station,Shivamogga Town PS,KA24802,Shivakumar Deshmukh,Inspector,Investigating Officer,1988-05-15,Male,O Positive,0,2012-06-01,FIR/11/163/2025/0547,CC/2025/050547,2025-05-25,Cyber fraud complaint regarding unauthorized digital transaction via fake banking link.,2025-05-23T18:14:20,2025-05-23T18:14:20,2025-05-25T17:14:20,14.0011,75.6374,"Incident near coordinates 14.0011, 75.6374",Crimes Against Body,Grievous Hurt,IPC,Indian Penal Code,IPC,379,Punishment for theft,1,1,Sudha Kuruba,61,Private Employee,Hindu,General,Male,Pradeep Kuruba,38,Female,0,Prakash Rao,44,Male,A547,1.0,2025-05-25T17:14:20,Karnataka,Shivamogga,Shivamogga Town PS,KA31056,Shivamogga District & Sessions Court,Prakash Rao,,2025-05-25T17:14:20,C,KA36993,50547,11,163,2,2,2,8,1,2025-05-25 17:14:20,44,1,18,5,5,0,0,5,421,1032,0.53,4,0,0
FIR,Non-Heinous,Chargesheet Filed,Karnataka,Kalaburagi,Kalaburagi District & Sessions Court,Police Station,Kalaburagi City PS,KA31171,Kiran Chavhan,Constable,Investigating Officer,1988-05-15,Male,O Positive,0,2012-06-01,FIR/07/108/2025/0548,CC/2025/050548,2025-10-01,Housebreaking by night reported. Electronic goods and valuables stolen while occupants were away.,2025-09-30T23:42:17,2025-09-30T23:42:17,2025-10-01T18:42:17,17.2945,76.8163,"Incident near coordinates 17.2945, 76.8163",Crimes Against Body,Assault,IPC,Indian Penal Code,IPC,379,Punishment for theft,1,1,Manjunath Kuruba,50,Private Employee,Hindu,General,Male,Sowmya Bhat,35,Female,0,Anand Kuruba,70,Male,A548,1.0,2025-10-01T18:42:17,Karnataka,Kalaburagi,Kalaburagi City PS,KA77174,Kalaburagi District & Sessions Court,Anand Kuruba,,2025-10-01T18:42:17,C,KA99749,50548,7,108,1,1,2,7,1,2025-10-01 18:42:17,70,1,23,2,9,0,1,1,150,2120,3.61,1,1,0
FIR,Non-Heinous,Chargesheet Filed,Karnataka,Ballari,Ballari District & Sessions Court,Police Station,Ballari City PS,KA23983,Kumar Gowda,Sub-Inspector,Investigating Officer,1988-05-15,Male,O Positive,0,2012-06-01,FIR/08/125/2025/0549,CC/2025/050549,2025-11-10,Complainant reported theft of motor vehicle parked in front of residence during night hours.,2025-11-08T19:34:42,2025-11-08T19:34:42,2025-11-10T06:34:42,15.1174,76.8668,"Incident near coordinates 15.1174, 76.8668",Cyber Crime,Dark Web Crime,IPC,Indian Penal Code,IPC,379,Punishment for theft,1,1,Suresh Shetty,34,Private Employee,Hindu,General,Male,Kiran Pujari,44,Female,0,Kumar Puri,19,Male,A549,1.0,2025-11-10T06:34:42,Karnataka,Ballari,Ballari City PS,KA68293,Ballari District & Sessions Court,Kumar Puri,,2025-11-10T06:34:42,C,KA24753,50549,8,125,1,1,3,12,1,2025-11-10 06:34:42,19,1,19,6,11,1,0,2,169,511,4.08,3,1,0
FIR,Non-Heinous,Chargesheet Filed,Karnataka,Kalaburagi,Kalaburagi District & Sessions Court,Police Station,Kalaburagi City PS,KA14830,Darshan Kulkarni,Inspector,Investigating Officer,1988-05-15,Male,O Positive,0,2012-06-01,FIR/07/103/2025/0550,CC/2025/050550,2025-09-10,Cyber fraud complaint regarding unauthorized digital transaction via fake banking link.,2025-09-10T04:10:24,2025-09-10T04:10:24,2025-09-10T12:10:24,17.3627,76.7536,"Incident near coordinates 17.3627, 76.7536",Cyber Crime,Cryptocurrency Crime,IPC,Indian Penal Code,IPC,379,Punishment for theft,1,1,Vijay Chavhan,27,Private Employee,Hindu,General,Male,Ramesh Deshmukh,20,Female,0,Nagaraj Puri,72,Male,A550,1.0,2025-09-10T12:10:24,Karnataka,Kalaburagi,Kalaburagi City PS,KA79360,Kalaburagi District & Sessions Court,Nagaraj Puri,,2025-09-10T12:10:24,C,KA19574,50550,7,103,2,1,3,13,1,2025-09-10 12:10:24,72,1,4,3,9,0,1,1,162,1141,2.26,1,1,0
FIR,Non-Heinous,Chargesheet Filed,Karnataka,Ballari,Ballari District & Sessions Court,Police Station,Ballari City PS,KA81692,Darshan Kulkarni,Sub-Inspector,Investigating Officer,1988-05-15,Male,O Positive,0,2012-06-01,FIR/08/118/2025/0551,CC/2025/050551,2025-09-06,Accused unlawfully intercepted complainant near main road intersection and committed extortion and assault.,2025-09-06T06:04:45,2025-09-06T06:04:45,2025-09-06T11:04:45,15.1351,76.9788,"Incident near coordinates 15.1351, 76.9788",Crimes Against Body,Grievous Hurt,IPC,Indian Penal Code,IPC,379,Punishment for theft,1,1,Divya Kambale,54,Private Employee,Hindu,General,Male,Kavitha Kuruba,36,Female,0,Raghavendra Shetty,52,Male,A551,1.0,2025-09-06T11:04:45,Karnataka,Ballari,Ballari City PS,KA11731,Ballari District & Sessions Court,Raghavendra Shetty,,2025-09-06T11:04:45,C,KA63139,50551,8,118,3,1,2,8,1,2025-09-06 11:04:45,52,1,6,6,9,1,0,5,587,439,3.0,3,1,0
FIR,Heinous,Chargesheet Filed,Karnataka,Belagavi,Belagavi District & Sessions Court,Police Station,Belagavi City PS,KA28511,Suresh Shetty,Inspector,Investigating Officer,1988-05-15,Male,O Positive,0,2012-06-01,FIR/06/099/2025/0552,CC/2025/050552,2025-05-26,Accused unlawfully intercepted complainant near main road intersection and committed extortion and assault.,2025-05-25T15:03:31,2025-05-25T15:03:31,2025-05-26T16:03:31,15.9253,74.4865,"Incident near coordinates 15.9253, 74.4865",Crimes Against Body,Grievous Hurt,IPC,Indian Penal Code,IPC,379,Punishment for theft,1,1,Manjunath Rao,38,Private Employee,Hindu,General,Male,Nayana Kuruba,58,Female,0,Venkatesh Reddy,24,Male,A552,1.0,2025-05-26T16:03:31,Karnataka,Belagavi,Belagavi City PS,KA78656,Belagavi District & Sessions Court,Venkatesh Reddy,,2025-05-26T16:03:31,C,KA14086,50552,6,99,1,2,2,8,1,2025-05-26 16:03:31,24,1,15,7,5,1,0,4,261,3215,0.71,4,0,1
FIR,Heinous,Chargesheet Filed,Karnataka,Davangere,Davangere District & Sessions Court,Police Station,Davangere Extension PS,KA14307,Manjunath Gowda,Inspector,Investigating Officer,1988-05-15,Male,O Positive,0,2012-06-01,FIR/12/185/2025/0553,CC/2025/050553,2025-08-09,Complainant reported theft of motor vehicle parked in front of residence during night hours.,2025-08-07T11:30:51,2025-08-07T11:30:51,2025-08-09T03:30:51,14.4412,75.8864,"Incident near coordinates 14.4412, 75.8864",Financial Crime,Cheating,IPC,Indian Penal Code,IPC,379,Punishment for theft,1,1,Vidya Deshmukh,39,Private Employee,Hindu,General,Male,Pradeep Naik,24,Female,0,Kiran Kulkarni,27,Male,A553,1.0,2025-08-09T03:30:51,Karnataka,Davangere,Davangere Extension PS,KA14505,Davangere District & Sessions Court,Kiran Kulkarni,,2025-08-09T03:30:51,C,KA14789,50553,12,185,1,2,4,15,1,2025-08-09 03:30:51,27,1,11,4,8,0,0,3,919,1634,0.35,4,1,1
FIR,Heinous,Chargesheet Filed,Karnataka,Shivamogga,Shivamogga District & Sessions Court,Police Station,Shivamogga Town PS,KA94841,Kumar Pujari,Constable,Investigating Officer,1988-05-15,Male,O Positive,0,2012-06-01,FIR/11/168/2025/0554,CC/2025/050554,2025-05-05,Accused unlawfully intercepted complainant near main road intersection and committed extortion and assault.,2025-05-03T12:22:29,2025-05-03T12:22:29,2025-05-05T03:22:29,13.9167,75.5049,"Incident near coordinates 13.9167, 75.5049",Crimes Against Body,Assault,IPC,Indian Penal Code,IPC,379,Punishment for theft,1,1,Prakash Puri,53,Private Employee,Hindu,General,Male,Basavaraj Kuruba,22,Female,0,Satish Hegde,55,Male,A554,1.0,2025-05-05T03:22:29,Karnataka,Shivamogga,Shivamogga Town PS,KA78675,Shivamogga District & Sessions Court,Satish Hegde,,2025-05-05T03:22:29,C,KA72267,50554,11,168,3,2,2,7,1,2025-05-05 03:22:29,55,1,12,6,5,1,0,1,905,1693,1.68,3,1,0
FIR,Non-Heinous,Chargesheet Filed,Karnataka,Shivamogga,Shivamogga District & Sessions Court,Police Station,Shivamogga Town PS,KA57747,Nagaraj Naik,Head Constable,Investigating Officer,1988-05-15,Male,O Positive,0,2012-06-01,FIR/11/168/2025/0555,CC/2025/050555,2025-02-02,Accused unlawfully intercepted complainant near main road intersection and committed extortion and assault.,2025-02-01T14:19:20,2025-02-01T14:19:20,2025-02-02T21:19:20,13.9711,75.5249,"Incident near coordinates 13.9711, 75.5249",Financial Crime,Money Laundering,IPC,Indian Penal Code,IPC,379,Punishment for theft,1,1,Divya Puri,45,Private Employee,Hindu,General,Male,Basavaraj Kulkarni,39,Female,0,Ganesh Chavhan,27,Male,A555,1.0,2025-02-02T21:19:20,Karnataka,Shivamogga,Shivamogga Town PS,KA97000,Shivamogga District & Sessions Court,Ganesh Chavhan,,2025-02-02T21:19:20,C,KA92514,50555,11,168,3,1,4,14,1,2025-02-02 21:19:20,27,1,14,6,2,1,0,3,619,2251,0.79,3,1,0
FIR,Heinous,Chargesheet Filed,Karnataka,Belagavi,Belagavi District & Sessions Court,Police Station,Belagavi City PS,KA94610,Pradeep Rao,Inspector,Investigating Officer,1988-05-15,Male,O Positive,0,2012-06-01,FIR/06/086/2025/0556,CC/2025/050556,2025-02-09,Complainant reported theft of motor vehicle parked in front of residence during night hours.,2025-02-08T14:35:26,2025-02-08T14:35:26,2025-02-09T17:35:26,15.9135,74.4871,"Incident near coordinates 15.9135, 74.4871",Financial Crime,Cheating,IPC,Indian Penal Code,IPC,379,Punishment for theft,1,1,Sudha Hegde,36,Private Employee,Hindu,General,Male,Vijay Gowda,58,Female,0,Mahesh Kambale,65,Male,A556,1.0,2025-02-09T17:35:26,Karnataka,Belagavi,Belagavi City PS,KA59528,Belagavi District & Sessions Court,Mahesh Kambale,,2025-02-09T17:35:26,C,KA51891,50556,6,86,2,2,4,15,1,2025-02-09 17:35:26,65,1,14,6,2,1,0,1,528,3231,1.46,3,1,0
FIR,Heinous,Chargesheet Filed,Karnataka,Shivamogga,Shivamogga District & Sessions Court,Police Station,Shivamogga Town PS,KA36262,Venkatesh Shetty,Constable,Investigating Officer,1988-05-15,Male,O Positive,0,2012-06-01,FIR/11/173/2025/0557,CC/2025/050557,2025-09-30,Cyber fraud complaint regarding unauthorized digital transaction via fake banking link.,2025-09-30T06:45:21,2025-09-30T06:45:21,2025-09-30T20:45:21,13.9213,75.5788,"Incident near coordinates 13.9213, 75.5788",Crimes Against Body,Assault,IPC,Indian Penal Code,IPC,379,Punishment for theft,1,1,Nagaraj Shetty,60,Private Employee,Hindu,General,Male,Basavaraj Nayak,53,Female,0,Mahesh Kuruba,52,Male,A557,1.0,2025-09-30T20:45:21,Karnataka,Shivamogga,Shivamogga Town PS,KA68011,Shivamogga District & Sessions Court,Mahesh Kuruba,,2025-09-30T20:45:21,C,KA42062,50557,11,173,3,2,2,7,1,2025-09-30 20:45:21,52,1,6,2,9,0,0,2,834,473,0.5,2,1,0
FIR,Non-Heinous,Chargesheet Filed,Karnataka,Kalaburagi,Kalaburagi District & Sessions Court,Police Station,Kalaburagi City PS,KA82334,Shivakumar Reddy,Sub-Inspector,Investigating Officer,1988-05-15,Male,O Positive,0,2012-06-01,FIR/07/105/2025/0558,CC/2025/050558,2025-08-19,Snatching of gold chain from pedestrian by bike-borne suspects during evening hours.,2025-08-17T22:35:52,2025-08-17T22:35:52,2025-08-19T07:35:52,17.2662,76.8388,"Incident near coordinates 17.2662, 76.8388",Property Crimes,Theft,IPC,Indian Penal Code,IPC,379,Punishment for theft,1,1,Pradeep Deshmukh,24,Private Employee,Hindu,General,Male,Anand Bhat,25,Female,0,Kumar Nayak,46,Male,A558,1.0,2025-08-19T07:35:52,Karnataka,Kalaburagi,Kalaburagi City PS,KA51171,Kalaburagi District & Sessions Court,Kumar Nayak,,2025-08-19T07:35:52,C,KA60820,50558,7,105,2,1,1,1,1,2025-08-19 07:35:52,46,1,22,7,8,1,1,1,237,1697,2.65,3,1,0
FIR,Non-Heinous,Chargesheet Filed,Karnataka,Belagavi,Belagavi District & Sessions Court,Police Station,Belagavi City PS,KA27240,Abhishek Kuruba,Sub-Inspector,Investigating Officer,1988-05-15,Male,O Positive,0,2012-06-01,FIR/06/086/2025/0559,CC/2025/050559,2025-01-31,Cyber fraud complaint regarding unauthorized digital transaction via fake banking link.,2025-01-30T03:46:59,2025-01-30T03:46:59,2025-01-31T04:46:59,15.9088,74.5457,"Incident near coordinates 15.9088, 74.5457",Cyber Crime,Cyber Crime,IPC,Indian Penal Code,IPC,379,Punishment for theft,1,1,Abhishek Puri,24,Private Employee,Hindu,General,Male,Mahesh Joshi,47,Female,0,Pradeep Naik,72,Male,A559,1.0,2025-01-31T04:46:59,Karnataka,Belagavi,Belagavi City PS,KA28754,Belagavi District & Sessions Court,Pradeep Naik,,2025-01-31T04:46:59,C,KA52339,50559,6,86,3,1,3,11,1,2025-01-31 04:46:59,72,1,3,4,1,0,1,2,529,3032,2.45,1,1,0
FIR,Non-Heinous,Chargesheet Filed,Karnataka,Belagavi,Belagavi District & Sessions Court,Police Station,Belagavi City PS,KA28769,Ramesh Naik,Constable,Investigating Officer,1988-05-15,Male,O Positive,0,2012-06-01,FIR/06/086/2025/0560,CC/2025/050560,2025-03-20,Cyber fraud complaint regarding unauthorized digital transaction via fake banking link.,2025-03-19T22:10:54,2025-03-19T22:10:54,2025-03-20T20:10:54,15.816,74.5922,"Incident near coordinates 15.816, 74.5922",Crimes Against Body,Grievous Hurt,IPC,Indian Penal Code,IPC,379,Punishment for theft,1,1,Darshan Pujari,25,Private Employee,Hindu,General,Male,Nagaraj Kulkarni,53,Female,0,Anand Kuruba,36,Male,A560,1.0,2025-03-20T20:10:54,Karnataka,Belagavi,Belagavi City PS,KA49734,Belagavi District & Sessions Court,Anand Kuruba,,2025-03-20T20:10:54,C,KA86392,50560,6,86,2,1,2,8,1,2025-03-20 20:10:54,36,1,22,3,3,0,1,1,189,1474,0.62,2,0,0
FIR,Heinous,Chargesheet Filed,Karnataka,Davangere,Davangere District & Sessions Court,Police Station,Davangere Extension PS,KA75704,Kumar Kambale,Head Constable,Investigating Officer,1988-05-15,Male,O Positive,0,2012-06-01,FIR/12/182/2025/0561,CC/2025/050561,2025-07-02,Accused unlawfully intercepted complainant near main road intersection and committed extortion and assault.,2025-07-01T09:42:56,2025-07-01T09:42:56,2025-07-02T04:42:56,14.4875,75.8744,"Incident near coordinates 14.4875, 75.8744",Financial Crime,Cheating,IPC,Indian Penal Code,IPC,379,Punishment for theft,1,1,Vijay Kuruba,51,Private Employee,Hindu,General,Male,Basavaraj Kulkarni,32,Female,0,Sunil Rao,22,Male,A561,1.0,2025-07-02T04:42:56,Karnataka,Davangere,Davangere Extension PS,KA48558,Davangere District & Sessions Court,Sunil Rao,,2025-07-02T04:42:56,C,KA86831,50561,12,182,2,2,4,15,1,2025-07-02 04:42:56,22,1,9,2,7,0,0,1,439,2297,1.1,3,0,0
FIR,Non-Heinous,Chargesheet Filed,Karnataka,Davangere,Davangere District & Sessions Court,Police Station,Davangere Extension PS,KA60635,Ramesh Deshmukh,Head Constable,Investigating Officer,1988-05-15,Male,O Positive,0,2012-06-01,FIR/12/176/2025/0562,CC/2025/050562,2025-12-24,Snatching of gold chain from pedestrian by bike-borne suspects during evening hours.,2025-12-22T09:07:49,2025-12-22T09:07:49,2025-12-24T02:07:49,14.4245,75.8818,"Incident near coordinates 14.4245, 75.8818",Financial Crime,Money Laundering,IPC,Indian Penal Code,IPC,379,Punishment for theft,1,1,Manjunath Pujari,23,Private Employee,Hindu,General,Male,Vidya Deshmukh,46,Female,0,Kumar Gowda,26,Male,A562,1.0,2025-12-24T02:07:49,Karnataka,Davangere,Davangere Extension PS,KA77839,Davangere District & Sessions Court,Kumar Gowda,,2025-12-24T02:07:49,C,KA62089,50562,12,176,1,1,4,14,1,2025-12-24 02:07:49,26,1,9,1,12,0,0,3,515,2056,0.28,2,1,0
FIR,Non-Heinous,Chargesheet Filed,Karnataka,Davangere,Davangere District & Sessions Court,Police Station,Davangere Extension PS,KA18487,Manjunath Deshmukh,Constable,Investigating Officer,1988-05-15,Male,O Positive,0,2012-06-01,FIR/12/189/2025/0563,CC/2025/050563,2025-09-17,Accused unlawfully intercepted complainant near main road intersection and committed extortion and assault.,2025-09-17T02:13:22,2025-09-17T02:13:22,2025-09-17T19:13:22,14.5314,75.8547,"Incident near coordinates 14.5314, 75.8547",Crimes Against Body,Grievous Hurt,IPC,Indian Penal Code,IPC,379,Punishment for theft,1,1,Kiran Hegde,58,Private Employee,Hindu,General,Male,Kumar Shetty,26,Female,0,Shivakumar Nayak,50,Male,A563,1.0,2025-09-17T19:13:22,Karnataka,Davangere,Davangere Extension PS,KA47662,Davangere District & Sessions Court,Shivakumar Nayak,,2025-09-17T19:13:22,C,KA51632,50563,12,189,3,1,2,8,1,2025-09-17 19:13:22,50,1,2,3,9,0,1,1,593,2426,4.49,2,1,0
FIR,Non-Heinous,Chargesheet Filed,Karnataka,Kalaburagi,Kalaburagi District & Sessions Court,Police Station,Kalaburagi City PS,KA82832,Darshan Rao,Sub-Inspector,Investigating Officer,1988-05-15,Male,O Positive,0,2012-06-01,FIR/07/113/2025/0564,CC/2025/050564,2025-09-22,Cyber fraud complaint regarding unauthorized digital transaction via fake banking link.,2025-09-21T10:10:32,2025-09-21T10:10:32,2025-09-22T07:10:32,17.2975,76.8968,"Incident near coordinates 17.2975, 76.8968",Financial Crime,Cheating,IPC,Indian Penal Code,IPC,379,Punishment for theft,1,1,Pradeep Naik,25,Private Employee,Hindu,General,Male,Meenakshi Bhat,40,Female,0,Venkatesh Bhat,51,Male,A564,1.0,2025-09-22T07:10:32,Karnataka,Kalaburagi,Kalaburagi City PS,KA39330,Kalaburagi District & Sessions Court,Venkatesh Bhat,,2025-09-22T07:10:32,C,KA55627,50564,7,113,3,1,4,15,1,2025-09-22 07:10:32,51,1,10,7,9,1,0,1,293,3238,3.25,3,1,0
FIR,Non-Heinous,Chargesheet Filed,Karnataka,Ballari,Ballari District & Sessions Court,Police Station,Ballari City PS,KA97912,Shivakumar Shetty,Sub-Inspector,Investigating Officer,1988-05-15,Male,O Positive,0,2012-06-01,FIR/08/126/2025/0565,CC/2025/050565,2025-02-28,Cyber fraud complaint regarding unauthorized digital transaction via fake banking link.,2025-02-28T12:59:06,2025-02-28T12:59:06,2025-02-28T22:59:06,15.1852,76.8625,"Incident near coordinates 15.1852, 76.8625",Property Crimes,Theft,IPC,Indian Penal Code,IPC,379,Punishment for theft,1,1,Anand Shetty,25,Private Employee,Hindu,General,Male,Suresh Rao,60,Female,0,Mahesh Pujari,58,Male,A565,1.0,2025-02-28T22:59:06,Karnataka,Ballari,Ballari City PS,KA80881,Ballari District & Sessions Court,Mahesh Pujari,,2025-02-28T22:59:06,C,KA76517,50565,8,126,2,1,1,1,1,2025-02-28 22:59:06,58,1,12,5,2,0,0,2,478,2598,4.11,2,1,0
FIR,Non-Heinous,Chargesheet Filed,Karnataka,Ballari,Ballari District & Sessions Court,Police Station,Ballari City PS,KA46070,Prakash Kuruba,Sub-Inspector,Investigating Officer,1988-05-15,Male,O Positive,0,2012-06-01,FIR/08/128/2025/0566,CC/2025/050566,2025-01-19,Cyber fraud complaint regarding unauthorized digital transaction via fake banking link.,2025-01-19T15:14:33,2025-01-19T15:14:33,2025-01-19T21:14:33,15.2272,76.8547,"Incident near coordinates 15.2272, 76.8547",Cyber Crime,Dark Web Crime,IPC,Indian Penal Code,IPC,379,Punishment for theft,1,1,Nagaraj Kuruba,25,Private Employee,Hindu,General,Male,Aswini Gowda,54,Female,0,Meenakshi Bhat,66,Female,A566,1.0,2025-01-19T21:14:33,Karnataka,Ballari,Ballari City PS,KA32064,Ballari District & Sessions Court,Meenakshi Bhat,,2025-01-19T21:14:33,C,KA41375,50566,8,128,2,1,3,12,1,2025-01-19 21:14:33,66,2,15,7,1,1,0,2,546,1143,2.77,2,1,0
FIR,Non-Heinous,Chargesheet Filed,Karnataka,Shivamogga,Shivamogga District & Sessions Court,Police Station,Shivamogga Town PS,KA58995,Suresh Deshmukh,Sub-Inspector,Investigating Officer,1988-05-15,Male,O Positive,0,2012-06-01,FIR/11/165/2025/0567,CC/2025/050567,2025-12-11,Accused unlawfully intercepted complainant near main road intersection and committed extortion and assault.,2025-12-11T06:31:04,2025-12-11T06:31:04,2025-12-11T13:31:04,14.0144,75.674,"Incident near coordinates 14.0144, 75.674",Property Crimes,Theft,IPC,Indian Penal Code,IPC,379,Punishment for theft,1,1,Sunil Pujari,44,Private Employee,Hindu,General,Male,Anitha Patil,44,Female,0,Satish Puri,55,Male,A567,1.0,2025-12-11T13:31:04,Karnataka,Shivamogga,Shivamogga Town PS,KA31236,Shivamogga District & Sessions Court,Satish Puri,,2025-12-11T13:31:04,C,KA70536,50567,11,165,3,1,1,1,1,2025-12-11 13:31:04,55,1,6,4,12,0,0,2,200,3041,3.45,1,1,0
FIR,Non-Heinous,Chargesheet Filed,Karnataka,Ballari,Ballari District & Sessions Court,Police Station,Ballari City PS,KA28165,Darshan Kambale,Inspector,Investigating Officer,1988-05-15,Male,O Positive,0,2012-06-01,FIR/08/128/2025/0568,CC/2025/050568,2025-01-13,Burglary incident reported at commercial establishment. Locked doors broken open and cash stolen.,2025-01-12T22:37:44,2025-01-12T22:37:44,2025-01-13T05:37:44,15.1669,76.9444,"Incident near coordinates 15.1669, 76.9444",Crimes Against Body,Murder,IPC,Indian Penal Code,IPC,379,Punishment for theft,1,1,Vijay Joshi,57,Private Employee,Hindu,General,Male,Aswini Nayak,42,Female,0,Ramesh Pujari,49,Male,A568,1.0,2025-01-13T05:37:44,Karnataka,Ballari,Ballari City PS,KA80348,Ballari District & Sessions Court,Ramesh Pujari,,2025-01-13T05:37:44,C,KA97338,50568,8,128,3,1,2,6,1,2025-01-13 05:37:44,49,1,22,7,1,1,1,1,918,2004,3.24,2,1,0
FIR,Heinous,Chargesheet Filed,Karnataka,Davangere,Davangere District & Sessions Court,Police Station,Davangere Extension PS,KA75906,Ramesh Bhat,Sub-Inspector,Investigating Officer,1988-05-15,Male,O Positive,0,2012-06-01,FIR/12/178/2025/0569,CC/2025/050569,2025-06-15,Complainant reported theft of motor vehicle parked in front of residence during night hours.,2025-06-13T22:29:15,2025-06-13T22:29:15,2025-06-15T20:29:15,14.4639,75.8572,"Incident near coordinates 14.4639, 75.8572",Financial Crime,Cheating,IPC,Indian Penal Code,IPC,379,Punishment for theft,1,1,Prakash Rao,28,Private Employee,Hindu,General,Male,Venkatesh Gowda,27,Female,0,Vijay Naik,58,Male,A569,1.0,2025-06-15T20:29:15,Karnataka,Davangere,Davangere Extension PS,KA29039,Davangere District & Sessions Court,Vijay Naik,,2025-06-15T20:29:15,C,KA81380,50569,12,178,2,2,4,15,1,2025-06-15 20:29:15,58,1,22,5,6,0,1,1,159,1535,1.69,3,0,0
FIR,Heinous,Chargesheet Filed,Karnataka,Ballari,Ballari District & Sessions Court,Police Station,Ballari City PS,KA32327,Darshan Kuruba,Sub-Inspector,Investigating Officer,1988-05-15,Male,O Positive,0,2012-06-01,FIR/08/127/2025/0570,CC/2025/050570,2025-08-18,Housebreaking by night reported. Electronic goods and valuables stolen while occupants were away.,2025-08-18T10:39:44,2025-08-18T10:39:44,2025-08-18T21:39:44,15.2144,76.8793,"Incident near coordinates 15.2144, 76.8793",Financial Crime,Money Laundering,IPC,Indian Penal Code,IPC,379,Punishment for theft,1,1,Pavitra Nayak,40,Private Employee,Hindu,General,Male,Anand Patil,51,Female,0,Darshan Hegde,18,Male,A570,1.0,2025-08-18T21:39:44,Karnataka,Ballari,Ballari City PS,KA45364,Ballari District & Sessions Court,Darshan Hegde,,2025-08-18T21:39:44,C,KA64742,50570,8,127,3,2,4,14,1,2025-08-18 21:39:44,18,1,10,1,8,0,0,2,532,1632,3.64,2,1,1
FIR,Non-Heinous,Chargesheet Filed,Karnataka,Ballari,Ballari District & Sessions Court,Police Station,Ballari City PS,KA19410,Abhishek Shetty,Constable,Investigating Officer,1988-05-15,Male,O Positive,0,2012-06-01,FIR/08/129/2025/0571,CC/2025/050571,2025-05-07,Burglary incident reported at commercial establishment. Locked doors broken open and cash stolen.,2025-05-05T20:31:54,2025-05-05T20:31:54,2025-05-07T05:31:54,15.1538,76.9463,"Incident near coordinates 15.1538, 76.9463",Financial Crime,Money Laundering,IPC,Indian Penal Code,IPC,379,Punishment for theft,1,1,Sunil Reddy,60,Private Employee,Hindu,General,Male,Mahesh Kuruba,48,Female,0,Manjunath Joshi,40,Male,A571,1.0,2025-05-07T05:31:54,Karnataka,Ballari,Ballari City PS,KA85872,Ballari District & Sessions Court,Manjunath Joshi,,2025-05-07T05:31:54,C,KA74055,50571,8,129,3,1,4,14,1,2025-05-07 05:31:54,40,1,20,1,5,0,0,1,864,1871,4.05,2,1,0
FIR,Non-Heinous,Chargesheet Filed,Karnataka,Kalaburagi,Kalaburagi District & Sessions Court,Police Station,Kalaburagi City PS,KA27351,Vijay Kambale,Constable,Investigating Officer,1988-05-15,Male,O Positive,0,2012-06-01,FIR/07/102/2025/0572,CC/2025/050572,2025-08-03,Snatching of gold chain from pedestrian by bike-borne suspects during evening hours.,2025-08-03T07:26:25,2025-08-03T07:26:25,2025-08-03T21:26:25,17.3909,76.7618,"Incident near coordinates 17.3909, 76.7618",Property Crimes,Robbery,IPC,Indian Penal Code,IPC,379,Punishment for theft,1,1,Abhishek Nayak,53,Private Employee,Hindu,General,Male,Lakshmi Reddy,24,Female,0,Shilpa Deshmukh,30,Female,A572,1.0,2025-08-03T21:26:25,Karnataka,Kalaburagi,Kalaburagi City PS,KA23771,Kalaburagi District & Sessions Court,Shilpa Deshmukh,,2025-08-03T21:26:25,C,KA78372,50572,7,102,3,1,1,2,1,2025-08-03 21:26:25,30,2,7,7,8,1,0,2,277,1899,0.84,2,0,0
FIR,Heinous,Chargesheet Filed,Karnataka,Shivamogga,Shivamogga District & Sessions Court,Police Station,Shivamogga Town PS,KA72926,Nagaraj Nayak,Sub-Inspector,Investigating Officer,1988-05-15,Male,O Positive,0,2012-06-01,FIR/11/170/2025/0573,CC/2025/050573,2025-08-26,Snatching of gold chain from pedestrian by bike-borne suspects during evening hours.,2025-08-25T14:18:58,2025-08-25T14:18:58,2025-08-26T08:18:58,14.0173,75.5574,"Incident near coordinates 14.0173, 75.5574",Financial Crime,Money Laundering,IPC,Indian Penal Code,IPC,379,Punishment for theft,1,1,Nagaraj Puri,34,Private Employee,Hindu,General,Male,Lakshmi Kuruba,45,Female,0,Satish Joshi,24,Male,A573,1.0,2025-08-26T08:18:58,Karnataka,Shivamogga,Shivamogga Town PS,KA72138,Shivamogga District & Sessions Court,Satish Joshi,,2025-08-26T08:18:58,C,KA28328,50573,11,170,2,2,4,14,1,2025-08-26 08:18:58,24,1,14,1,8,0,0,2,575,2374,4.43,2,1,1
FIR,Non-Heinous,Chargesheet Filed,Karnataka,Belagavi,Belagavi District & Sessions Court,Police Station,Belagavi City PS,KA46015,Ganesh Kambale,Sub-Inspector,Investigating Officer,1988-05-15,Male,O Positive,0,2012-06-01,FIR/06/093/2025/0574,CC/2025/050574,2025-10-25,Snatching of gold chain from pedestrian by bike-borne suspects during evening hours.,2025-10-23T11:52:44,2025-10-23T11:52:44,2025-10-25T01:52:44,15.8222,74.6036,"Incident near coordinates 15.8222, 74.6036",Cyber Crime,Cyber Crime,IPC,Indian Penal Code,IPC,379,Punishment for theft,1,1,Abhishek Reddy,59,Private Employee,Hindu,General,Male,Darshan Nayak,54,Female,0,Nagaraj Naik,56,Male,A574,1.0,2025-10-25T01:52:44,Karnataka,Belagavi,Belagavi City PS,KA15643,Belagavi District & Sessions Court,Nagaraj Naik,,2025-10-25T01:52:44,C,KA95827,50574,6,93,3,1,3,11,1,2025-10-25 01:52:44,56,1,11,4,10,0,0,3,756,3205,0.72,2,1,0
FIR,Non-Heinous,Chargesheet Filed,Karnataka,Ballari,Ballari District & Sessions Court,Police Station,Ballari City PS,KA38134,Vijay Kambale,Inspector,Investigating Officer,1988-05-15,Male,O Positive,0,2012-06-01,FIR/08/121/2025/0575,CC/2025/050575,2025-10-21,Accused unlawfully intercepted complainant near main road intersection and committed extortion and assault.,2025-10-20T11:36:06,2025-10-20T11:36:06,2025-10-21T08:36:06,15.1604,76.888,"Incident near coordinates 15.1604, 76.888",Property Crimes,Burglary,IPC,Indian Penal Code,IPC,379,Punishment for theft,1,1,Darshan Chavhan,58,Private Employee,Hindu,General,Male,Kavitha Naik,59,Female,0,Suresh Puri,24,Male,A575,1.0,2025-10-21T08:36:06,Karnataka,Ballari,Ballari City PS,KA40794,Ballari District & Sessions Court,Suresh Puri,,2025-10-21T08:36:06,C,KA16694,50575,8,121,2,1,1,3,1,2025-10-21 08:36:06,24,1,11,1,10,0,0,1,472,1723,2.66,1,1,0
FIR,Heinous,Chargesheet Filed,Karnataka,Davangere,Davangere District & Sessions Court,Police Station,Davangere Extension PS,KA81216,Raghavendra Bhat,Inspector,Investigating Officer,1988-05-15,Male,O Positive,0,2012-06-01,FIR/12/179/2025/0576,CC/2025/050576,2025-10-27,Burglary incident reported at commercial establishment. Locked doors broken open and cash stolen.,2025-10-27T01:13:06,2025-10-27T01:13:06,2025-10-27T04:13:06,14.4378,75.876,"Incident near coordinates 14.4378, 75.876",Financial Crime,Cheating,IPC,Indian Penal Code,IPC,379,Punishment for theft,1,1,Venkatesh Joshi,33,Private Employee,Hindu,General,Male,Vidya Rao,29,Female,0,Mahesh Patil,36,Male,A576,1.0,2025-10-27T04:13:06,Karnataka,Davangere,Davangere Extension PS,KA70641,Davangere District & Sessions Court,Mahesh Patil,,2025-10-27T04:13:06,C,KA55020,50576,12,179,1,2,4,15,1,2025-10-27 04:13:06,36,1,1,1,10,0,1,1,739,484,1.43,3,1,0
FIR,Non-Heinous,Chargesheet Filed,Karnataka,Shivamogga,Shivamogga District & Sessions Court,Police Station,Shivamogga Town PS,KA88424,Pradeep Kuruba,Inspector,Investigating Officer,1988-05-15,Male,O Positive,0,2012-06-01,FIR/11/163/2025/0577,CC/2025/050577,2025-11-27,Burglary incident reported at commercial establishment. Locked doors broken open and cash stolen.,2025-11-25T15:27:01,2025-11-25T15:27:01,2025-11-27T01:27:01,14.0399,75.5103,"Incident near coordinates 14.0399, 75.5103",Crimes Against Body,Assault,IPC,Indian Penal Code,IPC,379,Punishment for theft,1,1,Anand Deshmukh,62,Private Employee,Hindu,General,Male,Satish Pujari,52,Female,0,Pavitra Kuruba,63,Female,A577,1.0,2025-11-27T01:27:01,Karnataka,Shivamogga,Shivamogga Town PS,KA15600,Shivamogga District & Sessions Court,Pavitra Kuruba,,2025-11-27T01:27:01,C,KA48844,50577,11,163,3,1,2,7,1,2025-11-27 01:27:01,63,2,15,2,11,0,0,1,220,2033,4.03,2,1,0
FIR,Non-Heinous,Chargesheet Filed,Karnataka,Shivamogga,Shivamogga District & Sessions Court,Police Station,Shivamogga Town PS,KA71614,Shivakumar Deshmukh,Sub-Inspector,Investigating Officer,1988-05-15,Male,O Positive,0,2012-06-01,FIR/11/162/2025/0578,CC/2025/050578,2025-08-31,Cyber fraud complaint regarding unauthorized digital transaction via fake banking link.,2025-08-31T01:11:52,2025-08-31T01:11:52,2025-08-31T21:11:52,14.018,75.578,"Incident near coordinates 14.018, 75.578",Cyber Crime,Cryptocurrency Crime,IPC,Indian Penal Code,IPC,379,Punishment for theft,1,1,Sunil Kuruba,50,Private Employee,Hindu,General,Male,Kavitha Kuruba,55,Female,0,Manjunath Rao,69,Male,A578,1.0,2025-08-31T21:11:52,Karnataka,Shivamogga,Shivamogga Town PS,KA74146,Shivamogga District & Sessions Court,Manjunath Rao,,2025-08-31T21:11:52,C,KA42107,50578,11,162,3,1,3,13,1,2025-08-31 21:11:52,69,1,1,7,8,1,1,1,428,946,2.76,3,1,0
FIR,Non-Heinous,Chargesheet Filed,Karnataka,Davangere,Davangere District & Sessions Court,Police Station,Davangere Extension PS,KA17758,Suresh Reddy,Constable,Investigating Officer,1988-05-15,Male,O Positive,0,2012-06-01,FIR/12/182/2025/0579,CC/2025/050579,2025-01-02,Housebreaking by night reported. Electronic goods and valuables stolen while occupants were away.,2025-01-01T05:28:12,2025-01-01T05:28:12,2025-01-02T19:28:12,14.5427,75.8513,"Incident near coordinates 14.5427, 75.8513",Cyber Crime,Cryptocurrency Crime,IPC,Indian Penal Code,IPC,379,Punishment for theft,1,1,Darshan Chavhan,37,Private Employee,Hindu,General,Male,Basavaraj Puri,45,Female,0,Ramesh Nayak,45,Male,A579,1.0,2025-01-02T19:28:12,Karnataka,Davangere,Davangere Extension PS,KA28487,Davangere District & Sessions Court,Ramesh Nayak,,2025-01-02T19:28:12,C,KA99796,50579,12,182,3,1,3,13,1,2025-01-02 19:28:12,45,1,5,3,1,0,1,1,119,2394,2.51,1,1,0
FIR,Heinous,Chargesheet Filed,Karnataka,Belagavi,Belagavi District & Sessions Court,Police Station,Belagavi City PS,KA13735,Satish Puri,Inspector,Investigating Officer,1988-05-15,Male,O Positive,0,2012-06-01,FIR/06/086/2025/0580,CC/2025/050580,2025-05-29,Snatching of gold chain from pedestrian by bike-borne suspects during evening hours.,2025-05-28T18:54:23,2025-05-28T18:54:23,2025-05-29T12:54:23,15.9635,74.5469,"Incident near coordinates 15.9635, 74.5469",Financial Crime,Cheating,IPC,Indian Penal Code,IPC,379,Punishment for theft,1,1,Basavaraj Kuruba,25,Private Employee,Hindu,General,Male,Nagaraj Shetty,20,Female,0,Ramesh Kulkarni,66,Male,A580,1.0,2025-05-29T12:54:23,Karnataka,Belagavi,Belagavi City PS,KA12530,Belagavi District & Sessions Court,Ramesh Kulkarni,,2025-05-29T12:54:23,C,KA82619,50580,6,86,3,2,4,15,1,2025-05-29 12:54:23,66,1,18,3,5,0,0,1,337,1083,4.47,2,1,0
FIR,Non-Heinous,Chargesheet Filed,Karnataka,Davangere,Davangere District & Sessions Court,Police Station,Davangere Extension PS,KA44472,Abhishek Kulkarni,Constable,Investigating Officer,1988-05-15,Male,O Positive,0,2012-06-01,FIR/12/177/2025/0581,CC/2025/050581,2025-01-30,Snatching of gold chain from pedestrian by bike-borne suspects during evening hours.,2025-01-29T17:06:00,2025-01-29T17:06:00,2025-01-30T00:06:00,14.5117,75.9194,"Incident near coordinates 14.5117, 75.9194",Property Crimes,Robbery,IPC,Indian Penal Code,IPC,379,Punishment for theft,1,1,Venkatesh Deshmukh,41,Private Employee,Hindu,General,Male,Ganesh Reddy,33,Female,0,Basavaraj Hegde,69,Male,A581,1.0,2025-01-30T00:06:00,Karnataka,Davangere,Davangere Extension PS,KA23054,Davangere District & Sessions Court,Basavaraj Hegde,,2025-01-30T00:06:00,C,KA63287,50581,12,177,2,1,1,2,1,2025-01-30 00:06:00,69,1,17,3,1,0,0,1,387,1833,0.94,2,0,0
FIR,Heinous,Chargesheet Filed,Karnataka,Kalaburagi,Kalaburagi District & Sessions Court,Police Station,Kalaburagi City PS,KA66525,Shivakumar Shetty,Head Constable,Investigating Officer,1988-05-15,Male,O Positive,0,2012-06-01,FIR/07/102/2025/0582,CC/2025/050582,2025-06-10,Housebreaking by night reported. Electronic goods and valuables stolen while occupants were away.,2025-06-10T17:43:35,2025-06-10T17:43:35,2025-06-10T19:43:35,17.3407,76.7966,"Incident near coordinates 17.3407, 76.7966",Financial Crime,Money Laundering,IPC,Indian Penal Code,IPC,379,Punishment for theft,1,1,Shivakumar Pujari,29,Private Employee,Hindu,General,Male,Pavitra Bhat,20,Female,0,Divya Reddy,53,Female,A582,1.0,2025-06-10T19:43:35,Karnataka,Kalaburagi,Kalaburagi City PS,KA55429,Kalaburagi District & Sessions Court,Divya Reddy,,2025-06-10T19:43:35,C,KA31783,50582,7,102,2,2,4,14,1,2025-06-10 19:43:35,53,2,17,2,6,0,0,1,890,2141,1.94,2,1,0
FIR,Heinous,Chargesheet Filed,Karnataka,Shivamogga,Shivamogga District & Sessions Court,Police Station,Shivamogga Town PS,KA62141,Sunil Kulkarni,Constable,Investigating Officer,1988-05-15,Male,O Positive,0,2012-06-01,FIR/11/170/2025/0583,CC/2025/050583,2025-04-06,Snatching of gold chain from pedestrian by bike-borne suspects during evening hours.,2025-04-05T23:16:58,2025-04-05T23:16:58,2025-04-06T02:16:58,14.0039,75.533,"Incident near coordinates 14.0039, 75.533",Financial Crime,Money Laundering,IPC,Indian Penal Code,IPC,379,Punishment for theft,1,1,Ramesh Nayak,23,Private Employee,Hindu,General,Male,Prakash Rao,23,Female,0,Shivakumar Shetty,23,Male,A583,1.0,2025-04-06T02:16:58,Karnataka,Shivamogga,Shivamogga Town PS,KA30265,Shivamogga District & Sessions Court,Shivakumar Shetty,,2025-04-06T02:16:58,C,KA57638,50583,11,170,2,2,4,14,1,2025-04-06 02:16:58,23,1,23,6,4,1,1,4,599,2154,1.17,3,1,1
FIR,Non-Heinous,Chargesheet Filed,Karnataka,Ballari,Ballari District & Sessions Court,Police Station,Ballari City PS,KA36459,Suresh Rao,Inspector,Investigating Officer,1988-05-15,Male,O Positive,0,2012-06-01,FIR/08/128/2025/0584,CC/2025/050584,2025-08-02,Accused unlawfully intercepted complainant near main road intersection and committed extortion and assault.,2025-07-31T06:25:58,2025-07-31T06:25:58,2025-08-02T05:25:58,15.2162,76.9143,"Incident near coordinates 15.2162, 76.9143",Property Crimes,Theft,IPC,Indian Penal Code,IPC,379,Punishment for theft,1,1,Ramesh Chavhan,50,Private Employee,Hindu,General,Male,Mahesh Chavhan,32,Female,0,Darshan Reddy,27,Male,A584,1.0,2025-08-02T05:25:58,Karnataka,Ballari,Ballari City PS,KA27675,Ballari District & Sessions Court,Darshan Reddy,,2025-08-02T05:25:58,C,KA60449,50584,8,128,3,1,1,1,1,2025-08-02 05:25:58,27,1,6,4,7,0,0,2,635,1567,1.5,2,1,0
FIR,Heinous,Chargesheet Filed,Karnataka,Davangere,Davangere District & Sessions Court,Police Station,Davangere Extension PS,KA69427,Sunil Puri,Inspector,Investigating Officer,1988-05-15,Male,O Positive,0,2012-06-01,FIR/12/179/2025/0585,CC/2025/050585,2025-09-28,Burglary incident reported at commercial establishment. Locked doors broken open and cash stolen.,2025-09-26T19:38:37,2025-09-26T19:38:37,2025-09-28T09:38:37,14.437,75.8645,"Incident near coordinates 14.437, 75.8645",Financial Crime,Cheating,IPC,Indian Penal Code,IPC,379,Punishment for theft,1,1,Raghavendra Puri,63,Private Employee,Hindu,General,Male,Ganesh Nayak,52,Female,0,Sunil Shetty,43,Male,A585,1.0,2025-09-28T09:38:37,Karnataka,Davangere,Davangere Extension PS,KA90504,Davangere District & Sessions Court,Sunil Shetty,,2025-09-28T09:38:37,C,KA21248,50585,12,179,2,2,4,15,1,2025-09-28 09:38:37,43,1,19,5,9,0,0,2,323,2818,1.58,3,0,0
FIR,Non-Heinous,Chargesheet Filed,Karnataka,Kalaburagi,Kalaburagi District & Sessions Court,Police Station,Kalaburagi City PS,KA33324,Abhishek Pujari,Head Constable,Investigating Officer,1988-05-15,Male,O Positive,0,2012-06-01,FIR/07/106/2025/0586,CC/2025/050586,2025-07-31,Complainant reported theft of motor vehicle parked in front of residence during night hours.,2025-07-31T10:08:10,2025-07-31T10:08:10,2025-07-31T20:08:10,17.2604,76.8499,"Incident near coordinates 17.2604, 76.8499",Cyber Crime,Cyber Crime,IPC,Indian Penal Code,IPC,379,Punishment for theft,1,1,Pradeep Patil,34,Private Employee,Hindu,General,Male,Shilpa Reddy,21,Female,0,Shivakumar Nayak,37,Male,A586,1.0,2025-07-31T20:08:10,Karnataka,Kalaburagi,Kalaburagi City PS,KA28656,Kalaburagi District & Sessions Court,Shivakumar Nayak,,2025-07-31T20:08:10,C,KA37599,50586,7,106,2,1,3,11,1,2025-07-31 20:08:10,37,1,10,4,7,0,0,1,578,2253,3.64,2,1,0
FIR,Non-Heinous,Chargesheet Filed,Karnataka,Belagavi,Belagavi District & Sessions Court,Police Station,Belagavi City PS,KA56495,Manjunath Chavhan,Sub-Inspector,Investigating Officer,1988-05-15,Male,O Positive,0,2012-06-01,FIR/06/090/2025/0587,CC/2025/050587,2025-11-06,Housebreaking by night reported. Electronic goods and valuables stolen while occupants were away.,2025-11-06T16:32:01,2025-11-06T16:32:01,2025-11-06T17:32:01,15.9969,74.4522,"Incident near coordinates 15.9969, 74.4522",Property Crimes,Theft,IPC,Indian Penal Code,IPC,379,Punishment for theft,1,1,Vijay Kuruba,58,Private Employee,Hindu,General,Male,Ramesh Pujari,27,Female,0,Abhishek Patil,23,Male,A587,1.0,2025-11-06T17:32:01,Karnataka,Belagavi,Belagavi City PS,KA85136,Belagavi District & Sessions Court,Abhishek Patil,,2025-11-06T17:32:01,C,KA22797,50587,6,90,3,1,1,1,1,2025-11-06 17:32:01,23,1,16,4,11,0,0,4,940,1930,3.03,2,1,0
FIR,Non-Heinous,Chargesheet Filed,Karnataka,Davangere,Davangere District & Sessions Court,Police Station,Davangere Extension PS,KA67685,Anand Reddy,Sub-Inspector,Investigating Officer,1988-05-15,Male,O Positive,0,2012-06-01,FIR/12/178/2025/0588,CC/2025/050588,2025-06-03,Snatching of gold chain from pedestrian by bike-borne suspects during evening hours.,2025-06-03T17:30:20,2025-06-03T17:30:20,2025-06-03T23:30:20,14.5152,75.8716,"Incident near coordinates 14.5152, 75.8716",Cyber Crime,Cyber Crime,IPC,Indian Penal Code,IPC,379,Punishment for theft,1,1,Shilpa Reddy,41,Private Employee,Hindu,General,Male,Prakash Bhat,45,Female,0,Prakash Nayak,68,Male,A588,1.0,2025-06-03T23:30:20,Karnataka,Davangere,Davangere Extension PS,KA65337,Davangere District & Sessions Court,Prakash Nayak,,2025-06-03T23:30:20,C,KA80147,50588,12,178,3,1,3,11,1,2025-06-03 23:30:20,68,1,17,2,6,0,0,2,115,2127,3.51,1,1,0
FIR,Non-Heinous,Chargesheet Filed,Karnataka,Ballari,Ballari District & Sessions Court,Police Station,Ballari City PS,KA49401,Raghavendra Reddy,Constable,Investigating Officer,1988-05-15,Male,O Positive,0,2012-06-01,FIR/08/117/2025/0589,CC/2025/050589,2025-10-29,Complainant reported theft of motor vehicle parked in front of residence during night hours.,2025-10-28T10:04:17,2025-10-28T10:04:17,2025-10-29T22:04:17,15.1333,76.9677,"Incident near coordinates 15.1333, 76.9677",Cyber Crime,Dark Web Crime,IPC,Indian Penal Code,IPC,379,Punishment for theft,1,1,Pradeep Puri,36,Private Employee,Hindu,General,Male,Basavaraj Reddy,51,Female,0,Prakash Reddy,64,Male,A589,1.0,2025-10-29T22:04:17,Karnataka,Ballari,Ballari City PS,KA50907,Ballari District & Sessions Court,Prakash Reddy,,2025-10-29T22:04:17,C,KA82569,50589,8,117,2,1,3,12,1,2025-10-29 22:04:17,64,1,10,2,10,0,0,1,447,2524,1.86,1,0,0
FIR,Non-Heinous,Chargesheet Filed,Karnataka,Kalaburagi,Kalaburagi District & Sessions Court,Police Station,Kalaburagi City PS,KA37541,Kiran Kulkarni,Constable,Investigating Officer,1988-05-15,Male,O Positive,0,2012-06-01,FIR/07/111/2025/0590,CC/2025/050590,2025-11-21,Cyber fraud complaint regarding unauthorized digital transaction via fake banking link.,2025-11-20T14:34:03,2025-11-20T14:34:03,2025-11-21T01:34:03,17.2703,76.835,"Incident near coordinates 17.2703, 76.835",Crimes Against Body,Grievous Hurt,IPC,Indian Penal Code,IPC,379,Punishment for theft,1,1,Kiran Naik,48,Private Employee,Hindu,General,Male,Anand Hegde,41,Female,0,Shilpa Joshi,24,Female,A590,1.0,2025-11-21T01:34:03,Karnataka,Kalaburagi,Kalaburagi City PS,KA53436,Kalaburagi District & Sessions Court,Shilpa Joshi,,2025-11-21T01:34:03,C,KA74712,50590,7,111,1,1,2,8,1,2025-11-21 01:34:03,24,2,14,4,11,0,0,2,748,434,2.42,1,1,0
FIR,Non-Heinous,Chargesheet Filed,Karnataka,Belagavi,Belagavi District & Sessions Court,Police Station,Belagavi City PS,KA37960,Prakash Patil,Inspector,Investigating Officer,1988-05-15,Male,O Positive,0,2012-06-01,FIR/06/092/2025/0591,CC/2025/050591,2025-12-26,Complainant reported theft of motor vehicle parked in front of residence during night hours.,2025-12-24T22:23:53,2025-12-24T22:23:53,2025-12-26T15:23:53,15.8803,74.5436,"Incident near coordinates 15.8803, 74.5436",Property Crimes,Robbery,IPC,Indian Penal Code,IPC,379,Punishment for theft,1,1,Mahesh Pujari,44,Private Employee,Hindu,General,Male,Divya Kambale,35,Female,0,Meenakshi Deshmukh,53,Female,A591,1.0,2025-12-26T15:23:53,Karnataka,Belagavi,Belagavi City PS,KA98861,Belagavi District & Sessions Court,Meenakshi Deshmukh,,2025-12-26T15:23:53,C,KA63426,50591,6,92,2,1,1,2,1,2025-12-26 15:23:53,53,2,22,3,12,0,1,1,814,2522,2.57,1,1,0
FIR,Non-Heinous,Chargesheet Filed,Karnataka,Kalaburagi,Kalaburagi District & Sessions Court,Police Station,Kalaburagi City PS,KA57162,Sunil Puri,Head Constable,Investigating Officer,1988-05-15,Male,O Positive,0,2012-06-01,FIR/07/111/2025/0592,CC/2025/050592,2025-06-01,Cyber fraud complaint regarding unauthorized digital transaction via fake banking link.,2025-05-30T18:57:11,2025-05-30T18:57:11,2025-06-01T05:57:11,17.2621,76.7527,"Incident near coordinates 17.2621, 76.7527",Crimes Against Body,Murder,IPC,Indian Penal Code,IPC,379,Punishment for theft,1,1,Kiran Reddy,36,Private Employee,Hindu,General,Male,Kiran Kambale,30,Female,0,Suresh Naik,26,Male,A592,1.0,2025-06-01T05:57:11,Karnataka,Kalaburagi,Kalaburagi City PS,KA58912,Kalaburagi District & Sessions Court,Suresh Naik,,2025-06-01T05:57:11,C,KA89559,50592,7,111,2,1,2,6,1,2025-06-01 05:57:11,26,1,18,5,5,0,0,4,790,493,2.4,1,1,0
FIR,Non-Heinous,Chargesheet Filed,Karnataka,Kalaburagi,Kalaburagi District & Sessions Court,Police Station,Kalaburagi City PS,KA87000,Raghavendra Chavhan,Sub-Inspector,Investigating Officer,1988-05-15,Male,O Positive,0,2012-06-01,FIR/07/110/2025/0593,CC/2025/050593,2025-08-07,Accused unlawfully intercepted complainant near main road intersection and committed extortion and assault.,2025-08-06T08:08:37,2025-08-06T08:08:37,2025-08-07T14:08:37,17.3378,76.8006,"Incident near coordinates 17.3378, 76.8006",Property Crimes,Burglary,IPC,Indian Penal Code,IPC,379,Punishment for theft,1,1,Abhishek Nayak,51,Private Employee,Hindu,General,Male,Geetha Shetty,31,Female,0,Kumar Nayak,67,Male,A593,1.0,2025-08-07T14:08:37,Karnataka,Kalaburagi,Kalaburagi City PS,KA82365,Kalaburagi District & Sessions Court,Kumar Nayak,,2025-08-07T14:08:37,C,KA21665,50593,7,110,1,1,1,3,1,2025-08-07 14:08:37,67,1,8,3,8,0,0,1,879,3148,0.34,1,1,0
FIR,Heinous,Chargesheet Filed,Karnataka,Ballari,Ballari District & Sessions Court,Police Station,Ballari City PS,KA44638,Mahesh Kulkarni,Sub-Inspector,Investigating Officer,1988-05-15,Male,O Positive,0,2012-06-01,FIR/08/125/2025/0594,CC/2025/050594,2025-09-26,Housebreaking by night reported. Electronic goods and valuables stolen while occupants were away.,2025-09-24T06:06:04,2025-09-24T06:06:04,2025-09-26T03:06:04,15.2223,76.9931,"Incident near coordinates 15.2223, 76.9931",Crimes Against Body,Grievous Hurt,IPC,Indian Penal Code,IPC,379,Punishment for theft,1,1,Ambika Deshmukh,42,Private Employee,Hindu,General,Male,Rekha Naik,29,Female,0,Sunil Shetty,55,Male,A594,1.0,2025-09-26T03:06:04,Karnataka,Ballari,Ballari City PS,KA70285,Ballari District & Sessions Court,Sunil Shetty,,2025-09-26T03:06:04,C,KA46958,50594,8,125,1,2,2,8,1,2025-09-26 03:06:04,55,1,6,3,9,0,0,1,525,1460,3.63,3,1,0
FIR,Non-Heinous,Chargesheet Filed,Karnataka,Kalaburagi,Kalaburagi District & Sessions Court,Police Station,Kalaburagi City PS,KA23393,Kiran Shetty,Inspector,Investigating Officer,1988-05-15,Male,O Positive,0,2012-06-01,FIR/07/112/2025/0595,CC/2025/050595,2025-06-12,Accused unlawfully intercepted complainant near main road intersection and committed extortion and assault.,2025-06-12T04:25:05,2025-06-12T04:25:05,2025-06-12T12:25:05,17.3471,76.8147,"Incident near coordinates 17.3471, 76.8147",Property Crimes,Burglary,IPC,Indian Penal Code,IPC,379,Punishment for theft,1,1,Satish Bhat,53,Private Employee,Hindu,General,Male,Mahesh Chavhan,39,Female,0,Kumar Nayak,43,Male,A595,1.0,2025-06-12T12:25:05,Karnataka,Kalaburagi,Kalaburagi City PS,KA48959,Kalaburagi District & Sessions Court,Kumar Nayak,,2025-06-12T12:25:05,C,KA14300,50595,7,112,1,1,1,3,1,2025-06-12 12:25:05,43,1,4,4,6,0,1,1,736,1470,3.61,2,1,0
FIR,Non-Heinous,Chargesheet Filed,Karnataka,Shivamogga,Shivamogga District & Sessions Court,Police Station,Shivamogga Town PS,KA13838,Shivakumar Hegde,Constable,Investigating Officer,1988-05-15,Male,O Positive,0,2012-06-01,FIR/11/172/2025/0596,CC/2025/050596,2025-11-08,Housebreaking by night reported. Electronic goods and valuables stolen while occupants were away.,2025-11-06T19:24:00,2025-11-06T19:24:00,2025-11-08T07:24:00,13.9662,75.5381,"Incident near coordinates 13.9662, 75.5381",Cyber Crime,Cryptocurrency Crime,IPC,Indian Penal Code,IPC,379,Punishment for theft,1,1,Nagaraj Pujari,29,Private Employee,Hindu,General,Male,Rekha Kambale,40,Female,0,Pradeep Bhat,39,Male,A596,1.0,2025-11-08T07:24:00,Karnataka,Shivamogga,Shivamogga Town PS,KA92532,Shivamogga District & Sessions Court,Pradeep Bhat,,2025-11-08T07:24:00,C,KA90471,50596,11,172,2,1,3,13,1,2025-11-08 07:24:00,39,1,19,4,11,0,0,1,124,424,2.43,1,1,0
FIR,Heinous,Chargesheet Filed,Karnataka,Kalaburagi,Kalaburagi District & Sessions Court,Police Station,Kalaburagi City PS,KA57728,Kiran Nayak,Head Constable,Investigating Officer,1988-05-15,Male,O Positive,0,2012-06-01,FIR/07/112/2025/0597,CC/2025/050597,2025-08-09,Complainant reported theft of motor vehicle parked in front of residence during night hours.,2025-08-09T03:40:23,2025-08-09T03:40:23,2025-08-09T18:40:23,17.329,76.7875,"Incident near coordinates 17.329, 76.7875",Financial Crime,Cheating,IPC,Indian Penal Code,IPC,379,Punishment for theft,1,1,Anand Bhat,26,Private Employee,Hindu,General,Male,Darshan Kambale,38,Female,0,Basavaraj Kambale,36,Male,A597,1.0,2025-08-09T18:40:23,Karnataka,Kalaburagi,Kalaburagi City PS,KA35558,Kalaburagi District & Sessions Court,Basavaraj Kambale,,2025-08-09T18:40:23,C,KA50372,50597,7,112,1,2,4,15,1,2025-08-09 18:40:23,36,1,3,6,8,1,1,2,907,574,2.14,4,1,0
FIR,Non-Heinous,Chargesheet Filed,Karnataka,Davangere,Davangere District & Sessions Court,Police Station,Davangere Extension PS,KA46638,Sunil Kuruba,Sub-Inspector,Investigating Officer,1988-05-15,Male,O Positive,0,2012-06-01,FIR/12/189/2025/0598,CC/2025/050598,2025-01-30,Burglary incident reported at commercial establishment. Locked doors broken open and cash stolen.,2025-01-29T12:02:56,2025-01-29T12:02:56,2025-01-30T02:02:56,14.5471,75.8627,"Incident near coordinates 14.5471, 75.8627",Property Crimes,Burglary,IPC,Indian Penal Code,IPC,379,Punishment for theft,1,1,Suresh Rao,52,Private Employee,Hindu,General,Male,Lakshmi Joshi,33,Female,0,Nagaraj Naik,67,Male,A598,1.0,2025-01-30T02:02:56,Karnataka,Davangere,Davangere Extension PS,KA98528,Davangere District & Sessions Court,Nagaraj Naik,,2025-01-30T02:02:56,C,KA72675,50598,12,189,1,1,1,3,1,2025-01-30 02:02:56,67,1,12,3,1,0,0,4,595,2277,3.59,1,1,0
FIR,Heinous,Chargesheet Filed,Karnataka,Davangere,Davangere District & Sessions Court,Police Station,Davangere Extension PS,KA97877,Prakash Kulkarni,Sub-Inspector,Investigating Officer,1988-05-15,Male,O Positive,0,2012-06-01,FIR/12/176/2025/0599,CC/2025/050599,2025-12-17,Cyber fraud complaint regarding unauthorized digital transaction via fake banking link.,2025-12-16T21:25:05,2025-12-16T21:25:05,2025-12-17T15:25:05,14.502,75.9109,"Incident near coordinates 14.502, 75.9109",Crimes Against Body,Murder,IPC,Indian Penal Code,IPC,379,Punishment for theft,1,1,Satish Nayak,53,Private Employee,Hindu,General,Male,Pradeep Puri,30,Female,0,Mahesh Puri,50,Male,A599,1.0,2025-12-17T15:25:05,Karnataka,Davangere,Davangere Extension PS,KA29292,Davangere District & Sessions Court,Mahesh Puri,,2025-12-17T15:25:05,C,KA34420,50599,12,176,1,2,2,6,1,2025-12-17 15:25:05,50,1,21,2,12,0,0,3,296,2293,2.77,4,1,0
FIR,Non-Heinous,Chargesheet Filed,Karnataka,Kalaburagi,Kalaburagi District & Sessions Court,Police Station,Kalaburagi City PS,KA96106,Basavaraj Shetty,Inspector,Investigating Officer,1988-05-15,Male,O Positive,0,2012-06-01,FIR/07/109/2025/0600,CC/2025/050600,2025-03-20,Accused unlawfully intercepted complainant near main road intersection and committed extortion and assault.,2025-03-19T04:20:07,2025-03-19T04:20:07,2025-03-20T09:20:07,17.3843,76.7958,"Incident near coordinates 17.3843, 76.7958",Cyber Crime,Cryptocurrency Crime,IPC,Indian Penal Code,IPC,379,Punishment for theft,1,1,Manjunath Chavhan,44,Private Employee,Hindu,General,Male,Meenakshi Chavhan,29,Female,0,Kumar Kulkarni,39,Male,A600,1.0,2025-03-20T09:20:07,Karnataka,Kalaburagi,Kalaburagi City PS,KA88495,Kalaburagi District & Sessions Court,Kumar Kulkarni,,2025-03-20T09:20:07,C,KA74913,50600,7,109,2,1,3,13,1,2025-03-20 09:20:07,39,1,4,3,3,0,1,1,479,2576,4.33,1,1,0
